% Model:              FEM case V.mph
% Version:            COMSOL 6.2.0.339
% Date:               Aug 5 2024, 00:03
% Dimension:          2
% Nodes:              10000
% Expressions:        1
% Description:        Electric field, y-component
% Length unit:        m
% x                       y                        es.Ey (V/m)
-0.495                    -0.495                   13.707896366856176
-0.485                    -0.495                   13.719111429990292
-0.475                    -0.495                   13.741645863061933
-0.46499999999999997      -0.495                   13.775332097769706
-0.45499999999999996      -0.495                   13.820116041093456
-0.44499999999999995      -0.495                   13.875872016617734
-0.43500000000000005      -0.495                   13.942439070607378
-0.42500000000000004      -0.495                   14.019609107859878
-0.41500000000000004      -0.495                   14.10712601333114
-0.405                    -0.495                   14.204679186858442
-0.395                    -0.495                   14.311893909361288
-0.385                    -0.495                   14.428326671266802
-0.375                    -0.495                   14.553459815459007
-0.365                    -0.495                   14.686696520835767
-0.355                    -0.495                   14.827357826555868
-0.345                    -0.495                   14.974681630668499
-0.33499999999999996      -0.495                   15.127824373075953
-0.32499999999999996      -0.495                   15.285865717431932
-0.31499999999999995      -0.495                   15.447816619181879
-0.30499999999999994      -0.495                   15.612630896719054
-0.29500000000000004      -0.495                   15.779220210858654
-0.28500000000000003      -0.495                   15.946472091019729
-0.275                    -0.495                   16.113270368101468
-0.265                    -0.495                   16.278517117474166
-0.255                    -0.495                   16.441155019152973
-0.245                    -0.495                   16.600188933335772
-0.235                    -0.495                   16.754705487965822
-0.22499999999999998      -0.495                   16.903889592857496
-0.21500000000000005      -0.495                   17.047037022608265
-0.20500000000000004      -0.495                   17.183562511437742
-0.19500000000000003      -0.495                   17.31300314765548
-0.18500000000000003      -0.495                   17.435017201203493
-0.17500000000000002      -0.495                   17.54937881702989
-0.165                    -0.495                   17.65596923731897
-0.15500000000000003      -0.495                   17.754765360376723
-0.14500000000000002      -0.495                   17.845826497872736
-0.135                    -0.495                   17.929280164272768
-0.125                    -0.495                   18.005307643809687
-0.11499999999999999      -0.495                   18.074129952567574
-0.10499999999999998      -0.495                   18.135994666304242
-0.09499999999999997      -0.495                   18.191163935322294
-0.08499999999999999      -0.495                   18.23990387095256
-0.07499999999999998      -0.495                   18.282475375769877
-0.06499999999999997      -0.495                   18.319126402574454
-0.054999999999999966     -0.495                   18.350085559827676
-0.04499999999999996      -0.495                   18.375556943512322
-0.03499999999999995      -0.495                   18.395716055153486
-0.025000000000000022     -0.495                   18.410706662094697
-0.015000000000000013     -0.495                   18.420638465552486
-0.0050000000000000044    -0.495                   18.425585460238807
0.0050000000000000044     -0.495                   18.425584893633328
0.015000000000000013      -0.495                   18.420636761763774
0.025000000000000022      -0.495                   18.41070380929716
0.03500000000000003       -0.495                   18.395712034010728
0.04500000000000004       -0.495                   18.37555172783621
0.05500000000000005       -0.495                   18.35007911770481
0.06499999999999995       -0.495                   18.31911869784517
0.07499999999999996       -0.495                   18.282466369847015
0.08499999999999996       -0.495                   18.23989352507263
0.09499999999999997       -0.495                   18.191152213132597
0.10499999999999998       -0.495                   18.135981536773443
0.11499999999999999       -0.495                   18.074115393849183
0.125                     -0.495                   18.00529164651809
0.135                     -0.495                   17.929262734427027
0.14500000000000002       -0.495                   17.845807660409974
0.15500000000000003       -0.495                   17.754745163036233
0.16500000000000004       -0.495                   17.655947753919037
0.17500000000000004       -0.495                   17.549356149959408
0.18500000000000005       -0.495                   17.434993483177834
0.19499999999999995       -0.495                   17.312978541668656
0.20499999999999996       -0.495                   17.183537207722082
0.21499999999999997       -0.495                   17.04701123337466
0.22499999999999998       -0.495                   16.90386354621978
0.235                     -0.495                   16.754679421798727
0.245                     -0.495                   16.600163089154023
0.255                     -0.495                   16.44112963550367
0.265                     -0.495                   16.278492422332533
0.275                     -0.495                   16.11324657107832
0.28500000000000003       -0.495                   15.946449377196842
0.29500000000000004       -0.495                   15.779198736762538
0.30500000000000005       -0.495                   15.612610787739527
0.31499999999999995       -0.495                   15.447797968098314
0.32499999999999996       -0.495                   15.28584858409161
0.33499999999999996       -0.495                   15.127808785042504
0.345                     -0.495                   14.974667584298174
0.355                     -0.495                   14.827345290870483
0.365                     -0.495                   14.686685443025823
0.375                     -0.495                   14.553450109723741
0.385                     -0.495                   14.428318235429913
0.395                     -0.495                   14.31188659423779
0.405                     -0.495                   14.204672914454335
0.41500000000000004       -0.495                   14.10712048274064
0.42500000000000004       -0.495                   14.01960391857989
0.43500000000000005       -0.495                   13.942434469923057
0.44499999999999995       -0.495                   13.875869661299532
0.45499999999999996       -0.495                   13.820113176611386
0.46499999999999997       -0.495                   13.775333874121003
0.475                     -0.495                   13.741649043403896
0.485                     -0.495                   13.71915660607479
0.495                     -0.495                   13.707790245596016
-0.495                    -0.485                   13.696633524485492
-0.485                    -0.485                   13.707867713713995
-0.475                    -0.485                   13.731504197673743
-0.46499999999999997      -0.485                   13.765259104098732
-0.45499999999999996      -0.485                   13.810134150033718
-0.44499999999999995      -0.485                   13.866055671020149
-0.43500000000000005      -0.485                   13.932822827175244
-0.42500000000000004      -0.485                   14.010230842705027
-0.41500000000000004      -0.485                   14.098035113465357
-0.405                    -0.485                   14.195928328243383
-0.395                    -0.485                   14.303544137737106
-0.385                    -0.485                   14.420445504388454
-0.375                    -0.485                   14.546118756245562
-0.365                    -0.485                   14.67996998010085
-0.355                    -0.485                   14.821321143849275
-0.345                    -0.485                   14.969408800888345
-0.33499999999999996      -0.485                   15.123385161983549
-0.32499999999999996      -0.485                   15.282322601347119
-0.31499999999999995      -0.485                   15.445221594433633
-0.30499999999999994      -0.485                   15.611022372976322
-0.29500000000000004      -0.485                   15.778620229554178
-0.28500000000000003      -0.485                   15.946884122243091
-0.275                    -0.485                   16.11467792937748
-0.265                    -0.485                   16.28088339698934
-0.255                    -0.485                   16.44442358629948
-0.245                    -0.485                   16.604285534818473
-0.235                    -0.485                   16.759540840452587
-0.22499999999999998      -0.485                   16.90936297818382
-0.21500000000000005      -0.485                   17.05304038425203
-0.20500000000000004      -0.485                   17.189984731984907
-0.19500000000000003      -0.485                   17.319734207386603
-0.18500000000000003      -0.485                   17.441951938816032
-0.17500000000000002      -0.485                   17.556420083227067
-0.165                    -0.485                   17.66303030971386
-0.15500000000000003      -0.485                   17.76177157169201
-0.14500000000000002      -0.485                   17.852716104331478
-0.135                    -0.485                   17.936004536053133
-0.125                    -0.485                   18.011830894887453
-0.11499999999999999      -0.485                   18.080428144465998
-0.10499999999999998      -0.485                   18.142054722523312
-0.09499999999999997      -0.485                   18.196982390813616
-0.08499999999999999      -0.485                   18.245485558418125
-0.07499999999999998      -0.485                   18.287832126658486
-0.06499999999999997      -0.485                   18.324275825780887
-0.054999999999999966     -0.485                   18.35504993004912
-0.04499999999999996      -0.485                   18.380362217885136
-0.03499999999999995      -0.485                   18.400391021258145
-0.025000000000000022     -0.485                   18.41528220836375
-0.015000000000000013     -0.485                   18.42514695745922
-0.0050000000000000044    -0.485                   18.4300601999264
0.0050000000000000044     -0.485                   18.430059636924454
0.015000000000000013      -0.485                   18.425145264395667
0.025000000000000022      -0.485                   18.415279373127305
0.03500000000000003       -0.485                   18.40038702390092
0.04500000000000004       -0.485                   18.380357031219035
0.05500000000000005       -0.485                   18.355043520801132
0.06499999999999995       -0.485                   18.32426815615429
0.07499999999999996       -0.485                   18.287823156046215
0.08499999999999996       -0.485                   18.245475245847445
0.09499999999999997       -0.485                   18.196970697577683
0.10499999999999998       -0.485                   18.142041613903643
0.11499999999999999       -0.485                   18.080413595651294
0.125                     -0.485                   18.01181489393457
0.135                     -0.485                   17.93598708572614
0.14500000000000002       -0.485                   17.852697225651696
0.15500000000000003       -0.485                   17.761751308986504
0.16500000000000004       -0.485                   17.66300873424632
0.17500000000000004       -0.485                   17.55639729574034
0.18500000000000005       -0.485                   17.441928072219355
0.19499999999999995       -0.485                   17.31970942782567
0.20499999999999996       -0.485                   17.189959233628713
0.21499999999999997       -0.485                   17.05301437848732
0.22499999999999998       -0.485                   16.909336688238568
0.235                     -0.485                   16.75951450613661
0.245                     -0.485                   16.604259419106825
0.255                     -0.485                   16.444397956251805
0.265                     -0.485                   16.280858491337426
0.275                     -0.485                   16.114653953996594
0.28500000000000003       -0.485                   15.946861263307255
0.29500000000000004       -0.485                   15.778598651325183
0.30500000000000005       -0.485                   15.611002199255609
0.31499999999999995       -0.485                   15.445202905778672
0.32499999999999996       -0.485                   15.282305448759303
0.33499999999999996       -0.485                   15.123369577242102
0.345                     -0.485                   14.969394782130678
0.355                     -0.485                   14.821308665087997
0.365                     -0.485                   14.679959000861174
0.375                     -0.485                   14.546109319244692
0.385                     -0.485                   14.420437699006186
0.395                     -0.485                   14.30353850580758
0.405                     -0.485                   14.195926279544949
0.41500000000000004       -0.485                   14.098040825770454
0.42500000000000004       -0.485                   14.010252863784046
0.43500000000000005       -0.485                   13.932867760828742
0.44499999999999995       -0.485                   13.866133732877358
0.45499999999999996       -0.485                   13.810259253491779
0.46499999999999997       -0.485                   13.765382528287773
0.475                     -0.485                   13.731741831882914
0.485                     -0.485                   13.709564347485184
0.495                     -0.485                   13.6967695759827
-0.495                    -0.475                   13.674108589136324
-0.485                    -0.475                   13.685491451332155
-0.475                    -0.475                   13.708974482179656
-0.46499999999999997      -0.475                   13.742326794298151
-0.45499999999999996      -0.475                   13.78763445995412
-0.44499999999999995      -0.475                   13.84375351966878
-0.43500000000000005      -0.475                   13.910721842607188
-0.42500000000000004      -0.475                   13.988634515887554
-0.41500000000000004      -0.475                   14.077072289768182
-0.405                    -0.475                   14.17573262994
-0.395                    -0.475                   14.284260319643067
-0.385                    -0.475                   14.40223167025249
-0.375                    -0.475                   14.529141648530413
-0.365                    -0.475                   14.664403724868237
-0.355                    -0.475                   14.807342516386939
-0.345                    -0.475                   14.95719176772667
-0.33499999999999996      -0.475                   15.113094322799668
-0.32499999999999996      -0.475                   15.274105981209345
-0.31499999999999995      -0.475                   15.439203031793966
-0.30499999999999994      -0.475                   15.607294044784396
-0.29500000000000004      -0.475                   15.777235876558336
-0.28500000000000003      -0.475                   15.947853664931586
-0.275                    -0.475                   16.117964046926318
-0.265                    -0.475                   16.286400485001252
-0.255                    -0.475                   16.452039389782726
-0.245                    -0.475                   16.613825466364858
-0.235                    -0.475                   16.770794702314276
-0.22499999999999998      -0.475                   16.92209359320276
-0.21500000000000005      -0.475                   17.066993441318232
-0.20500000000000004      -0.475                   17.20489906070719
-0.19500000000000003      -0.475                   17.335351717447452
-0.18500000000000003      -0.475                   17.458026567476736
-0.17500000000000002      -0.475                   17.572725223347447
-0.165                    -0.475                   17.67936440296461
-0.15500000000000003      -0.475                   17.77796180344626
-0.14500000000000002      -0.475                   17.86862028674119
-0.135                    -0.475                   17.951511386550067
-0.125                    -0.475                   18.026859018236053
-0.11499999999999999      -0.475                   18.094924024732677
-0.10499999999999998      -0.475                   18.155990040208394
-0.09499999999999997      -0.475                   18.21035099808836
-0.08499999999999999      -0.475                   18.258300357776193
-0.07499999999999998      -0.475                   18.30012201319994
-0.06499999999999997      -0.475                   18.3360828124853
-0.054999999999999966     -0.475                   18.36642655548701
-0.04499999999999996      -0.475                   18.391369307690923
-0.03499999999999995      -0.475                   18.4110957384421
-0.025000000000000022     -0.475                   18.42575639933972
-0.015000000000000013     -0.475                   18.43546574963392
-0.0050000000000000044    -0.475                   18.44030079545638
0.0050000000000000044     -0.475                   18.440300240820818
0.015000000000000013      -0.475                   18.435464081478642
0.025000000000000022      -0.475                   18.425753605071748
0.03500000000000003       -0.475                   18.411091796979633
0.04500000000000004       -0.475                   18.391364189572244
0.05500000000000005       -0.475                   18.36642022375372
0.06499999999999995       -0.475                   18.336075224894728
0.07499999999999996       -0.475                   18.3001131273233
0.08499999999999996       -0.475                   18.25829011150398
0.09499999999999997       -0.475                   18.2103393310378
0.10499999999999998       -0.475                   18.15597690994474
0.11499999999999999       -0.475                   18.094909403833697
0.125                     -0.475                   18.026842885925078
0.135                     -0.475                   17.951493736454893
0.14500000000000002       -0.475                   17.86860115114905
0.15500000000000003       -0.475                   17.77794125955387
0.16500000000000004       -0.475                   17.67934254367725
0.17500000000000004       -0.475                   17.57270214596184
0.18500000000000005       -0.475                   17.458002393477273
0.19499999999999995       -0.475                   17.33532661070069
0.20499999999999996       -0.475                   17.204873227505516
0.21499999999999997       -0.475                   17.066967115877446
0.22499999999999998       -0.475                   16.922067043052664
0.235                     -0.475                   16.7707681764428
0.245                     -0.475                   16.61379916718056
0.255                     -0.475                   16.452013530708427
0.265                     -0.475                   16.286375258359953
0.275                     -0.475                   16.117939653325493
0.28500000000000003       -0.475                   15.947830368753728
0.29500000000000004       -0.475                   15.777213921787393
0.30500000000000005       -0.475                   15.607273593809907
0.31499999999999995       -0.475                   15.439184176113145
0.32499999999999996       -0.475                   15.274088768626427
0.33499999999999996       -0.475                   15.113078750166608
0.345                     -0.475                   14.95717779579013
0.355                     -0.475                   14.807330032303582
0.365                     -0.475                   14.66439250757088
0.375                     -0.475                   14.529131462906605
0.385                     -0.475                   14.402221940672462
0.395                     -0.475                   14.284250199939095
0.405                     -0.475                   14.175718527420088
0.41500000000000004       -0.475                   14.077051271190498
0.42500000000000004       -0.475                   13.988601850975556
0.43500000000000005       -0.475                   13.91065991038181
0.44499999999999995       -0.475                   13.843467331489705
0.45499999999999996       -0.475                   13.78723370306301
0.46499999999999997       -0.475                   13.742153592621435
0.475                     -0.475                   13.707446625584907
0.485                     -0.475                   13.685772397451615
0.495                     -0.475                   13.674138686926653
-0.495                    -0.46499999999999997     13.640199223372917
-0.485                    -0.46499999999999997     13.65172810982017
-0.475                    -0.46499999999999997     13.673807204607442
-0.46499999999999997      -0.46499999999999997     13.709068907911501
-0.45499999999999996      -0.46499999999999997     13.754755722499965
-0.44499999999999995      -0.46499999999999997     13.811124570830145
-0.43500000000000005      -0.46499999999999997     13.878905833246279
-0.42500000000000004      -0.46499999999999997     13.957606018746716
-0.41500000000000004      -0.46499999999999997     14.046965108645026
-0.405                    -0.46499999999999997     14.146720838481002
-0.395                    -0.46499999999999997     14.256545872104255
-0.385                    -0.46499999999999997     14.376035599220046
-0.375                    -0.46499999999999997     14.504705983546273
-0.365                    -0.46499999999999997     14.64198107132762
-0.355                    -0.46499999999999997     14.78719086088509
-0.345                    -0.46499999999999997     14.939566251121988
-0.33499999999999996      -0.46499999999999997     15.098237726050513
-0.32499999999999996      -0.46499999999999997     15.262237841918392
-0.31499999999999995      -0.46499999999999997     15.430508157106999
-0.30499999999999994      -0.46499999999999997     15.601911206222724
-0.29500000000000004      -0.46499999999999997     15.775247667522734
-0.28500000000000003      -0.46499999999999997     15.949278177657618
-0.275                    -0.46499999999999997     16.122749247349446
-0.265                    -0.46499999999999997     16.29442235609332
-0.255                    -0.46499999999999997     16.46310430513188
-0.245                    -0.46499999999999997     16.627676729698806
-0.235                    -0.46499999999999997     16.78712282425664
-0.22499999999999998      -0.46499999999999997     16.940549318976423
-0.21500000000000005      -0.46499999999999997     17.08720252027905
-0.20500000000000004      -0.46499999999999997     17.226477789496244
-0.19500000000000003      -0.46499999999999997     17.35792197098769
-0.18500000000000003      -0.46499999999999997     17.481229081496252
-0.17500000000000002      -0.46499999999999997     17.596230417636946
-0.165                    -0.46499999999999997     17.702880425952372
-0.15500000000000003      -0.46499999999999997     17.801239724832584
-0.14500000000000002      -0.46499999999999997     17.8914565951234
-0.135                    -0.46499999999999997     17.97374811527476
-0.125                    -0.46499999999999997     18.04838194341113
-0.11499999999999999      -0.46499999999999997     18.115659526607203
-0.10499999999999998      -0.46499999999999997     18.17590099173276
-0.09499999999999997      -0.46499999999999997     18.229432086255628
-0.08499999999999999      -0.46499999999999997     18.27657334180276
-0.07499999999999998      -0.46499999999999997     18.317631228854765
-0.06499999999999997      -0.46499999999999997     18.35289100683167
-0.054999999999999966     -0.46499999999999997     18.382611194532814
-0.04499999999999996      -0.46499999999999997     18.40701935644904
-0.03499999999999995      -0.46499999999999997     18.426308898729673
-0.025000000000000022     -0.46499999999999997     18.44063679082666
-0.015000000000000013     -0.46499999999999997     18.45012196682194
-0.0050000000000000044    -0.46499999999999997     18.45484425272531
0.0050000000000000044     -0.46499999999999997     18.454843711347195
0.015000000000000013      -0.46499999999999997     18.450120337884613
0.025000000000000022      -0.46499999999999997     18.440634061353876
0.03500000000000003       -0.46499999999999997     18.42630504608107
0.04500000000000004       -0.46499999999999997     18.40701434559267
0.05500000000000005       -0.46499999999999997     18.382604976732352
0.06499999999999995       -0.46499999999999997     18.352883524637605
0.07499999999999996       -0.46499999999999997     18.317622428258744
0.08499999999999996       -0.46499999999999997     18.27656314084564
0.09499999999999997       -0.46499999999999997     18.229420390316477
0.10499999999999998       -0.46499999999999997     18.17588774027351
0.11499999999999999       -0.46499999999999997     18.115644645676895
0.125                     -0.46499999999999997     18.048365317447008
0.135                     -0.46499999999999997     17.973729712426262
0.14500000000000002       -0.46499999999999997     17.891436554813623
0.15500000000000003       -0.46499999999999997     17.801218275784123
0.16500000000000004       -0.46499999999999997     17.702857810006122
0.17500000000000004       -0.46499999999999997     17.596206839961184
0.18500000000000005       -0.46499999999999997     17.481204630965266
0.19499999999999995       -0.46499999999999997     17.357896650808698
0.20499999999999996       -0.46499999999999997     17.22645162267932
0.21499999999999997       -0.46499999999999997     17.08717575395238
0.22499999999999998       -0.46499999999999997     16.940522356814483
0.235                     -0.46499999999999997     16.787095998596982
0.245                     -0.46499999999999997     16.627650183252058
0.255                     -0.46499999999999997     16.46307811953116
0.265                     -0.46499999999999997     16.29439677629088
0.275                     -0.46499999999999997     16.122724564805907
0.28500000000000003       -0.46499999999999997     15.94925458023954
0.29500000000000004       -0.46499999999999997     15.775225280769206
0.30500000000000005       -0.46499999999999997     15.6018902331366
0.31499999999999995       -0.46499999999999997     15.430488837170572
0.32499999999999996       -0.46499999999999997     15.262220316889767
0.33499999999999996       -0.46499999999999997     15.09822201563776
0.345                     -0.46499999999999997     14.93955232242459
0.355                     -0.46499999999999997     14.78717859640824
0.365                     -0.46499999999999997     14.64197021372155
0.375                     -0.46499999999999997     14.504696090564153
0.385                     -0.46499999999999997     14.376025615735642
0.395                     -0.46499999999999997     14.256532494495076
0.405                     -0.46499999999999997     14.146699949040226
0.41500000000000004       -0.46499999999999997     14.046931810693138
0.42500000000000004       -0.46499999999999997     13.957564315839505
0.43500000000000005       -0.46499999999999997     13.878876600253022
0.44499999999999995       -0.46499999999999997     13.811093140985719
0.45499999999999996       -0.46499999999999997     13.754382980953864
0.46499999999999997       -0.46499999999999997     13.708844638235284
0.475                     -0.46499999999999997     13.675692876408448
0.485                     -0.46499999999999997     13.651834737660636
0.495                     -0.46499999999999997     13.64021017976296
-0.495                    -0.45499999999999996     13.594843950640524
-0.485                    -0.45499999999999996     13.606474229420314
-0.475                    -0.45499999999999996     13.628686223739578
-0.46499999999999997      -0.45499999999999996     13.664205635547404
-0.45499999999999996      -0.45499999999999996     13.71031333441121
-0.44499999999999995      -0.45499999999999996     13.7670807514599
-0.43500000000000005      -0.45499999999999996     13.835760841613592
-0.42500000000000004      -0.45499999999999996     13.91540992897589
-0.41500000000000004      -0.45499999999999996     14.005935117349026
-0.405                    -0.45499999999999996     14.10711514146098
-0.395                    -0.45499999999999996     14.218650138806211
-0.385                    -0.45499999999999996     14.340165570959556
-0.375                    -0.45499999999999996     14.471197289502086
-0.365                    -0.45499999999999996     14.611187773509698
-0.355                    -0.45499999999999996     14.759476794941378
-0.345                    -0.45499999999999996     14.915293686373232
-0.33499999999999996      -0.45499999999999996     15.077753704894874
-0.32499999999999996      -0.45499999999999996     15.245858801198096
-0.31499999999999995      -0.45499999999999996     15.418503401643633
-0.30499999999999994      -0.45499999999999996     15.594485920171962
-0.29500000000000004      -0.45499999999999996     15.772526892792285
-0.28500000000000003      -0.45499999999999996     15.951294156181106
-0.275                    -0.45499999999999996     16.12943357615879
-0.265                    -0.45499999999999996     16.30560329911397
-0.255                    -0.45499999999999996     16.47850966035665
-0.245                    -0.45499999999999996     16.646942755054425
-0.235                    -0.45499999999999996     16.809809093227855
-0.22499999999999998      -0.45499999999999996     16.96615813253581
-0.21500000000000005      -0.45499999999999996     17.115201343718965
-0.20500000000000004      -0.45499999999999996     17.256322309935342
-0.19500000000000003      -0.45499999999999996     17.389077643532346
-0.18500000000000003      -0.45499999999999996     17.51319055101611
-0.17500000000000002      -0.45499999999999996     17.628537512791226
-0.165                    -0.45499999999999996     17.73512939142421
-0.15500000000000003      -0.45499999999999996     17.83309011999873
-0.14500000000000002      -0.45499999999999996     17.922633772478946
-0.135                    -0.45499999999999996     18.004042150954035
-0.125                    -0.45499999999999996     18.077644005178826
-0.11499999999999999      -0.45499999999999996     18.143796680759678
-0.10499999999999998      -0.45499999999999996     18.202869978527445
-0.09499999999999997      -0.45499999999999996     18.255232880150075
-0.08499999999999999      -0.45499999999999996     18.301242577585057
-0.07499999999999998      -0.45499999999999996     18.341235688727664
-0.06499999999999997      -0.45499999999999996     18.37552172416359
-0.054999999999999966     -0.45499999999999996     18.40437839616355
-0.04499999999999996      -0.45499999999999996     18.428048046760935
-0.03499999999999995      -0.45499999999999996     18.446735208377078
-0.025000000000000022     -0.45499999999999996     18.460604965534657
-0.015000000000000013     -0.45499999999999996     18.469781833199733
-0.0050000000000000044    -0.45499999999999996     18.474349139789254
0.0050000000000000044     -0.45499999999999996     18.474348620056077
0.015000000000000013      -0.45499999999999996     18.46978026401139
0.025000000000000022      -0.45499999999999996     18.460602338797486
0.03500000000000003       -0.45499999999999996     18.446731511118685
0.04500000000000004       -0.45499999999999996     18.428043248858103
0.05500000000000005       -0.45499999999999996     18.404372486211415
0.06499999999999995       -0.45499999999999996     18.375514702430053
0.07499999999999996       -0.45499999999999996     18.34122755459795
0.08499999999999996       -0.45499999999999996     18.301233287354876
0.09499999999999997       -0.45499999999999996     18.255222228106575
0.10499999999999998       -0.45499999999999996     18.202857734516
0.11499999999999999       -0.45499999999999996     18.14378288996869
0.125                     -0.45499999999999996     18.07762892736126
0.135                     -0.45499999999999996     18.004025981077945
0.14500000000000002       -0.45499999999999996     17.92261644276296
0.15500000000000003       -0.45499999999999996     17.833071265344728
0.16500000000000004       -0.45499999999999996     17.73510844101294
0.17500000000000004       -0.45499999999999996     17.628514146451764
0.18500000000000005       -0.45499999999999996     17.51316460772904
0.19499999999999995       -0.45499999999999996     17.389049537876346
0.20499999999999996       -0.45499999999999996     17.256292814988598
0.21499999999999997       -0.45499999999999996     17.115170982971065
0.22499999999999998       -0.45499999999999996     16.966127199115178
0.235                     -0.45499999999999996     16.809777914881764
0.245                     -0.45499999999999996     16.646911909408402
0.255                     -0.45499999999999996     16.478479830195994
0.265                     -0.45499999999999996     16.305575044235752
0.275                     -0.45499999999999996     16.129407060971545
0.28500000000000003       -0.45499999999999996     15.951269644292339
0.29500000000000004       -0.45499999999999996     15.772504520959927
0.30500000000000005       -0.45499999999999996     15.594465820506997
0.31499999999999995       -0.45499999999999996     15.418485397225822
0.32499999999999996       -0.45499999999999996     15.245842606765038
0.33499999999999996       -0.45499999999999996     15.07773910479358
0.345                     -0.45499999999999996     14.91528054634783
0.355                     -0.45499999999999996     14.759465116356722
0.365                     -0.45499999999999996     14.611178080710573
0.375                     -0.45499999999999996     14.471190753423514
0.385                     -0.45499999999999996     14.340164484716936
0.395                     -0.45499999999999996     14.21865815004108
0.405                     -0.45499999999999996     14.107137670514874
0.41500000000000004       -0.45499999999999996     14.005989159458153
0.42500000000000004       -0.45499999999999996     13.915516091538606
0.43500000000000005       -0.45499999999999996     13.835917211502817
0.44499999999999995       -0.45499999999999996     13.767368331751527
0.45499999999999996       -0.45499999999999996     13.710173031342663
0.46499999999999997       -0.45499999999999996     13.664001471782058
0.475                     -0.45499999999999996     13.630582796773087
0.485                     -0.45499999999999996     13.606546327515844
0.495                     -0.45499999999999996     13.59485519968814
-0.495                    -0.44499999999999995     13.53795626524331
-0.485                    -0.44499999999999995     13.549712000564455
-0.475                    -0.44499999999999995     13.572152588211225
-0.46499999999999997      -0.44499999999999995     13.608039789872407
-0.45499999999999996      -0.44499999999999995     13.65458081778418
-0.44499999999999995      -0.44499999999999995     13.713326484938406
-0.43500000000000005      -0.44499999999999995     13.781956024839417
-0.42500000000000004      -0.44499999999999995     13.862321882593506
-0.41500000000000004      -0.44499999999999995     13.954334738045645
-0.405                    -0.44499999999999995     14.057227591335788
-0.395                    -0.44499999999999995     14.170839236248355
-0.385                    -0.44499999999999995     14.294829548229586
-0.375                    -0.44499999999999995     14.428768950310484
-0.365                    -0.44499999999999995     14.5721273879617
-0.355                    -0.44499999999999995     14.724260422010332
-0.345                    -0.44499999999999995     14.88439739231643
-0.33499999999999996      -0.44499999999999995     15.051638043956132
-0.32499999999999996      -0.44499999999999995     15.224948956867252
-0.31499999999999995      -0.44499999999999995     15.403166399573081
-0.30499999999999994      -0.44499999999999995     15.58500660628431
-0.29500000000000004      -0.44499999999999995     15.769084235665332
-0.28500000000000003      -0.44499999999999995     15.953941508072148
-0.275                    -0.44499999999999995     16.13808984053611
-0.265                    -0.44499999999999995     16.320050293131203
-0.255                    -0.44499999999999995     16.498392408699942
-0.245                    -0.44499999999999995     16.67177944918103
-0.235                    -0.44499999999999995     16.839014874825295
-0.22499999999999998      -0.44499999999999995     16.99907138018608
-0.21500000000000005      -0.44499999999999995     17.151116058475964
-0.20500000000000004      -0.44499999999999995     17.29452259126117
-0.19500000000000003      -0.44499999999999995     17.428862084243406
-0.18500000000000003      -0.44499999999999995     17.55390005494712
-0.17500000000000002      -0.44499999999999995     17.669578924343
-0.165                    -0.44499999999999995     17.77598472899882
-0.15500000000000003      -0.44499999999999995     17.873327423860587
-0.14500000000000002      -0.44499999999999995     17.961911255497967
-0.135                    -0.44499999999999995     18.04210341110371
-0.125                    -0.44499999999999995     18.11431124590331
-0.11499999999999999      -0.44499999999999995     18.178965813484353
-0.10499999999999998      -0.44499999999999995     18.236500075374806
-0.09499999999999997      -0.44499999999999995     18.28733652943123
-0.08499999999999999      -0.44499999999999995     18.331877912419316
-0.07499999999999998      -0.44499999999999995     18.370497186092337
-0.06499999999999997      -0.44499999999999995     18.403532160695534
-0.054999999999999966     -0.44499999999999995     18.431283777986778
-0.04499999999999996      -0.44499999999999995     18.45401143464693
-0.03499999999999995      -0.44499999999999995     18.471931954302647
-0.025000000000000022     -0.44499999999999995     18.48521985900254
-0.015000000000000013     -0.44499999999999995     18.494005688433447
-0.0050000000000000044    -0.44499999999999995     18.4983766769181
0.0050000000000000044     -0.44499999999999995     18.49837643510631
0.015000000000000013      -0.44499999999999995     18.494004784921344
0.025000000000000022      -0.44499999999999995     18.48521835243895
0.03500000000000003       -0.44499999999999995     18.47192987589858
0.04500000000000004       -0.44499999999999995     18.454008595030018
0.05500000000000005       -0.44499999999999995     18.431280310393674
0.06499999999999995       -0.44499999999999995     18.40352787374536
0.07499999999999996       -0.44499999999999995     18.370491782187685
0.08499999999999996       -0.44499999999999995     18.331871654990493
0.09499999999999997       -0.44499999999999995     18.28732895693588
0.10499999999999998       -0.44499999999999995     18.236490228425623
0.11499999999999999       -0.44499999999999995     18.1789540705077
0.125                     -0.44499999999999995     18.114297867924336
0.135                     -0.44499999999999995     18.042087825206806
0.14500000000000002       -0.44499999999999995     17.96189429333964
0.15500000000000003       -0.44499999999999995     17.87330912975665
0.16500000000000004       -0.44499999999999995     17.77596199866298
0.17500000000000004       -0.44499999999999995     17.669553757714368
0.18500000000000005       -0.44499999999999995     17.553872023143356
0.19499999999999995       -0.44499999999999995     17.42883321687418
0.20499999999999996       -0.44499999999999995     17.2944936850119
0.21499999999999997       -0.44499999999999995     17.15108765708021
0.22499999999999998       -0.44499999999999995     16.999042705392924
0.235                     -0.44499999999999995     16.838985322566316
0.245                     -0.44499999999999995     16.671748804639208
0.255                     -0.44499999999999995     16.49836141943166
0.265                     -0.44499999999999995     16.320022003887175
0.275                     -0.44499999999999995     16.138063497198686
0.28500000000000003       -0.44499999999999995     15.953915024382752
0.29500000000000004       -0.44499999999999995     15.769064635783423
0.30500000000000005       -0.44499999999999995     15.584991744377533
0.31499999999999995       -0.44499999999999995     15.403154022038336
0.32499999999999996       -0.44499999999999995     15.22493653453472
0.33499999999999996       -0.44499999999999995     15.051624747517224
0.345                     -0.44499999999999995     14.884383585555668
0.355                     -0.44499999999999995     14.724246728082392
0.365                     -0.44499999999999995     14.57211341532252
0.375                     -0.44499999999999995     14.428754076598864
0.385                     -0.44499999999999995     14.29481271852194
0.395                     -0.44499999999999995     14.170822255859775
0.405                     -0.44499999999999995     14.057212689579785
0.41500000000000004       -0.44499999999999995     13.954331655457224
0.42500000000000004       -0.44499999999999995     13.862429746630369
0.43500000000000005       -0.44499999999999995     13.781520188340096
0.44499999999999995       -0.44499999999999995     13.712549625147972
0.45499999999999996       -0.44499999999999995     13.654874206182512
0.46499999999999997       -0.44499999999999995     13.608085204651047
0.475                     -0.44499999999999995     13.57420016918104
0.485                     -0.44499999999999995     13.549762134819616
0.495                     -0.44499999999999995     13.537965314336105
-0.495                    -0.43500000000000005     13.469422266236876
-0.485                    -0.43500000000000005     13.481306354885533
-0.475                    -0.43500000000000005     13.503943445645177
-0.46499999999999997      -0.43500000000000005     13.540307361428688
-0.45499999999999996      -0.43500000000000005     13.587360146276907
-0.44499999999999995      -0.43500000000000005     13.646762612286125
-0.43500000000000005      -0.43500000000000005     13.716938977423439
-0.42500000000000004      -0.43500000000000005     13.800009537484357
-0.41500000000000004      -0.43500000000000005     13.892896014910889
-0.405                    -0.43500000000000005     13.99800444459828
-0.395                    -0.43500000000000005     14.114159879925637
-0.385                    -0.43500000000000005     14.241065905623373
-0.375                    -0.43500000000000005     14.378415796929403
-0.365                    -0.43500000000000005     14.525717858626194
-0.355                    -0.43500000000000005     14.682348628600494
-0.345                    -0.43500000000000005     14.84756367376201
-0.33499999999999996      -0.43500000000000005     15.020457200723172
-0.32499999999999996      -0.43500000000000005     15.19995398008939
-0.31499999999999995      -0.43500000000000005     15.384815133812708
-0.30499999999999994      -0.43500000000000005     15.573651978440807
-0.29500000000000004      -0.43500000000000005     15.76496562946221
-0.28500000000000003      -0.43500000000000005     15.957177924336236
-0.275                    -0.43500000000000005     16.148610378691274
-0.265                    -0.43500000000000005     16.33757007578589
-0.255                    -0.43500000000000005     16.522476194304033
-0.245                    -0.43500000000000005     16.7018159661377
-0.235                    -0.43500000000000005     16.874273346506243
-0.22499999999999998      -0.43500000000000005     17.03873851466875
-0.21500000000000005      -0.43500000000000005     17.194306430283746
-0.20500000000000004      -0.43500000000000005     17.34036384401196
-0.19500000000000003      -0.43500000000000005     17.476479659994368
-0.18500000000000003      -0.43500000000000005     17.602507431317974
-0.17500000000000002      -0.43500000000000005     17.718459978537624
-0.165                    -0.43500000000000005     17.82451914553434
-0.15500000000000003      -0.43500000000000005     17.920999183315473
-0.14500000000000002      -0.43500000000000005     18.008318239790185
-0.135                    -0.43500000000000005     18.08694905951677
-0.125                    -0.43500000000000005     18.157400299348524
-0.11499999999999999      -0.43500000000000005     18.220190722204052
-0.10499999999999998      -0.43500000000000005     18.275833320434685
-0.09499999999999997      -0.43500000000000005     18.324805001220284
-0.08499999999999999      -0.43500000000000005     18.367563153534718
-0.07499999999999998      -0.43500000000000005     18.404522400510814
-0.06499999999999997      -0.43500000000000005     18.43605318421629
-0.054999999999999966     -0.43500000000000005     18.462479781551735
-0.04499999999999996      -0.43500000000000005     18.484081126711544
-0.03499999999999995      -0.43500000000000005     18.501087697416438
-0.025000000000000022     -0.43500000000000005     18.513681959540577
-0.015000000000000013     -0.43500000000000005     18.52200352729409
-0.0050000000000000044    -0.43500000000000005     18.526139620409083
0.0050000000000000044     -0.43500000000000005     18.526137460360133
0.015000000000000013      -0.43500000000000005     18.522001000752596
0.025000000000000022      -0.43500000000000005     18.513677101672897
0.03500000000000003       -0.43500000000000005     18.501078926986622
0.04500000000000004       -0.43500000000000005     18.484070589995213
0.05500000000000005       -0.43500000000000005     18.462468616221713
0.06499999999999995       -0.43500000000000005     18.43603839330774
0.07499999999999996       -0.43500000000000005     18.404504223299455
0.08499999999999996       -0.43500000000000005     18.367544557009353
0.09499999999999997       -0.43500000000000005     18.324787912490535
0.10499999999999998       -0.43500000000000005     18.275824227228895
0.11499999999999999       -0.43500000000000005     18.2201833980302
0.125                     -0.43500000000000005     18.157388087828622
0.135                     -0.43500000000000005     18.086936317510492
0.14500000000000002       -0.43500000000000005     18.008294682362532
0.15500000000000003       -0.43500000000000005     17.920976244940277
0.16500000000000004       -0.43500000000000005     17.824490424598764
0.17500000000000004       -0.43500000000000005     17.71843664896261
0.18500000000000005       -0.43500000000000005     17.60249450537276
0.19499999999999995       -0.43500000000000005     17.476481424253507
0.20499999999999996       -0.43500000000000005     17.340349584063915
0.21499999999999997       -0.43500000000000005     17.19429319837559
0.22499999999999998       -0.43500000000000005     17.038708690934072
0.235                     -0.43500000000000005     16.874242174112396
0.245                     -0.43500000000000005     16.70175760462172
0.255                     -0.43500000000000005     16.522415662881997
0.265                     -0.43500000000000005     16.337491779733796
0.275                     -0.43500000000000005     16.148529116918894
0.28500000000000003       -0.43500000000000005     15.957100943277965
0.29500000000000004       -0.43500000000000005     15.764895032274012
0.30500000000000005       -0.43500000000000005     15.573576142581032
0.31499999999999995       -0.43500000000000005     15.384746774845212
0.32499999999999996       -0.43500000000000005     15.199906030183342
0.33499999999999996       -0.43500000000000005     15.020430411464076
0.345                     -0.43500000000000005     14.847553918190897
0.355                     -0.43500000000000005     14.682353744739089
0.365                     -0.43500000000000005     14.525726959007784
0.375                     -0.43500000000000005     14.37841074174628
0.385                     -0.43500000000000005     14.24103675769777
0.395                     -0.43500000000000005     14.114099733888168
0.405                     -0.43500000000000005     13.998008650298175
0.41500000000000004       -0.43500000000000005     13.89298301323555
0.42500000000000004       -0.43500000000000005     13.799136035085553
0.43500000000000005       -0.43500000000000005     13.71667469289683
0.44499999999999995       -0.43500000000000005     13.646723669839503
0.45499999999999996       -0.43500000000000005     13.587436425860005
0.46499999999999997       -0.43500000000000005     13.540340375455024
0.475                     -0.43500000000000005     13.503792105163939
0.485                     -0.43500000000000005     13.481343779779422
0.495                     -0.43500000000000005     13.469428655266285
-0.495                    -0.42500000000000004     13.389118560338062
-0.485                    -0.42500000000000004     13.401139172836906
-0.475                    -0.42500000000000004     13.423966053257573
-0.46499999999999997      -0.42500000000000004     13.460822367700985
-0.45499999999999996      -0.42500000000000004     13.508465059104964
-0.44499999999999995      -0.42500000000000004     13.56701790303066
-0.43500000000000005      -0.42500000000000004     13.639525329457534
-0.42500000000000004      -0.42500000000000004     13.722705179183777
-0.41500000000000004      -0.42500000000000004     13.817782074995577
-0.405                    -0.42500000000000004     13.924952819358737
-0.395                    -0.42500000000000004     14.043761562581892
-0.385                    -0.42500000000000004     14.17395568971159
-0.375                    -0.42500000000000004     14.315255752866477
-0.365                    -0.42500000000000004     14.467237888431981
-0.355                    -0.42500000000000004     14.629333249702285
-0.345                    -0.42500000000000004     14.800797898950265
-0.33499999999999996      -0.42500000000000004     14.980716075931696
-0.32499999999999996      -0.42500000000000004     15.167976839288883
-0.31499999999999995      -0.42500000000000004     15.361264639926105
-0.30499999999999994      -0.42500000000000004     15.559081187763525
-0.29500000000000004      -0.42500000000000004     15.759733732998882
-0.28500000000000003      -0.42500000000000004     15.961431051119803
-0.275                    -0.42500000000000004     16.162249067283113
-0.265                    -0.42500000000000004     16.36024932056361
-0.255                    -0.42500000000000004     16.553643365013386
-0.245                    -0.42500000000000004     16.740652255659086
-0.235                    -0.42500000000000004     16.91977259864916
-0.22499999999999998      -0.42500000000000004     17.089798393200965
-0.21500000000000005      -0.42500000000000004     17.24971594740782
-0.20500000000000004      -0.42500000000000004     17.398920213349072
-0.19500000000000003      -0.42500000000000004     17.53703854368507
-0.18500000000000003      -0.42500000000000004     17.663987732658086
-0.17500000000000002      -0.42500000000000004     17.779931986103833
-0.165                    -0.42500000000000004     17.88520843833328
-0.15500000000000003      -0.42500000000000004     17.980285626141466
-0.14500000000000002      -0.42500000000000004     18.065725886431892
-0.135                    -0.42500000000000004     18.14215675134824
-0.125                    -0.42500000000000004     18.210187789582278
-0.11499999999999999      -0.42500000000000004     18.27047787938264
-0.10499999999999998      -0.42500000000000004     18.32360610453199
-0.09499999999999997      -0.42500000000000004     18.370129991732057
-0.08499999999999999      -0.42500000000000004     18.410579261445065
-0.07499999999999998      -0.42500000000000004     18.445414423443452
-0.06499999999999997      -0.42500000000000004     18.475022562525908
-0.054999999999999966     -0.42500000000000004     18.499775564816332
-0.04499999999999996      -0.42500000000000004     18.519960538880724
-0.03499999999999995      -0.42500000000000004     18.535817102294516
-0.025000000000000022     -0.42500000000000004     18.547547989399902
-0.015000000000000013     -0.42500000000000004     18.55528726577313
-0.0050000000000000044    -0.42500000000000004     18.559132054034222
0.0050000000000000044     -0.42500000000000004     18.559131478842602
0.015000000000000013      -0.42500000000000004     18.555283215842735
0.025000000000000022      -0.42500000000000004     18.547541088243946
0.03500000000000003       -0.42500000000000004     18.53580921013011
0.04500000000000004       -0.42500000000000004     18.51994893448048
0.05500000000000005       -0.42500000000000004     18.499767209418224
0.06499999999999995       -0.42500000000000004     18.475013979483094
0.07499999999999996       -0.42500000000000004     18.445395212516388
0.08499999999999996       -0.42500000000000004     18.41056164547024
0.09499999999999997       -0.42500000000000004     18.370110835049758
0.10499999999999998       -0.42500000000000004     18.323591557133824
0.11499999999999999       -0.42500000000000004     18.270461354572348
0.125                     -0.42500000000000004     18.21017001550635
0.135                     -0.42500000000000004     18.14213731913034
0.14500000000000002       -0.42500000000000004     18.065704765750894
0.15500000000000003       -0.42500000000000004     17.98026779542738
0.16500000000000004       -0.42500000000000004     17.885184608104794
0.17500000000000004       -0.42500000000000004     17.779907834447698
0.18500000000000005       -0.42500000000000004     17.663952646681878
0.19499999999999995       -0.42500000000000004     17.536992593621363
0.20499999999999996       -0.42500000000000004     17.398864731535326
0.21499999999999997       -0.42500000000000004     17.249667522128846
0.22499999999999998       -0.42500000000000004     17.08973399206556
0.235                     -0.42500000000000004     16.919725954046044
0.245                     -0.42500000000000004     16.740558294881907
0.255                     -0.42500000000000004     16.553564737597412
0.265                     -0.42500000000000004     16.360167612236012
0.275                     -0.42500000000000004     16.162148715176386
0.28500000000000003       -0.42500000000000004     15.961342037301335
0.29500000000000004       -0.42500000000000004     15.759660962736916
0.30500000000000005       -0.42500000000000004     15.559009168810178
0.31499999999999995       -0.42500000000000004     15.36121103814179
0.32499999999999996       -0.42500000000000004     15.167939970510929
0.33499999999999996       -0.42500000000000004     14.980694590577457
0.345                     -0.42500000000000004     14.800790629283
0.355                     -0.42500000000000004     14.629329768309788
0.365                     -0.42500000000000004     14.467242742861913
0.375                     -0.42500000000000004     14.315258581985177
0.385                     -0.42500000000000004     14.173957882115985
0.395                     -0.42500000000000004     14.043775297708521
0.405                     -0.42500000000000004     13.925028666004323
0.41500000000000004       -0.42500000000000004     13.817888615635084
0.42500000000000004       -0.42500000000000004     13.72261538483599
0.43500000000000005       -0.42500000000000004     13.639279883489493
0.44499999999999995       -0.42500000000000004     13.56892290028486
0.45499999999999996       -0.42500000000000004     13.508476990522354
0.46499999999999997       -0.42500000000000004     13.460841139392755
0.475                     -0.42500000000000004     13.423865473250544
0.485                     -0.42500000000000004     13.401162361697743
0.495                     -0.42500000000000004     13.389122880612462
-0.495                    -0.41500000000000004     13.296917665568344
-0.485                    -0.41500000000000004     13.309066680557635
-0.475                    -0.41500000000000004     13.332080077660862
-0.46499999999999997      -0.41500000000000004     13.369406941710736
-0.45499999999999996      -0.41500000000000004     13.4176313631109
-0.44499999999999995      -0.41500000000000004     13.477083164091596
-0.43500000000000005      -0.41500000000000004     13.550444598609829
-0.42500000000000004      -0.41500000000000004     13.63508677559446
-0.41500000000000004      -0.41500000000000004     13.73238840492337
-0.405                    -0.41500000000000004     13.841814799156197
-0.395                    -0.41500000000000004     13.96355311807119
-0.385                    -0.41500000000000004     14.097320726703416
-0.375                    -0.41500000000000004     14.242969838238729
-0.365                    -0.41500000000000004     14.400170298720688
-0.355                    -0.41500000000000004     14.568301441130613
-0.345                    -0.41500000000000004     14.746783881883335
-0.33499999999999996      -0.41500000000000004     14.934653057210259
-0.32499999999999996      -0.41500000000000004     15.13080385488268
-0.31499999999999995      -0.41500000000000004     15.333804506925627
-0.30499999999999994      -0.41500000000000004     15.542034186575378
-0.29500000000000004      -0.41500000000000004     15.753529005097064
-0.28500000000000003      -0.41500000000000004     15.966222552358893
-0.275                    -0.41500000000000004     16.17809638578838
-0.265                    -0.41500000000000004     16.386782302517176
-0.255                    -0.41500000000000004     16.59014137896139
-0.245                    -0.41500000000000004     16.786167786300823
-0.235                    -0.41500000000000004     16.973098519510415
-0.22499999999999998      -0.41500000000000004     17.149525401161796
-0.21500000000000005      -0.41500000000000004     17.31440247476995
-0.20500000000000004      -0.41500000000000004     17.467084461066506
-0.19500000000000003      -0.41500000000000004     17.60728172806172
-0.18500000000000003      -0.41500000000000004     17.73505821218312
-0.17500000000000002      -0.41500000000000004     17.850731070045754
-0.165                    -0.41500000000000004     17.95481954840544
-0.15500000000000003      -0.41500000000000004     18.04798507770252
-0.14500000000000002      -0.41500000000000004     18.131012416263673
-0.135                    -0.41500000000000004     18.204668658754585
-0.125                    -0.41500000000000004     18.269737676626164
-0.11499999999999999      -0.41500000000000004     18.32698803953396
-0.10499999999999998      -0.41500000000000004     18.377097607593285
-0.09499999999999997      -0.41500000000000004     18.420726428192594
-0.08499999999999999      -0.41500000000000004     18.458459226553224
-0.07499999999999998      -0.41500000000000004     18.49080184305822
-0.06499999999999997      -0.41500000000000004     18.51818413593923
-0.054999999999999966     -0.41500000000000004     18.540990478993763
-0.04499999999999996      -0.41500000000000004     18.559540851790644
-0.03499999999999995      -0.41500000000000004     18.574077937934263
-0.025000000000000022     -0.41500000000000004     18.584812047178517
-0.015000000000000013     -0.41500000000000004     18.59187988988431
-0.0050000000000000044    -0.41500000000000004     18.595392050009124
0.0050000000000000044     -0.41500000000000004     18.595386182980747
0.015000000000000013      -0.41500000000000004     18.59186568510983
0.025000000000000022      -0.41500000000000004     18.584779690303428
0.03500000000000003       -0.41500000000000004     18.574033859968026
0.04500000000000004       -0.41500000000000004     18.559481640672175
0.05500000000000005       -0.41500000000000004     18.540914170111552
0.06499999999999995       -0.41500000000000004     18.518089760345713
0.07499999999999996       -0.41500000000000004     18.49068934066338
0.08499999999999996       -0.41500000000000004     18.458338629758877
0.09499999999999997       -0.41500000000000004     18.42059282425417
0.10499999999999998       -0.41500000000000004     18.37694415486319
0.11499999999999999       -0.41500000000000004     18.326822381437808
0.125                     -0.41500000000000004     18.26957693136069
0.135                     -0.41500000000000004     18.204509151033832
0.14500000000000002       -0.41500000000000004     18.130862223283543
0.15500000000000003       -0.41500000000000004     18.04785821393388
0.16500000000000004       -0.41500000000000004     17.954704321080868
0.17500000000000004       -0.41500000000000004     17.850655252971748
0.18500000000000005       -0.41500000000000004     17.735041301642667
0.19499999999999995       -0.41500000000000004     17.6073267703229
0.20499999999999996       -0.41500000000000004     17.467202250024144
0.21499999999999997       -0.41500000000000004     17.314611126414903
0.22499999999999998       -0.41500000000000004     17.14981442123343
0.235                     -0.41500000000000004     16.973466931058866
0.245                     -0.41500000000000004     16.786603783709126
0.255                     -0.41500000000000004     16.59062022405216
0.265                     -0.41500000000000004     16.387264039717863
0.275                     -0.41500000000000004     16.17853986939808
0.28500000000000003       -0.41500000000000004     15.966599789339384
0.29500000000000004       -0.41500000000000004     15.753752988530735
0.30500000000000005       -0.41500000000000004     15.542140728511256
0.31499999999999995       -0.41500000000000004     15.333846665197761
0.32499999999999996       -0.41500000000000004     15.13080812483832
0.33499999999999996       -0.41500000000000004     14.934636520022357
0.345                     -0.41500000000000004     14.746755077412832
0.355                     -0.41500000000000004     14.568306892338565
0.365                     -0.41500000000000004     14.400159550566116
0.375                     -0.41500000000000004     14.242959388257795
0.385                     -0.41500000000000004     14.097290595967337
0.395                     -0.41500000000000004     13.96349880880954
0.405                     -0.41500000000000004     13.841823481880567
0.41500000000000004       -0.41500000000000004     13.732565298189456
0.42500000000000004       -0.41500000000000004     13.635014192415127
0.43500000000000005       -0.41500000000000004     13.5504624005942
0.44499999999999995       -0.41500000000000004     13.477224158505123
0.45499999999999996       -0.41500000000000004     13.417627781403155
0.46499999999999997       -0.41500000000000004     13.36941293728131
0.475                     -0.41500000000000004     13.33201888578958
0.485                     -0.41500000000000004     13.309079277771389
0.495                     -0.41500000000000004     13.296921248703654
-0.495                    -0.405                   13.192700115142372
-0.485                    -0.405                   13.204958431671571
-0.475                    -0.405                   13.228141948413736
-0.46499999999999997      -0.405                   13.265879054278685
-0.45499999999999996      -0.405                   13.314632319430785
-0.44499999999999995      -0.405                   13.37490285234253
-0.43500000000000005      -0.405                   13.449204430319355
-0.42500000000000004      -0.405                   13.535384192284823
-0.41500000000000004      -0.405                   13.6345074576802
-0.405                    -0.405                   13.746373571605545
-0.395                    -0.405                   13.871945942899423
-0.385                    -0.405                   14.009518563897132
-0.375                    -0.405                   14.159748111352258
-0.365                    -0.405                   14.32228179095685
-0.355                    -0.405                   14.497118971043705
-0.345                    -0.405                   14.68380734708569
-0.33499999999999996      -0.405                   14.880769767802917
-0.32499999999999996      -0.405                   15.087081227087992
-0.31499999999999995      -0.405                   15.301351828793116
-0.30499999999999994      -0.405                   15.52179985949138
-0.29500000000000004      -0.405                   15.746005209670699
-0.28500000000000003      -0.405                   15.972085485901346
-0.275                    -0.405                   16.197030931402168
-0.265                    -0.405                   16.418393898889036
-0.255                    -0.405                   16.63359739172391
-0.245                    -0.405                   16.840241469007164
-0.235                    -0.405                   17.036261596378193
-0.22499999999999998      -0.405                   17.220034208718328
-0.21500000000000005      -0.405                   17.390426158395222
-0.20500000000000004      -0.405                   17.54680425284065
-0.19500000000000003      -0.405                   17.689006527851408
-0.18500000000000003      -0.405                   17.8172638287542
-0.17500000000000002      -0.405                   17.93213625897645
-0.165                    -0.405                   18.034401244458913
-0.15500000000000003      -0.405                   18.124970780761892
-0.14500000000000002      -0.405                   18.20485348156609
-0.135                    -0.405                   18.275016611787624
-0.125                    -0.405                   18.33642883000459
-0.11499999999999999      -0.405                   18.389990725851206
-0.10499999999999998      -0.405                   18.436507694433764
-0.09499999999999997      -0.405                   18.476721813716665
-0.08499999999999999      -0.405                   18.511277787176496
-0.07499999999999998      -0.405                   18.54072872455467
-0.06499999999999997      -0.405                   18.565542436337232
-0.054999999999999966     -0.405                   18.58613091853416
-0.04499999999999996      -0.405                   18.602815963450972
-0.03499999999999995      -0.405                   18.615858678970447
-0.025000000000000022     -0.405                   18.625466758824835
-0.015000000000000013     -0.405                   18.63178753719024
-0.0050000000000000044    -0.405                   18.6349230153131
0.0050000000000000044     -0.405                   18.63491327316278
0.015000000000000013      -0.405                   18.631768102915217
0.025000000000000022      -0.405                   18.62543424652862
0.03500000000000003       -0.405                   18.615810018640715
0.04500000000000004       -0.405                   18.60275529036126
0.05500000000000005       -0.405                   18.586061574370206
0.06499999999999995       -0.405                   18.565458923963895
0.07499999999999996       -0.405                   18.540623374191178
0.08499999999999996       -0.405                   18.511155283441745
0.09499999999999997       -0.405                   18.47658165188135
0.10499999999999998       -0.405                   18.43635034383755
0.11499999999999999       -0.405                   18.389816603864205
0.125                     -0.405                   18.336250411884414
0.135                     -0.405                   18.27483515335257
0.14500000000000002       -0.405                   18.20467430962637
0.15500000000000003       -0.405                   18.12480936975948
0.16500000000000004       -0.405                   18.034246732355374
0.17500000000000004       -0.405                   17.932010924333486
0.18500000000000005       -0.405                   17.81718120947628
0.19499999999999995       -0.405                   17.688978032108288
0.20499999999999996       -0.405                   17.546854332343354
0.21499999999999997       -0.405                   17.390568351388858
0.22499999999999998       -0.405                   17.220274619357117
0.235                     -0.405                   17.036600376537862
0.245                     -0.405                   16.840667535830494
0.255                     -0.405                   16.634084259598716
0.265                     -0.405                   16.418908630745804
0.275                     -0.405                   16.197496191728064
0.28500000000000003       -0.405                   15.972489579634953
0.29500000000000004       -0.405                   15.746213284058772
0.30500000000000005       -0.405                   15.52196389639758
0.31499999999999995       -0.405                   15.30144899011492
0.32499999999999996       -0.405                   15.087107705281966
0.33499999999999996       -0.405                   14.880748927882678
0.345                     -0.405                   14.683798335990502
0.355                     -0.405                   14.497101633731745
0.365                     -0.405                   14.322287419331758
0.375                     -0.405                   14.159717864132233
0.385                     -0.405                   14.009464051671728
0.395                     -0.405                   13.87201795351325
0.405                     -0.405                   13.747601587908605
0.41500000000000004       -0.405                   13.63497097395026
0.42500000000000004       -0.405                   13.535169863171177
0.43500000000000005       -0.405                   13.449203557845976
0.44499999999999995       -0.405                   13.374986074893172
0.45499999999999996       -0.405                   13.314627929916128
0.46499999999999997       -0.405                   13.265883353180982
0.475                     -0.405                   13.228111310146005
0.485                     -0.405                   13.204966890090532
0.495                     -0.405                   13.192703862917568
-0.495                    -0.395                   13.076363672868752
-0.485                    -0.395                   13.08870047379196
-0.475                    -0.395                   13.112015461472197
-0.46499999999999997      -0.395                   13.150063685714656
-0.45499999999999996      -0.395                   13.199247344461995
-0.44499999999999995      -0.395                   13.260200529839722
-0.43500000000000005      -0.395                   13.33534837855359
-0.42500000000000004      -0.395                   13.42279920724144
-0.41500000000000004      -0.395                   13.523884284759603
-0.405                    -0.395                   13.638135206598008
-0.395                    -0.395                   13.764012090193404
-0.385                    -0.395                   13.90731066612284
-0.375                    -0.395                   14.062848027126961
-0.365                    -0.395                   14.232013624891465
-0.355                    -0.395                   14.413520011567988
-0.345                    -0.395                   14.61041168492227
-0.33499999999999996      -0.395                   14.817776218302754
-0.32499999999999996      -0.395                   15.033116849092949
-0.31499999999999995      -0.395                   15.263884190650515
-0.30499999999999994      -0.395                   15.498142276381657
-0.29500000000000004      -0.395                   15.736579566547903
-0.28500000000000003      -0.395                   15.978726876191814
-0.275                    -0.395                   16.219749619132983
-0.265                    -0.395                   16.456663664283496
-0.255                    -0.395                   16.686248751429673
-0.245                    -0.395                   16.905661448191765
-0.235                    -0.395                   17.112474971342905
-0.22499999999999998      -0.395                   17.304801619870048
-0.21500000000000005      -0.395                   17.481395639515526
-0.20500000000000004      -0.395                   17.641695806198214
-0.19500000000000003      -0.395                   17.785689300827244
-0.18500000000000003      -0.395                   17.913893250337054
-0.17500000000000002      -0.395                   18.027189569601433
-0.165                    -0.395                   18.126695234263423
-0.15500000000000003      -0.395                   18.21365102503553
-0.14500000000000002      -0.395                   18.28932768588814
-0.135                    -0.395                   18.354974141336413
-0.125                    -0.395                   18.41176012616475
-0.11499999999999999      -0.395                   18.460747389196655
-0.10499999999999998      -0.395                   18.50287692935275
-0.09499999999999997      -0.395                   18.538972286944144
-0.08499999999999999      -0.395                   18.569741242645406
-0.07499999999999998      -0.395                   18.595783134483483
-0.06499999999999997      -0.395                   18.617598664181912
-0.054999999999999966     -0.395                   18.635601573256025
-0.04499999999999996      -0.395                   18.650128494013344
-0.03499999999999995      -0.395                   18.661445460881765
-0.025000000000000022     -0.395                   18.669758245927852
-0.015000000000000013     -0.395                   18.675214822702614
-0.0050000000000000044    -0.395                   18.677912041158237
0.0050000000000000044     -0.395                   18.6778978220851
0.015000000000000013      -0.395                   18.675171465383855
0.025000000000000022      -0.395                   18.669685680108344
0.03500000000000003       -0.395                   18.661344163398525
0.04500000000000004       -0.395                   18.64999807943802
0.05500000000000005       -0.395                   18.635442447436063
0.06499999999999995       -0.395                   18.61741157696902
0.07499999999999996       -0.395                   18.595568747805203
0.08499999999999996       -0.395                   18.56950078268676
0.09499999999999997       -0.395                   18.538706847437965
0.10499999999999998       -0.395                   18.502588513078706
0.11499999999999999       -0.395                   18.460440524743717
0.125                     -0.395                   18.411442088290187
0.135                     -0.395                   18.354652677059406
0.14500000000000002       -0.395                   18.289015202873614
0.15500000000000003       -0.395                   18.213366902458475
0.16500000000000004       -0.395                   18.126465570959937
0.17500000000000004       -0.395                   18.027034001784983
0.18500000000000005       -0.395                   17.91382746337075
0.19499999999999995       -0.395                   17.785722848408497
0.20499999999999996       -0.395                   17.641844981992364
0.21499999999999997       -0.395                   17.48168998284347
0.22499999999999998       -0.395                   17.305231007981625
0.235                     -0.395                   17.113055465627866
0.245                     -0.395                   16.906377484069424
0.255                     -0.395                   16.687074683669437
0.265                     -0.395                   16.457587222947154
0.275                     -0.395                   16.22065794018853
0.28500000000000003       -0.395                   15.97943040326777
0.29500000000000004       -0.395                   15.735851598696172
0.30500000000000005       -0.395                   15.498669682992158
0.31499999999999995       -0.395                   15.26090639368141
0.32499999999999996       -0.395                   15.036353041373559
0.33499999999999996       -0.395                   14.817838163606325
0.345                     -0.395                   14.610528324353595
0.355                     -0.395                   14.413535853183703
0.365                     -0.395                   14.232043288158096
0.375                     -0.395                   14.062762111863492
0.385                     -0.395                   13.90748897711228
0.395                     -0.395                   13.766094539282676
0.405                     -0.395                   13.638394250538283
0.41500000000000004       -0.395                   13.524034200807932
0.42500000000000004       -0.395                   13.422636113663998
0.43500000000000005       -0.395                   13.335320561181902
0.44499999999999995       -0.395                   13.260248438156054
0.45499999999999996       -0.395                   13.199246611023668
0.46499999999999997       -0.395                   13.150069175151259
0.475                     -0.395                   13.112003043493814
0.485                     -0.395                   13.08870664267738
0.495                     -0.395                   13.076368054442241
-0.495                    -0.385                   12.947835375330186
-0.485                    -0.385                   12.960206863271424
-0.475                    -0.385                   12.983584488290262
-0.46499999999999997      -0.385                   13.02180939810114
-0.45499999999999996      -0.385                   13.071267395078394
-0.44499999999999995      -0.385                   13.132696791615558
-0.43500000000000005      -0.385                   13.208506891641719
-0.42500000000000004      -0.385                   13.296993323978313
-0.41500000000000004      -0.385                   13.399753476402992
-0.405                    -0.385                   13.516216933048383
-0.395                    -0.385                   13.645024081978022
-0.385                    -0.385                   13.792167648177951
-0.375                    -0.385                   13.95221125412678
-0.365                    -0.385                   14.127457448042883
-0.355                    -0.385                   14.317864839264871
-0.345                    -0.385                   14.52280691077425
-0.33499999999999996      -0.385                   14.741769481743901
-0.32499999999999996      -0.385                   14.97354611771729
-0.31499999999999995      -0.385                   15.2164163397278
-0.30499999999999994      -0.385                   15.466836621900597
-0.29500000000000004      -0.385                   15.72592219389196
-0.28500000000000003      -0.385                   15.986407306271019
-0.275                    -0.385                   16.246940383114293
-0.265                    -0.385                   16.502740991246213
-0.255                    -0.385                   16.750012111833655
-0.245                    -0.385                   16.98505488758019
-0.235                    -0.385                   17.204823439312293
-0.22499999999999998      -0.385                   17.407082050425714
-0.21500000000000005      -0.385                   17.590481904879965
-0.20500000000000004      -0.385                   17.75459680618917
-0.19500000000000003      -0.385                   17.899712300723536
-0.18500000000000003      -0.385                   18.026801970908593
-0.17500000000000002      -0.385                   18.137206993314493
-0.165                    -0.385                   18.232501505931992
-0.15500000000000003      -0.385                   18.314374347663687
-0.14500000000000002      -0.385                   18.384448523608626
-0.135                    -0.385                   18.444286268018715
-0.125                    -0.385                   18.495292197118687
-0.11499999999999999      -0.385                   18.5386938277787
-0.10499999999999998      -0.385                   18.57555014185712
-0.09499999999999997      -0.385                   18.60676979626274
-0.08499999999999999      -0.385                   18.633117390209662
-0.07499999999999998      -0.385                   18.655221347040197
-0.06499999999999997      -0.385                   18.673597369910226
-0.054999999999999966     -0.385                   18.688664384455677
-0.04499999999999996      -0.385                   18.700757216004092
-0.03499999999999995      -0.385                   18.710137782788195
-0.025000000000000022     -0.385                   18.717004889356815
-0.015000000000000013     -0.385                   18.721501267126058
-0.0050000000000000044    -0.385                   18.723719101297263
0.0050000000000000044     -0.385                   18.723703589458722
0.015000000000000013      -0.385                   18.721454583454232
0.025000000000000022      -0.385                   18.71692679400195
0.03500000000000003       -0.385                   18.710027964439917
0.04500000000000004       -0.385                   18.700615330736525
0.05500000000000005       -0.385                   18.688490213719092
0.06499999999999995       -0.385                   18.673391018485546
0.07499999999999996       -0.385                   18.65498358330464
0.08499999999999996       -0.385                   18.63284927014368
0.09499999999999997       -0.385                   18.606471470970547
0.10499999999999998       -0.385                   18.575220437091275
0.11499999999999999       -0.385                   18.538337212471134
0.125                     -0.385                   18.49491775278966
0.135                     -0.385                   18.443899356105476
0.14500000000000002       -0.385                   18.38405376860291
0.15500000000000003       -0.385                   18.313982190003145
0.16500000000000004       -0.385                   18.232147822281007
0.17500000000000004       -0.385                   18.136913024871717
0.18500000000000005       -0.385                   18.026602370685453
0.19499999999999995       -0.385                   17.89961469383951
0.20499999999999996       -0.385                   17.75462592834681
0.21499999999999997       -0.385                   17.59071339105361
0.22499999999999998       -0.385                   17.407519269396516
0.235                     -0.385                   17.205498492591033
0.245                     -0.385                   16.986011323478095
0.255                     -0.385                   16.751241479417615
0.265                     -0.385                   16.504167645339436
0.275                     -0.385                   16.248298276500464
0.28500000000000003       -0.385                   15.987152967041766
0.29500000000000004       -0.385                   15.727440625793008
0.30500000000000005       -0.385                   15.468105925713985
0.31499999999999995       -0.385                   15.216151908765767
0.32499999999999996       -0.385                   14.973387962565596
0.33499999999999996       -0.385                   14.741757822708223
0.345                     -0.385                   14.5227794512314
0.355                     -0.385                   14.317937641377284
0.365                     -0.385                   14.127448255503168
0.375                     -0.385                   13.952916466263602
0.385                     -0.385                   13.792449044266434
0.395                     -0.385                   13.645662547545498
0.405                     -0.385                   13.516251584816928
0.41500000000000004       -0.385                   13.399813817638915
0.42500000000000004       -0.385                   13.29693197615245
0.43500000000000005       -0.385                   13.208495485922867
0.44499999999999995       -0.385                   13.132724482282129
0.45499999999999996       -0.385                   13.071269544650093
0.46499999999999997       -0.385                   13.021815158939376
0.475                     -0.385                   12.983581984869716
0.485                     -0.385                   12.960212796891142
0.495                     -0.385                   12.947840680748868
-0.495                    -0.375                   12.807084710273386
-0.485                    -0.375                   12.81943298458657
-0.475                    -0.375                   12.842771333090354
-0.46499999999999997      -0.375                   12.880996273535914
-0.45499999999999996      -0.375                   12.930513306456731
-0.44499999999999995      -0.375                   12.992143889392537
-0.43500000000000005      -0.375                   13.068332874910539
-0.42500000000000004      -0.375                   13.157530720037016
-0.41500000000000004      -0.375                   13.261599522230618
-0.405                    -0.375                   13.379817909330939
-0.395                    -0.375                   13.513995953485923
-0.385                    -0.375                   13.662382819777747
-0.375                    -0.375                   13.828090496204709
-0.365                    -0.375                   14.008973698511
-0.355                    -0.375                   14.207235725095188
-0.345                    -0.375                   14.422392201565458
-0.33499999999999996      -0.375                   14.653609223892317
-0.32499999999999996      -0.375                   14.900046048980585
-0.31499999999999995      -0.375                   15.160494770833793
-0.30499999999999994      -0.375                   15.432429839755287
-0.29500000000000004      -0.375                   15.711601840501146
-0.28500000000000003      -0.375                   15.994589781647392
-0.275                    -0.375                   16.279484578867596
-0.265                    -0.375                   16.557734687728953
-0.255                    -0.375                   16.82601132931697
-0.245                    -0.375                   17.079412074171643
-0.235                    -0.375                   17.314081087208876
-0.22499999999999998      -0.375                   17.527274175036553
-0.21500000000000005      -0.375                   17.717730012198814
-0.20500000000000004      -0.375                   17.885185018379957
-0.19500000000000003      -0.375                   18.030430465251953
-0.18500000000000003      -0.375                   18.1550507103876
-0.17500000000000002      -0.375                   18.260981758506887
-0.165                    -0.375                   18.3504814994146
-0.15500000000000003      -0.375                   18.425695182176298
-0.14500000000000002      -0.375                   18.48874486655268
-0.135                    -0.375                   18.541514633671568
-0.125                    -0.375                   18.58559765079511
-0.11499999999999999      -0.375                   18.622415029650142
-0.10499999999999998      -0.375                   18.653182528034222
-0.09499999999999997      -0.375                   18.678868351265578
-0.08499999999999999      -0.375                   18.700231269579405
-0.07499999999999998      -0.375                   18.717938491394165
-0.06499999999999997      -0.375                   18.73250713232008
-0.054999999999999966     -0.375                   18.74434832916387
-0.04499999999999996      -0.375                   18.75378446285265
-0.03499999999999995      -0.375                   18.761063745363913
-0.025000000000000022     -0.375                   18.766371819796973
-0.015000000000000013     -0.375                   18.76984058873458
-0.0050000000000000044    -0.375                   18.771554570327993
0.0050000000000000044     -0.375                   18.77155501903306
0.015000000000000013      -0.375                   18.76984192168237
0.025000000000000022      -0.375                   18.76637403316093
0.03500000000000003       -0.375                   18.761066836722534
0.04500000000000004       -0.375                   18.75378844055365
0.05500000000000005       -0.375                   18.74435316243219
0.06499999999999995       -0.375                   18.73251278862287
0.07499999999999996       -0.375                   18.717944946745803
0.08499999999999996       -0.375                   18.70023848579379
0.09499999999999997       -0.375                   18.678875730268544
0.10499999999999998       -0.375                   18.653211045884376
0.11499999999999999       -0.375                   18.622447201033026
0.125                     -0.375                   18.585608532691367
0.135                     -0.375                   18.541507293675778
0.14500000000000002       -0.375                   18.488806408188907
0.15500000000000003       -0.375                   18.42571530344344
0.16500000000000004       -0.375                   18.350478206761295
0.17500000000000004       -0.375                   18.261006287110433
0.18500000000000005       -0.375                   18.155057958617874
0.19499999999999995       -0.375                   18.030396757109855
0.20499999999999996       -0.375                   17.885118831496214
0.21499999999999997       -0.375                   17.717636182876504
0.22499999999999998       -0.375                   17.52712904381741
0.235                     -0.375                   17.313902401220872
0.245                     -0.375                   17.07924146635162
0.255                     -0.375                   16.82584857272144
0.265                     -0.375                   16.55761415092698
0.275                     -0.375                   16.27909338355738
0.28500000000000003       -0.375                   15.99479985923297
0.29500000000000004       -0.375                   15.711384865768501
0.30500000000000005       -0.375                   15.43191605605432
0.31499999999999995       -0.375                   15.160313384682667
0.32499999999999996       -0.375                   14.900100274228986
0.33499999999999996       -0.375                   14.65347296821443
0.345                     -0.375                   14.42202248987735
0.355                     -0.375                   14.20688226862789
0.365                     -0.375                   14.00939537978229
0.375                     -0.375                   13.82735326572265
0.385                     -0.375                   13.662236051666014
0.395                     -0.375                   13.514155357304382
0.405                     -0.375                   13.379832892441982
0.41500000000000004       -0.375                   13.261608772346307
0.42500000000000004       -0.375                   13.157517950527108
0.43500000000000005       -0.375                   13.068342471554388
0.44499999999999995       -0.375                   12.992159939340297
0.45499999999999996       -0.375                   12.930518696036046
0.46499999999999997       -0.375                   12.881002867115
0.475                     -0.375                   12.842774479939408
0.485                     -0.375                   12.819439533601098
0.495                     -0.375                   12.807091071461144
-0.495                    -0.365                   12.654137761412755
-0.485                    -0.365                   12.666390057802573
-0.475                    -0.365                   12.689555207245007
-0.46499999999999997      -0.365                   12.727556924057694
-0.45499999999999996      -0.365                   12.776851736736788
-0.44499999999999995      -0.365                   12.838332785369403
-0.43500000000000005      -0.365                   12.91451111200547
-0.42500000000000004      -0.365                   13.003946653963283
-0.41500000000000004      -0.365                   13.10881348271549
-0.405                    -0.365                   13.228420079367304
-0.395                    -0.365                   13.363394051120395
-0.385                    -0.365                   13.515653865788725
-0.375                    -0.365                   13.686201255208374
-0.365                    -0.365                   13.873501275195053
-0.355                    -0.365                   14.08107368120855
-0.345                    -0.365                   14.306040385787355
-0.33499999999999996      -0.365                   14.55024904082859
-0.32499999999999996      -0.365                   14.813975867285421
-0.31499999999999995      -0.365                   15.093657925373464
-0.30499999999999994      -0.365                   15.387133981911916
-0.29500000000000004      -0.365                   15.694504681502323
-0.28500000000000003      -0.365                   16.004747674926534
-0.275                    -0.365                   16.317058213183543
-0.265                    -0.365                   16.620934712244264
-0.255                    -0.365                   16.914165462184656
-0.245                    -0.365                   17.189207986916585
-0.235                    -0.365                   17.441131921894794
-0.22499999999999998      -0.365                   17.666674231563036
-0.21500000000000005      -0.365                   17.864464282523954
-0.20500000000000004      -0.365                   18.0347011493472
-0.19500000000000003      -0.365                   18.178875893933366
-0.18500000000000003      -0.365                   18.299370917711087
-0.17500000000000002      -0.365                   18.39905013931582
-0.165                    -0.365                   18.480853961517028
-0.15500000000000003      -0.365                   18.547681076604704
-0.14500000000000002      -0.365                   18.602108864878005
-0.135                    -0.365                   18.646370479030054
-0.125                    -0.365                   18.682334729606964
-0.11499999999999999      -0.365                   18.711585688588457
-0.10499999999999998      -0.365                   18.7354202298647
-0.09499999999999997      -0.365                   18.75484593172439
-0.08499999999999999      -0.365                   18.770657297853177
-0.07499999999999998      -0.365                   18.783510526493956
-0.06499999999999997      -0.365                   18.793904617467433
-0.054999999999999966     -0.365                   18.80222811317509
-0.04499999999999996      -0.365                   18.8087788908544
-0.03499999999999995      -0.365                   18.813781728562844
-0.025000000000000022     -0.365                   18.817401906469456
-0.015000000000000013     -0.365                   18.81975507709592
-0.0050000000000000044    -0.365                   18.82091464089865
0.0050000000000000044     -0.365                   18.82091618125878
0.015000000000000013      -0.365                   18.81975970686193
0.025000000000000022      -0.365                   18.817409652790104
0.03500000000000003       -0.365                   18.813792660592526
0.04500000000000004       -0.365                   18.808793076170787
0.05500000000000005       -0.365                   18.80224561288776
0.06499999999999995       -0.365                   18.79392540191168
0.07499999999999996       -0.365                   18.78353457508433
0.08499999999999996       -0.365                   18.770684614078277
0.09499999999999997       -0.365                   18.754874597019523
0.10499999999999998       -0.365                   18.735463106337875
0.11499999999999999       -0.365                   18.711636408646655
0.125                     -0.365                   18.68237148338335
0.135                     -0.365                   18.64637942182901
0.14500000000000002       -0.365                   18.60215655321622
0.15500000000000003       -0.365                   18.54769700612178
0.16500000000000004       -0.365                   18.480828186032795
0.17500000000000004       -0.365                   18.398981846674076
0.18500000000000005       -0.365                   18.2993020059306
0.19499999999999995       -0.365                   18.17876647637945
0.20499999999999996       -0.365                   18.03455363072294
0.21499999999999997       -0.365                   17.864294020193654
0.22499999999999998       -0.365                   17.66646601541811
0.235                     -0.365                   17.440933439926937
0.245                     -0.365                   17.18908564402284
0.255                     -0.365                   16.914166951333698
0.265                     -0.365                   16.621025460755163
0.275                     -0.365                   16.315475036870737
0.28500000000000003       -0.365                   16.003851485805342
0.29500000000000004       -0.365                   15.692917757153737
0.30500000000000005       -0.365                   15.388830876424208
0.31499999999999995       -0.365                   15.094686890134199
0.32499999999999996       -0.365                   14.812795745661703
0.33499999999999996       -0.365                   14.550532440562108
0.345                     -0.365                   14.305798072213236
0.355                     -0.365                   14.081853441191925
0.365                     -0.365                   13.87350165127097
0.375                     -0.365                   13.684855738944066
0.385                     -0.365                   13.515587260676668
0.395                     -0.365                   13.363419730711001
0.405                     -0.365                   13.228418908318304
0.41500000000000004       -0.365                   13.108828474631402
0.42500000000000004       -0.365                   13.003953288061439
0.43500000000000005       -0.365                   12.914525029349761
0.44499999999999995       -0.365                   12.838341449822508
0.45499999999999996       -0.365                   12.77685957612951
0.46499999999999997       -0.365                   12.727564426018489
0.475                     -0.365                   12.689561853058649
0.485                     -0.365                   12.666397546946428
0.495                     -0.365                   12.654145200552762
-0.495                    -0.355                   12.489092206756823
-0.485                    -0.355                   12.501160411949513
-0.475                    -0.355                   12.523987605252955
-0.46499999999999997      -0.355                   12.56149323973591
-0.45499999999999996      -0.355                   12.610216617153498
-0.44499999999999995      -0.355                   12.671109497618431
-0.43500000000000005      -0.355                   12.746761906051802
-0.42500000000000004      -0.355                   12.83585934966618
-0.41500000000000004      -0.355                   12.940759283925445
-0.405                    -0.355                   13.060963680179952
-0.395                    -0.355                   13.197249065615665
-0.385                    -0.355                   13.352004141178327
-0.375                    -0.355                   13.524938159312796
-0.365                    -0.355                   13.718766641266996
-0.355                    -0.355                   13.933807716475087
-0.345                    -0.355                   14.17101570034157
-0.33499999999999996      -0.355                   14.430405542072066
-0.32499999999999996      -0.355                   14.711837483782645
-0.31499999999999995      -0.355                   15.013951576850133
-0.30499999999999994      -0.355                   15.331565450569144
-0.29500000000000004      -0.355                   15.668560138540215
-0.28500000000000003      -0.355                   16.01390669642202
-0.275                    -0.355                   16.360629276003465
-0.265                    -0.355                   16.70091307121436
-0.255                    -0.355                   17.02627653412668
-0.245                    -0.355                   17.328705553041914
-0.235                    -0.355                   17.601769115557033
-0.22499999999999998      -0.355                   17.841402226154173
-0.21500000000000005      -0.355                   18.046222919650518
-0.20500000000000004      -0.355                   18.217255968143206
-0.19500000000000003      -0.355                   18.357246409601828
-0.18500000000000003      -0.355                   18.469985336901402
-0.17500000000000002      -0.355                   18.559615614511245
-0.165                    -0.355                   18.630204624781868
-0.15500000000000003      -0.355                   18.68540683674911
-0.14500000000000002      -0.355                   18.728381882030078
-0.135                    -0.355                   18.761749929166854
-0.125                    -0.355                   18.78763194243095
-0.11499999999999999      -0.355                   18.807712295231283
-0.10499999999999998      -0.355                   18.823308588428517
-0.09499999999999997      -0.355                   18.8354405683138
-0.08499999999999999      -0.355                   18.844889937492724
-0.07499999999999998      -0.355                   18.852252073931822
-0.06499999999999997      -0.355                   18.857977071033872
-0.054999999999999966     -0.355                   18.862402823329603
-0.04499999999999996      -0.355                   18.86578066267049
-0.03499999999999995      -0.355                   18.868294947829497
-0.025000000000000022     -0.355                   18.870077753295504
-0.015000000000000013     -0.355                   18.871219626314655
-0.0050000000000000044    -0.355                   18.87177703318332
0.0050000000000000044     -0.355                   18.871777068661345
0.015000000000000013      -0.355                   18.871219726355662
0.025000000000000022      -0.355                   18.870077898923682
0.03500000000000003       -0.355                   18.868295103979904
0.04500000000000004       -0.355                   18.86578078694737
0.05500000000000005       -0.355                   18.862402822025672
0.06499999999999995       -0.355                   18.857976849842146
0.07499999999999996       -0.355                   18.85225149024774
0.08499999999999996       -0.355                   18.844888787297748
0.09499999999999997       -0.355                   18.835438639279857
0.10499999999999998       -0.355                   18.82330575450095
0.11499999999999999       -0.355                   18.80770857963745
0.125                     -0.355                   18.78762793824285
0.135                     -0.355                   18.76174610029358
0.14500000000000002       -0.355                   18.728379225392985
0.15500000000000003       -0.355                   18.68540510667441
0.16500000000000004       -0.355                   18.630200786907267
0.17500000000000004       -0.355                   18.559603609414864
0.18500000000000005       -0.355                   18.469954109221362
0.19499999999999995       -0.355                   18.357201411777453
0.20499999999999996       -0.355                   18.217201281574432
0.21499999999999997       -0.355                   18.046161090272733
0.22499999999999998       -0.355                   17.841329717234885
0.235                     -0.355                   17.60166391635903
0.245                     -0.355                   17.328491647260932
0.255                     -0.355                   17.025791452693966
0.265                     -0.355                   16.69993141222335
0.275                     -0.355                   16.3589427807417
0.28500000000000003       -0.355                   16.01597077681072
0.29500000000000004       -0.355                   15.670944661701128
0.30500000000000005       -0.355                   15.333268729859014
0.31499999999999995       -0.355                   15.013598967225448
0.32499999999999996       -0.355                   14.712224722853534
0.33499999999999996       -0.355                   14.430833927484912
0.345                     -0.355                   14.173140460162472
0.355                     -0.355                   13.934864468243632
0.365                     -0.355                   13.719164323807433
0.375                     -0.355                   13.526135227838267
0.385                     -0.355                   13.35206548276949
0.395                     -0.355                   13.197279051998976
0.405                     -0.355                   13.060998736670726
0.41500000000000004       -0.355                   12.940781322298527
0.42500000000000004       -0.355                   12.83588185580561
0.43500000000000005       -0.355                   12.746777025988422
0.44499999999999995       -0.355                   12.671115593641503
0.45499999999999996       -0.355                   12.610226145132728
0.46499999999999997       -0.355                   12.56150177082543
0.475                     -0.355                   12.523996385029022
0.485                     -0.355                   12.501168955753997
0.495                     -0.355                   12.489100731207401
-0.495                    -0.345                   12.312132675724854
-0.485                    -0.345                   12.323913544232255
-0.475                    -0.345                   12.346208177214862
-0.46499999999999997      -0.345                   12.382895344490805
-0.45499999999999996      -0.345                   12.430630001605905
-0.44499999999999995      -0.345                   12.490407926163186
-0.43500000000000005      -0.345                   12.564897000506448
-0.42500000000000004      -0.345                   12.652916930879599
-0.41500000000000004      -0.345                   12.756943072707315
-0.405                    -0.345                   12.876643703414402
-0.395                    -0.345                   13.014317292203906
-0.385                    -0.345                   13.170083803319278
-0.375                    -0.345                   13.345958682847833
-0.365                    -0.345                   13.545358659517603
-0.355                    -0.345                   13.765020949660766
-0.345                    -0.345                   14.011980167167803
-0.33499999999999996      -0.345                   14.284571022402872
-0.32499999999999996      -0.345                   14.58430686435446
-0.31499999999999995      -0.345                   14.911017826353145
-0.30499999999999994      -0.345                   15.261893904418343
-0.29500000000000004      -0.345                   15.632989042947017
-0.28500000000000003      -0.345                   16.018004590866227
-0.275                    -0.345                   16.408080609521335
-0.265                    -0.345                   16.792003531786733
-0.255                    -0.345                   17.15773248180099
-0.245                    -0.345                   17.49398980540124
-0.235                    -0.345                   17.792040213212402
-0.22499999999999998      -0.345                   18.046930692341974
-0.21500000000000005      -0.345                   18.25774688687636
-0.20500000000000004      -0.345                   18.426966704469677
-0.19500000000000003      -0.345                   18.559310594307092
-0.18500000000000003      -0.345                   18.66054105553372
-0.17500000000000002      -0.345                   18.736518905761386
-0.165                    -0.345                   18.792608812388025
-0.15500000000000003      -0.345                   18.833400390414738
-0.14500000000000002      -0.345                   18.862642370751914
-0.135                    -0.345                   18.883296578045538
-0.125                    -0.345                   18.89764865438456
-0.11499999999999999      -0.345                   18.907432129888626
-0.10499999999999998      -0.345                   18.913944268498014
-0.09499999999999997      -0.345                   18.918145722380096
-0.08499999999999999      -0.345                   18.92074152478329
-0.07499999999999998      -0.345                   18.922245005523195
-0.06499999999999997      -0.345                   18.923026924440123
-0.054999999999999966     -0.345                   18.92335274688498
-0.04499999999999996      -0.345                   18.9234105938285
-0.03499999999999995      -0.345                   18.92333193004182
-0.025000000000000022     -0.345                   18.92320665536524
-0.015000000000000013     -0.345                   18.92309386162608
-0.0050000000000000044    -0.345                   18.923029171807045
0.0050000000000000044     -0.345                   18.923029303025473
0.015000000000000013      -0.345                   18.923094251029944
0.025000000000000022      -0.345                   18.92320728946128
0.03500000000000003       -0.345                   18.923332783594397
0.04500000000000004       -0.345                   18.92341162718793
0.05500000000000005       -0.345                   18.923353899898594
0.06499999999999995       -0.345                   18.923028112939235
0.07499999999999996       -0.345                   18.92224610978537
0.08499999999999996       -0.345                   18.920742375908944
0.09499999999999997       -0.345                   18.91814609651182
0.10499999999999998       -0.345                   18.91394385696225
0.11499999999999999       -0.345                   18.907430504166655
0.125                     -0.345                   18.89764533289071
0.135                     -0.345                   18.88329107948625
0.14500000000000002       -0.345                   18.862634189569597
0.15500000000000003       -0.345                   18.833388580385787
0.16500000000000004       -0.345                   18.79259203679956
0.17500000000000004       -0.345                   18.7364953294896
0.18500000000000005       -0.345                   18.660507793943353
0.19499999999999995       -0.345                   18.559264476187778
0.20499999999999996       -0.345                   18.4269076764931
0.21499999999999997       -0.345                   18.25767422520402
0.22499999999999998       -0.345                   18.046843997593683
0.235                     -0.345                   17.79193714692429
0.245                     -0.345                   17.493869748049995
0.255                     -0.345                   17.15759849186867
0.265                     -0.345                   16.79186088377388
0.275                     -0.345                   16.40794620879757
0.28500000000000003       -0.345                   16.017916615411707
0.29500000000000004       -0.345                   15.632947387725494
0.30500000000000005       -0.345                   15.261738311083661
0.31499999999999995       -0.345                   14.91057942745499
0.32499999999999996       -0.345                   14.5851337053993
0.33499999999999996       -0.345                   14.2843608352905
0.345                     -0.345                   14.012346071878682
0.355                     -0.345                   13.76572728612706
0.365                     -0.345                   13.545069175652998
0.375                     -0.345                   13.34589029422159
0.385                     -0.345                   13.170060635994544
0.395                     -0.345                   13.014382367111303
0.405                     -0.345                   12.876672364211515
0.41500000000000004       -0.345                   12.756941742318759
0.42500000000000004       -0.345                   12.65295106761846
0.43500000000000005       -0.345                   12.56491343710536
0.44499999999999995       -0.345                   12.490414797283904
0.45499999999999996       -0.345                   12.43064063088157
0.46499999999999997       -0.345                   12.382905061308065
0.475                     -0.345                   12.346218294387995
0.485                     -0.345                   12.32392317598817
0.495                     -0.345                   12.312142276116873
-0.495                    -0.33499999999999996     12.123545645417948
-0.485                    -0.33499999999999996     12.134921881717446
-0.475                    -0.33499999999999996     12.156461758469959
-0.46499999999999997      -0.33499999999999996     12.191961373337506
-0.45499999999999996      -0.33499999999999996     12.238224979447622
-0.44499999999999995      -0.33499999999999996     12.296275900434352
-0.43500000000000005      -0.33499999999999996     12.368842879473846
-0.42500000000000004      -0.33499999999999996     12.454879147628787
-0.41500000000000004      -0.33499999999999996     12.55696349500552
-0.405                    -0.33499999999999996     12.675055882282209
-0.395                    -0.33499999999999996     12.812068920688258
-0.385                    -0.33499999999999996     12.966781404712265
-0.375                    -0.33499999999999996     13.14393593664215
-0.365                    -0.33499999999999996     13.343231763634776
-0.355                    -0.33499999999999996     13.571721623460462
-0.345                    -0.33499999999999996     13.827862100330321
-0.33499999999999996      -0.33499999999999996     14.1126867946723
-0.32499999999999996      -0.33499999999999996     14.4320198404356
-0.31499999999999995      -0.33499999999999996     14.785021863994245
-0.30499999999999994      -0.33499999999999996     15.170313381258723
-0.29500000000000004      -0.33499999999999996     15.583901158132846
-0.28500000000000003      -0.33499999999999996     16.01854607209657
-0.275                    -0.33499999999999996     16.462986601133537
-0.265                    -0.33499999999999996     16.90225680690199
-0.255                    -0.33499999999999996     17.319278385751687
-0.245                    -0.33499999999999996     17.697806614778187
-0.235                    -0.33499999999999996     18.025594293249895
-0.22499999999999998      -0.33499999999999996     18.29648690178618
-0.21500000000000005      -0.33499999999999996     18.510676032789547
-0.20500000000000004      -0.33499999999999996     18.673276285484604
-0.19500000000000003      -0.33499999999999996     18.792169728061708
-0.18500000000000003      -0.33499999999999996     18.876035759141672
-0.17500000000000002      -0.33499999999999996     18.933021192921956
-0.165                    -0.33499999999999996     18.970074412784413
-0.15500000000000003      -0.33499999999999996     18.99276267283065
-0.14500000000000002      -0.33499999999999996     19.00536181761842
-0.135                    -0.33499999999999996     19.01105967731675
-0.125                    -0.33499999999999996     19.01218151636371
-0.11499999999999999      -0.33499999999999996     19.010394895300294
-0.10499999999999998      -0.33499999999999996     19.006878880566205
-0.09499999999999997      -0.33499999999999996     19.002456096382218
-0.08499999999999999      -0.33499999999999996     18.997692535448664
-0.07499999999999998      -0.33499999999999996     18.992971587001023
-0.06499999999999997      -0.33499999999999996     18.988548158444132
-0.054999999999999966     -0.33499999999999996     18.984587903906828
-0.04499999999999996      -0.33499999999999996     18.981195458334383
-0.03499999999999995      -0.33499999999999996     18.97843459768646
-0.025000000000000022     -0.33499999999999996     18.976342486009912
-0.015000000000000013     -0.33499999999999996     18.974939558399484
-0.0050000000000000044    -0.33499999999999996     18.9742361142101
0.0050000000000000044     -0.33499999999999996     18.974236347154857
0.015000000000000013      -0.33499999999999996     18.97494025577305
0.025000000000000022      -0.33499999999999996     18.976343642456214
0.03500000000000003       -0.33499999999999996     18.978436200830203
0.04500000000000004       -0.33499999999999996     18.981197484645918
0.05500000000000005       -0.33499999999999996     18.98459031540989
0.06499999999999995       -0.33499999999999996     18.98855090053837
0.07499999999999996       -0.33499999999999996     18.992974577995824
0.08499999999999996       -0.33499999999999996     18.997695647742034
0.09499999999999997       -0.33499999999999996     19.002459136238343
0.10499999999999998       -0.33499999999999996     19.00688155874809
0.11499999999999999       -0.33499999999999996     19.010396782450186
0.125                     -0.33499999999999996     19.01218199482247
0.135                     -0.33499999999999996     19.01105780554252
0.14500000000000002       -0.33499999999999996     19.00535617505966
0.15500000000000003       -0.33499999999999996     18.99275178709982
0.16500000000000004       -0.33499999999999996     18.970056444507776
0.17500000000000004       -0.33499999999999996     18.93299373821975
0.18500000000000005       -0.33499999999999996     18.8759956482117
0.19499999999999995       -0.33499999999999996     18.79211351794345
0.20499999999999996       -0.33499999999999996     18.67320124587974
0.21499999999999997       -0.33499999999999996     18.510580916286386
0.22499999999999998       -0.33499999999999996     18.296374838304615
0.235                     -0.33499999999999996     18.025476316201093
0.245                     -0.33499999999999996     17.6976985877036
0.255                     -0.33499999999999996     17.319188237209175
0.265                     -0.33499999999999996     16.902170377574265
0.275                     -0.33499999999999996     16.462846167041036
0.28500000000000003       -0.33499999999999996     16.01825579885905
0.29500000000000004       -0.33499999999999996     15.583421530060022
0.30500000000000005       -0.33499999999999996     15.169389973691068
0.31499999999999995       -0.33499999999999996     14.783349682801202
0.32499999999999996       -0.33499999999999996     14.433241559342491
0.33499999999999996       -0.33499999999999996     14.114305826174988
0.345                     -0.33499999999999996     13.828675549597023
0.355                     -0.33499999999999996     13.571987610969131
0.365                     -0.33499999999999996     13.342980862049558
0.375                     -0.33499999999999996     13.143934107684927
0.385                     -0.33499999999999996     12.9667916130673
0.395                     -0.33499999999999996     12.812128220516229
0.405                     -0.33499999999999996     12.67501898865396
0.41500000000000004       -0.33499999999999996     12.556969384072488
0.42500000000000004       -0.33499999999999996     12.454888808440955
0.43500000000000005       -0.33499999999999996     12.368855835316253
0.44499999999999995       -0.33499999999999996     12.296287455151685
0.45499999999999996       -0.33499999999999996     12.238236154514453
0.46499999999999997       -0.33499999999999996     12.191972337173752
0.475                     -0.33499999999999996     12.156472854605909
0.485                     -0.33499999999999996     12.13493258242329
0.495                     -0.33499999999999996     12.123556292120838
-0.495                    -0.32499999999999996     11.923733211922439
-0.485                    -0.32499999999999996     11.93457543828174
-0.475                    -0.32499999999999996     11.955114791923279
-0.46499999999999997      -0.32499999999999996     11.989016620468362
-0.45499999999999996      -0.32499999999999996     12.033269113103344
-0.44499999999999995      -0.32499999999999996     12.088903435458917
-0.43500000000000005      -0.32499999999999996     12.158679533001305
-0.42500000000000004      -0.32499999999999996     12.241692274104139
-0.41500000000000004      -0.32499999999999996     12.340530239050661
-0.405                    -0.32499999999999996     12.45551679345374
-0.395                    -0.32499999999999996     12.59021593298894
-0.385                    -0.32499999999999996     12.74212861108856
-0.375                    -0.32499999999999996     12.918218098326761
-0.365                    -0.32499999999999996     13.117897952855799
-0.355                    -0.32499999999999996     13.34983968787742
-0.345                    -0.32499999999999996     13.611294824889683
-0.33499999999999996      -0.32499999999999996     13.910913501139532
-0.32499999999999996      -0.32499999999999996     14.248922817017274
-0.31499999999999995      -0.32499999999999996     14.626718078244153
-0.30499999999999994      -0.32499999999999996     15.04815003247353
-0.29500000000000004      -0.32499999999999996     15.508320314140008
-0.28500000000000003      -0.32499999999999996     16.009346341367177
-0.275                    -0.32499999999999996     16.523263992874604
-0.265                    -0.32499999999999996     17.035884363728712
-0.255                    -0.32499999999999996     17.52180941416401
-0.245                    -0.32499999999999996     17.955935665181357
-0.235                    -0.32499999999999996     18.320010055724595
-0.22499999999999998      -0.32499999999999996     18.606451534183066
-0.21500000000000005      -0.32499999999999996     18.818252777243288
-0.20500000000000004      -0.32499999999999996     18.96560565226156
-0.19500000000000003      -0.32499999999999996     19.06170743641303
-0.18500000000000003      -0.32499999999999996     19.119550619189624
-0.17500000000000002      -0.32499999999999996     19.150227430361383
-0.165                    -0.32499999999999996     19.16241996902039
-0.15500000000000003      -0.32499999999999996     19.1625522412254
-0.14500000000000002      -0.32499999999999996     19.15520000024179
-0.135                    -0.32499999999999996     19.143533476641437
-0.125                    -0.32499999999999996     19.129700407491043
-0.11499999999999999      -0.32499999999999996     19.115125581210293
-0.10499999999999998      -0.32499999999999996     19.100732422222165
-0.09499999999999997      -0.32499999999999996     19.087101834324017
-0.08499999999999999      -0.32499999999999996     19.07458404077653
-0.07499999999999998      -0.32499999999999996     19.063376480916986
-0.06499999999999997      -0.32499999999999996     19.05357763139125
-0.054999999999999966     -0.32499999999999996     19.04522413745127
-0.04499999999999996      -0.32499999999999996     19.03831631038264
-0.03499999999999995      -0.32499999999999996     19.032835508944572
-0.025000000000000022     -0.32499999999999996     19.028755941809948
-0.015000000000000013     -0.32499999999999996     19.02605257281772
-0.0050000000000000044    -0.32499999999999996     19.02470620905717
0.0050000000000000044     -0.32499999999999996     19.024706545083063
0.015000000000000013      -0.32499999999999996     19.02605358294437
0.025000000000000022      -0.32499999999999996     19.028757632850272
0.03500000000000003       -0.32499999999999996     19.03283788531843
0.04500000000000004       -0.32499999999999996     19.038319369739895
0.05500000000000005       -0.32499999999999996     19.0452278632647
0.06499999999999995       -0.32499999999999996     19.053582008894807
0.07499999999999996       -0.32499999999999996     19.06338148928961
0.08499999999999996       -0.32499999999999996     19.074589611663555
0.09499999999999997       -0.32499999999999996     19.08710783602237
0.10499999999999998       -0.32499999999999996     19.10073864829161
0.11499999999999999       -0.32499999999999996     19.115131699094945
0.125                     -0.32499999999999996     19.129705883091276
0.135                     -0.32499999999999996     19.14353751650731
0.14500000000000002       -0.32499999999999996     19.155201362186233
0.15500000000000003       -0.32499999999999996     19.16254862577597
0.16500000000000004       -0.32499999999999996     19.162409134705626
0.17500000000000004       -0.32499999999999996     19.15020591372354
0.18500000000000005       -0.32499999999999996     19.11951425969079
0.19499999999999995       -0.32499999999999996     19.061651851413103
0.20499999999999996       -0.32499999999999996     18.965526254234817
0.21499999999999997       -0.32499999999999996     18.818143992669036
0.22499999999999998       -0.32499999999999996     18.606310799244113
0.235                     -0.32499999999999996     18.319850419342174
0.245                     -0.32499999999999996     17.955807948974496
0.255                     -0.32499999999999996     17.52177051305472
0.265                     -0.32499999999999996     17.036052926366608
0.275                     -0.32499999999999996     16.52340242805076
0.28500000000000003       -0.32499999999999996     16.0094538891301
0.29500000000000004       -0.32499999999999996     15.508717973295461
0.30500000000000005       -0.32499999999999996     15.04855624832851
0.31499999999999995       -0.32499999999999996     14.627450693180549
0.32499999999999996       -0.32499999999999996     14.250888706025535
0.33499999999999996       -0.32499999999999996     13.911054313996942
0.345                     -0.32499999999999996     13.614690354811149
0.355                     -0.32499999999999996     13.35011567389813
0.365                     -0.32499999999999996     13.120889055318116
0.375                     -0.32499999999999996     12.918387498359778
0.385                     -0.32499999999999996     12.742001428740991
0.395                     -0.32499999999999996     12.585969142697763
0.405                     -0.32499999999999996     12.455516468038866
0.41500000000000004       -0.32499999999999996     12.340581812851346
0.42500000000000004       -0.32499999999999996     12.241650709374028
0.43500000000000005       -0.32499999999999996     12.158683962207078
0.44499999999999995       -0.32499999999999996     12.088922235328653
0.45499999999999996       -0.32499999999999996     12.033280608979297
0.46499999999999997       -0.32499999999999996     11.989028778566876
0.475                     -0.32499999999999996     11.955126680727176
0.485                     -0.32499999999999996     11.934587155373265
0.495                     -0.32499999999999996     11.923744854812071
-0.495                    -0.31499999999999995     11.713224888607243
-0.485                    -0.31499999999999995     11.723394558000336
-0.475                    -0.31499999999999995     11.742669672680108
-0.46499999999999997      -0.31499999999999995     11.774531228621981
-0.45499999999999996      -0.31499999999999995     11.81618632919458
-0.44499999999999995      -0.31499999999999995     11.86865122971841
-0.43500000000000005      -0.31499999999999995     11.934675126592538
-0.42500000000000004      -0.31499999999999995     12.013501918803343
-0.41500000000000004      -0.31499999999999995     12.107605290178725
-0.405                    -0.31499999999999995     12.217763602420973
-0.395                    -0.31499999999999995     12.347308306104878
-0.385                    -0.31499999999999995     12.495096595709269
-0.375                    -0.31499999999999995     12.667123319895381
-0.365                    -0.31499999999999995     12.867166647464273
-0.355                    -0.31499999999999995     13.096426511819345
-0.345                    -0.31499999999999995     13.36307989514603
-0.33499999999999996      -0.31499999999999995     13.668011154683882
-0.32499999999999996      -0.31499999999999995     14.023164793638216
-0.31499999999999995      -0.31499999999999995     14.429873385239716
-0.30499999999999994      -0.31499999999999995     14.888200377252048
-0.29500000000000004      -0.31499999999999995     15.409161640009614
-0.28500000000000003      -0.31499999999999995     15.979730762495564
-0.275                    -0.31499999999999995     16.583770831483037
-0.265                    -0.31499999999999995     17.193409212674
-0.255                    -0.31499999999999995     17.770631572138655
-0.245                    -0.31499999999999995     18.276609047257068
-0.235                    -0.31499999999999995     18.68365107731671
-0.22499999999999998      -0.31499999999999995     18.982864192032878
-0.21500000000000005      -0.31499999999999995     19.183073716714603
-0.20500000000000004      -0.31499999999999995     19.30335556241596
-0.19500000000000003      -0.31499999999999995     19.365097690620644
-0.18500000000000003      -0.31499999999999995     19.387090168590134
-0.17500000000000002      -0.31499999999999995     19.38378864495178
-0.165                    -0.31499999999999995     19.365452668601222
-0.15500000000000003      -0.31499999999999995     19.33899290633184
-0.14500000000000002      -0.31499999999999995     19.30889141461944
-0.135                    -0.31499999999999995     19.277962406665893
-0.125                    -0.31499999999999995     19.24791292036724
-0.11499999999999999      -0.31499999999999995     19.219730305985706
-0.10499999999999998      -0.31499999999999995     19.19394275025337
-0.09499999999999997      -0.31499999999999995     19.17079107355039
-0.08499999999999999      -0.31499999999999995     19.150341079337068
-0.07499999999999998      -0.31499999999999995     19.13255688138196
-0.06499999999999997      -0.31499999999999995     19.117347709730836
-0.054999999999999966     -0.31499999999999995     19.104598647038983
-0.04499999999999996      -0.31499999999999995     19.094190277193036
-0.03499999999999995      -0.31499999999999995     19.086011091306375
-0.025000000000000022     -0.31499999999999995     19.079965309882027
-0.015000000000000013     -0.31499999999999995     19.075977880255493
-0.0050000000000000044    -0.31499999999999995     19.07399742334775
0.0050000000000000044     -0.31499999999999995     19.07399786252597
0.015000000000000013      -0.31499999999999995     19.07597920295558
0.025000000000000022      -0.31499999999999995     19.079967534815694
0.03500000000000003       -0.31499999999999995     19.086014255112957
0.04500000000000004       -0.31499999999999995     19.09419439300359
0.05500000000000005       -0.31499999999999995     19.10460370395998
0.06499999999999995       -0.31499999999999995     19.117353755282977
0.07499999999999996       -0.31499999999999995     19.132563986013963
0.08499999999999996       -0.31499999999999995     19.15034926593512
0.09499999999999997       -0.31499999999999995     19.170800237931644
0.10499999999999998       -0.31499999999999995     19.193952857576903
0.11499999999999999       -0.31499999999999995     19.219741133639673
0.125                     -0.31499999999999995     19.247924011272517
0.135                     -0.31499999999999995     19.27797313884338
0.14500000000000002       -0.31499999999999995     19.308900831345284
0.15500000000000003       -0.31499999999999995     19.338999324978374
0.16500000000000004       -0.31499999999999995     19.365453223173404
0.17500000000000004       -0.31499999999999995     19.38377907435148
0.18500000000000005       -0.31499999999999995     19.387065009056244
0.19499999999999995       -0.31499999999999995     19.365049192463516
0.20499999999999996       -0.31499999999999995     19.303274350845015
0.21499999999999997       -0.31499999999999995     19.18295541760955
0.22499999999999998       -0.31499999999999995     18.982713812029942
0.235                     -0.31499999999999995     18.683488286980605
0.245                     -0.31499999999999995     18.27645769915887
0.255                     -0.31499999999999995     17.770487712523447
0.265                     -0.31499999999999995     17.193277099869988
0.275                     -0.31499999999999995     16.58372986524836
0.28500000000000003       -0.31499999999999995     15.979745146428797
0.29500000000000004       -0.31499999999999995     15.409355245689113
0.30500000000000005       -0.31499999999999995     14.888513956827637
0.31499999999999995       -0.31499999999999995     14.422639002935966
0.32499999999999996       -0.31499999999999995     14.022687695333616
0.33499999999999996       -0.31499999999999995     13.66864792750755
0.345                     -0.31499999999999995     13.36248125427758
0.355                     -0.31499999999999995     13.096795831390239
0.365                     -0.31499999999999995     12.866501136006036
0.375                     -0.31499999999999995     12.667659461148673
0.385                     -0.31499999999999995     12.494855764506639
0.395                     -0.31499999999999995     12.34692708973796
0.405                     -0.31499999999999995     12.217845684104475
0.41500000000000004       -0.31499999999999995     12.107735189439518
0.42500000000000004       -0.31499999999999995     12.013388373595035
0.43500000000000005       -0.31499999999999995     11.93466777010849
0.44499999999999995       -0.31499999999999995     11.868677468445696
0.45499999999999996       -0.31499999999999995     11.81619846452115
0.46499999999999997       -0.31499999999999995     11.774544390780193
0.475                     -0.31499999999999995     11.742682377346682
0.485                     -0.31499999999999995     11.723407208003437
0.495                     -0.31499999999999995     11.713237458285306
-0.495                    -0.30499999999999994     11.49268652249961
-0.485                    -0.30499999999999994     11.502039723045073
-0.475                    -0.30499999999999994     11.519776208815529
-0.46499999999999997      -0.30499999999999994     11.549135028187862
-0.45499999999999996      -0.30499999999999994     11.587575951877497
-0.44499999999999995      -0.30499999999999994     11.636077667679217
-0.43500000000000005      -0.30499999999999994     11.69731722872018
-0.42500000000000004      -0.30499999999999994     11.77071048841276
-0.41500000000000004      -0.30499999999999994     11.858433702740214
-0.405                    -0.30499999999999994     11.962004143733125
-0.395                    -0.30499999999999994     12.08309009032655
-0.385                    -0.30499999999999994     12.224891419533265
-0.375                    -0.30499999999999994     12.389199261889416
-0.365                    -0.30499999999999994     12.581546480761517
-0.355                    -0.30499999999999994     12.807966827843757
-0.345                    -0.30499999999999994     13.070373740370602
-0.33499999999999996      -0.30499999999999994     13.37955211606959
-0.32499999999999996      -0.30499999999999994     13.74425156217211
-0.31499999999999995      -0.30499999999999994     14.170366713658495
-0.30499999999999994      -0.30499999999999994     14.667042129007221
-0.29500000000000004      -0.30499999999999994     15.24524520201021
-0.28500000000000003      -0.30499999999999994     15.906931765762621
-0.275                    -0.30499999999999994     16.6340886039047
-0.265                    -0.30499999999999994     17.38849680846195
-0.255                    -0.30499999999999994     18.10761610137847
-0.245                    -0.30499999999999994     18.721147672854244
-0.235                    -0.30499999999999994     19.18086235095619
-0.22499999999999998      -0.30499999999999994     19.4793696904715
-0.21500000000000005      -0.30499999999999994     19.642584685437768
-0.20500000000000004      -0.30499999999999994     19.708967909718766
-0.19500000000000003      -0.30499999999999994     19.713721090934683
-0.18500000000000003      -0.30499999999999994     19.682946421388934
-0.17500000000000002      -0.30499999999999994     19.633887306617623
-0.165                    -0.30499999999999994     19.577195680419422
-0.15500000000000003      -0.30499999999999994     19.519124236074134
-0.14500000000000002      -0.30499999999999994     19.463147905627437
-0.135                    -0.30499999999999994     19.411078391607816
-0.125                    -0.30499999999999994     19.363739603574345
-0.11499999999999999      -0.30499999999999994     19.321390529062967
-0.10499999999999998      -0.30499999999999994     19.28396445341461
-0.09499999999999997      -0.30499999999999994     19.251243013254324
-0.08499999999999999      -0.30499999999999994     19.222923013162088
-0.07499999999999998      -0.30499999999999994     19.19868156305047
-0.06499999999999997      -0.30499999999999994     19.17820565946475
-0.054999999999999966     -0.30499999999999994     19.1612072520265
-0.04499999999999996      -0.30499999999999994     19.147434194145006
-0.03499999999999995      -0.30499999999999994     19.136672051653818
-0.025000000000000022     -0.30499999999999994     19.12874966720389
-0.015000000000000013     -0.30499999999999994     19.123540042572145
-0.0050000000000000044    -0.30499999999999994     19.120956632190286
0.0050000000000000044     -0.30499999999999994     19.120957018173158
0.015000000000000013      -0.30499999999999994     19.12354116240965
0.025000000000000022      -0.30499999999999994     19.12875199408046
0.03500000000000003       -0.30499999999999994     19.13667502270782
0.04500000000000004       -0.30499999999999994     19.147438766573984
0.05500000000000005       -0.30499999999999994     19.161213125760668
0.06499999999999995       -0.30499999999999994     19.178211913665095
0.07499999999999996       -0.30499999999999994     19.19868899829109
0.08499999999999996       -0.30499999999999994     19.222930875422207
0.09499999999999997       -0.30499999999999994     19.25125329960872
0.10499999999999998       -0.30499999999999994     19.283976703862706
0.11499999999999999       -0.30499999999999994     19.321402521252637
0.125                     -0.30499999999999994     19.363752663794784
0.135                     -0.30499999999999994     19.411089737333825
0.14500000000000002       -0.30499999999999994     19.463161323946906
0.15500000000000003       -0.30499999999999994     19.519131562594737
0.16500000000000004       -0.30499999999999994     19.577200818997298
0.17500000000000004       -0.30499999999999994     19.633877403389334
0.18500000000000005       -0.30499999999999994     19.682921562364697
0.19499999999999995       -0.30499999999999994     19.71366900423422
0.20499999999999996       -0.30499999999999994     19.708877348680403
0.21499999999999997       -0.30499999999999994     19.642429008819946
0.22499999999999998       -0.30499999999999994     19.4791679243462
0.235                     -0.30499999999999994     19.180620894196892
0.245                     -0.30499999999999994     18.720899907008373
0.255                     -0.30499999999999994     18.107406186249776
0.265                     -0.30499999999999994     17.38841417678998
0.275                     -0.30499999999999994     16.634153253364047
0.28500000000000003       -0.30499999999999994     15.90722949389469
0.29500000000000004       -0.30499999999999994     15.245221329013741
0.30500000000000005       -0.30499999999999994     14.666940378174601
0.31499999999999995       -0.30499999999999994     14.170915546060712
0.32499999999999996       -0.30499999999999994     13.743468807159616
0.33499999999999996       -0.30499999999999994     13.379258097451611
0.345                     -0.30499999999999994     13.069821476061975
0.355                     -0.30499999999999994     12.809450205954935
0.365                     -0.30499999999999994     12.58101311780311
0.375                     -0.30499999999999994     12.38880721707335
0.385                     -0.30499999999999994     12.223769065241129
0.395                     -0.30499999999999994     12.083932917494703
0.405                     -0.30499999999999994     11.961915912377293
0.41500000000000004       -0.30499999999999994     11.858674182327032
0.42500000000000004       -0.30499999999999994     11.770517518492682
0.43500000000000005       -0.30499999999999994     11.69730327944319
0.44499999999999995       -0.30499999999999994     11.636106629485425
0.45499999999999996       -0.30499999999999994     11.587589836743092
0.46499999999999997       -0.30499999999999994     11.549148872048931
0.475                     -0.30499999999999994     11.519789992359165
0.485                     -0.30499999999999994     11.502053219520349
0.495                     -0.30499999999999994     11.492699933852833
-0.495                    -0.29500000000000004     11.262925447966438
-0.485                    -0.29500000000000004     11.271317541112694
-0.475                    -0.29500000000000004     11.28723913737872
-0.46499999999999997      -0.29500000000000004     11.313627953890261
-0.45499999999999996      -0.29500000000000004     11.348227642487402
-0.44499999999999995      -0.29500000000000004     11.39195992723495
-0.43500000000000005      -0.29500000000000004     11.447343193296774
-0.42500000000000004      -0.29500000000000004     11.51399187699343
-0.41500000000000004      -0.29500000000000004     11.593587129086359
-0.405                    -0.29500000000000004     11.688739682560026
-0.395                    -0.29500000000000004     11.798818291265775
-0.385                    -0.29500000000000004     11.930473395735135
-0.375                    -0.29500000000000004     12.083644079723172
-0.365                    -0.29500000000000004     12.266451524451526
-0.355                    -0.29500000000000004     12.479764536668839
-0.345                    -0.29500000000000004     12.732310806959958
-0.33499999999999996      -0.29500000000000004     13.035765130524055
-0.32499999999999996      -0.29500000000000004     13.402477855459438
-0.31499999999999995      -0.29500000000000004     13.83673113006725
-0.30499999999999994      -0.29500000000000004     14.364208069234465
-0.29500000000000004      -0.29500000000000004     15.003088829481783
-0.28500000000000003      -0.29500000000000004     15.764784166625532
-0.275                    -0.29500000000000004     16.661272454553455
-0.265                    -0.29500000000000004     17.608636257323695
-0.255                    -0.29500000000000004     18.540859150494555
-0.245                    -0.29500000000000004     19.31232697481363
-0.235                    -0.29500000000000004     19.83195802705211
-0.22499999999999998      -0.29500000000000004     20.102756023628842
-0.21500000000000005      -0.29500000000000004     20.19112464904248
-0.20500000000000004      -0.29500000000000004     20.170898390417108
-0.19500000000000003      -0.29500000000000004     20.09498897441216
-0.18500000000000003      -0.29500000000000004     19.995008443638085
-0.17500000000000002      -0.29500000000000004     19.890420486372705
-0.165                    -0.29500000000000004     19.79034352215467
-0.15500000000000003      -0.29500000000000004     19.697328241996843
-0.14500000000000002      -0.29500000000000004     19.613783669290115
-0.135                    -0.29500000000000004     19.539914884052052
-0.125                    -0.29500000000000004     19.47506047666957
-0.11499999999999999      -0.29500000000000004     19.418629643352062
-0.10499999999999998      -0.29500000000000004     19.36965804529342
-0.09499999999999997      -0.29500000000000004     19.327793241249253
-0.08499999999999999      -0.29500000000000004     19.291832712548853
-0.07499999999999998      -0.29500000000000004     19.261405795669532
-0.06499999999999997      -0.29500000000000004     19.235943328341477
-0.054999999999999966     -0.29500000000000004     19.21495347392778
-0.04499999999999996      -0.29500000000000004     19.19796567797613
-0.03499999999999995      -0.29500000000000004     19.18476741451542
-0.025000000000000022     -0.29500000000000004     19.175081674966407
-0.015000000000000013     -0.29500000000000004     19.16871486245776
-0.0050000000000000044    -0.29500000000000004     19.16556188200218
0.0050000000000000044     -0.29500000000000004     19.165557106852873
0.015000000000000013      -0.29500000000000004     19.16869125090153
0.025000000000000022      -0.29500000000000004     19.17504300591986
0.03500000000000003       -0.29500000000000004     19.18470004717983
0.04500000000000004       -0.29500000000000004     19.197870024030408
0.05500000000000005       -0.29500000000000004     19.214821444056895
0.06499999999999995       -0.29500000000000004     19.23582861968083
0.07499999999999996       -0.29500000000000004     19.261264577412817
0.08499999999999996       -0.29500000000000004     19.29165898687461
0.09499999999999997       -0.29500000000000004     19.32743777701316
0.10499999999999998       -0.29500000000000004     19.369463907987154
0.11499999999999999       -0.29500000000000004     19.4182277838259
0.125                     -0.29500000000000004     19.4746120022524
0.135                     -0.29500000000000004     19.539315544163458
0.14500000000000002       -0.29500000000000004     19.61290546055892
0.15500000000000003       -0.29500000000000004     19.69618192881353
0.16500000000000004       -0.29500000000000004     19.788564934102908
0.17500000000000004       -0.29500000000000004     19.889097531937352
0.18500000000000005       -0.29500000000000004     19.99273516943697
0.19499999999999995       -0.29500000000000004     20.09162588541011
0.20499999999999996       -0.29500000000000004     20.167601485495766
0.21499999999999997       -0.29500000000000004     20.186579744939365
0.22499999999999998       -0.29500000000000004     20.10045209093289
0.235                     -0.29500000000000004     19.831248410221008
0.245                     -0.29500000000000004     19.316431397178974
0.255                     -0.29500000000000004     18.549510643895303
0.265                     -0.29500000000000004     17.620821656190174
0.275                     -0.29500000000000004     16.658971758701284
0.28500000000000003       -0.29500000000000004     15.770776439135716
0.29500000000000004       -0.29500000000000004     15.00623305614954
0.30500000000000005       -0.29500000000000004     14.36437771066312
0.31499999999999995       -0.29500000000000004     13.83713604678261
0.32499999999999996       -0.29500000000000004     13.40211562507011
0.33499999999999996       -0.29500000000000004     13.035553527366119
0.345                     -0.29500000000000004     12.73230062787087
0.355                     -0.29500000000000004     12.475538213582524
0.365                     -0.29500000000000004     12.264367612325145
0.375                     -0.29500000000000004     12.085220408307748
0.385                     -0.29500000000000004     11.930616295717869
0.395                     -0.29500000000000004     11.799257030768786
0.405                     -0.29500000000000004     11.68836810069834
0.41500000000000004       -0.29500000000000004     11.593966021148553
0.42500000000000004       -0.29500000000000004     11.51373466147561
0.43500000000000005       -0.29500000000000004     11.447330746802322
0.44499999999999995       -0.29500000000000004     11.391983722734551
0.45499999999999996       -0.29500000000000004     11.348244366926892
0.46499999999999997       -0.29500000000000004     11.31364214614257
0.475                     -0.29500000000000004     11.287254114065831
0.485                     -0.29500000000000004     11.27133179581665
0.495                     -0.29500000000000004     11.262939602530906
-0.495                    -0.28500000000000003     11.024891096422323
-0.485                    -0.28500000000000003     11.032181953981194
-0.475                    -0.28500000000000003     11.04602048329889
-0.46499999999999997      -0.28500000000000003     11.068984559166154
-0.45499999999999996      -0.28500000000000003     11.099130171768863
-0.44499999999999995      -0.28500000000000003     11.137305969218119
-0.43500000000000005      -0.28500000000000003     11.185762314689896
-0.42500000000000004      -0.28500000000000003     11.244319432362886
-0.41500000000000004      -0.28500000000000003     11.314137738115463
-0.405                    -0.28500000000000003     11.398017693348464
-0.395                    -0.28500000000000003     11.497355964854933
-0.385                    -0.28500000000000003     11.61336868716242
-0.375                    -0.28500000000000003     11.75109665051491
-0.365                    -0.28500000000000003     11.915509952101559
-0.355                    -0.28500000000000003     12.108112312905746
-0.345                    -0.28500000000000003     12.346087130531487
-0.33499999999999996      -0.28500000000000003     12.631925301681001
-0.32499999999999996      -0.28500000000000003     12.986052322231899
-0.31499999999999995      -0.28500000000000003     13.411885845038341
-0.30499999999999994      -0.28500000000000003     13.951359303046274
-0.29500000000000004      -0.28500000000000003     14.632305406854243
-0.28500000000000003      -0.28500000000000003     15.514841625460122
-0.275                    -0.28500000000000003     16.59398044203317
-0.265                    -0.28500000000000003     17.857194950071403
-0.255                    -0.28500000000000003     19.13796634080643
-0.245                    -0.28500000000000003     20.160456663214063
-0.235                    -0.28500000000000003     20.727604737924366
-0.22499999999999998      -0.28500000000000003     20.89974191717147
-0.21500000000000005      -0.28500000000000003     20.83966786540111
-0.20500000000000004      -0.28500000000000003     20.681678392756226
-0.19500000000000003      -0.28500000000000003     20.492901110221624
-0.18500000000000003      -0.28500000000000003     20.309881198015205
-0.17500000000000002      -0.28500000000000003     20.142310020407137
-0.165                    -0.28500000000000003     19.994594792774933
-0.15500000000000003      -0.28500000000000003     19.866002917230162
-0.14500000000000002      -0.28500000000000003     19.75486411384429
-0.135                    -0.28500000000000003     19.65954352168535
-0.125                    -0.28500000000000003     19.577994237507255
-0.11499999999999999      -0.28500000000000003     19.508275906419556
-0.10499999999999998      -0.28500000000000003     19.448813562810074
-0.09499999999999997      -0.28500000000000003     19.398217293311177
-0.08499999999999999      -0.28500000000000003     19.355380997706447
-0.07499999999999998      -0.28500000000000003     19.319349415616898
-0.06499999999999997      -0.28500000000000003     19.289351490294507
-0.054999999999999966     -0.28500000000000003     19.264675038121027
-0.04499999999999996      -0.28500000000000003     19.244818445194312
-0.03499999999999995      -0.28500000000000003     19.229443390266283
-0.025000000000000022     -0.28500000000000003     19.218152956413974
-0.015000000000000013     -0.28500000000000003     19.210792744301443
-0.0050000000000000044    -0.28500000000000003     19.207155843114606
0.0050000000000000044     -0.28500000000000003     19.207145806438348
0.015000000000000013      -0.28500000000000003     19.21076490845803
0.025000000000000022      -0.28500000000000003     19.218164129564684
0.03500000000000003       -0.28500000000000003     19.22938576751767
0.04500000000000004       -0.28500000000000003     19.244785775164132
0.05500000000000005       -0.28500000000000003     19.26461673904467
0.06499999999999995       -0.28500000000000003     19.289255610259488
0.07499999999999996       -0.28500000000000003     19.319237096565644
0.08499999999999996       -0.28500000000000003     19.355316729958076
0.09499999999999997       -0.28500000000000003     19.398173134821604
0.10499999999999998       -0.28500000000000003     19.448725513784666
0.11499999999999999       -0.28500000000000003     19.508324391855666
0.125                     -0.28500000000000003     19.577833924961283
0.135                     -0.28500000000000003     19.659410418182233
0.14500000000000002       -0.28500000000000003     19.75446915897362
0.15500000000000003       -0.28500000000000003     19.86495032284415
0.16500000000000004       -0.28500000000000003     19.99369226398761
0.17500000000000004       -0.28500000000000003     20.142395578059677
0.18500000000000005       -0.28500000000000003     20.308873249494866
0.19499999999999995       -0.28500000000000003     20.492148984238383
0.20499999999999996       -0.28500000000000003     20.678045531086923
0.21499999999999997       -0.28500000000000003     20.83624826978496
0.22499999999999998       -0.28500000000000003     20.894685173955168
0.235                     -0.28500000000000003     20.72545569400245
0.245                     -0.28500000000000003     20.162947035020238
0.255                     -0.28500000000000003     19.145969309203792
0.265                     -0.28500000000000003     17.86621287136461
0.275                     -0.28500000000000003     16.60228613796744
0.28500000000000003       -0.28500000000000003     15.510597381604384
0.29500000000000004       -0.28500000000000003     14.63405236733729
0.30500000000000005       -0.28500000000000003     13.951408665711469
0.31499999999999995       -0.28500000000000003     13.412082646126578
0.32499999999999996       -0.28500000000000003     12.971913494137993
0.33499999999999996       -0.28500000000000003     12.63164282383741
0.345                     -0.28500000000000003     12.346527772081231
0.355                     -0.28500000000000003     12.10765063830219
0.365                     -0.28500000000000003     11.915764512683268
0.375                     -0.28500000000000003     11.75123506938752
0.385                     -0.28500000000000003     11.61442827302119
0.395                     -0.28500000000000003     11.495021047726937
0.405                     -0.28500000000000003     11.397767256520126
0.41500000000000004       -0.28500000000000003     11.314724824238638
0.42500000000000004       -0.28500000000000003     11.24400158331224
0.43500000000000005       -0.28500000000000003     11.185762494688902
0.44499999999999995       -0.28500000000000003     11.137319250998132
0.45499999999999996       -0.28500000000000003     11.099149586185447
0.46499999999999997       -0.28500000000000003     11.06899897321756
0.475                     -0.28500000000000003     11.046036326499348
0.485                     -0.28500000000000003     11.032196870905693
0.495                     -0.28500000000000003     11.024905885697393
-0.495                    -0.275                   10.779670494979058
-0.485                    -0.275                   10.78573004477363
-0.475                    -0.275                   10.79723599180761
-0.46499999999999997      -0.275                   10.816351675280004
-0.45499999999999996      -0.275                   10.841471400863
-0.44499999999999995      -0.275                   10.873347760821844
-0.43500000000000005      -0.275                   10.913868362403946
-0.42500000000000004      -0.275                   10.963044729060414
-0.41500000000000004      -0.275                   11.021510602019035
-0.405                    -0.275                   11.092598591256802
-0.395                    -0.275                   11.176835423718899
-0.385                    -0.275                   11.274227731006235
-0.375                    -0.275                   11.393599355644156
-0.365                    -0.275                   11.534412513333677
-0.355                    -0.275                   11.701999711926533
-0.345                    -0.275                   11.91091523112695
-0.33499999999999996      -0.275                   12.164897912762783
-0.32499999999999996      -0.275                   12.471678434464991
-0.31499999999999995      -0.275                   12.879301449750244
-0.30499999999999994      -0.275                   13.395585314984402
-0.29500000000000004      -0.275                   14.086846500633328
-0.28500000000000003      -0.275                   15.028052766285786
-0.275                    -0.275                   16.32403017547665
-0.265                    -0.275                   18.05990631014663
-0.255                    -0.275                   20.045747941960258
-0.245                    -0.275                   21.51193853735731
-0.235                    -0.275                   22.060397127335705
-0.22499999999999998      -0.275                   21.925092859341817
-0.21500000000000005      -0.275                   21.574556113510525
-0.20500000000000004      -0.275                   21.2124381564837
-0.19500000000000003      -0.275                   20.885390600207394
-0.18500000000000003      -0.275                   20.60693912244426
-0.17500000000000002      -0.275                   20.37281063350141
-0.165                    -0.275                   20.178261939235895
-0.15500000000000003      -0.275                   20.015603057967837
-0.14500000000000002      -0.275                   19.87971257915501
-0.135                    -0.275                   19.765161036568287
-0.125                    -0.275                   19.668690034582028
-0.11499999999999999      -0.275                   19.587307417099527
-0.10499999999999998      -0.275                   19.518575823660587
-0.09499999999999997      -0.275                   19.460686438833818
-0.08499999999999999      -0.275                   19.411804721356443
-0.07499999999999998      -0.275                   19.370964459201502
-0.06499999999999997      -0.275                   19.33705969505002
-0.054999999999999966     -0.275                   19.309290634138165
-0.04499999999999996      -0.275                   19.287123321238766
-0.03499999999999995      -0.275                   19.269902350333155
-0.025000000000000022     -0.275                   19.257254860409887
-0.015000000000000013     -0.275                   19.249022697094063
-0.0050000000000000044    -0.275                   19.244920705545265
0.0050000000000000044     -0.275                   19.24490800376816
0.015000000000000013      -0.275                   19.248981197201033
0.025000000000000022      -0.275                   19.25729885707143
0.03500000000000003       -0.275                   19.269857809401515
0.04500000000000004       -0.275                   19.287100019298748
0.05500000000000005       -0.275                   19.30934987127614
0.06499999999999995       -0.275                   19.337145369636712
0.07499999999999996       -0.275                   19.37099781983602
0.08499999999999996       -0.275                   19.411854844811476
0.09499999999999997       -0.275                   19.460627508681
0.10499999999999998       -0.275                   19.518800653793384
0.11499999999999999       -0.275                   19.58763613462411
0.125                     -0.275                   19.668662908444276
0.135                     -0.275                   19.765484505951505
0.14500000000000002       -0.275                   19.88019392897823
0.15500000000000003       -0.275                   20.015984837747055
0.16500000000000004       -0.275                   20.179265590349523
0.17500000000000004       -0.275                   20.37357965674846
0.18500000000000005       -0.275                   20.607308063252034
0.19499999999999995       -0.275                   20.885569185159568
0.20499999999999996       -0.275                   21.213510992044462
0.21499999999999997       -0.275                   21.581058101989584
0.22499999999999998       -0.275                   21.924547459357726
0.235                     -0.275                   22.052039842166096
0.245                     -0.275                   21.542146072332343
0.255                     -0.275                   20.048902393902495
0.265                     -0.275                   18.05707880740806
0.275                     -0.275                   16.322340248726185
0.28500000000000003       -0.275                   15.03092101007178
0.29500000000000004       -0.275                   14.087246494932515
0.30500000000000005       -0.275                   13.395818238460834
0.31499999999999995       -0.275                   12.87948926329949
0.32499999999999996       -0.275                   12.471975865340255
0.33499999999999996       -0.275                   12.164570419305306
0.345                     -0.275                   11.911453285560782
0.355                     -0.275                   11.701296204650589
0.365                     -0.275                   11.534051055915143
0.375                     -0.275                   11.391044752487787
0.385                     -0.275                   11.27741078208679
0.395                     -0.275                   11.176112178772144
0.405                     -0.275                   11.092242344742402
0.41500000000000004       -0.275                   11.022292482655374
0.42500000000000004       -0.275                   10.962640434746561
0.43500000000000005       -0.275                   10.913884185937718
0.44499999999999995       -0.275                   10.873351568504404
0.45499999999999996       -0.275                   10.841492661329497
0.46499999999999997       -0.275                   10.816366362346201
0.475                     -0.275                   10.797252257348987
0.485                     -0.275                   10.785745493887418
0.495                     -0.275                   10.779685802661987
-0.495                    -0.265                   10.528478365898565
-0.485                    -0.265                   10.53319201274087
-0.475                    -0.265                   10.542145264922397
-0.46499999999999997      -0.265                   10.557038503723248
-0.45499999999999996      -0.265                   10.576627614456214
-0.44499999999999995      -0.265                   10.601535138076656
-0.43500000000000005      -0.265                   10.633235080511781
-0.42500000000000004      -0.265                   10.67188438162782
-0.41500000000000004      -0.265                   10.717569599254091
-0.405                    -0.265                   10.77399123159249
-0.395                    -0.265                   10.840455825827917
-0.385                    -0.265                   10.917036895269945
-0.375                    -0.265                   11.013234481016525
-0.365                    -0.265                   11.125384207361208
-0.355                    -0.265                   11.260284770562237
-0.345                    -0.265                   11.429516145533256
-0.33499999999999996      -0.265                   11.636649906688149
-0.32499999999999996      -0.265                   11.8895994238012
-0.31499999999999995      -0.265                   12.23152539559129
-0.30499999999999994      -0.265                   12.674505141040669
-0.29500000000000004      -0.265                   13.294128965334494
-0.28500000000000003      -0.265                   14.189052989720551
-0.275                    -0.265                   15.578151788996593
-0.265                    -0.265                   17.89410866340495
-0.255                    -0.265                   21.431968348636218
-0.245                    -0.265                   24.05878405981437
-0.235                    -0.265                   24.007348516036586
-0.22499999999999998      -0.265                   23.122345582353546
-0.21500000000000005      -0.265                   22.32665625939137
-0.20500000000000004      -0.265                   21.706115197916063
-0.19500000000000003      -0.265                   21.22971046811756
-0.18500000000000003      -0.265                   20.859870063197945
-0.17500000000000002      -0.265                   20.567153805856492
-0.165                    -0.265                   20.332112650455315
-0.15500000000000003      -0.265                   20.14063228863381
-0.14500000000000002      -0.265                   19.983568015528704
-0.135                    -0.265                   19.853458405406514
-0.125                    -0.265                   19.74506699312178
-0.11499999999999999      -0.265                   19.654363265347797
-0.10499999999999998      -0.265                   19.578139124251265
-0.09499999999999997      -0.265                   19.51416254279252
-0.08499999999999999      -0.265                   19.460613937279334
-0.07499999999999998      -0.265                   19.415870967775618
-0.06499999999999997      -0.265                   19.378908268934367
-0.054999999999999966     -0.265                   19.348694625159396
-0.04499999999999996      -0.265                   19.32453125440344
-0.03499999999999995      -0.265                   19.305797725393575
-0.025000000000000022     -0.265                   19.292127036551733
-0.015000000000000013     -0.265                   19.283187428387237
-0.0050000000000000044    -0.265                   19.278737971382327
0.0050000000000000044     -0.265                   19.278701039180305
0.015000000000000013      -0.265                   19.283125679998648
0.025000000000000022      -0.265                   19.29208303503856
0.03500000000000003       -0.265                   19.30576841235859
0.04500000000000004       -0.265                   19.32446582798684
0.05500000000000005       -0.265                   19.348697618760752
0.06499999999999995       -0.265                   19.378868950498145
0.07499999999999996       -0.265                   19.415913521730317
0.08499999999999996       -0.265                   19.460599745004117
0.09499999999999997       -0.265                   19.514176792279386
0.10499999999999998       -0.265                   19.578135080655215
0.11499999999999999       -0.265                   19.6543118378122
0.125                     -0.265                   19.74508769897909
0.135                     -0.265                   19.853500068416793
0.14500000000000002       -0.265                   19.98363520893247
0.15500000000000003       -0.265                   20.14069302039215
0.16500000000000004       -0.265                   20.3318318508002
0.17500000000000004       -0.265                   20.566789710567832
0.18500000000000005       -0.265                   20.859603297490594
0.19499999999999995       -0.265                   21.22910351467192
0.20499999999999996       -0.265                   21.704409745166117
0.21499999999999997       -0.265                   22.321665909650733
0.22499999999999998       -0.265                   23.1053420772389
0.235                     -0.265                   23.98245443849055
0.245                     -0.265                   24.110913296930562
0.255                     -0.265                   21.426121079777005
0.265                     -0.265                   17.91336059139119
0.275                     -0.265                   15.58079087750032
0.28500000000000003       -0.265                   14.189807812144636
0.29500000000000004       -0.265                   13.289205994004533
0.30500000000000005       -0.265                   12.674663210989593
0.31499999999999995       -0.265                   12.231690752652014
0.32499999999999996       -0.265                   11.890073917144946
0.33499999999999996       -0.265                   11.636400456294837
0.345                     -0.265                   11.429948025403831
0.355                     -0.265                   11.259539208729393
0.365                     -0.265                   11.125198434987851
0.375                     -0.265                   11.01113257344874
0.385                     -0.265                   10.920319239304888
0.395                     -0.265                   10.839654724715842
0.405                     -0.265                   10.773502046003244
0.41500000000000004       -0.265                   10.718560859538357
0.42500000000000004       -0.265                   10.67142148479303
0.43500000000000005       -0.265                   10.63325657618509
0.44499999999999995       -0.265                   10.601536623902518
0.45499999999999996       -0.265                   10.576649703640413
0.46499999999999997       -0.265                   10.557053506892316
0.475                     -0.265                   10.542161915565089
0.485                     -0.265                   10.533207859753986
0.495                     -0.265                   10.52849407250747
-0.495                    -0.255                   10.272641904136862
-0.485                    -0.255                   10.275915500076167
-0.475                    -0.255                   10.282135447790893
-0.46499999999999997      -0.255                   10.292498557354122
-0.45499999999999996      -0.255                   10.306142601907467
-0.44499999999999995      -0.255                   10.323529125656364
-0.43500000000000005      -0.255                   10.34568273141872
-0.42500000000000004      -0.255                   10.37285968382497
-0.41500000000000004      -0.255                   10.404614005464566
-0.405                    -0.255                   10.44473741778563
-0.395                    -0.255                   10.491584514439154
-0.385                    -0.255                   10.545013015467134
-0.375                    -0.255                   10.614050419443913
-0.365                    -0.255                   10.693121045183716
-0.355                    -0.255                   10.788861854274273
-0.345                    -0.255                   10.90904092733426
-0.33499999999999996      -0.255                   11.055910058202699
-0.32499999999999996      -0.255                   11.235477433717051
-0.31499999999999995      -0.255                   11.477911117694248
-0.30499999999999994      -0.255                   11.792516190851813
-0.29500000000000004      -0.255                   12.238991164822892
-0.28500000000000003      -0.255                   12.891264916785758
-0.275                    -0.255                   13.955078177982386
-0.265                    -0.255                   16.134581901667957
-0.255                    -0.255                   22.68741549890035
-0.245                    -0.255                   30.625809975588197
-0.235                    -0.255                   26.25713452857923
-0.22499999999999998      -0.255                   24.118236188253377
-0.21500000000000005      -0.255                   22.867928931474637
-0.20500000000000004      -0.255                   22.046002752659035
-0.19500000000000003      -0.255                   21.4642411651958
-0.18500000000000003      -0.255                   21.032219141047563
-0.17500000000000002      -0.255                   20.70097514403409
-0.165                    -0.255                   20.439728894575012
-0.15500000000000003      -0.255                   20.230111601237297
-0.14500000000000002      -0.255                   20.059423339526063
-0.135                    -0.255                   19.919081432883218
-0.125                    -0.255                   19.802872151539873
-0.11499999999999999      -0.255                   19.705852837826342
-0.10499999999999998      -0.255                   19.624805887387367
-0.09499999999999997      -0.255                   19.55687340704759
-0.08499999999999999      -0.255                   19.500116374578283
-0.07499999999999998      -0.255                   19.452788152035964
-0.06499999999999997      -0.255                   19.413665683526006
-0.054999999999999966     -0.255                   19.381731307565303
-0.04499999999999996      -0.255                   19.35619502334481
-0.03499999999999995      -0.255                   19.33643151312856
-0.025000000000000022     -0.255                   19.321992819303944
-0.015000000000000013     -0.255                   19.312558459769605
-0.0050000000000000044    -0.255                   19.30787707875936
0.0050000000000000044     -0.255                   19.307870843249418
0.015000000000000013      -0.255                   19.312533923236742
0.025000000000000022      -0.255                   19.321979784625512
0.03500000000000003       -0.255                   19.336407185818473
0.04500000000000004       -0.255                   19.356161766073683
0.05500000000000005       -0.255                   19.381705651732602
0.06499999999999995       -0.255                   19.41362787208749
0.07499999999999996       -0.255                   19.452758070171456
0.08499999999999996       -0.255                   19.500082014870657
0.09499999999999997       -0.255                   19.556849634136597
0.10499999999999998       -0.255                   19.62477573794274
0.11499999999999999       -0.255                   19.705821088887433
0.125                     -0.255                   19.802781336231078
0.135                     -0.255                   19.918976499954738
0.14500000000000002       -0.255                   20.059276012335886
0.15500000000000003       -0.255                   20.229810763424098
0.16500000000000004       -0.255                   20.43927746852046
0.17500000000000004       -0.255                   20.700447703891598
0.18500000000000005       -0.255                   21.032237713996608
0.19499999999999995       -0.255                   21.462840144981385
0.20499999999999996       -0.255                   22.043272472516662
0.21499999999999997       -0.255                   22.860540475874387
0.22499999999999998       -0.255                   24.10014530381551
0.235                     -0.255                   26.282646093995425
0.245                     -0.255                   29.92808364803018
0.255                     -0.255                   22.64697724070254
0.265                     -0.255                   16.133147916078528
0.275                     -0.255                   13.954378822041008
0.28500000000000003       -0.255                   12.88650859747736
0.29500000000000004       -0.255                   12.227716017791408
0.30500000000000005       -0.255                   11.792627417665727
0.31499999999999995       -0.255                   11.478057040854424
0.32499999999999996       -0.255                   11.23589711153204
0.33499999999999996       -0.255                   11.055755879067675
0.345                     -0.255                   10.909341790683001
0.355                     -0.255                   10.788430676179757
0.365                     -0.255                   10.693061758380395
0.375                     -0.255                   10.611986200226738
0.385                     -0.255                   10.548342818290962
0.395                     -0.255                   10.490687453561861
0.405                     -0.255                   10.44414278095357
0.41500000000000004       -0.255                   10.405765644540267
0.42500000000000004       -0.255                   10.372347643683156
0.43500000000000005       -0.255                   10.345711862739563
0.44499999999999995       -0.255                   10.323532199916997
0.45499999999999996       -0.255                   10.306164696352411
0.46499999999999997       -0.255                   10.292513872479816
0.475                     -0.255                   10.282152665740341
0.485                     -0.255                   10.275931615240381
0.495                     -0.255                   10.272657893380767
-0.495                    -0.245                   10.013580701862594
-0.485                    -0.245                   10.015344646198855
-0.475                    -0.245                   10.018698463227906
-0.46499999999999997      -0.245                   10.02430404554869
-0.45499999999999996      -0.245                   10.031698328254478
-0.44499999999999995      -0.245                   10.041159675741483
-0.43500000000000005      -0.245                   10.05324034043224
-0.42500000000000004      -0.245                   10.068273885862823
-0.41500000000000004      -0.245                   10.085261685989536
-0.405                    -0.245                   10.10786695832784
-0.395                    -0.245                   10.133724450708428
-0.385                    -0.245                   10.162317773222526
-0.375                    -0.245                   10.201360546914657
-0.365                    -0.245                   10.244308427835449
-0.355                    -0.245                   10.29634319724488
-0.345                    -0.245                   10.360838796549103
-0.33499999999999996      -0.245                   10.437997812342388
-0.32499999999999996      -0.245                   10.53027875439011
-0.31499999999999995      -0.245                   10.64895170310848
-0.30499999999999994      -0.245                   10.794554725450354
-0.29500000000000004      -0.245                   10.986971399419872
-0.28500000000000003      -0.245                   11.217121882121091
-0.275                    -0.245                   11.507220976046256
-0.265                    -0.245                   11.718764983438973
-0.255                    -0.245                   10.793141823303472
-0.245                    -0.245                   2.1724978260712646
-0.235                    -0.245                   1.5254795097248461
-0.22499999999999998      -0.245                   1.3259836547547081
-0.21500000000000005      -0.245                   1.2259340699793029
-0.20500000000000004      -0.245                   1.1645860407440836
-0.19500000000000003      -0.245                   1.122982928118816
-0.18500000000000003      -0.245                   1.0929712880910643
-0.17500000000000002      -0.245                   1.0703722303939003
-0.165                    -0.245                   1.0528198322107585
-0.15500000000000003      -0.245                   1.0388756449303571
-0.14500000000000002      -0.245                   1.0276075695811926
-0.135                    -0.245                   1.018384112803858
-0.125                    -0.245                   1.01076242939898
-0.11499999999999999      -0.245                   1.004419396526302
-0.10499999999999998      -0.245                   0.9991192853877635
-0.09499999999999997      -0.245                   0.9946798915431714
-0.08499999999999999      -0.245                   0.9909649480205474
-0.07499999999999998      -0.245                   0.9878664784223901
-0.06499999999999997      -0.245                   0.9853019353905097
-0.054999999999999966     -0.245                   0.9832055811652367
-0.04499999999999996      -0.245                   0.9815269046711563
-0.03499999999999995      -0.245                   0.9802264942861427
-0.025000000000000022     -0.245                   0.9792755505156521
-0.015000000000000013     -0.245                   0.978652648423477
-0.0050000000000000044    -0.245                   0.9783444829251238
0.0050000000000000044     -0.245                   0.9783445495016849
0.015000000000000013      -0.245                   0.9786526197638636
0.025000000000000022      -0.245                   0.9792756126524012
0.03500000000000003       -0.245                   0.9802269516493425
0.04500000000000004       -0.245                   0.9815272857555044
0.05500000000000005       -0.245                   0.9832060895268739
0.06499999999999995       -0.245                   0.9853025364165546
0.07499999999999996       -0.245                   0.987867388612969
0.08499999999999996       -0.245                   0.9909655433447142
0.09499999999999997       -0.245                   0.9946813240150618
0.10499999999999998       -0.245                   0.9991201742257516
0.11499999999999999       -0.245                   1.0044217703709961
0.125                     -0.245                   1.0107640876786377
0.135                     -0.245                   1.0183871441271748
0.14500000000000002       -0.245                   1.0276111152184626
0.15500000000000003       -0.245                   1.0388804202355004
0.16500000000000004       -0.245                   1.0528270958205752
0.17500000000000004       -0.245                   1.0703858109121285
0.18500000000000005       -0.245                   1.0929920760035543
0.19499999999999995       -0.245                   1.1230319105848992
0.20499999999999996       -0.245                   1.1646968030399023
0.21499999999999997       -0.245                   1.2263414669715615
0.22499999999999998       -0.245                   1.3273252932208095
0.235                     -0.245                   1.5269833975665819
0.245                     -0.245                   2.291200369679018
0.255                     -0.245                   10.207316267002625
0.265                     -0.245                   11.675924755686736
0.275                     -0.245                   11.495254968977008
0.28500000000000003       -0.245                   11.212394534173882
0.29500000000000004       -0.245                   10.972727555682468
0.30500000000000005       -0.245                   10.794643451852068
0.31499999999999995       -0.245                   10.649058402136689
0.32499999999999996       -0.245                   10.530520665980987
0.33499999999999996       -0.245                   10.437947616384236
0.345                     -0.245                   10.361011058212597
0.355                     -0.245                   10.296177585202201
0.365                     -0.245                   10.244364598769948
0.375                     -0.245                   10.199389185082111
0.385                     -0.245                   10.165630014018461
0.395                     -0.245                   10.132783108660561
0.405                     -0.245                   10.107211892462118
0.41500000000000004       -0.245                   10.086474562734168
0.42500000000000004       -0.245                   10.067751966054345
0.43500000000000005       -0.245                   10.0532721418233
0.44499999999999995       -0.245                   10.041166064654135
0.45499999999999996       -0.245                   10.031720082338296
0.46499999999999997       -0.245                   10.024319574342599
0.475                     -0.245                   10.018716056837093
0.485                     -0.245                   10.01536091429142
0.495                     -0.245                   10.013596866904066
-0.495                    -0.235                   9.752782671616728
-0.485                    -0.235                   9.75299481179593
-0.475                    -0.235                   9.753402746652682
-0.46499999999999997      -0.235                   9.754113991256105
-0.45499999999999996      -0.235                   9.755077503166447
-0.44499999999999995      -0.235                   9.756377566532137
-0.43500000000000005      -0.235                   9.758088497694303
-0.42500000000000004      -0.235                   9.760510981780158
-0.41500000000000004      -0.235                   9.762355773356461
-0.405                    -0.235                   9.766754725228935
-0.395                    -0.235                   9.770898495215988
-0.385                    -0.235                   9.773719689466901
-0.375                    -0.235                   9.781604710061913
-0.365                    -0.235                   9.786803365308174
-0.355                    -0.235                   9.793118497954652
-0.345                    -0.235                   9.799161137993593
-0.33499999999999996      -0.235                   9.803052023289865
-0.32499999999999996      -0.235                   9.803154724316187
-0.31499999999999995      -0.235                   9.79109988291492
-0.30499999999999994      -0.235                   9.758341656286063
-0.29500000000000004      -0.235                   9.682976282811978
-0.28500000000000003      -0.235                   9.487379610142852
-0.275                    -0.235                   9.026436415530497
-0.265                    -0.235                   7.8181205673040495
-0.255                    -0.235                   4.647192201917278
-0.245                    -0.235                   2.0479201162161473
-0.235                    -0.235                   1.6973703651066216
-0.22499999999999998      -0.235                   1.489453025426812
-0.21500000000000005      -0.235                   1.353909294283767
-0.20500000000000004      -0.235                   1.2674811158937018
-0.19500000000000003      -0.235                   1.2083522841667218
-0.18500000000000003      -0.235                   1.165604621023249
-0.17500000000000002      -0.235                   1.1334484612437734
-0.165                    -0.235                   1.1085238024015496
-0.15500000000000003      -0.235                   1.088755241187613
-0.14500000000000002      -0.235                   1.0727982866413583
-0.135                    -0.235                   1.0597422220154726
-0.125                    -0.235                   1.0489493588870005
-0.11499999999999999      -0.235                   1.0399607213529407
-0.10499999999999998      -0.235                   1.0324381466912484
-0.09499999999999997      -0.235                   1.0261277524804768
-0.08499999999999999      -0.235                   1.020836053142574
-0.07499999999999998      -0.235                   1.016413954362605
-0.06499999999999997      -0.235                   1.012745718653548
-0.054999999999999966     -0.235                   1.009741288599571
-0.04499999999999996      -0.235                   1.0073307965533331
-0.03499999999999995      -0.235                   1.005460681073771
-0.025000000000000022     -0.235                   1.0040908982100234
-0.015000000000000013     -0.235                   1.003192925474707
-0.0050000000000000044    -0.235                   1.0027484373034952
0.0050000000000000044     -0.235                   1.0027484788992638
0.015000000000000013      -0.235                   1.003193047039474
0.025000000000000022      -0.235                   1.0040911104578072
0.03500000000000003       -0.235                   1.0054609954826788
0.04500000000000004       -0.235                   1.0073312147411286
0.05500000000000005       -0.235                   1.0097418240615639
0.06499999999999995       -0.235                   1.0127463956725933
0.07499999999999996       -0.235                   1.0164147936559687
0.08499999999999996       -0.235                   1.0208370873718593
0.09499999999999997       -0.235                   1.0261290271380972
0.10499999999999998       -0.235                   1.0324397218228683
0.11499999999999999       -0.235                   1.0399626726136262
0.125                     -0.235                   1.0489518131731188
0.135                     -0.235                   1.059745519819245
0.14500000000000002       -0.235                   1.072803256374982
0.15500000000000003       -0.235                   1.0887634401055095
0.16500000000000004       -0.235                   1.10853883371459
0.17500000000000004       -0.235                   1.1334810394399994
0.18500000000000005       -0.235                   1.1656770110027708
0.19499999999999995       -0.235                   1.208514989443529
0.20499999999999996       -0.235                   1.2678326177645545
0.21499999999999997       -0.235                   1.3546206366710862
0.22499999999999998       -0.235                   1.4915575510663075
0.235                     -0.235                   1.722672178766686
0.245                     -0.235                   2.046651701222025
0.255                     -0.235                   4.777407275242695
0.265                     -0.235                   7.80335454873466
0.275                     -0.235                   9.023851778590938
0.28500000000000003       -0.235                   9.480641517005097
0.29500000000000004       -0.235                   9.670478219073175
0.30500000000000005       -0.235                   9.758362507790991
0.31499999999999995       -0.235                   9.791153856466906
0.32499999999999996       -0.235                   9.803237272756633
0.33499999999999996       -0.235                   9.803067058130381
0.345                     -0.235                   9.799228513566277
0.355                     -0.235                   9.793094253319907
0.365                     -0.235                   9.786873344555147
0.375                     -0.235                   9.779810608251353
0.385                     -0.235                   9.776938058825465
0.395                     -0.235                   9.769945593971926
0.405                     -0.235                   9.766091806087662
0.41500000000000004       -0.235                   9.763564884127717
0.42500000000000004       -0.235                   9.760025005529826
0.43500000000000005       -0.235                   9.758111499973097
0.44499999999999995       -0.235                   9.756387706100838
0.45499999999999996       -0.235                   9.755098455243115
0.46499999999999997       -0.235                   9.754129695282018
0.475                     -0.235                   9.753420202081884
0.485                     -0.235                   9.753011137340707
0.495                     -0.235                   9.752798920803997
-0.495                    -0.22499999999999998     9.491777145302706
-0.485                    -0.22499999999999998     9.490424242064421
-0.475                    -0.22499999999999998     9.487861770774202
-0.46499999999999997      -0.22499999999999998     9.483638066127469
-0.45499999999999996      -0.22499999999999998     9.478120093093409
-0.44499999999999995      -0.22499999999999998     9.471197416396421
-0.43500000000000005      -0.22499999999999998     9.462456166483662
-0.42500000000000004      -0.22499999999999998     9.452269625856218
-0.41500000000000004      -0.22499999999999998     9.438831071500061
-0.405                    -0.22499999999999998     9.424923063751407
-0.395                    -0.22499999999999998     9.407321901421668
-0.385                    -0.22499999999999998     9.384338027686084
-0.375                    -0.22499999999999998     9.361183822377711
-0.365                    -0.22499999999999998     9.329027345536474
-0.355                    -0.22499999999999998     9.290212665907802
-0.345                    -0.22499999999999998     9.239171995798301
-0.33499999999999996      -0.22499999999999998     9.172495941308
-0.32499999999999996      -0.22499999999999998     9.085151781541299
-0.31499999999999995      -0.22499999999999998     8.953437334336513
-0.30499999999999994      -0.22499999999999998     8.764672682719834
-0.29500000000000004      -0.22499999999999998     8.472423258061099
-0.28500000000000003      -0.22499999999999998     7.982341117859278
-0.275                    -0.22499999999999998     7.155870281486273
-0.265                    -0.22499999999999998     5.71047730405121
-0.255                    -0.22499999999999998     3.384645199411807
-0.245                    -0.22499999999999998     1.909883327672901
-0.235                    -0.22499999999999998     1.7190287700175304
-0.22499999999999998      -0.22499999999999998     1.556822667070037
-0.21500000000000005      -0.22499999999999998     1.4321474170321835
-0.20500000000000004      -0.22499999999999998     1.3421727279697961
-0.19500000000000003      -0.22499999999999998     1.2758035337569709
-0.18500000000000003      -0.22499999999999998     1.2265562628182352
-0.17500000000000002      -0.22499999999999998     1.1884293274500237
-0.165                    -0.22499999999999998     1.1584035894615
-0.15500000000000003      -0.22499999999999998     1.134302394213023
-0.14500000000000002      -0.22499999999999998     1.1146754856528105
-0.135                    -0.22499999999999998     1.0985055915949715
-0.125                    -0.22499999999999998     1.0850621771211308
-0.11499999999999999      -0.22499999999999998     1.0738122515667214
-0.10499999999999998      -0.22499999999999998     1.0643578584481475
-0.09499999999999997      -0.22499999999999998     1.056397706590758
-0.08499999999999999      -0.22499999999999998     1.0497006786517886
-0.07499999999999998      -0.22499999999999998     1.0440878156443318
-0.06499999999999997      -0.22499999999999998     1.0394197434040393
-0.054999999999999966     -0.22499999999999998     1.0355877289574664
-0.04499999999999996      -0.22499999999999998     1.0325072887113151
-0.03499999999999995      -0.22499999999999998     1.0301135740206178
-0.025000000000000022     -0.22499999999999998     1.0283580553854108
-0.015000000000000013     -0.22499999999999998     1.0272061583569894
-0.0050000000000000044    -0.22499999999999998     1.02663566314817
0.0050000000000000044     -0.22499999999999998     1.0266357025057005
0.015000000000000013      -0.22499999999999998     1.027206277018763
0.025000000000000022      -0.22499999999999998     1.028358260117102
0.03500000000000003       -0.22499999999999998     1.0301138739635576
0.04500000000000004       -0.22499999999999998     1.032507691083481
0.05500000000000005       -0.22499999999999998     1.0355882480575929
0.06499999999999995       -0.22499999999999998     1.0394203993768087
0.07499999999999996       -0.22499999999999998     1.0440886335040318
0.08499999999999996       -0.22499999999999998     1.0497016882668504
0.09499999999999997       -0.22499999999999998     1.0563989559989295
0.10499999999999998       -0.22499999999999998     1.0643593972725967
0.11499999999999999       -0.22499999999999998     1.0738141890833504
0.125                     -0.22499999999999998     1.0850645174128886
0.135                     -0.22499999999999998     1.0985079565301135
0.14500000000000002       -0.22499999999999998     1.1146774770844559
0.15500000000000003       -0.22499999999999998     1.1343008704974409
0.16500000000000004       -0.22499999999999998     1.1583957513978476
0.17500000000000004       -0.22499999999999998     1.1884136012681097
0.18500000000000005       -0.22499999999999998     1.22647837464217
0.19499999999999995       -0.22499999999999998     1.2757835676531784
0.20499999999999996       -0.22499999999999998     1.3412868215100104
0.21499999999999997       -0.22499999999999998     1.4305829506326972
0.22499999999999998       -0.22499999999999998     1.5484370180170117
0.235                     -0.22499999999999998     1.7186716260800523
0.245                     -0.22499999999999998     1.9105352479138844
0.255                     -0.22499999999999998     3.436158453967437
0.265                     -0.22499999999999998     5.712282003433302
0.275                     -0.22499999999999998     7.15706466146537
0.28500000000000003       -0.22499999999999998     7.980581915591074
0.29500000000000004       -0.22499999999999998     8.463809221495467
0.30500000000000005       -0.22499999999999998     8.76464931256291
0.31499999999999995       -0.22499999999999998     8.953445389129456
0.32499999999999996       -0.22499999999999998     9.085151962939563
0.33499999999999996       -0.22499999999999998     9.172525824174755
0.345                     -0.22499999999999998     9.239184701302875
0.355                     -0.22499999999999998     9.290252927474398
0.365                     -0.22499999999999998     9.329094404088323
0.375                     -0.22499999999999998     9.35946560597938
0.385                     -0.22499999999999998     9.38742125357146
0.395                     -0.22499999999999998     9.406388169940698
0.405                     -0.22499999999999998     9.42425927731529
0.41500000000000004       -0.22499999999999998     9.440023556119485
0.42500000000000004       -0.22499999999999998     9.45176824494797
0.43500000000000005       -0.22499999999999998     9.462477710099392
0.44499999999999995       -0.22499999999999998     9.471209882423011
0.45499999999999996       -0.22499999999999998     9.478139535499977
0.46499999999999997       -0.22499999999999998     9.483653983542581
0.475                     -0.22499999999999998     9.487878752272877
0.485                     -0.22499999999999998     9.490440552994869
0.495                     -0.22499999999999998     9.491793407113363
-0.495                    -0.21500000000000005     9.23210654957424
-0.485                    -0.21500000000000005     9.229204201038499
-0.475                    -0.21500000000000005     9.223701692771897
-0.46499999999999997      -0.21500000000000005     9.214598388148147
-0.45499999999999996      -0.21500000000000005     9.20267736043273
-0.44499999999999995      -0.21500000000000005     9.187641723866193
-0.43500000000000005      -0.21500000000000005     9.168612597225547
-0.42500000000000004      -0.21500000000000005     9.146012462207807
-0.41500000000000004      -0.21500000000000005     9.11765276642629
-0.405                    -0.21500000000000005     9.08585922795325
-0.395                    -0.21500000000000005     9.047155110958684
-0.385                    -0.21500000000000005     8.999436879794871
-0.375                    -0.21500000000000005     8.946556359700935
-0.365                    -0.21500000000000005     8.878930408936753
-0.355                    -0.21500000000000005     8.797999428566754
-0.345                    -0.21500000000000005     8.694834198344537
-0.33499999999999996      -0.21500000000000005     8.565384837572594
-0.32499999999999996      -0.21500000000000005     8.40268693810151
-0.31499999999999995      -0.21500000000000005     8.174375903048656
-0.30499999999999994      -0.21500000000000005     7.869442305699437
-0.29500000000000004      -0.21500000000000005     7.436995878275411
-0.28500000000000003      -0.21500000000000005     6.803683457453161
-0.275                    -0.21500000000000005     5.887994516439221
-0.265                    -0.21500000000000005     4.5725527148640595
-0.255                    -0.21500000000000005     2.834301097967
-0.245                    -0.21500000000000005     1.8242212516163363
-0.235                    -0.21500000000000005     1.700915615311942
-0.22499999999999998      -0.21500000000000005     1.5784206634871936
-0.21500000000000005      -0.21500000000000005     1.4774714755771043
-0.20500000000000004      -0.21500000000000005     1.3947410995190808
-0.19500000000000003      -0.21500000000000005     1.329049516375676
-0.18500000000000003      -0.21500000000000005     1.277412560781812
-0.17500000000000002      -0.21500000000000005     1.2362600686151808
-0.165                    -0.21500000000000005     1.203021868171902
-0.15500000000000003      -0.21500000000000005     1.1758801734493431
-0.14500000000000002      -0.21500000000000005     1.153483003727942
-0.135                    -0.21500000000000005     1.1348427946710729
-0.125                    -0.21500000000000005     1.119221394899597
-0.11499999999999999      -0.21500000000000005     1.1060627502662328
-0.10499999999999998      -0.21500000000000005     1.0949440185444388
-0.09499999999999997      -0.21500000000000005     1.085539502460918
-0.08499999999999999      -0.21500000000000005     1.0775963129279233
-0.07499999999999998      -0.21500000000000005     1.0709167535374462
-0.06499999999999997      -0.21500000000000005     1.0653456863269497
-0.054999999999999966     -0.21500000000000005     1.060761375761274
-0.04499999999999996      -0.21500000000000005     1.0570688002348874
-0.03499999999999995      -0.21500000000000005     1.0541947666011566
-0.025000000000000022     -0.21500000000000005     1.0520843516214171
-0.015000000000000013     -0.21500000000000005     1.0506983547883664
-0.0050000000000000044    -0.21500000000000005     1.0500115490836919
0.0050000000000000044     -0.21500000000000005     1.0500115856630998
0.015000000000000013      -0.21500000000000005     1.0506984660480896
0.025000000000000022      -0.21500000000000005     1.052084542365776
0.03500000000000003       -0.21500000000000005     1.054195044248928
0.04500000000000004       -0.21500000000000005     1.0570691745901541
0.05500000000000005       -0.21500000000000005     1.060761860624993
0.06499999999999995       -0.21500000000000005     1.065346300414788
0.07499999999999996       -0.21500000000000005     1.0709175210497506
0.08499999999999996       -0.21500000000000005     1.0775972686955555
0.09499999999999997       -0.21500000000000005     1.0855406956472962
0.10499999999999998       -0.21500000000000005     1.094945523775536
0.11499999999999999       -0.21500000000000005     1.1060645323119616
0.125                     -0.21500000000000005     1.1192231232580525
0.135                     -0.21500000000000005     1.134844088488208
0.14500000000000002       -0.21500000000000005     1.153482504647684
0.15500000000000003       -0.21500000000000005     1.1758746755547662
0.16500000000000004       -0.21500000000000005     1.2030082585157231
0.17500000000000004       -0.21500000000000005     1.2362297445347679
0.18500000000000005       -0.21500000000000005     1.2773879705800226
0.19499999999999995       -0.21500000000000005     1.3290045614944432
0.20499999999999996       -0.21500000000000005     1.394340982629899
0.21499999999999997       -0.21500000000000005     1.4769590914763633
0.22499999999999998       -0.21500000000000005     1.5819843324391059
0.235                     -0.21500000000000005     1.7007202167162063
0.245                     -0.21500000000000005     1.8244249034057987
0.255                     -0.21500000000000005     2.855875241537433
0.265                     -0.21500000000000005     4.574155991851853
0.275                     -0.21500000000000005     5.887410493935022
0.28500000000000003       -0.21500000000000005     6.804311903892431
0.29500000000000004       -0.21500000000000005     7.432508404307555
0.30500000000000005       -0.21500000000000005     7.869389757383573
0.31499999999999995       -0.21500000000000005     8.17435448154464
0.32499999999999996       -0.21500000000000005     8.402656967681821
0.33499999999999996       -0.21500000000000005     8.565402200100124
0.345                     -0.21500000000000005     8.694827796704104
0.355                     -0.21500000000000005     8.798057588206063
0.365                     -0.21500000000000005     8.878969245772623
0.375                     -0.21500000000000005     8.944903206673928
0.385                     -0.21500000000000005     9.002306583218171
0.395                     -0.21500000000000005     9.046263503318258
0.405                     -0.21500000000000005     9.085223561352935
0.41500000000000004       -0.21500000000000005     9.118754071735466
0.42500000000000004       -0.21500000000000005     9.145561514077542
0.43500000000000005       -0.21500000000000005     9.16862977181836
0.44499999999999995       -0.21500000000000005     9.187657583389125
0.45499999999999996       -0.21500000000000005     9.202695274050953
0.46499999999999997       -0.21500000000000005     9.214614443546282
0.475                     -0.21500000000000005     9.223718164068487
0.485                     -0.21500000000000005     9.229220450162757
0.495                     -0.21500000000000005     9.2321227764796
-0.495                    -0.20500000000000004     8.975298152375188
-0.485                    -0.20500000000000004     8.970889222303981
-0.475                    -0.20500000000000004     8.962529287006419
-0.46499999999999997      -0.20500000000000004     8.948691497422004
-0.45499999999999996      -0.20500000000000004     8.930567102457346
-0.44499999999999995      -0.20500000000000004     8.907689250375881
-0.43500000000000005      -0.20500000000000004     8.878758508624514
-0.42500000000000004      -0.20500000000000004     8.84417963428075
-0.41500000000000004      -0.20500000000000004     8.80165907562241
-0.405                    -0.20500000000000004     8.752863928820659
-0.395                    -0.20500000000000004     8.694293001881576
-0.385                    -0.20500000000000004     8.62353799285296
-0.375                    -0.20500000000000004     8.543208679239171
-0.365                    -0.20500000000000004     8.44357266580073
-0.355                    -0.20500000000000004     8.325259387890128
-0.345                    -0.20500000000000004     8.177330664055702
-0.33499999999999996      -0.20500000000000004     7.995928800401913
-0.32499999999999996      -0.20500000000000004     7.77368522649391
-0.31499999999999995      -0.20500000000000004     7.475696764992051
-0.30499999999999994      -0.20500000000000004     7.0959605379104005
-0.29500000000000004      -0.20500000000000004     6.59061123922902
-0.28500000000000003      -0.20500000000000004     5.91493936661054
-0.275                    -0.20500000000000004     5.0260211949809595
-0.265                    -0.20500000000000004     3.8889299044283234
-0.255                    -0.20500000000000004     2.52446369811787
-0.245                    -0.20500000000000004     1.766184893178064
-0.235                    -0.20500000000000004     1.6774862382724223
-0.22499999999999998      -0.20500000000000004     1.585663562843763
-0.21500000000000005      -0.20500000000000004     1.5021479138316494
-0.20500000000000004      -0.20500000000000004     1.4294171791007884
-0.19500000000000003      -0.20500000000000004     1.3679750219338587
-0.18500000000000003      -0.20500000000000004     1.3176286012383116
-0.17500000000000002      -0.20500000000000004     1.2759324000593004
-0.165                    -0.20500000000000004     1.2413541354413553
-0.15500000000000003      -0.20500000000000004     1.2125362166093723
-0.14500000000000002      -0.20500000000000004     1.188386867226015
-0.135                    -0.20500000000000004     1.1680371641033602
-0.125                    -0.20500000000000004     1.1508116472981769
-0.11499999999999999      -0.20500000000000004     1.1361828680831536
-0.10499999999999998      -0.20500000000000004     1.1237378956564044
-0.09499999999999997      -0.20500000000000004     1.1131519869611424
-0.08499999999999999      -0.20500000000000004     1.104168487388847
-0.07499999999999998      -0.20500000000000004     1.0965839343073043
-0.06499999999999997      -0.20500000000000004     1.0902368674994491
-0.054999999999999966     -0.20500000000000004     1.0849994497545978
-0.04499999999999996      -0.20500000000000004     1.0807711823764876
-0.03499999999999995      -0.20500000000000004     1.0774742151526198
-0.025000000000000022     -0.20500000000000004     1.075049875169114
-0.015000000000000013     -0.20500000000000004     1.0734561507084805
-0.0050000000000000044    -0.20500000000000004     1.07266594541273
0.0050000000000000044     -0.20500000000000004     1.0726659777967882
0.015000000000000013      -0.20500000000000004     1.0734562492188786
0.025000000000000022      -0.20500000000000004     1.0750500438710517
0.03500000000000003       -0.20500000000000004     1.0774744606990438
0.04500000000000004       -0.20500000000000004     1.0807715140972718
0.05500000000000005       -0.20500000000000004     1.084999880127711
0.06499999999999995       -0.20500000000000004     1.090237412342077
0.07499999999999996       -0.20500000000000004     1.0965846121969705
0.08499999999999996       -0.20500000000000004     1.1041693221750535
0.09499999999999997       -0.20500000000000004     1.113153011754612
0.10499999999999998       -0.20500000000000004     1.1237391782320572
0.11499999999999999       -0.20500000000000004     1.1361846077886995
0.125                     -0.20500000000000004     1.1508143420462602
0.135                     -0.20500000000000004     1.1680415123895216
0.14500000000000002       -0.20500000000000004     1.188393934910124
0.15500000000000003       -0.20500000000000004     1.212549963741516
0.16500000000000004       -0.20500000000000004     1.2413840101450475
0.17500000000000004       -0.20500000000000004     1.2760059127430239
0.18500000000000005       -0.20500000000000004     1.317765292239919
0.19499999999999995       -0.20500000000000004     1.3682730857227057
0.20499999999999996       -0.20500000000000004     1.4293719656020585
0.21499999999999997       -0.20500000000000004     1.5022186501757915
0.22499999999999998       -0.20500000000000004     1.5869048397978052
0.235                     -0.20500000000000004     1.6773480977251438
0.245                     -0.20500000000000004     1.7662308343705604
0.255                     -0.20500000000000004     2.541437369720825
0.265                     -0.20500000000000004     3.8897593569543005
0.275                     -0.20500000000000004     5.029062822459991
0.28500000000000003       -0.20500000000000004     5.915710639793133
0.29500000000000004       -0.20500000000000004     6.588912533824441
0.30500000000000005       -0.20500000000000004     7.09590499828775
0.31499999999999995       -0.20500000000000004     7.475661853105976
0.32499999999999996       -0.20500000000000004     7.773646672872985
0.33499999999999996       -0.20500000000000004     7.995929892341394
0.345                     -0.20500000000000004     8.17732150544657
0.355                     -0.20500000000000004     8.325329012151428
0.365                     -0.20500000000000004     8.443627942781632
0.375                     -0.20500000000000004     8.541634587559486
0.385                     -0.20500000000000004     8.626169436958747
0.395                     -0.20500000000000004     8.693467910461464
0.405                     -0.20500000000000004     8.752265895740988
0.41500000000000004       -0.20500000000000004     8.80269958004699
0.42500000000000004       -0.20500000000000004     8.843786877220168
0.43500000000000005       -0.20500000000000004     8.878764701972045
0.44499999999999995       -0.20500000000000004     8.907709366499887
0.45499999999999996       -0.20500000000000004     8.930583967251039
0.46499999999999997       -0.20500000000000004     8.948707498716828
0.475                     -0.20500000000000004     8.962545247920048
0.485                     -0.20500000000000004     8.970905388560709
0.495                     -0.20500000000000004     8.975314322771851
-0.495                    -0.19500000000000003     8.722837330372158
-0.485                    -0.19500000000000003     8.71698906957971
-0.475                    -0.19500000000000003     8.70590119666474
-0.46499999999999997      -0.19500000000000003     8.68755319059315
-0.45499999999999996      -0.19500000000000003     8.663532359994761
-0.44499999999999995      -0.19500000000000003     8.633222769589622
-0.43500000000000005      -0.19500000000000003     8.594940947095893
-0.42500000000000004      -0.19500000000000003     8.549232594053137
-0.41500000000000004      -0.19500000000000003     8.493388039715512
-0.405                    -0.19500000000000003     8.428914246208965
-0.395                    -0.19500000000000003     8.352179007298574
-0.385                    -0.19500000000000003     8.260651013624937
-0.375                    -0.19500000000000003     8.15593173815438
-0.365                    -0.19500000000000003     8.028553499282225
-0.355                    -0.19500000000000003     7.878581290685929
-0.345                    -0.19500000000000003     7.694342440412683
-0.33499999999999996      -0.19500000000000003     7.472738286598599
-0.32499999999999996      -0.19500000000000003     7.207117365723946
-0.31499999999999995      -0.19500000000000003     6.864178323938404
-0.30499999999999994      -0.19500000000000003     6.443487658345788
-0.29500000000000004      -0.19500000000000003     5.911720357430113
-0.28500000000000003      -0.19500000000000003     5.243374527380581
-0.275                    -0.19500000000000003     4.423786697029982
-0.265                    -0.19500000000000003     3.441989555338978
-0.255                    -0.19500000000000003     2.331254995900508
-0.245                    -0.19500000000000003     1.7244161118048567
-0.235                    -0.19500000000000003     1.655988053482929
-0.22499999999999998      -0.19500000000000003     1.5841293028639143
-0.21500000000000005      -0.19500000000000003     1.5152555465490565
-0.20500000000000004      -0.19500000000000003     1.452248336615174
-0.19500000000000003      -0.19500000000000003     1.3976973582139536
-0.18500000000000003      -0.19500000000000003     1.3493044839034383
-0.17500000000000002      -0.19500000000000003     1.3084787832431175
-0.165                    -0.19500000000000003     1.2739926531200467
-0.15500000000000003      -0.19500000000000003     1.244596495068805
-0.14500000000000002      -0.19500000000000003     1.2195465018145342
-0.135                    -0.19500000000000003     1.1981501002359494
-0.125                    -0.19500000000000003     1.1798383437114808
-0.11499999999999999      -0.19500000000000003     1.164144889038056
-0.10499999999999998      -0.19500000000000003     1.1506929383635054
-0.09499999999999997      -0.19500000000000003     1.13917807649716
-0.08499999999999999      -0.19500000000000003     1.1293545517362702
-0.07499999999999998      -0.19500000000000003     1.1210240778374043
-0.06499999999999997      -0.19500000000000003     1.114027056776024
-0.054999999999999966     -0.19500000000000003     1.1082356864904455
-0.04499999999999996      -0.19500000000000003     1.1035485778787404
-0.03499999999999995      -0.19500000000000003     1.0998866213961662
-0.025000000000000022     -0.19500000000000003     1.0971898599520955
-0.015000000000000013     -0.19500000000000003     1.0954151825612257
-0.0050000000000000044    -0.19500000000000003     1.0945347032491952
0.0050000000000000044     -0.19500000000000003     1.0945347301009463
0.015000000000000013      -0.19500000000000003     1.095415264282508
0.025000000000000022      -0.19500000000000003     1.0971900000387507
0.03500000000000003       -0.19500000000000003     1.0998868256530159
0.04500000000000004       -0.19500000000000003     1.1035488544438294
0.05500000000000005       -0.19500000000000003     1.108236045770326
0.06499999999999995       -0.19500000000000003     1.1140275108211881
0.07499999999999996       -0.19500000000000003     1.1210246388866096
0.08499999999999996       -0.19500000000000003     1.1293552261104196
0.09499999999999997       -0.19500000000000003     1.1391789033445718
0.10499999999999998       -0.19500000000000003     1.150694024399968
0.11499999999999999       -0.19500000000000003     1.1641465110139109
0.125                     -0.19500000000000003     1.179840868090821
0.135                     -0.19500000000000003     1.198153747577237
0.14500000000000002       -0.19500000000000003     1.2195506996905863
0.15500000000000003       -0.19500000000000003     1.2446039296437448
0.16500000000000004       -0.19500000000000003     1.2740138732799835
0.17500000000000004       -0.19500000000000003     1.3086006846695852
0.18500000000000005       -0.19500000000000003     1.3490238225602411
0.19499999999999995       -0.19500000000000003     1.3968635855096068
0.20499999999999996       -0.19500000000000003     1.451959614838728
0.21499999999999997       -0.19500000000000003     1.5156202430138705
0.22499999999999998       -0.19500000000000003     1.5832559428511104
0.235                     -0.19500000000000003     1.6559197328826372
0.245                     -0.19500000000000003     1.7244260514303846
0.255                     -0.19500000000000003     2.341318238897202
0.265                     -0.19500000000000003     3.444128257548755
0.275                     -0.19500000000000003     4.424666921477268
0.28500000000000003       -0.19500000000000003     5.244891432683289
0.29500000000000004       -0.19500000000000003     5.911618418810576
0.30500000000000005       -0.19500000000000003     6.44342472422872
0.31499999999999995       -0.19500000000000003     6.864139144079843
0.32499999999999996       -0.19500000000000003     7.207078032420043
0.33499999999999996       -0.19500000000000003     7.472728572280772
0.345                     -0.19500000000000003     7.694334543087081
0.355                     -0.19500000000000003     7.878639293229753
0.365                     -0.19500000000000003     8.028562455656242
0.375                     -0.19500000000000003     8.154641619837662
0.385                     -0.19500000000000003     8.262986160971877
0.395                     -0.19500000000000003     8.351433775962775
0.405                     -0.19500000000000003     8.428370801387986
0.41500000000000004       -0.19500000000000003     8.494381895767248
0.42500000000000004       -0.19500000000000003     8.548816976962598
0.43500000000000005       -0.19500000000000003     8.594949526839173
0.44499999999999995       -0.19500000000000003     8.633245662009301
0.45499999999999996       -0.19500000000000003     8.663548606544879
0.46499999999999997       -0.19500000000000003     8.68756903064633
0.475                     -0.19500000000000003     8.705916601320041
0.485                     -0.19500000000000003     8.717005158573272
0.495                     -0.19500000000000003     8.722853448897126
-0.495                    -0.18500000000000003     8.476143631665309
-0.485                    -0.18500000000000003     8.468943781484484
-0.475                    -0.18500000000000003     8.45529660255744
-0.46499999999999997      -0.18500000000000003     8.43272839894692
-0.45499999999999996      -0.18500000000000003     8.4032062959661
-0.44499999999999995      -0.18500000000000003     8.365989470325871
-0.43500000000000005      -0.18500000000000003     8.319070933017997
-0.42500000000000004      -0.18500000000000003     8.263107922928384
-0.41500000000000004      -0.18500000000000003     8.195179853861276
-0.405                    -0.18500000000000003     8.116565226201626
-0.395                    -0.18500000000000003     8.023679363567453
-0.385                    -0.18500000000000003     7.914081503942896
-0.375                    -0.18500000000000003     7.788360399883288
-0.365                    -0.18500000000000003     7.63784518704756
-0.355                    -0.18500000000000003     7.46226234572913
-0.345                    -0.18500000000000003     7.250138734190138
-0.33499999999999996      -0.18500000000000003     6.999442212535143
-0.32499999999999996      -0.18500000000000003     6.704805691972979
-0.31499999999999995      -0.18500000000000003     6.3366481916230555
-0.30499999999999994      -0.18500000000000003     5.89902988443535
-0.29500000000000004      -0.18500000000000003     5.367862410611451
-0.28500000000000003      -0.18500000000000003     4.7315066728381225
-0.275                    -0.18500000000000003     3.985753918814453
-0.265                    -0.18500000000000003     3.131654118781398
-0.255                    -0.18500000000000003     2.1979242853694814
-0.245                    -0.18500000000000003     1.6930564971881665
-0.235                    -0.18500000000000003     1.6377020628037258
-0.22499999999999998      -0.18500000000000003     1.5793009525851858
-0.21500000000000005      -0.18500000000000003     1.5216985705079367
-0.20500000000000004      -0.18500000000000003     1.4673666732052197
-0.19500000000000003      -0.18500000000000003     1.4184814743796323
-0.18500000000000003      -0.18500000000000003     1.3741977334015303
-0.17500000000000002      -0.18500000000000003     1.3355173642316913
-0.165                    -0.18500000000000003     1.3019923478442763
-0.15500000000000003      -0.18500000000000003     1.27284360542302
-0.14500000000000002      -0.18500000000000003     1.2475659426264087
-0.135                    -0.18500000000000003     1.2256477129396899
-0.125                    -0.18500000000000003     1.2066557072610635
-0.11499999999999999      -0.18500000000000003     1.1902225659023884
-0.10499999999999998      -0.18500000000000003     1.1760244675799072
-0.09499999999999997      -0.18500000000000003     1.1637900332099775
-0.08499999999999999      -0.18500000000000003     1.1532945095134437
-0.07499999999999998      -0.18500000000000003     1.1443529202163631
-0.06499999999999997      -0.18500000000000003     1.1368136903846562
-0.054999999999999966     -0.18500000000000003     1.1305537185056096
-0.04499999999999996      -0.18500000000000003     1.125474287445968
-0.03499999999999995      -0.18500000000000003     1.1214977123314043
-0.025000000000000022     -0.18500000000000003     1.1185647242878076
-0.015000000000000013     -0.18500000000000003     1.1166324960066163
-0.0050000000000000044    -0.18500000000000003     1.115673230029472
0.0050000000000000044     -0.18500000000000003     1.1156732503391709
0.015000000000000013      -0.18500000000000003     1.1166325579235377
0.025000000000000022      -0.18500000000000003     1.1185648307912857
0.03500000000000003       -0.18500000000000003     1.1214978684880634
0.04500000000000004       -0.18500000000000003     1.1254745007153133
0.05500000000000005       -0.18500000000000003     1.130553999681581
0.06499999999999995       -0.18500000000000003     1.1368140533448354
0.07499999999999996       -0.18500000000000003     1.1443533820770995
0.08499999999999996       -0.18500000000000003     1.153294930480115
0.09499999999999997       -0.18500000000000003     1.1637900819465585
0.10499999999999998       -0.18500000000000003     1.176023839113384
0.11499999999999999       -0.18500000000000003     1.1902202692742776
0.125                     -0.18500000000000003     1.2066491764596776
0.135                     -0.18500000000000003     1.22563169503087
0.14500000000000002       -0.18500000000000003     1.2475504927817838
0.15500000000000003       -0.18500000000000003     1.272854995027899
0.16500000000000004       -0.18500000000000003     1.3020304403547698
0.17500000000000004       -0.18500000000000003     1.335580872476413
0.18500000000000005       -0.18500000000000003     1.3740115079490849
0.19499999999999995       -0.18500000000000003     1.4184173558203952
0.20499999999999996       -0.18500000000000003     1.4671941362840926
0.21499999999999997       -0.18500000000000003     1.5218821704660677
0.22499999999999998       -0.18500000000000003     1.5789228313403783
0.235                     -0.18500000000000003     1.6376613874853092
0.245                     -0.18500000000000003     1.6930557042811358
0.255                     -0.18500000000000003     2.2061867246902693
0.265                     -0.18500000000000003     3.133526522706916
0.275                     -0.18500000000000003     3.9865020841015166
0.28500000000000003       -0.18500000000000003     4.7311317717334305
0.29500000000000004       -0.18500000000000003     5.368372669081509
0.30500000000000005       -0.18500000000000003     5.898984488381046
0.31499999999999995       -0.18500000000000003     6.336611195095145
0.32499999999999996       -0.18500000000000003     6.704769366645792
0.33499999999999996       -0.18500000000000003     6.99942781882109
0.345                     -0.18500000000000003     7.250132608976088
0.355                     -0.18500000000000003     7.462302261108164
0.365                     -0.18500000000000003     7.637838212108477
0.375                     -0.18500000000000003     7.787190190391868
0.385                     -0.18500000000000003     7.916036486047062
0.395                     -0.18500000000000003     8.023014959784618
0.405                     -0.18500000000000003     8.116097825761361
0.41500000000000004       -0.18500000000000003     8.196082366766774
0.42500000000000004       -0.18500000000000003     8.262699976479439
0.43500000000000005       -0.18500000000000003     8.31908232535045
0.44499999999999995       -0.18500000000000003     8.36601228420409
0.45499999999999996       -0.18500000000000003     8.403222223317869
0.46499999999999997       -0.18500000000000003     8.43274409562082
0.475                     -0.18500000000000003     8.455311549316662
0.485                     -0.18500000000000003     8.468959824120816
0.495                     -0.18500000000000003     8.476159727910698
-0.495                    -0.17500000000000002     8.236550631565308
-0.485                    -0.17500000000000002     8.22810285556983
-0.475                    -0.17500000000000002     8.212095143987597
-0.46499999999999997      -0.17500000000000002     8.18564704399384
-0.45499999999999996      -0.17500000000000002     8.151084556533505
-0.44499999999999995      -0.17500000000000002     8.10756821621527
-0.43500000000000005      -0.17500000000000002     8.052825313782819
-0.42500000000000004      -0.17500000000000002     7.987610763387295
-0.41500000000000004      -0.17500000000000002     7.908997290794389
-0.405                    -0.17500000000000002     7.817920721200654
-0.395                    -0.17500000000000002     7.711056370610393
-0.385                    -0.17500000000000002     7.586065330468614
-0.375                    -0.17500000000000002     7.4429942320163605
-0.365                    -0.17500000000000002     7.273925026105189
-0.355                    -0.17500000000000002     7.078537878540374
-0.345                    -0.17500000000000002     6.846183335436436
-0.33499999999999996      -0.17500000000000002     6.575967376937143
-0.32499999999999996      -0.17500000000000002     6.263937883357926
-0.31499999999999995      -0.17500000000000002     5.8849082437996
-0.30499999999999994      -0.17500000000000002     5.445927993447427
-0.29500000000000004      -0.17500000000000002     4.9298480903821655
-0.28500000000000003      -0.17500000000000002     4.333114996559942
-0.275                    -0.17500000000000002     3.6562602486060882
-0.265                    -0.17500000000000002     2.905508867831486
-0.255                    -0.17500000000000002     2.100414320832897
-0.245                    -0.17500000000000002     1.668782305255462
-0.235                    -0.17500000000000002     1.6224461293969057
-0.22499999999999998      -0.17500000000000002     1.5735912640412266
-0.21500000000000005      -0.17500000000000002     1.5245908639476795
-0.20500000000000004      -0.17500000000000002     1.4773982769520302
-0.19500000000000003      -0.17500000000000002     1.4330923664662123
-0.18500000000000003      -0.17500000000000002     1.3931487190677103
-0.17500000000000002      -0.17500000000000002     1.356902345393621
-0.165                    -0.17500000000000002     1.3246853455270013
-0.15500000000000003      -0.17500000000000002     1.296314452381381
-0.14500000000000002      -0.17500000000000002     1.271342874820661
-0.135                    -0.17500000000000002     1.2494194218204768
-0.125                    -0.17500000000000002     1.2302226558743996
-0.11499999999999999      -0.17500000000000002     1.2134561462627858
-0.10499999999999998      -0.17500000000000002     1.1988527832170348
-0.09499999999999997      -0.17500000000000002     1.1861824723558811
-0.08499999999999999      -0.17500000000000002     1.1752494667754831
-0.07499999999999998      -0.17500000000000002     1.1658889416866884
-0.06499999999999997      -0.17500000000000002     1.157963576541988
-0.054999999999999966     -0.17500000000000002     1.1513602318930793
-0.04499999999999996      -0.17500000000000002     1.14598707549834
-0.03499999999999995      -0.17500000000000002     1.1417711363521619
-0.025000000000000022     -0.17500000000000002     1.138656317922596
-0.015000000000000013     -0.17500000000000002     1.136601853482233
-0.0050000000000000044    -0.17500000000000002     1.13558117777103
0.0050000000000000044     -0.17500000000000002     1.1355811902967616
0.015000000000000013      -0.17500000000000002     1.1366018918538714
0.025000000000000022      -0.17500000000000002     1.1386563845402122
0.03500000000000003       -0.17500000000000002     1.1417712352696583
0.04500000000000004       -0.17500000000000002     1.1459872125895174
0.05500000000000005       -0.17500000000000002     1.1513604157036639
0.06499999999999995       -0.17500000000000002     1.1579638193370272
0.07499999999999996       -0.17500000000000002     1.1658892573549906
0.08499999999999996       -0.17500000000000002     1.1752498455549016
0.09499999999999997       -0.17500000000000002     1.1861829105833124
0.10499999999999998       -0.17500000000000002     1.1988533058760424
0.11499999999999999       -0.17500000000000002     1.2134568507836434
0.125                     -0.17500000000000002     1.2302233564225276
0.135                     -0.17500000000000002     1.2494183002028478
0.14500000000000002       -0.17500000000000002     1.2713436865793426
0.15500000000000003       -0.17500000000000002     1.2963316912766345
0.16500000000000004       -0.17500000000000002     1.3247169558930239
0.17500000000000004       -0.17500000000000002     1.3568583961877039
0.18500000000000005       -0.17500000000000002     1.3930530312076712
0.19499999999999995       -0.17500000000000002     1.4339097000497532
0.20499999999999996       -0.17500000000000002     1.477299032273521
0.21499999999999997       -0.17500000000000002     1.5246602855748392
0.22499999999999998       -0.17500000000000002     1.5734428657370927
0.235                     -0.17500000000000002     1.622422534783766
0.245                     -0.17500000000000002     1.6687745191028256
0.255                     -0.17500000000000002     2.10507324946866
0.265                     -0.17500000000000002     2.9062040014197237
0.275                     -0.17500000000000002     3.657333362061081
0.28500000000000003       -0.17500000000000002     4.333622519115579
0.29500000000000004       -0.17500000000000002     4.930717404773077
0.30500000000000005       -0.17500000000000002     5.445882796174544
0.31499999999999995       -0.17500000000000002     5.884875036394192
0.32499999999999996       -0.17500000000000002     6.263906887064593
0.33499999999999996       -0.17500000000000002     6.575952230988804
0.345                     -0.17500000000000002     6.846176551558955
0.355                     -0.17500000000000002     7.078570793451036
0.365                     -0.17500000000000002     7.273892770776456
0.375                     -0.17500000000000002     7.441939285451724
0.385                     -0.17500000000000002     7.587716375683044
0.395                     -0.17500000000000002     7.710467422571654
0.405                     -0.17500000000000002     7.817538394090984
0.41500000000000004       -0.17500000000000002     7.909780401967083
0.42500000000000004       -0.17500000000000002     7.987249240183303
0.43500000000000005       -0.17500000000000002     8.052835089471728
0.44499999999999995       -0.17500000000000002     8.107589352706839
0.45499999999999996       -0.17500000000000002     8.151100262097643
0.46499999999999997       -0.17500000000000002     8.185662659034648
0.475                     -0.17500000000000002     8.212109900752125
0.485                     -0.17500000000000002     8.228118906574878
0.495                     -0.17500000000000002     8.236566758254611
-0.495                    -0.165                   8.005290242385286
-0.485                    -0.165                   7.99570925388241
-0.475                    -0.165                   7.9775605485223196
-0.46499999999999997      -0.165                   7.947606548931873
-0.45499999999999996      -0.165                   7.908507170353346
-0.44499999999999995      -0.165                   7.859349867005449
-0.43500000000000005      -0.165                   7.79765362542787
-0.42500000000000004      -0.165                   7.724300514581955
-0.41500000000000004      -0.165                   7.636361946458976
-0.405                    -0.165                   7.534613483600474
-0.395                    -0.165                   7.415958165879502
-0.385                    -0.165                   7.278302274712956
-0.375                    -0.165                   7.121328148423515
-0.365                    -0.165                   6.937926723381338
-0.355                    -0.165                   6.727979742568152
-0.345                    -0.165                   6.4819091293213305
-0.33499999999999996      -0.165                   6.199888486750552
-0.32499999999999996      -0.165                   5.879263266448049
-0.31499999999999995      -0.165                   5.499093412809543
-0.30499999999999994      -0.165                   5.068072756700872
-0.29500000000000004      -0.165                   4.573992414408167
-0.28500000000000003      -0.165                   4.018002145978926
-0.275                    -0.165                   3.4017828804429655
-0.265                    -0.165                   2.7331736793862547
-0.255                    -0.165                   2.02656960863942
-0.245                    -0.165                   1.6495677667208781
-0.235                    -0.165                   1.6097734293472854
-0.22499999999999998      -0.165                   1.5679362756774253
-0.21500000000000005      -0.165                   1.525563172038261
-0.20500000000000004      -0.165                   1.4841820591204424
-0.19500000000000003      -0.165                   1.4446321856749478
-0.18500000000000003      -0.165                   1.4081367495264772
-0.17500000000000002      -0.165                   1.3745015499119404
-0.165                    -0.165                   1.3442079681370558
-0.15500000000000003      -0.165                   1.316862369868005
-0.14500000000000002      -0.165                   1.2925241684090167
-0.135                    -0.165                   1.270887499231904
-0.125                    -0.165                   1.251746685962015
-0.11499999999999999      -0.165                   1.2348708947547364
-0.10499999999999998      -0.165                   1.220054326106492
-0.09499999999999997      -0.165                   1.2071111950606916
-0.08499999999999999      -0.165                   1.1958778016260518
-0.07499999999999998      -0.165                   1.186212706278124
-0.06499999999999997      -0.165                   1.1779955589824176
-0.054999999999999966     -0.165                   1.1711255166325683
-0.04499999999999996      -0.165                   1.1655196213880579
-0.03499999999999995      -0.165                   1.1611112381694124
-0.025000000000000022     -0.165                   1.1578487075813333
-0.015000000000000013     -0.165                   1.1556942491489013
-0.0050000000000000044    -0.165                   1.1546231350333842
0.0050000000000000044     -0.165                   1.1546231391240853
0.015000000000000013      -0.165                   1.1556942620056794
0.025000000000000022      -0.165                   1.15784873097981
0.03500000000000003       -0.165                   1.1611112749266033
0.04500000000000004       -0.165                   1.165519674919808
0.05500000000000005       -0.165                   1.1711255896000194
0.06499999999999995       -0.165                   1.1779956475417244
0.07499999999999996       -0.165                   1.1862127762715096
0.08499999999999996       -0.165                   1.1958777344352471
0.09499999999999997       -0.165                   1.2071107578716416
0.10499999999999998       -0.165                   1.2200530364525681
0.11499999999999999       -0.165                   1.234868054645899
0.125                     -0.165                   1.2517415553699092
0.135                     -0.165                   1.2708816780452015
0.14500000000000002       -0.165                   1.2925117144961078
0.15500000000000003       -0.165                   1.3168663102176694
0.16500000000000004       -0.165                   1.3442954374147575
0.17500000000000004       -0.165                   1.3744083071544821
0.18500000000000005       -0.165                   1.4081562535341448
0.19499999999999995       -0.165                   1.4447734491574238
0.20499999999999996       -0.165                   1.484129136389413
0.21499999999999997       -0.165                   1.5255889291237565
0.22499999999999998       -0.165                   1.567867453483359
0.235                     -0.165                   1.609758813574615
0.245                     -0.165                   1.6495591305927775
0.255                     -0.165                   2.029878855497145
0.265                     -0.165                   2.733606995182072
0.275                     -0.165                   3.402782837530026
0.28500000000000003       -0.165                   4.019736149142432
0.29500000000000004       -0.165                   4.575371253645244
0.30500000000000005       -0.165                   5.068042717469666
0.31499999999999995       -0.165                   5.499065936205682
0.32499999999999996       -0.165                   5.879239133464125
0.33499999999999996       -0.165                   6.199875059542478
0.345                     -0.165                   6.481901757703369
0.355                     -0.165                   6.727989424502766
0.365                     -0.165                   6.937921654553747
0.375                     -0.165                   7.1204514205363125
0.385                     -0.165                   7.27964321083499
0.395                     -0.165                   7.415450677629423
0.405                     -0.165                   7.53432188817073
0.41500000000000004       -0.165                   7.6370127448957135
0.42500000000000004       -0.165                   7.724016187736424
0.43500000000000005       -0.165                   7.7976491076742604
0.44499999999999995       -0.165                   7.859371873311545
0.45499999999999996       -0.165                   7.908522427549258
0.46499999999999997       -0.165                   7.9476222191350985
0.475                     -0.165                   7.977575272194031
0.485                     -0.165                   7.995725390485404
0.495                     -0.165                   8.005306473340028
-0.495                    -0.15500000000000003     7.783481781605104
-0.485                    -0.15500000000000003     7.772888513964062
-0.475                    -0.15500000000000003     7.752829855353127
-0.46499999999999997      -0.15500000000000003     7.719761435427358
-0.45499999999999996      -0.15500000000000003     7.676649326170065
-0.44499999999999995      -0.15500000000000003     7.6225313995035435
-0.43500000000000005      -0.15500000000000003     7.554778431886348
-0.42500000000000004      -0.15500000000000003     7.4743944932887985
-0.41500000000000004      -0.15500000000000003     7.378553265589829
-0.405                    -0.15500000000000003     7.267832162748951
-0.395                    -0.15500000000000003     7.139497618458407
-0.385                    -0.15500000000000003     6.991771667365953
-0.375                    -0.15500000000000003     6.82393272779467
-0.365                    -0.15500000000000003     6.630020344473678
-0.355                    -0.15500000000000003     6.409973739320492
-0.345                    -0.15500000000000003     6.155459420712823
-0.33499999999999996      -0.15500000000000003     5.867538085600472
-0.32499999999999996      -0.15500000000000003     5.5446300984319805
-0.31499999999999995      -0.15500000000000003     5.169529713207737
-0.30499999999999994      -0.15500000000000003     4.7515958699960095
-0.29500000000000004      -0.15500000000000003     4.282339479702841
-0.28500000000000003      -0.15500000000000003     3.764230876180193
-0.275                    -0.15500000000000003     3.2006070763272874
-0.265                    -0.15500000000000003     2.598438183553526
-0.255                    -0.15500000000000003     1.9688600471995414
-0.245                    -0.15500000000000003     1.6340971537706395
-0.235                    -0.15500000000000003     1.5992329956934555
-0.22499999999999998      -0.15500000000000003     1.5627107883777853
-0.21500000000000005      -0.15500000000000003     1.525522665466525
-0.20500000000000004      -0.15500000000000003     1.4888626377106533
-0.19500000000000003      -0.15500000000000003     1.4533757611904434
-0.18500000000000003      -0.15500000000000003     1.4200739689258057
-0.17500000000000002      -0.15500000000000003     1.388983206257251
-0.165                    -0.15500000000000003     1.360462906607566
-0.15500000000000003      -0.15500000000000003     1.3344569766916266
-0.14500000000000002      -0.15500000000000003     1.3111034949119897
-0.135                    -0.15500000000000003     1.289971987182554
-0.125                    -0.15500000000000003     1.2710844710233289
-0.11499999999999999      -0.15500000000000003     1.2542957641229293
-0.10499999999999998      -0.15500000000000003     1.2394472848243652
-0.09499999999999997      -0.15500000000000003     1.2263907799097353
-0.08499999999999999      -0.15500000000000003     1.2149945996580982
-0.07499999999999998      -0.15500000000000003     1.2051418373298475
-0.06499999999999997      -0.15500000000000003     1.1967306522327306
-0.054999999999999966     -0.15500000000000003     1.189674240376064
-0.04499999999999996      -0.15500000000000003     1.1839000771796293
-0.03499999999999995      -0.15500000000000003     1.179349202123035
-0.025000000000000022     -0.15500000000000003     1.175975475506334
-0.015000000000000013     -0.15500000000000003     1.17374491649241
-0.0050000000000000044    -0.15500000000000003     1.1726351755525855
0.0050000000000000044     -0.15500000000000003     1.1726351706292064
0.015000000000000013      -0.15500000000000003     1.1737449021516966
0.025000000000000022      -0.15500000000000003     1.1759754535983404
0.03500000000000003       -0.15500000000000003     1.1793491790443795
0.04500000000000004       -0.15500000000000003     1.1839000747597765
0.05500000000000005       -0.15500000000000003     1.1896743150106488
0.06499999999999995       -0.15500000000000003     1.1967309373228545
0.07499999999999996       -0.15500000000000003     1.2051426895084774
0.08499999999999996       -0.15500000000000003     1.2149966888965764
0.09499999999999997       -0.15500000000000003     1.2263951640456128
0.10499999999999998       -0.15500000000000003     1.2394555389631137
0.11499999999999999       -0.15500000000000003     1.2543119890132175
0.125                     -0.15500000000000003     1.271110511357051
0.135                     -0.15500000000000003     1.2899963678772792
0.14500000000000002       -0.15500000000000003     1.3111296874901086
0.15500000000000003       -0.15500000000000003     1.3346969042259786
0.16500000000000004       -0.15500000000000003     1.3605897294708598
0.17500000000000004       -0.15500000000000003     1.3888672867625473
0.18500000000000005       -0.15500000000000003     1.4200789739555262
0.19499999999999995       -0.15500000000000003     1.4534415666008158
0.20499999999999996       -0.15500000000000003     1.488832755189577
0.21499999999999997       -0.15500000000000003     1.5255315728278163
0.22499999999999998       -0.15500000000000003     1.562677020100523
0.235                     -0.15500000000000003     1.5992231473730953
0.245                     -0.15500000000000003     1.6340891347145572
0.255                     -0.15500000000000003     1.9715145357035908
0.265                     -0.15500000000000003     2.5992713752585246
0.275                     -0.15500000000000003     3.2004875440023284
0.28500000000000003       -0.15500000000000003     3.7646882090880354
0.29500000000000004       -0.15500000000000003     4.2835105200110775
0.30500000000000005       -0.15500000000000003     4.751568811180448
0.31499999999999995       -0.15500000000000003     5.169507238175186
0.32499999999999996       -0.15500000000000003     5.544612148291037
0.33499999999999996       -0.15500000000000003     5.867526017742932
0.345                     -0.15500000000000003     6.155452751378078
0.355                     -0.15500000000000003     6.4099716093176085
0.365                     -0.15500000000000003     6.629992706960934
0.375                     -0.15500000000000003     6.823295111407958
0.385                     -0.15500000000000003     6.992783788507381
0.395                     -0.15500000000000003     7.1390767381965645
0.405                     -0.15500000000000003     7.267605895921879
0.41500000000000004       -0.15500000000000003     7.379097028161823
0.42500000000000004       -0.15500000000000003     7.474150687062604
0.43500000000000005       -0.15500000000000003     7.55476297008363
0.44499999999999995       -0.15500000000000003     7.62255892255115
0.45499999999999996       -0.15500000000000003     7.676663913978032
0.46499999999999997       -0.15500000000000003     7.719777371891638
0.475                     -0.15500000000000003     7.752844446712004
0.485                     -0.15500000000000003     7.7729048325874714
0.495                     -0.15500000000000003     7.783498208969746
-0.495                    -0.14500000000000002     7.572125765755629
-0.485                    -0.14500000000000002     7.560642876697727
-0.475                    -0.14500000000000002     7.538908172932395
-0.46499999999999997      -0.14500000000000002     7.503119560375865
-0.45499999999999996      -0.14500000000000002     7.456519566400871
-0.44499999999999995      -0.14500000000000002     7.398117730656622
-0.43500000000000005      -0.14500000000000002     7.325183735620499
-0.42500000000000004      -0.14500000000000002     7.238849254244371
-0.41500000000000004      -0.14500000000000002     7.1364426064654225
-0.405                    -0.14500000000000002     7.018378734216093
-0.395                    -0.14500000000000002     6.88232340786341
-0.385                    -0.14500000000000002     6.7268188968376705
-0.375                    -0.14500000000000002     6.550878778475521
-0.365                    -0.14500000000000002     6.349598595868656
-0.355                    -0.14500000000000002     6.1231396896409365
-0.345                    -0.14500000000000002     5.864274543949108
-0.33499999999999996      -0.14500000000000002     5.574773897907619
-0.32499999999999996      -0.14500000000000002     5.253901303376267
-0.31499999999999995      -0.14500000000000002     4.887564943337566
-0.30499999999999994      -0.14500000000000002     4.485162029317436
-0.29500000000000004      -0.14500000000000002     4.040677125578895
-0.28500000000000003      -0.14500000000000002     3.5576633589050743
-0.275                    -0.14500000000000002     3.038800596579886
-0.265                    -0.14500000000000002     2.4909194816349327
-0.255                    -0.14500000000000002     1.9227120300181468
-0.245                    -0.14500000000000002     1.6214801383570858
-0.235                    -0.14500000000000002     1.590440754091901
-0.22499999999999998      -0.14500000000000002     1.5580467509134337
-0.21500000000000005      -0.14500000000000002     1.524977981658708
-0.20500000000000004      -0.14500000000000002     1.492165689010747
-0.19500000000000003      -0.14500000000000002     1.4601206585947466
-0.18500000000000003      -0.14500000000000002     1.4296546026874921
-0.17500000000000002      -0.14500000000000002     1.40089072877322
-0.165                    -0.14500000000000002     1.3741709910477056
-0.15500000000000003      -0.14500000000000002     1.3495448879290848
-0.14500000000000002      -0.14500000000000002     1.326739348441464
-0.135                    -0.14500000000000002     1.3066064333179952
-0.125                    -0.14500000000000002     1.2881296948230556
-0.11499999999999999      -0.14500000000000002     1.2715972494499965
-0.10499999999999998      -0.14500000000000002     1.2569068380966542
-0.09499999999999997      -0.14500000000000002     1.2438794776599593
-0.08499999999999999      -0.14500000000000002     1.2324471585640708
-0.07499999999999998      -0.14500000000000002     1.2225168240915423
-0.06499999999999997      -0.14500000000000002     1.214005610995173
-0.054999999999999966     -0.14500000000000002     1.2068413080125424
-0.04499999999999996      -0.14500000000000002     1.2009626347430071
-0.03499999999999995      -0.14500000000000002     1.1963191322219018
-0.025000000000000022     -0.14500000000000002     1.1928709198670049
-0.015000000000000013     -0.14500000000000002     1.1905883989046515
-0.0050000000000000044    -0.14500000000000002     1.1894519985445413
0.0050000000000000044     -0.14500000000000002     1.1894519843844478
0.015000000000000013      -0.14500000000000002     1.1905883565287354
0.025000000000000022      -0.14500000000000002     1.1928708500171865
0.03500000000000003       -0.14500000000000002     1.1963190400102235
0.04500000000000004       -0.14500000000000002     1.2009625388781728
0.05500000000000005       -0.14500000000000002     1.2068412483023963
0.06499999999999995       -0.14500000000000002     1.2140056630419167
0.07499999999999996       -0.14500000000000002     1.222517294646991
0.08499999999999996       -0.14500000000000002     1.2324486332622655
0.09499999999999997       -0.14500000000000002     1.243882787017185
0.10499999999999998       -0.14500000000000002     1.2569132240285512
0.11499999999999999       -0.14500000000000002     1.271664586064503
0.125                     -0.14500000000000002     1.2881444738200116
0.135                     -0.14500000000000002     1.3065692257594037
0.14500000000000002       -0.14500000000000002     1.32704247643278
0.15500000000000003       -0.14500000000000002     1.349558882253774
0.16500000000000004       -0.14500000000000002     1.3742348985536808
0.17500000000000004       -0.14500000000000002     1.400807444023883
0.18500000000000005       -0.14500000000000002     1.4296500453896783
0.19499999999999995       -0.14500000000000002     1.4601517991105197
0.20499999999999996       -0.14500000000000002     1.4921492266501417
0.21499999999999997       -0.14500000000000002     1.524978873003107
0.22499999999999998       -0.14500000000000002     1.558031763290387
0.235                     -0.14500000000000002     1.5904331492969277
0.245                     -0.14500000000000002     1.6214724705013026
0.255                     -0.14500000000000002     1.9250548087118204
0.265                     -0.14500000000000002     2.4917321490968334
0.275                     -0.14500000000000002     3.039180531606945
0.28500000000000003       -0.14500000000000002     3.5580163169476577
0.29500000000000004       -0.14500000000000002     4.041741062197616
0.30500000000000005       -0.14500000000000002     4.485142809558738
0.31499999999999995       -0.14500000000000002     4.887547326161894
0.32499999999999996       -0.14500000000000002     5.253887506914282
0.33499999999999996       -0.14500000000000002     5.5747640176508355
0.345                     -0.14500000000000002     5.864269758029764
0.355                     -0.14500000000000002     6.123131657179613
0.365                     -0.14500000000000002     6.349635308027246
0.375                     -0.14500000000000002     6.55044870163016
0.385                     -0.14500000000000002     6.727545871604434
0.395                     -0.14500000000000002     6.8819888576876025
0.405                     -0.14500000000000002     7.0182050195367935
0.41500000000000004       -0.14500000000000002     7.136897154104787
0.42500000000000004       -0.14500000000000002     7.238655593667033
0.43500000000000005       -0.14500000000000002     7.32516475933096
0.44499999999999995       -0.14500000000000002     7.398149770222972
0.45499999999999996       -0.14500000000000002     7.456533519511694
0.46499999999999997       -0.14500000000000002     7.503135897230436
0.475                     -0.14500000000000002     7.538922486691661
0.485                     -0.14500000000000002     7.560659488164617
0.495                     -0.14500000000000002     7.57214249624684
-0.495                    -0.135                   7.3721021123696175
-0.485                    -0.135                   7.359850038664433
-0.475                    -0.135                   7.336668403191254
-0.46499999999999997      -0.135                   7.298543938913298
-0.45499999999999996      -0.135                   7.248964681707278
-0.44499999999999995      -0.135                   7.186929622250204
-0.43500000000000005      -0.135                   7.109646536892228
-0.42500000000000004      -0.135                   7.018393771073022
-0.41500000000000004      -0.135                   6.9106181284658135
-0.405                    -0.135                   6.786722031172708
-0.395                    -0.135                   6.644684721230817
-0.385                    -0.135                   6.483407472929457
-0.375                    -0.135                   6.301704178310956
-0.365                    -0.135                   6.095702898978402
-0.355                    -0.135                   5.865675754776987
-0.345                    -0.135                   5.6055128302400306
-0.33499999999999996      -0.135                   5.317463100766645
-0.32499999999999996      -0.135                   5.001421801632773
-0.31499999999999995      -0.135                   4.645822295296739
-0.30499999999999994      -0.135                   4.259736687028692
-0.29500000000000004      -0.135                   3.838860625455709
-0.28500000000000003      -0.135                   3.386897558221108
-0.275                    -0.135                   2.9069053636349054
-0.265                    -0.135                   2.4042428944619587
-0.255                    -0.135                   1.8854637826148064
-0.245                    -0.135                   1.611088752373135
-0.235                    -0.135                   1.5830845970428413
-0.22499999999999998      -0.135                   1.5539651833553307
-0.21500000000000005      -0.135                   1.5242120200619809
-0.20500000000000004      -0.135                   1.4945584964060714
-0.19500000000000003      -0.135                   1.4654195381069712
-0.18500000000000003      -0.135                   1.4374329992012918
-0.17500000000000002      -0.135                   1.410770466545955
-0.165                    -0.135                   1.3857563136718412
-0.15500000000000003      -0.135                   1.362473995172877
-0.14500000000000002      -0.135                   1.3407716134827439
-0.135                    -0.135                   1.321342368726282
-0.125                    -0.135                   1.303458975819069
-0.11499999999999999      -0.135                   1.2873007388502629
-0.10499999999999998      -0.135                   1.272814120712411
-0.09499999999999997      -0.135                   1.2599140140775376
-0.08499999999999999      -0.135                   1.248530780493411
-0.07499999999999998      -0.135                   1.238597814125768
-0.06499999999999997      -0.135                   1.2300518577651474
-0.054999999999999966     -0.135                   1.2228352837238106
-0.04499999999999996      -0.135                   1.2168980248489447
-0.03499999999999995      -0.135                   1.2121982487844605
-0.025000000000000022     -0.135                   1.2087025371832851
-0.015000000000000013     -0.135                   1.2063858961443827
-0.0050000000000000044    -0.135                   1.2052317101097572
0.0050000000000000044     -0.135                   1.205231688380593
0.015000000000000013      -0.135                   1.2063858230486346
0.025000000000000022      -0.135                   1.2087023744149121
0.03500000000000003       -0.135                   1.2121979045839169
0.04500000000000004       -0.135                   1.2168973640986565
0.05500000000000005       -0.135                   1.2228341717688238
0.06499999999999995       -0.135                   1.2300497840202809
0.07499999999999996       -0.135                   1.2385936335512326
0.08499999999999996       -0.135                   1.2485221726841758
0.09499999999999997       -0.135                   1.2598995076938593
0.10499999999999998       -0.135                   1.2727967704786636
0.11499999999999999       -0.135                   1.2872841531726635
0.125                     -0.135                   1.3034287184064794
0.135                     -0.135                   1.321293085694963
0.14500000000000002       -0.135                   1.3411088752629325
0.15500000000000003       -0.135                   1.3624708280629676
0.16500000000000004       -0.135                   1.3857923575823037
0.17500000000000004       -0.135                   1.4107220526282163
0.18500000000000005       -0.135                   1.437427972264004
0.19499999999999995       -0.135                   1.465433442254323
0.20499999999999996       -0.135                   1.494549758732802
0.21499999999999997       -0.135                   1.5242088479828055
0.22499999999999998       -0.135                   1.553957119251777
0.235                     -0.135                   1.5830782686388716
0.245                     -0.135                   1.611082212801037
0.255                     -0.135                   1.887376115308598
0.265                     -0.135                   2.4045995966693
0.275                     -0.135                   2.9067545184709616
0.28500000000000003       -0.135                   3.3871251344351094
0.29500000000000004       -0.135                   3.8398332604251664
0.30500000000000005       -0.135                   4.2597202205050735
0.31499999999999995       -0.135                   4.645808756105282
0.32499999999999996       -0.135                   5.001411731490407
0.33499999999999996       -0.135                   5.317455607571503
0.345                     -0.135                   5.605509778186132
0.355                     -0.135                   5.865667977955582
0.365                     -0.135                   6.095729917857511
0.375                     -0.135                   6.301444871891306
0.385                     -0.135                   6.483896349829337
0.395                     -0.135                   6.6444386064229946
0.405                     -0.135                   6.786591940347144
0.41500000000000004       -0.135                   6.910997847291313
0.42500000000000004       -0.135                   7.018212580680881
0.43500000000000005       -0.135                   7.109629661636518
0.44499999999999995       -0.135                   7.186964060941023
0.45499999999999996       -0.135                   7.248978588741579
0.46499999999999997       -0.135                   7.298560786231263
0.475                     -0.135                   7.336682642469157
0.485                     -0.135                   7.359867064247226
0.495                     -0.135                   7.372119263228029
-0.495                    -0.125                   7.184172218943928
-0.485                    -0.125                   7.171265921493159
-0.475                    -0.125                   7.146855739681939
-0.46499999999999997      -0.125                   7.106759501783557
-0.45499999999999996      -0.125                   7.054680040815271
-0.44499999999999995      -0.125                   6.989620057631328
-0.43500000000000005      -0.125                   6.908763358146189
-0.42500000000000004      -0.125                   6.813528045238002
-0.41500000000000004      -0.125                   6.701503262406192
-0.405                    -0.125                   6.573068854725382
-0.395                    -0.125                   6.426558990206587
-0.385                    -0.125                   6.261182058491585
-0.375                    -0.125                   6.075673072109112
-0.365                    -0.125                   5.866994546644264
-0.355                    -0.125                   5.635598905773577
-0.345                    -0.125                   5.376323535348867
-0.33499999999999996      -0.125                   5.091744354242053
-0.32499999999999996      -0.125                   4.782211934245481
-0.31499999999999995      -0.125                   4.438174316066807
-0.30499999999999994      -0.125                   4.068196215242551
-0.29500000000000004      -0.125                   3.6690930764866607
-0.28500000000000003      -0.125                   3.2446578817598635
-0.275                    -0.125                   2.7980425502704254
-0.265                    -0.125                   2.3322879780447465
-0.255                    -0.125                   1.854830566452847
-0.245                    -0.125                   1.6024684182663265
-0.235                    -0.125                   1.5769147675381987
-0.22499999999999998      -0.125                   1.5504360648420175
-0.21500000000000005      -0.125                   1.5233821024004897
-0.20500000000000004      -0.125                   1.4963404623080265
-0.19500000000000003      -0.125                   1.469652317212308
-0.18500000000000003      -0.125                   1.4438191296254104
-0.17500000000000002      -0.125                   1.4190290168261015
-0.165                    -0.125                   1.3955856948227705
-0.15500000000000003      -0.125                   1.3735819243215701
-0.14500000000000002      -0.125                   1.352917244184198
-0.135                    -0.125                   1.3342150871859815
-0.125                    -0.125                   1.3169030669459687
-0.11499999999999999      -0.125                   1.301117103324792
-0.10499999999999998      -0.125                   1.2869258696388641
-0.09499999999999997      -0.125                   1.2742305962319946
-0.08499999999999999      -0.125                   1.262977473359875
-0.07499999999999998      -0.125                   1.253117723760809
-0.06499999999999997      -0.125                   1.244603613378608
-0.054999999999999966     -0.125                   1.2373915071458725
-0.04499999999999996      -0.125                   1.2314426488023713
-0.03499999999999995      -0.125                   1.2267240098698622
-0.025000000000000022     -0.125                   1.2232087607473119
-0.015000000000000013     -0.125                   1.2208765961454517
-0.0050000000000000044    -0.125                   1.2197139062769864
0.0050000000000000044     -0.125                   1.2197138762544881
0.015000000000000013      -0.125                   1.2208765165207183
0.025000000000000022      -0.125                   1.2232086717635795
0.03500000000000003       -0.125                   1.2267239743132663
0.04500000000000004       -0.125                   1.2314427248553272
0.05500000000000005       -0.125                   1.2373917391975553
0.06499999999999995       -0.125                   1.2446041655633593
0.07499999999999996       -0.125                   1.2531190619855188
0.08499999999999996       -0.125                   1.262981072484184
0.09499999999999997       -0.125                   1.2742392275452303
0.10499999999999998       -0.125                   1.2869429240986516
0.11499999999999999       -0.125                   1.3011261957302445
0.125                     -0.125                   1.3168708567331464
0.135                     -0.125                   1.3341798601005905
0.14500000000000002       -0.125                   1.353248336509978
0.15500000000000003       -0.125                   1.3735755071675158
0.16500000000000004       -0.125                   1.3956049985317023
0.17500000000000004       -0.125                   1.4190012247729555
0.18500000000000005       -0.125                   1.443815566057708
0.19499999999999995       -0.125                   1.4696549014840912
0.20499999999999996       -0.125                   1.4963346220931726
0.21499999999999997       -0.125                   1.5233781242458235
0.22499999999999998       -0.125                   1.5504300957687747
0.235                     -0.125                   1.5769091534994573
0.245                     -0.125                   1.602462532511666
0.255                     -0.125                   1.8564661898510622
0.265                     -0.125                   2.3328318064955056
0.275                     -0.125                   2.798059803479873
0.28500000000000003       -0.125                   3.2447803645648037
0.29500000000000004       -0.125                   3.6700688888486184
0.30500000000000005       -0.125                   4.068185137622436
0.31499999999999995       -0.125                   4.438164404453346
0.32499999999999996       -0.125                   4.782204837674897
0.33499999999999996       -0.125                   5.091739251039257
0.345                     -0.125                   5.376322292175239
0.355                     -0.125                   5.635592219574619
0.365                     -0.125                   5.86701256024628
0.375                     -0.125                   6.07553237258503
0.385                     -0.125                   6.261489946861246
0.395                     -0.125                   6.426387392280148
0.405                     -0.125                   6.572977887783049
0.41500000000000004       -0.125                   6.701814105038693
0.42500000000000004       -0.125                   6.813373332193578
0.43500000000000005       -0.125                   6.908744089394418
0.44499999999999995       -0.125                   6.989655776906204
0.45499999999999996       -0.125                   7.054694477326706
0.46499999999999997       -0.125                   7.106776881078247
0.475                     -0.125                   7.1468702468045535
0.485                     -0.125                   7.171283487098492
0.495                     -0.125                   7.1841899140920304
-0.495                    -0.11499999999999999     7.008984250276114
-0.485                    -0.11499999999999999     6.995530705116778
-0.475                    -0.11499999999999999     6.9700950800784085
-0.46499999999999997      -0.11499999999999999     6.928362858836891
-0.45499999999999996      -0.11499999999999999     6.874223085052776
-0.44499999999999995      -0.11499999999999999     6.806692435000855
-0.43500000000000005      -0.11499999999999999     6.722958916671587
-0.42500000000000004      -0.11499999999999999     6.624561512716241
-0.41500000000000004      -0.11499999999999999     6.509250171536536
-0.405                    -0.11499999999999999     6.377419888514795
-0.395                    -0.11499999999999999     6.227704222622535
-0.385                    -0.11499999999999999     6.059601293379188
-0.375                    -0.11499999999999999     5.8718196364742425
-0.365                    -0.11499999999999999     5.662067340283102
-0.355                    -0.11499999999999999     5.4309063546427865
-0.345                    -0.11499999999999999     5.174010405633261
-0.33499999999999996      -0.11499999999999999     4.89415214672664
-0.32499999999999996      -0.11499999999999999     4.592001690479549
-0.31499999999999995      -0.11499999999999999     4.2596029591576325
-0.30499999999999994      -0.11499999999999999     3.904942893133324
-0.29500000000000004      -0.11499999999999999     3.5256254165803966
-0.28500000000000003      -0.11499999999999999     3.125119851121667
-0.275                    -0.11499999999999999     2.7065377673486637
-0.265                    -0.11499999999999999     2.273014398026362
-0.255                    -0.11499999999999999     1.82942084550632
-0.245                    -0.11499999999999999     1.5952804728885468
-0.235                    -0.11499999999999999     1.5717317311467696
-0.22499999999999998      -0.11499999999999999     1.5474093250958276
-0.21500000000000005      -0.11499999999999999     1.5225739436348817
-0.20500000000000004      -0.11499999999999999     1.4977049023561548
-0.19500000000000003      -0.11499999999999999     1.4730837809725585
-0.18500000000000003      -0.11499999999999999     1.449112328461922
-0.17500000000000002      -0.11499999999999999     1.4259743308487884
-0.165                    -0.11499999999999999     1.4039526039546786
-0.15500000000000003      -0.11499999999999999     1.3831364424669346
-0.14500000000000002      -0.11499999999999999     1.3637427436035523
-0.135                    -0.11499999999999999     1.3455183257277668
-0.125                    -0.11499999999999999     1.3288098462818425
-0.11499999999999999      -0.11499999999999999     1.3135264552090575
-0.10499999999999998      -0.11499999999999999     1.299664204702026
-0.09499999999999997      -0.11499999999999999     1.2872174244608345
-0.08499999999999999      -0.11499999999999999     1.2761347608796854
-0.07499999999999998      -0.11499999999999999     1.2663876488210377
-0.06499999999999997      -0.11499999999999999     1.2579440853850627
-0.054999999999999966     -0.11499999999999999     1.2507714207623621
-0.04499999999999996      -0.11499999999999999     1.2448413143238213
-0.03499999999999995      -0.11499999999999999     1.240128547734912
-0.025000000000000022     -0.11499999999999999     1.2366125405260107
-0.015000000000000013     -0.11499999999999999     1.2342774334101705
-0.0050000000000000044    -0.11499999999999999     1.2331125451891722
0.0050000000000000044     -0.11499999999999999     1.2331124949295287
0.015000000000000013      -0.11499999999999999     1.2342772885916133
0.025000000000000022      -0.11499999999999999     1.2366122997042623
0.03500000000000003       -0.11499999999999999     1.2401282025886218
0.04500000000000004       -0.11499999999999999     1.2448408054041948
0.05500000000000005       -0.11499999999999999     1.2507706419041824
0.06499999999999995       -0.11499999999999999     1.2579429876250003
0.07499999999999996       -0.11499999999999999     1.266386610678211
0.08499999999999996       -0.11499999999999999     1.276133254212084
0.09499999999999997       -0.11499999999999999     1.2872158402540492
0.10499999999999998       -0.11499999999999999     1.2996724231397536
0.11499999999999999       -0.11499999999999999     1.3135221134888866
0.125                     -0.11499999999999999     1.3287850129541994
0.135                     -0.11499999999999999     1.345518320954426
0.14500000000000002       -0.11499999999999999     1.3637631304991942
0.15500000000000003       -0.11499999999999999     1.383131979262373
0.16500000000000004       -0.11499999999999999     1.403962223127202
0.17500000000000004       -0.11499999999999999     1.4259598974338417
0.18500000000000005       -0.11499999999999999     1.4491083184574904
0.19499999999999995       -0.11499999999999999     1.4730825875591904
0.20499999999999996       -0.11499999999999999     1.4977002667485735
0.21499999999999997       -0.11499999999999999     1.5225697519912273
0.22499999999999998       -0.11499999999999999     1.54740429656556
0.235                     -0.11499999999999999     1.5717266109106163
0.245                     -0.11499999999999999     1.5952749700240645
0.255                     -0.11499999999999999     1.8306842146489544
0.265                     -0.11499999999999999     2.2732760410829087
0.275                     -0.11499999999999999     2.7062296598943973
0.28500000000000003       -0.11499999999999999     3.125562628250691
0.29500000000000004       -0.11499999999999999     3.526565668618332
0.30500000000000005       -0.11499999999999999     3.904934703044617
0.31499999999999995       -0.11499999999999999     4.259596158272757
0.32499999999999996       -0.11499999999999999     4.591997179344844
0.33499999999999996       -0.11499999999999999     4.894149405713023
0.345                     -0.11499999999999999     5.174010907116035
0.355                     -0.11499999999999999     5.430902692134509
0.365                     -0.11499999999999999     5.6620664686139435
0.375                     -0.11499999999999999     5.871777038979872
0.385                     -0.11499999999999999     6.059778175417961
0.395                     -0.11499999999999999     6.227592709207698
0.405                     -0.11499999999999999     6.377366802948952
0.41500000000000004       -0.11499999999999999     6.509489048492
0.42500000000000004       -0.11499999999999999     6.624419584241082
0.43500000000000005       -0.11499999999999999     6.722942593673622
0.44499999999999995       -0.11499999999999999     6.806729013112204
0.45499999999999996       -0.11499999999999999     6.874238329708575
0.46499999999999997       -0.11499999999999999     6.92838092127289
0.475                     -0.11499999999999999     6.970110032953414
0.485                     -0.11499999999999999     6.995548941406753
0.495                     -0.11499999999999999     7.009002617669424
-0.495                    -0.10499999999999998     6.847080904749902
-0.485                    -0.10499999999999998     6.833177349069558
-0.475                    -0.10499999999999998     6.806900366925447
-0.46499999999999997      -0.10499999999999998     6.763835175074547
-0.45499999999999996      -0.10499999999999998     6.708028995857745
-0.44499999999999995      -0.10499999999999998     6.638520655828245
-0.43500000000000005      -0.10499999999999998     6.552517588567412
-0.42500000000000004      -0.10499999999999998     6.451673881145439
-0.41500000000000004      -0.10499999999999998     6.333901199437463
-0.405                    -0.10499999999999998     6.199628657615763
-0.395                    -0.10499999999999998     6.047746747765842
-0.385                    -0.10499999999999998     5.87801810776395
-0.375                    -0.10499999999999998     5.689146606460099
-0.365                    -0.10499999999999998     5.4794903383690325
-0.355                    -0.10499999999999998     5.249688403113282
-0.345                    -0.10499999999999998     4.996116381509289
-0.33499999999999996      -0.10499999999999998     4.721655080681785
-0.32499999999999996      -0.10499999999999998     4.427191660056167
-0.31499999999999995      -0.10499999999999998     4.106029763756055
-0.30499999999999994      -0.10499999999999998     3.765575447112525
-0.29500000000000004      -0.10499999999999998     3.404062324759707
-0.28500000000000003      -0.10499999999999998     3.024859136944883
-0.275                    -0.10499999999999998     2.6304180818064387
-0.265                    -0.10499999999999998     2.223313814286257
-0.255                    -0.10499999999999998     1.8083448515394593
-0.245                    -0.10499999999999998     1.5892690363750432
-0.235                    -0.10499999999999998     1.5673758396808921
-0.22499999999999998      -0.10499999999999998     1.5448301810882867
-0.21500000000000005      -0.10499999999999998     1.521831593988054
-0.20500000000000004      -0.10499999999999998     1.498777344320139
-0.19500000000000003      -0.10499999999999998     1.4759010875844183
-0.18500000000000003      -0.10499999999999998     1.4535321546690056
-0.17500000000000002      -0.10499999999999998     1.4318411815407046
-0.165                    -0.10499999999999998     1.4110892052116562
-0.15500000000000003      -0.10499999999999998     1.3913584996693658
-0.14500000000000002      -0.10499999999999998     1.3728631085940037
-0.135                    -0.10499999999999998     1.3554001971826892
-0.125                    -0.10499999999999998     1.339313674050274
-0.11499999999999999      -0.10499999999999998     1.3244639902900133
-0.10499999999999998      -0.10499999999999998     1.3109997683178563
-0.09499999999999997      -0.10499999999999998     1.2989705664395927
-0.08499999999999999      -0.10499999999999998     1.2881030401744624
-0.07499999999999998      -0.10499999999999998     1.2785102934267911
-0.06499999999999997      -0.10499999999999998     1.2701681409481012
-0.054999999999999966     -0.10499999999999998     1.2630620947383022
-0.04499999999999996      -0.10499999999999998     1.257172654153635
-0.03499999999999995      -0.10499999999999998     1.252483692360613
-0.025000000000000022     -0.10499999999999998     1.2489806364507672
-0.015000000000000013     -0.10499999999999998     1.2466518694533875
-0.0050000000000000044    -0.10499999999999998     1.2454895286020928
0.0050000000000000044     -0.10499999999999998     1.245489694228013
0.015000000000000013      -0.10499999999999998     1.2466524057899733
0.025000000000000022      -0.10499999999999998     1.248981879849282
0.03500000000000003       -0.10499999999999998     1.2524861443789064
0.04500000000000004       -0.10499999999999998     1.2571764055311405
0.05500000000000005       -0.10499999999999998     1.263066800572858
0.06499999999999995       -0.10499999999999998     1.2701733329386116
0.07499999999999996       -0.10499999999999998     1.2785153984507929
0.08499999999999996       -0.10499999999999998     1.288118794973684
0.09499999999999997       -0.10499999999999998     1.2990116890331365
0.10499999999999998       -0.10499999999999998     1.3112102646561539
0.11499999999999999       -0.10499999999999998     1.3245207811972985
0.125                     -0.10499999999999998     1.339282465048413
0.135                     -0.10499999999999998     1.3554011888759874
0.14500000000000002       -0.10499999999999998     1.3726257091559546
0.15500000000000003       -0.10499999999999998     1.3913546976148723
0.16500000000000004       -0.10499999999999998     1.4110920708199166
0.17500000000000004       -0.10499999999999998     1.4318329676272583
0.18500000000000005       -0.10499999999999998     1.4535286105860905
0.19499999999999995       -0.10499999999999998     1.4758983271972852
0.20499999999999996       -0.10499999999999998     1.4987732216289444
0.21499999999999997       -0.10499999999999998     1.521827410031534
0.22499999999999998       -0.10499999999999998     1.5448255881645991
0.235                     -0.10499999999999998     1.567371073278082
0.245                     -0.10499999999999998     1.5892641915555288
0.255                     -0.10499999999999998     1.809453138525214
0.265                     -0.10499999999999998     2.223590584506759
0.275                     -0.10499999999999998     2.630219950835567
0.28500000000000003       -0.10499999999999998     3.0250741135089356
0.29500000000000004       -0.10499999999999998     3.4048341767343118
0.30500000000000005       -0.10499999999999998     3.765571134034289
0.31499999999999995       -0.10499999999999998     4.10602585941831
0.32499999999999996       -0.10499999999999998     4.4271895770345395
0.33499999999999996       -0.10499999999999998     4.721654607420021
0.345                     -0.10499999999999998     4.996118673814635
0.355                     -0.10499999999999998     5.249688411034526
0.365                     -0.10499999999999998     5.479499564850471
0.375                     -0.10499999999999998     5.689155243339997
0.385                     -0.10499999999999998     5.878087947416844
0.395                     -0.10499999999999998     6.047677235444141
0.405                     -0.10499999999999998     6.199619332840356
0.41500000000000004       -0.10499999999999998     6.334095942816944
0.42500000000000004       -0.10499999999999998     6.451555202182419
0.43500000000000005       -0.10499999999999998     6.552505486455743
0.44499999999999995       -0.10499999999999998     6.638557371632658
0.45499999999999996       -0.10499999999999998     6.708045233212459
0.46499999999999997       -0.10499999999999998     6.763853998105844
0.475                     -0.10499999999999998     6.806916113715772
0.485                     -0.10499999999999998     6.833196386740724
0.495                     -0.10499999999999998     6.847100073810935
-0.495                    -0.09499999999999997     6.698908924755273
-0.485                    -0.09499999999999997     6.684641801273415
-0.475                    -0.09499999999999997     6.6576868010935755
-0.46499999999999997      -0.09499999999999997     6.613555692175652
-0.45499999999999996      -0.09499999999999997     6.556428253697064
-0.44499999999999995      -0.09499999999999997     6.485369936994346
-0.43500000000000005      -0.09499999999999997     6.397622577247887
-0.42500000000000004      -0.09499999999999997     6.294952312306577
-0.41500000000000004      -0.09499999999999997     6.175395808503026
-0.405                    -0.09499999999999997     6.039447082927764
-0.395                    -0.09499999999999997     5.886228037568827
-0.385                    -0.09499999999999997     5.715707935101165
-0.375                    -0.09499999999999997     5.526667563599801
-0.365                    -0.09499999999999997     5.317884373775769
-0.355                    -0.09499999999999997     5.090182263712791
-0.345                    -0.09499999999999997     4.840458677773505
-0.33499999999999996      -0.09499999999999997     4.571647667644356
-0.32499999999999996      -0.09499999999999997     4.284780290021729
-0.31499999999999995      -0.09499999999999997     3.9741531814393625
-0.30499999999999994      -0.09499999999999997     3.646626651026807
-0.29500000000000004      -0.09499999999999997     3.300863453939428
-0.28500000000000003      -0.09499999999999997     2.9399042979771366
-0.275                    -0.09499999999999997     2.565860618209399
-0.265                    -0.09499999999999997     2.181646071887144
-0.255                    -0.09499999999999997     1.7905331778383697
-0.245                    -0.09499999999999997     1.584236632271569
-0.235                    -0.09499999999999997     1.5637187444656888
-0.22499999999999998      -0.09499999999999997     1.5426457120447594
-0.21500000000000005      -0.09499999999999997     1.5211747360178833
-0.20500000000000004      -0.09499999999999997     1.4996398041997736
-0.19500000000000003      -0.09499999999999997     1.4782367374526189
-0.18500000000000003      -0.09499999999999997     1.4572414629533341
-0.17500000000000002      -0.09499999999999997     1.4368085392966634
-0.165                    -0.09499999999999997     1.4171776264431237
-0.15500000000000003      -0.09499999999999997     1.3984240212319037
-0.14500000000000002      -0.09499999999999997     1.380757256583479
-0.135                    -0.09499999999999997     1.3640073909651562
-0.125                    -0.09499999999999997     1.3485001072162675
-0.11499999999999999      -0.09499999999999997     1.3341300155040585
-0.10499999999999998      -0.09499999999999997     1.3210475281171057
-0.09499999999999997      -0.09499999999999997     1.3092966448489278
-0.08499999999999999      -0.09499999999999997     1.2985246343627352
-0.07499999999999998      -0.09499999999999997     1.2890908702818251
-0.06499999999999997      -0.09499999999999997     1.2808714774389784
-0.054999999999999966     -0.09499999999999997     1.2738543593036695
-0.04499999999999996      -0.09499999999999997     1.2680286936505354
-0.03499999999999995      -0.09499999999999997     1.2633846520180043
-0.025000000000000022     -0.09499999999999997     1.259910174241469
-0.015000000000000013     -0.09499999999999997     1.2575982035515665
-0.0050000000000000044    -0.09499999999999997     1.2564434758215555
0.0050000000000000044     -0.09499999999999997     1.2564432363859623
0.015000000000000013      -0.09499999999999997     1.2575974323889056
0.025000000000000022      -0.09499999999999997     1.2599087081769085
0.03500000000000003       -0.09499999999999997     1.2633824608325313
0.04500000000000004       -0.09499999999999997     1.2680264529311103
0.05500000000000005       -0.09499999999999997     1.273850609411852
0.06499999999999995       -0.09499999999999997     1.2808665396819947
0.07499999999999996       -0.09499999999999997     1.2890922602610146
0.08499999999999996       -0.09499999999999997     1.2985251080401667
0.09499999999999997       -0.09499999999999997     1.3090896131392356
0.10499999999999998       -0.09499999999999997     1.3210747745140736
0.11499999999999999       -0.09499999999999997     1.334157606072722
0.125                     -0.09499999999999997     1.3484779967229557
0.135                     -0.09499999999999997     1.3640067038165853
0.14500000000000002       -0.09499999999999997     1.380541314742402
0.15500000000000003       -0.09499999999999997     1.3984207014366916
0.16500000000000004       -0.09499999999999997     1.417177588284763
0.17500000000000004       -0.09499999999999997     1.436802944110525
0.18500000000000005       -0.09499999999999997     1.4572380256403221
0.19499999999999995       -0.09499999999999997     1.4782333598150217
0.20499999999999996       -0.09499999999999997     1.4996358847447766
0.21499999999999997       -0.09499999999999997     1.521170613503557
0.22499999999999998       -0.09499999999999997     1.5426413394476413
0.235                     -0.09499999999999997     1.5637141938375407
0.245                     -0.09499999999999997     1.5842319683962955
0.255                     -0.09499999999999997     1.7913743396306927
0.265                     -0.09499999999999997     2.1818391332781175
0.275                     -0.09499999999999997     2.5660018326840017
0.28500000000000003       -0.09499999999999997     2.940093658385214
0.29500000000000004       -0.09499999999999997     3.3014590056309316
0.30500000000000005       -0.09499999999999997     3.6466237475126775
0.31499999999999995       -0.09499999999999997     3.9741515597027615
0.32499999999999996       -0.09499999999999997     4.284780411351392
0.33499999999999996       -0.09499999999999997     4.57164934467005
0.345                     -0.09499999999999997     4.8404626767504055
0.355                     -0.09499999999999997     5.090185650671117
0.365                     -0.09499999999999997     5.317901394143178
0.375                     -0.09499999999999997     5.526706656776412
0.385                     -0.09499999999999997     5.715698440849707
0.395                     -0.09499999999999997     5.886183551961281
0.405                     -0.09499999999999997     6.039470199994025
0.41500000000000004       -0.09499999999999997     6.175560257356963
0.42500000000000004       -0.09499999999999997     6.294854402519945
0.43500000000000005       -0.09499999999999997     6.39760550060987
0.44499999999999995       -0.09499999999999997     6.485405981199904
0.45499999999999996       -0.09499999999999997     6.556445492673646
0.46499999999999997       -0.09499999999999997     6.613575376019156
0.475                     -0.09499999999999997     6.657703651004397
0.485                     -0.09499999999999997     6.684661770358048
0.495                     -0.09499999999999997     6.6989290244741255
-0.495                    -0.08499999999999999     6.564829663251032
-0.485                    -0.08499999999999999     6.550274185697447
-0.475                    -0.08499999999999999     6.522782962816507
-0.46499999999999997      -0.08499999999999999     6.477816206483567
-0.45499999999999996      -0.08499999999999999     6.419663213262709
-0.44499999999999995      -0.08499999999999999     6.347417459153576
-0.43500000000000005      -0.08499999999999999     6.258367807097784
-0.42500000000000004      -0.08499999999999999     6.154369128170657
-0.41500000000000004      -0.08499999999999999     6.033598649417357
-0.405                    -0.08499999999999999     5.896566783474929
-0.395                    -0.08499999999999999     5.742649601815202
-0.385                    -0.08499999999999999     5.571948533559663
-0.375                    -0.08499999999999999     5.383355215629251
-0.365                    -0.08499999999999999     5.1759989879262776
-0.355                    -0.08499999999999999     4.950806617915362
-0.345                    -0.08499999999999999     4.705134448604852
-0.33499999999999996      -0.08499999999999999     4.441919139595598
-0.32499999999999996      -0.08499999999999999     4.162283323963493
-0.31499999999999995      -0.08499999999999999     3.8613058375367473
-0.30499999999999994      -0.08499999999999999     3.5453545999098566
-0.29500000000000004      -0.08499999999999999     3.213376401788082
-0.28500000000000003      -0.08499999999999999     2.868301186373401
-0.275                    -0.08499999999999999     2.511674073059112
-0.265                    -0.08499999999999999     2.146651751816023
-0.255                    -0.08499999999999999     1.7755899069920815
-0.245                    -0.08499999999999999     1.5800295976953578
-0.235                    -0.08499999999999999     1.560656932290783
-0.22499999999999998      -0.08499999999999999     1.5408075862721944
-0.21500000000000005      -0.08499999999999999     1.5206090676261397
-0.20500000000000004      -0.08499999999999999     1.5003459906408523
-0.19500000000000003      -0.08499999999999999     1.4801846640384042
-0.18500000000000003      -0.08499999999999999     1.4603608769991752
-0.17500000000000002      -0.08499999999999999     1.4410136315087811
-0.165                    -0.08499999999999999     1.4223619555142095
-0.15500000000000003      -0.08499999999999999     1.4044756533222937
-0.14500000000000002      -0.08499999999999999     1.387353925795253
-0.135                    -0.08499999999999999     1.3714605790696623
-0.125                    -0.08499999999999999     1.356490332565965
-0.11499999999999999      -0.08499999999999999     1.3425839019064654
-0.10499999999999998      -0.08499999999999999     1.3298667911432744
-0.09499999999999997      -0.08499999999999999     1.3181932403086307
-0.08499999999999999      -0.08499999999999999     1.307868144997144
-0.07499999999999998      -0.08499999999999999     1.298619503485309
-0.06499999999999997      -0.08499999999999999     1.2905271822749995
-0.054999999999999966     -0.08499999999999999     1.2836110475172262
-0.04499999999999996      -0.08499999999999999     1.2778622777425142
-0.03499999999999995      -0.08499999999999999     1.27327022405278
-0.025000000000000022     -0.08499999999999999     1.2698310996736524
-0.015000000000000013     -0.08499999999999999     1.267540006249078
-0.0050000000000000044    -0.08499999999999999     1.266395153869567
0.0050000000000000044     -0.08499999999999999     1.2663947893543792
0.015000000000000013      -0.08499999999999999     1.2675385474966845
0.025000000000000022      -0.08499999999999999     1.2698278835916312
0.03500000000000003       -0.08499999999999999     1.273265717450407
0.04500000000000004       -0.08499999999999999     1.2778571615973746
0.05500000000000005       -0.08499999999999999     1.2836075007442673
0.06499999999999995       -0.08499999999999999     1.2905220287796837
0.07499999999999996       -0.08499999999999999     1.2986190993221598
0.08499999999999996       -0.08499999999999999     1.307865578678033
0.09499999999999997       -0.08499999999999999     1.3181937718684935
0.10499999999999998       -0.08499999999999999     1.3298713796078232
0.11499999999999999       -0.08499999999999999     1.34259344905891
0.125                     -0.08499999999999999     1.3564787615903384
0.135                     -0.08499999999999999     1.3714586937621789
0.14500000000000002       -0.08499999999999999     1.3873593466166199
0.15500000000000003       -0.08499999999999999     1.4044726563028007
0.16500000000000004       -0.08499999999999999     1.4223602106752504
0.17500000000000004       -0.08499999999999999     1.4410094257030437
0.18500000000000005       -0.08499999999999999     1.4603574459904962
0.19499999999999995       -0.08499999999999999     1.4801810674317721
0.20499999999999996       -0.08499999999999999     1.5003421231552636
0.21499999999999997       -0.08499999999999999     1.520604998063618
0.22499999999999998       -0.08499999999999999     1.5408033383143902
0.235                     -0.08499999999999999     1.5606525685378756
0.245                     -0.08499999999999999     1.58002513048622
0.255                     -0.08499999999999999     1.776325327415634
0.265                     -0.08499999999999999     2.1468221461463486
0.275                     -0.08499999999999999     2.511949993417147
0.28500000000000003       -0.08499999999999999     2.868456072476988
0.29500000000000004       -0.08499999999999999     3.2139218501674804
0.30500000000000005       -0.08499999999999999     3.5453538171244787
0.31499999999999995       -0.08499999999999999     3.861306264525524
0.32499999999999996       -0.08499999999999999     4.162285436835532
0.33499999999999996       -0.08499999999999999     4.441922868589188
0.345                     -0.08499999999999999     4.705140136149751
0.355                     -0.08499999999999999     4.950813022699776
0.365                     -0.08499999999999999     5.176013955102917
0.375                     -0.08499999999999999     5.383424588390426
0.385                     -0.08499999999999999     5.5718914683564265
0.395                     -0.08499999999999999     5.742617072848432
0.405                     -0.08499999999999999     5.8966144000029175
0.41500000000000004       -0.08499999999999999     6.033704085923503
0.42500000000000004       -0.08499999999999999     6.154271531468396
0.43500000000000005       -0.08499999999999999     6.25835156297461
0.44499999999999995       -0.08499999999999999     6.347453918917836
0.45499999999999996       -0.08499999999999999     6.419681574132056
0.46499999999999997       -0.08499999999999999     6.4778368564395805
0.475                     -0.08499999999999999     6.522801312375748
0.485                     -0.08499999999999999     6.5502952156937795
0.495                     -0.08499999999999999     6.564850821339448
-0.495                    -0.07499999999999998     6.445130096824528
-0.485                    -0.07499999999999998     6.430350338958533
-0.475                    -0.07499999999999998     6.402443321048224
-0.46499999999999997      -0.07499999999999998     6.35683524169167
-0.45499999999999996      -0.07499999999999998     6.297904045585071
-0.44499999999999995      -0.07499999999999998     6.224771781548839
-0.43500000000000005      -0.07499999999999998     6.134778650486112
-0.42500000000000004      -0.07499999999999998     6.02984340271837
-0.41500000000000004      -0.07499999999999998     5.908272269476541
-0.405                    -0.07499999999999998     5.770649728986324
-0.395                    -0.07499999999999998     5.616499060711277
-0.385                    -0.07499999999999998     5.446047881972561
-0.375                    -0.07499999999999998     5.2583030744947905
-0.365                    -0.07499999999999998     5.0526755893016
-0.355                    -0.07499999999999998     4.830169312593398
-0.345                    -0.07499999999999998     4.588509773025081
-0.33499999999999996      -0.07499999999999998     4.330613185598338
-0.32499999999999996      -0.07499999999999998     4.057657454814262
-0.31499999999999995      -0.07499999999999998     3.765337058115904
-0.30499999999999994      -0.07499999999999998     3.459588560084498
-0.29500000000000004      -0.07499999999999998     3.1395920214063153
-0.28500000000000003      -0.07499999999999998     2.808009086350694
-0.275                    -0.07499999999999998     2.4665076686891325
-0.265                    -0.07499999999999998     2.1173882766981933
-0.255                    -0.07499999999999998     1.7631543018837874
-0.245                    -0.07499999999999998     1.576526915197121
-0.235                    -0.07499999999999998     1.5581067470348557
-0.22499999999999998      -0.07499999999999998     1.53927309371187
-0.21500000000000005      -0.07499999999999998     1.5201325473191218
-0.20500000000000004      -0.07499999999999998     1.5009309250861236
-0.19500000000000003      -0.07499999999999998     1.481811712442152
-0.18500000000000003      -0.07499999999999998     1.4629800936971833
-0.17500000000000002      -0.07499999999999998     1.4445612945843322
-0.165                    -0.07499999999999998     1.4267553031364169
-0.15500000000000003      -0.07499999999999998     1.4096280623193422
-0.14500000000000002      -0.07499999999999998     1.3931901891412508
-0.135                    -0.07499999999999998     1.377862689634469
-0.125                    -0.07499999999999998     1.3633837146812269
-0.11499999999999999      -0.07499999999999998     1.3498999466371515
-0.10499999999999998      -0.07499999999999998     1.3375193893269284
-0.09499999999999997      -0.07499999999999998     1.3261331266234606
-0.08499999999999999      -0.07499999999999998     1.3160265843603156
-0.07499999999999998      -0.07499999999999998     1.3069361409365285
-0.06499999999999997      -0.07499999999999998     1.2990176347518343
-0.054999999999999966     -0.07499999999999998     1.292205748806957
-0.04499999999999996      -0.07499999999999998     1.2865193036483333
-0.03499999999999995      -0.07499999999999998     1.2819784183896132
-0.025000000000000022     -0.07499999999999998     1.278575116005399
-0.015000000000000013     -0.07499999999999998     1.2763078123792155
-0.0050000000000000044    -0.07499999999999998     1.275174647557563
0.0050000000000000044     -0.07499999999999998     1.2751753306059044
0.015000000000000013      -0.07499999999999998     1.2763098440090772
0.025000000000000022      -0.07499999999999998     1.278579069159406
0.03500000000000003       -0.07499999999999998     1.2819858607897459
0.04500000000000004       -0.07499999999999998     1.2865314154612406
0.05500000000000005       -0.07499999999999998     1.2922123371030523
0.06499999999999995       -0.07499999999999998     1.299030600448873
0.07499999999999996       -0.07499999999999998     1.3069945180650677
0.08499999999999996       -0.07499999999999998     1.3160238757306608
0.09499999999999997       -0.07499999999999998     1.3261192269094408
0.10499999999999998       -0.07499999999999998     1.3375193612029648
0.11499999999999999       -0.07499999999999998     1.3499036827643067
0.125                     -0.07499999999999998     1.3633774920088726
0.135                     -0.07499999999999998     1.3778603938555989
0.14500000000000002       -0.07499999999999998     1.3931910425139904
0.15500000000000003       -0.07499999999999998     1.4096251517200358
0.16500000000000004       -0.07499999999999998     1.4267526385981486
0.17500000000000004       -0.07499999999999998     1.444557646223302
0.18500000000000005       -0.07499999999999998     1.4629765955422158
0.19499999999999995       -0.07499999999999998     1.481808018646575
0.20499999999999996       -0.07499999999999998     1.5009270401988744
0.21499999999999997       -0.07499999999999998     1.5201284980802257
0.22499999999999998       -0.07499999999999998     1.5392689120731688
0.235                     -0.07499999999999998     1.5581024899918248
0.245                     -0.07499999999999998     1.5765225988361493
0.255                     -0.07499999999999998     1.7639215492845324
0.265                     -0.07499999999999998     2.1175365423011954
0.275                     -0.07499999999999998     2.466673190800975
0.28500000000000003       -0.07499999999999998     2.8081102756223117
0.29500000000000004       -0.07499999999999998     3.1400684577483844
0.30500000000000005       -0.07499999999999998     3.459589569630282
0.31499999999999995       -0.07499999999999998     3.7653394195141914
0.32499999999999996       -0.07499999999999998     4.057661448404531
0.33499999999999996       -0.07499999999999998     4.3306188653183995
0.345                     -0.07499999999999998     4.588517201447971
0.355                     -0.07499999999999998     4.830178190595177
0.365                     -0.07499999999999998     5.052690367598757
0.375                     -0.07499999999999998     5.25838390536768
0.385                     -0.07499999999999998     5.445961777072682
0.395                     -0.07499999999999998     5.616475183840592
0.405                     -0.07499999999999998     5.770711819592954
0.41500000000000004       -0.07499999999999998     5.908384122321067
0.42500000000000004       -0.07499999999999998     6.029768201796827
0.43500000000000005       -0.07499999999999998     6.1347579389433236
0.44499999999999995       -0.07499999999999998     6.2248084077196495
0.45499999999999996       -0.07499999999999998     6.297923824532411
0.46499999999999997       -0.07499999999999998     6.356856977231331
0.475                     -0.07499999999999998     6.402463732545243
0.485                     -0.07499999999999998     6.4303725580240325
0.495                     -0.07499999999999998     6.445152438475773
-0.495                    -0.06499999999999997     6.3400337663222786
-0.485                    -0.06499999999999997     6.325083179214687
-0.475                    -0.06499999999999997     6.296860577296513
-0.46499999999999997      -0.06499999999999997     6.250771451290518
-0.45499999999999996      -0.06499999999999997     6.191264059553113
-0.44499999999999995      -0.06499999999999997     6.117489029733747
-0.43500000000000005      -0.06499999999999997     6.026831165703129
-0.42500000000000004      -0.06499999999999997     5.921287806034115
-0.41500000000000004      -0.06499999999999997     5.799260022228026
-0.405                    -0.06499999999999997     5.661357813751482
-0.395                    -0.06499999999999997     5.507281569757097
-0.385                    -0.06499999999999997     5.337359311565564
-0.375                    -0.06499999999999997     5.150692508297823
-0.365                    -0.06499999999999997     4.946903851065599
-0.355                    -0.06499999999999997     4.727067860485647
-0.345                    -0.06499999999999997     4.48920101824978
-0.33499999999999996      -0.06499999999999997     4.236186557565304
-0.32499999999999996      -0.06499999999999997     3.9692329891274767
-0.31499999999999995      -0.06499999999999997     3.6845179365855643
-0.30499999999999994      -0.06499999999999997     3.3876091079954023
-0.29500000000000004      -0.06499999999999997     3.077833823018409
-0.28500000000000003      -0.06499999999999997     2.757768206316541
-0.275                    -0.06499999999999997     2.4287605918561326
-0.265                    -0.06499999999999997     2.093063062266765
-0.255                    -0.06499999999999997     1.7528364743329803
-0.245                    -0.06499999999999997     1.5736330275567525
-0.235                    -0.06499999999999997     1.5560005802337855
-0.22499999999999998      -0.06499999999999997     1.5380053562411717
-0.21500000000000005      -0.06499999999999997     1.5197391484431364
-0.20500000000000004      -0.06499999999999997     1.5014172599218654
-0.19500000000000003      -0.06499999999999997     1.4831656348285378
-0.18500000000000003      -0.06499999999999997     1.4651659341524805
-0.17500000000000002      -0.06499999999999997     1.4475317028633299
-0.165                    -0.06499999999999997     1.4304462488944507
-0.15500000000000003      -0.06499999999999997     1.4139727189461553
-0.14500000000000002      -0.06499999999999997     1.3981279966630495
-0.135                    -0.06499999999999997     1.3833000503930748
-0.125                    -0.06499999999999997     1.3692601866537828
-0.11499999999999999      -0.06499999999999997     1.3561533775381918
-0.10499999999999998      -0.06499999999999997     1.3440820054300957
-0.09499999999999997      -0.06499999999999997     1.3329839610133547
-0.08499999999999999      -0.06499999999999997     1.3230580983076763
-0.07499999999999998      -0.06499999999999997     1.314149747929548
-0.06499999999999997      -0.06499999999999997     1.3062258290710105
-0.054999999999999966     -0.06499999999999997     1.2996493945944678
-0.04499999999999996      -0.06499999999999997     1.2940052401766025
-0.03499999999999995      -0.06499999999999997     1.2895258709224322
-0.025000000000000022     -0.06499999999999997     1.2861627131602518
-0.015000000000000013     -0.06499999999999997     1.2839191159427514
-0.0050000000000000044    -0.06499999999999997     1.2827974579556383
0.0050000000000000044     -0.06499999999999997     1.282798099621715
0.015000000000000013      -0.06499999999999997     1.283920067963436
0.025000000000000022      -0.06499999999999997     1.2861636240670862
0.03500000000000003       -0.06499999999999997     1.2895303812104544
0.04500000000000004       -0.06499999999999997     1.2940227084491198
0.05500000000000005       -0.06499999999999997     1.2996809812522656
0.06499999999999995       -0.06499999999999997     1.3063265298858369
0.07499999999999996       -0.06499999999999997     1.3141729373641624
0.08499999999999996       -0.06499999999999997     1.3230629363358588
0.09499999999999997       -0.06499999999999997     1.3329613542134666
0.10499999999999998       -0.06499999999999997     1.3440820847532677
0.11499999999999999       -0.06499999999999997     1.3561545084029092
0.125                     -0.06499999999999997     1.3692555747498503
0.135                     -0.06499999999999997     1.3832976056814914
0.14500000000000002       -0.06499999999999997     1.3981265112374217
0.15500000000000003       -0.06499999999999997     1.413969707029736
0.16500000000000004       -0.06499999999999997     1.4304431564227764
0.17500000000000004       -0.06499999999999997     1.4475281756838285
0.18500000000000005       -0.06499999999999997     1.465162326977179
0.19499999999999995       -0.06499999999999997     1.4831618525030308
0.20499999999999996       -0.06499999999999997     1.5014133227610387
0.21499999999999997       -0.06499999999999997     1.5197350831269034
0.22499999999999998       -0.06499999999999997     1.5380011929445914
0.235                     -0.06499999999999997     1.5559963671171886
0.245                     -0.06499999999999997     1.5736289057013693
0.255                     -0.06499999999999997     1.7534504880377426
0.265                     -0.06499999999999997     2.0931637965315986
0.275                     -0.06499999999999997     2.4289235101549593
0.28500000000000003       -0.06499999999999997     2.757803524200426
0.29500000000000004       -0.06499999999999997     3.0782695693455935
0.30500000000000005       -0.06499999999999997     3.387611399425836
0.31499999999999995       -0.06499999999999997     3.6845220589039513
0.32499999999999996       -0.06499999999999997     3.969238823220337
0.33499999999999996       -0.06499999999999997     4.236194112772864
0.345                     -0.06499999999999997     4.489210292735706
0.355                     -0.06499999999999997     4.72707876446492
0.365                     -0.06499999999999997     4.946919953808333
0.375                     -0.06499999999999997     5.150792611953875
0.385                     -0.06499999999999997     5.3372594063230565
0.395                     -0.06499999999999997     5.507273553619157
0.405                     -0.06499999999999997     5.661429002840336
0.41500000000000004       -0.06499999999999997     5.799327706251475
0.42500000000000004       -0.06499999999999997     5.921208333165282
0.43500000000000005       -0.06499999999999997     6.02681185685401
0.44499999999999995       -0.06499999999999997     6.11752520634667
0.45499999999999996       -0.06499999999999997     6.191285625850078
0.46499999999999997       -0.06499999999999997     6.250794470170604
0.475                     -0.06499999999999997     6.296883512375075
0.485                     -0.06499999999999997     6.325106709365286
0.495                     -0.06499999999999997     6.340057412537178
-0.495                    -0.054999999999999966    6.249711224320848
-0.485                    -0.054999999999999966    6.234633479314482
-0.475                    -0.054999999999999966    6.206176927523188
-0.46499999999999997      -0.054999999999999966    6.159735904231525
-0.45499999999999996      -0.054999999999999966    6.099813446122823
-0.44499999999999995      -0.054999999999999966    6.02558689415423
-0.43500000000000005      -0.054999999999999966    5.934482528561318
-0.42500000000000004      -0.054999999999999966    5.828549380658785
-0.41500000000000004      -0.054999999999999966    5.706285268100871
-0.405                    -0.054999999999999966    5.568360295479181
-0.395                    -0.054999999999999966    5.4145555167055335
-0.385                    -0.054999999999999966    5.2453023195783715
-0.375                    -0.054999999999999966    5.0597967783245394
-0.365                    -0.054999999999999966    4.85781066371851
-0.355                    -0.054999999999999966    4.6404815649994475
-0.345                    -0.054999999999999966    4.406053349587204
-0.33499999999999996      -0.054999999999999966    4.157370570038296
-0.32499999999999996      -0.054999999999999966    3.8956568263604368
-0.31499999999999995      -0.054999999999999966    3.6174660139923276
-0.30499999999999994      -0.054999999999999966    3.328057896298205
-0.29500000000000004      -0.054999999999999966    3.026901192439709
-0.28500000000000003      -0.054999999999999966    2.716226384456263
-0.275                    -0.054999999999999966    2.397701813120193
-0.265                    -0.054999999999999966    2.0730352456623677
-0.255                    -0.054999999999999966    1.7444305626331698
-0.245                    -0.054999999999999966    1.571272486187894
-0.235                    -0.054999999999999966    1.5542840172990964
-0.22499999999999998      -0.054999999999999966    1.5369731477848632
-0.21500000000000005      -0.054999999999999966    1.519421150696985
-0.20500000000000004      -0.054999999999999966    1.5018194562796907
-0.19500000000000003      -0.054999999999999966    1.4842806058323958
-0.18500000000000003      -0.054999999999999966    1.4669682136309916
-0.17500000000000002      -0.054999999999999966    1.4499861736251773
-0.165                    -0.054999999999999966    1.4335038687583965
-0.15500000000000003      -0.054999999999999966    1.4175821417295538
-0.14500000000000002      -0.054999999999999966    1.4022410391241351
-0.135                    -0.054999999999999966    1.387843427410644
-0.125                    -0.054999999999999966    1.3741844490983084
-0.11499999999999999      -0.054999999999999966    1.3614068437032358
-0.10499999999999998      -0.054999999999999966    1.3496102215681844
-0.09499999999999997      -0.054999999999999966    1.3387367131477959
-0.08499999999999999      -0.054999999999999966    1.329009040057997
-0.07499999999999998      -0.054999999999999966    1.320256138513912
-0.06499999999999997      -0.054999999999999966    1.3124480822506257
-0.054999999999999966     -0.054999999999999966    1.3059789193203244
-0.04499999999999996      -0.054999999999999966    1.3004864833293368
-0.03499999999999995      -0.054999999999999966    1.2960678006193689
-0.025000000000000022     -0.054999999999999966    1.2927602670992826
-0.015000000000000013     -0.054999999999999966    1.2905524945294644
-0.0050000000000000044    -0.054999999999999966    1.2894455741600837
0.0050000000000000044     -0.054999999999999966    1.289441600035616
0.015000000000000013      -0.054999999999999966    1.2905442368806348
0.025000000000000022      -0.054999999999999966    1.2927527667129084
0.03500000000000003       -0.054999999999999966    1.2960617532375238
0.04500000000000004       -0.054999999999999966    1.3004624381725947
0.05500000000000005       -0.054999999999999966    1.3059542137365483
0.06499999999999995       -0.054999999999999966    1.3126291768740543
0.07499999999999996       -0.054999999999999966    1.3202558976570664
0.08499999999999996       -0.054999999999999966    1.329011591680254
0.09499999999999997       -0.054999999999999966    1.3387260383718171
0.10499999999999998       -0.054999999999999966    1.3496102878341958
0.11499999999999999       -0.054999999999999966    1.3614067152947769
0.125                     -0.054999999999999966    1.3741806553377813
0.135                     -0.054999999999999966    1.3878406932107055
0.14500000000000002       -0.054999999999999966    1.4022384747116803
0.15500000000000003       -0.054999999999999966    1.4175789591924683
0.16500000000000004       -0.054999999999999966    1.4335005158506338
0.17500000000000004       -0.054999999999999966    1.449982579113339
0.18500000000000005       -0.054999999999999966    1.4669644752329987
0.19499999999999995       -0.054999999999999966    1.484276715143551
0.20499999999999996       -0.054999999999999966    1.5018154390582268
0.21499999999999997       -0.054999999999999966    1.5194170346357794
0.22499999999999998       -0.054999999999999966    1.5369689629320078
0.235                     -0.054999999999999966    1.5542798072308415
0.245                     -0.054999999999999966    1.571268294401719
0.255                     -0.054999999999999966    1.7448212370554756
0.265                     -0.054999999999999966    2.0732110167185738
0.275                     -0.054999999999999966    2.397889310677101
0.28500000000000003       -0.054999999999999966    2.7163908582484453
0.29500000000000004       -0.054999999999999966    3.0272756065717203
0.30500000000000005       -0.054999999999999966    3.3280624492630437
0.31499999999999995       -0.054999999999999966    3.6174719440602416
0.32499999999999996       -0.054999999999999966    3.8956644987090385
0.33499999999999996       -0.054999999999999966    4.157380001990845
0.345                     -0.054999999999999966    4.4060645206355815
0.355                     -0.054999999999999966    4.640494395749613
0.365                     -0.054999999999999966    4.85782785051282
0.375                     -0.054999999999999966    5.059898409610355
0.385                     -0.054999999999999966    5.245204157213578
0.395                     -0.054999999999999966    5.414562500837164
0.405                     -0.054999999999999966    5.568438584342452
0.41500000000000004       -0.054999999999999966    5.706369525558827
0.42500000000000004       -0.054999999999999966    5.828491835884648
0.43500000000000005       -0.054999999999999966    5.93446652151971
0.44499999999999995       -0.054999999999999966    6.025622924308095
0.45499999999999996       -0.054999999999999966    6.099836899209812
0.46499999999999997       -0.054999999999999966    6.15976041092722
0.475                     -0.054999999999999966    6.206202054285882
0.485                     -0.054999999999999966    6.234658437392795
0.495                     -0.054999999999999966    6.249736290229222
-0.495                    -0.04499999999999996     6.174289662170494
-0.485                    -0.04499999999999996     6.159119741507141
-0.475                    -0.04499999999999996     6.130494394463824
-0.46499999999999997      -0.04499999999999996     6.083803166192553
-0.45499999999999996      -0.04499999999999996     6.023591005808683
-0.44499999999999995      -0.04499999999999996     5.9490579542402315
-0.43500000000000005      -0.04499999999999996     5.857670359925351
-0.42500000000000004      -0.04499999999999996     5.751529856681032
-0.41500000000000004      -0.04499999999999996     5.6291861305351745
-0.405                    -0.04499999999999996     5.491356141483985
-0.395                    -0.04499999999999996     5.337923052562786
-0.385                    -0.04499999999999996     5.169369503434979
-0.375                    -0.04499999999999996     4.984993695721414
-0.365                    -0.04499999999999996     4.784659238683105
-0.355                    -0.04499999999999996     4.569561771288306
-0.345                    -0.04499999999999996     4.338119305287336
-0.33499999999999996      -0.04499999999999996     4.093137429734952
-0.32499999999999996      -0.04499999999999996     3.8358455422228985
-0.31499999999999995      -0.04499999999999996     3.563086414137615
-0.30499999999999994      -0.04499999999999996     3.2798701254144333
-0.29500000000000004      -0.04499999999999996     2.985824741765555
-0.28500000000000003      -0.04499999999999996     2.6829575858680528
-0.275                    -0.04499999999999996     2.372738274050306
-0.265                    -0.04499999999999996     2.056997057173305
-0.255                    -0.04499999999999996     1.7376374285352085
-0.245                    -0.04499999999999996     1.5693859852486298
-0.235                    -0.04499999999999996     1.5529136504568442
-0.22499999999999998      -0.04499999999999996     1.5361505664283754
-0.21500000000000005      -0.04499999999999996     1.5191705381666623
-0.20500000000000004      -0.04499999999999996     1.5021465664795244
-0.19500000000000003      -0.04499999999999996     1.4851810631237186
-0.18500000000000003      -0.04499999999999996     1.4684239645494017
-0.17500000000000002      -0.04499999999999996     1.4519713834727384
-0.165                    -0.04499999999999996     1.435981550220449
-0.15500000000000003      -0.04499999999999996     1.420513262050065
-0.14500000000000002      -0.04499999999999996     1.4055880789553612
-0.135                    -0.04499999999999996     1.391549693704917
-0.125                    -0.04499999999999996     1.3782106502936813
-0.11499999999999999      -0.04499999999999996     1.3657117006850967
-0.10499999999999998      -0.04499999999999996     1.3541505089312977
-0.09499999999999997      -0.04499999999999996     1.343472789792827
-0.08499999999999999      -0.04499999999999996     1.3339119936705401
-0.07499999999999998      -0.04499999999999996     1.3252931262938716
-0.06499999999999997      -0.04499999999999996     1.317601047409255
-0.054999999999999966     -0.04499999999999996     1.311183866354936
-0.04499999999999996      -0.04499999999999996     1.3057117321495468
-0.03499999999999995      -0.04499999999999996     1.3013102716921736
-0.025000000000000022     -0.04499999999999996     1.2980236855838143
-0.015000000000000013     -0.04499999999999996     1.2958314973433005
-0.0050000000000000044    -0.04499999999999996     1.2947340495396418
0.0050000000000000044     -0.04499999999999996     1.2947345763107023
0.015000000000000013      -0.04499999999999996     1.2958332377038602
0.025000000000000022      -0.04499999999999996     1.2980296492612098
0.03500000000000003       -0.04499999999999996     1.3013138824420736
0.04500000000000004       -0.04499999999999996     1.3056962563290426
0.05500000000000005       -0.04499999999999996     1.3111483213268968
0.06499999999999995       -0.04499999999999996     1.3177966497860325
0.07499999999999996       -0.04499999999999996     1.325291946302265
0.08499999999999996       -0.04499999999999996     1.3339130813730122
0.09499999999999997       -0.04499999999999996     1.3434644211288855
0.10499999999999998       -0.04499999999999996     1.3541496828219692
0.11499999999999999       -0.04499999999999996     1.3657104968432918
0.125                     -0.04499999999999996     1.378207225568488
0.135                     -0.04499999999999996     1.3915467361248943
0.14500000000000002       -0.04499999999999996     1.4055850045439797
0.15500000000000003       -0.04499999999999996     1.4205098908223874
0.16500000000000004       -0.04499999999999996     1.435977991570926
0.17500000000000004       -0.04499999999999996     1.4519676446411722
0.18500000000000005       -0.04499999999999996     1.468420075117649
0.19499999999999995       -0.04499999999999996     1.4851770405412594
0.20499999999999996       -0.04499999999999996     1.5021424399512426
0.21499999999999997       -0.04499999999999996     1.5191663370654567
0.22499999999999998       -0.04499999999999996     1.5361463221212261
0.235                     -0.04499999999999996     1.5529094118768967
0.245                     -0.04499999999999996     1.5693817808388104
0.255                     -0.04499999999999996     1.7379533579476174
0.265                     -0.04499999999999996     2.057089626871857
0.275                     -0.04499999999999996     2.372847523311407
0.28500000000000003       -0.04499999999999996     2.6829931877971376
0.29500000000000004       -0.04499999999999996     2.9860777119956765
0.30500000000000005       -0.04499999999999996     3.2798761670713077
0.31499999999999995       -0.04499999999999996     3.563094074265223
0.32499999999999996       -0.04499999999999996     3.835855048434439
0.33499999999999996       -0.04499999999999996     4.093148760310271
0.345                     -0.04499999999999996     4.338132415053003
0.355                     -0.04499999999999996     4.569576562907969
0.365                     -0.04499999999999996     4.784678333573424
0.375                     -0.04499999999999996     4.985091281357938
0.385                     -0.04499999999999996     5.169279869627786
0.395                     -0.04499999999999996     5.337939021233183
0.405                     -0.04499999999999996     5.4914338058009875
0.41500000000000004       -0.04499999999999996     5.6292431628656345
0.42500000000000004       -0.04499999999999996     5.751461552332842
0.43500000000000005       -0.04499999999999996     5.857655893759727
0.44499999999999995       -0.04499999999999996     5.9490948842633316
0.45499999999999996       -0.04499999999999996     6.0236162132126765
0.46499999999999997       -0.04499999999999996     6.08382920967594
0.475                     -0.04499999999999996     6.130521102946318
0.485                     -0.04499999999999996     6.159146232753756
0.495                     -0.04499999999999996     6.174316255547808
-0.495                    -0.03499999999999995     6.113861470960629
-0.485                    -0.03499999999999995     6.098626931576007
-0.475                    -0.03499999999999995     6.069883839383408
-0.46499999999999997      -0.03499999999999995     6.0230208190943415
-0.45499999999999996      -0.03499999999999995     5.962613949114257
-0.44499999999999995      -0.03499999999999995     5.8878809922379105
-0.43500000000000005      -0.03499999999999995     5.79632389237662
-0.42500000000000004      -0.03499999999999995     5.690065166306169
-0.41500000000000004      -0.03499999999999995     5.567744468764047
-0.405                    -0.03499999999999995     5.43008174893849
-0.395                    -0.03499999999999995     5.277042944972408
-0.385                    -0.03499999999999995     5.1091343303824885
-0.375                    -0.03499999999999995     4.925766878673016
-0.365                    -0.03499999999999995     4.72684574606609
-0.355                    -0.03499999999999995     4.513621076785512
-0.345                    -0.03499999999999995     4.284639580531454
-0.33499999999999996      -0.03499999999999995     4.042671780249748
-0.32499999999999996      -0.03499999999999995     3.7889477510101415
-0.31499999999999995      -0.03499999999999995     3.520526219905719
-0.30499999999999994      -0.03499999999999995     3.242222348738025
-0.29500000000000004      -0.03499999999999995     2.9537136982999073
-0.28500000000000003      -0.03499999999999995     2.656915813430942
-0.275                    -0.03499999999999995     2.353336314135902
-0.265                    -0.03499999999999995     2.0445555822150254
-0.255                    -0.03499999999999995     1.7323954399755621
-0.245                    -0.03499999999999995     1.5679275014241512
-0.235                    -0.03499999999999995     1.551855419943081
-0.22499999999999998      -0.03499999999999995     1.5355166716755662
-0.21500000000000005      -0.03499999999999995     1.5189798531097551
-0.20500000000000004      -0.03499999999999995     1.5024041078816097
-0.19500000000000003      -0.03499999999999995     1.4858843687531476
-0.18500000000000003      -0.03499999999999995     1.469560455454939
-0.17500000000000002      -0.03499999999999995     1.4535224299319225
-0.165                    -0.03499999999999995     1.4379199569267196
-0.15500000000000003      -0.03499999999999995     1.4228100660240557
-0.14500000000000002      -0.03499999999999995     1.4082149863972973
-0.135                    -0.03499999999999995     1.3944639973242943
-0.125                    -0.03499999999999995     1.3813821297814144
-0.11499999999999999      -0.03499999999999995     1.3691085952417552
-0.10499999999999998      -0.03499999999999995     1.3577389653629552
-0.09499999999999997      -0.03499999999999995     1.3472225442615695
-0.08499999999999999      -0.03499999999999995     1.3377984951704605
-0.07499999999999998      -0.03499999999999995     1.3292913128626083
-0.06499999999999997      -0.03499999999999995     1.3217003998748282
-0.054999999999999966     -0.03499999999999995     1.3153317273113316
-0.04499999999999996      -0.03499999999999995     1.3099158520551555
-0.03499999999999995      -0.03499999999999995     1.3055706421376954
-0.025000000000000022     -0.03499999999999995     1.3023201870043692
-0.015000000000000013     -0.03499999999999995     1.3001479821837876
-0.0050000000000000044    -0.03499999999999995     1.2990590515178155
0.0050000000000000044     -0.03499999999999995     1.2990587726072818
0.015000000000000013      -0.03499999999999995     1.3001457647734114
0.025000000000000022      -0.03499999999999995     1.3023197581335637
0.03500000000000003       -0.03499999999999995     1.3055857798412376
0.04500000000000004       -0.03499999999999995     1.3099109198264998
0.05500000000000005       -0.03499999999999995     1.3153311915257007
0.06499999999999995       -0.03499999999999995     1.3217125847279476
0.07499999999999996       -0.03499999999999995     1.3292891916630936
0.08499999999999996       -0.03499999999999995     1.3377979540178302
0.09499999999999997       -0.03499999999999995     1.3472145857115834
0.10499999999999998       -0.03499999999999995     1.3577374963892908
0.11499999999999999       -0.03499999999999995     1.369106529229498
0.125                     -0.03499999999999995     1.3813788668975846
0.135                     -0.03499999999999995     1.3944608297302352
0.14500000000000002       -0.03499999999999995     1.4082116224768697
0.15500000000000003       -0.03499999999999995     1.422806492463593
0.16500000000000004       -0.03499999999999995     1.4379162002324901
0.17500000000000004       -0.03499999999999995     1.453518508786118
0.18500000000000005       -0.03499999999999995     1.4695563924609019
0.19499999999999995       -0.03499999999999995     1.485880187828343
0.20499999999999996       -0.03499999999999995     1.5023998410582635
0.21499999999999997       -0.03499999999999995     1.5189755314835907
0.22499999999999998       -0.03499999999999995     1.535512327542051
0.235                     -0.03499999999999995     1.5518511015266654
0.245                     -0.03499999999999995     1.5679232475160347
0.255                     -0.03499999999999995     1.7326275983175492
0.265                     -0.03499999999999995     2.044594931320489
0.275                     -0.03499999999999995     2.353427703272928
0.28500000000000003       -0.03499999999999995     2.656981529745053
0.29500000000000004       -0.03499999999999995     2.953931483000815
0.30500000000000005       -0.03499999999999995     3.2422296581863748
0.31499999999999995       -0.03499999999999995     3.5205355909711216
0.32499999999999996       -0.03499999999999995     3.788959113631563
0.33499999999999996       -0.03499999999999995     4.042685059862379
0.345                     -0.03499999999999995     4.284654698864337
0.355                     -0.03499999999999995     4.51363790152061
0.365                     -0.03499999999999995     4.72686598558812
0.375                     -0.03499999999999995     4.925856500746079
0.385                     -0.03499999999999995     5.1090608651824425
0.395                     -0.03499999999999995     5.27706126845807
0.405                     -0.03499999999999995     5.430157762130815
0.41500000000000004       -0.03499999999999995     5.56781404205843
0.42500000000000004       -0.03499999999999995     5.690018115041909
0.43500000000000005       -0.03499999999999995     5.796311737841847
0.44499999999999995       -0.03499999999999995     5.887920008236506
0.45499999999999996       -0.03499999999999995     5.962640816973909
0.46499999999999997       -0.03499999999999995     6.023048544368038
0.475                     -0.03499999999999995     6.069912160439628
0.485                     -0.03499999999999995     6.098655059129612
0.495                     -0.03499999999999995     6.113889692486268
-0.495                    -0.025000000000000022    6.068491562819759
-0.485                    -0.025000000000000022    6.053213917930179
-0.475                    -0.025000000000000022    6.024392610527684
-0.46499999999999997      -0.025000000000000022    5.977417445066436
-0.45499999999999996      -0.025000000000000022    5.916886148606487
-0.44499999999999995      -0.025000000000000022    5.842030204068237
-0.43500000000000005      -0.025000000000000022    5.750382287353489
-0.42500000000000004      -0.025000000000000022    5.644081023637995
-0.41500000000000004      -0.025000000000000022    5.52179930242248
-0.405                    -0.025000000000000022    5.384322291728818
-0.395                    -0.025000000000000022    5.231632613535027
-0.385                    -0.025000000000000022    5.064254187780392
-0.375                    -0.025000000000000022    4.881705583955863
-0.365                    -0.025000000000000022    4.68389460263154
-0.355                    -0.025000000000000022    4.472122954967858
-0.345                    -0.025000000000000022    4.245026587278971
-0.33499999999999996      -0.025000000000000022    4.005347690233492
-0.32499999999999996      -0.025000000000000022    3.754314749267337
-0.31499999999999995      -0.025000000000000022    3.489140132421369
-0.30499999999999994      -0.025000000000000022    3.2144957769864817
-0.29500000000000004      -0.025000000000000022    2.9301260495055885
-0.28500000000000003      -0.025000000000000022    2.6378318348361063
-0.275                    -0.025000000000000022    2.3390700512061358
-0.265                    -0.025000000000000022    2.035358599939059
-0.255                    -0.025000000000000022    1.72852164112237
-0.245                    -0.025000000000000022    1.566862293819156
-0.235                    -0.025000000000000022    1.5510833748944606
-0.22499999999999998      -0.025000000000000022    1.535055144951798
-0.21500000000000005      -0.025000000000000022    1.5188427168459668
-0.20500000000000004      -0.025000000000000022    1.5025953290973106
-0.19500000000000003      -0.025000000000000022    1.4864026456165789
-0.18500000000000003      -0.025000000000000022    1.4703973513815072
-0.17500000000000002      -0.025000000000000022    1.4546650727502026
-0.165                    -0.025000000000000022    1.4393492812557827
-0.15500000000000003      -0.025000000000000022    1.4245055821693313
-0.14500000000000002      -0.025000000000000022    1.410156479110924
-0.135                    -0.025000000000000022    1.3966208781134242
-0.125                    -0.025000000000000022    1.3837324928716157
-0.11499999999999999      -0.025000000000000022    1.3716291280190944
-0.10499999999999998      -0.025000000000000022    1.3604050645510029
-0.09499999999999997      -0.025000000000000022    1.3500112466545602
-0.08499999999999999      -0.025000000000000022    1.340692568136518
-0.07499999999999998      -0.025000000000000022    1.3322710344146742
-0.06499999999999997      -0.025000000000000022    1.3247577012652414
-0.054999999999999966     -0.025000000000000022    1.3184351956331852
-0.04499999999999996      -0.025000000000000022    1.3130715134788318
-0.03499999999999995      -0.025000000000000022    1.3087695645441357
-0.025000000000000022     -0.025000000000000022    1.3055362266852057
-0.015000000000000013     -0.025000000000000022    1.3034480164395585
-0.0050000000000000044    -0.025000000000000022    1.3023743268394696
0.0050000000000000044     -0.025000000000000022    1.3023764630635242
0.015000000000000013      -0.025000000000000022    1.3034689931567982
0.025000000000000022      -0.025000000000000022    1.3056550650341592
0.03500000000000003       -0.025000000000000022    1.3087969365755328
0.04500000000000004       -0.025000000000000022    1.3130583517933019
0.05500000000000005       -0.025000000000000022    1.318433691760731
0.06499999999999995       -0.025000000000000022    1.3247637159834085
0.07499999999999996       -0.025000000000000022    1.3322691142927567
0.08499999999999996       -0.025000000000000022    1.340691186429254
0.09499999999999997       -0.025000000000000022    1.3500052169752053
0.10499999999999998       -0.025000000000000022    1.3604030422063147
0.11499999999999999       -0.025000000000000022    1.3716264958516433
0.125                     -0.025000000000000022    1.3837292251914022
0.135                     -0.025000000000000022    1.3966174993677782
0.14500000000000002       -0.025000000000000022    1.4101528869370554
0.15500000000000003       -0.025000000000000022    1.4245017935262467
0.16500000000000004       -0.025000000000000022    1.4393453125573372
0.17500000000000004       -0.025000000000000022    1.4546609444396097
0.18500000000000005       -0.025000000000000022    1.4703930896016004
0.19499999999999995       -0.025000000000000022    1.4863982772458257
0.20499999999999996       -0.025000000000000022    1.502590889095778
0.21499999999999997       -0.025000000000000022    1.5188382381953431
0.22499999999999998       -0.025000000000000022    1.5350506608394312
0.235                     -0.025000000000000022    1.5510789307566597
0.245                     -0.025000000000000022    1.5668579294675595
0.255                     -0.025000000000000022    1.728719199261377
0.265                     -0.025000000000000022    2.0354331030598587
0.275                     -0.025000000000000022    2.3391360448663363
0.28500000000000003       -0.025000000000000022    2.6378650168270497
0.29500000000000004       -0.025000000000000022    2.930272114822401
0.30500000000000005       -0.025000000000000022    3.2145045936619
0.31499999999999995       -0.025000000000000022    3.489151238823297
0.32499999999999996       -0.025000000000000022    3.7543280315498464
0.33499999999999996       -0.025000000000000022    4.005363005436067
0.345                     -0.025000000000000022    4.245043821538978
0.355                     -0.025000000000000022    4.472141954001927
0.365                     -0.025000000000000022    4.6839170846080265
0.375                     -0.025000000000000022    4.881784539983244
0.385                     -0.025000000000000022    5.064203180081961
0.395                     -0.025000000000000022    5.231649133294255
0.405                     -0.025000000000000022    5.384400591842265
0.41500000000000004       -0.025000000000000022    5.521878281946357
0.42500000000000004       -0.025000000000000022    5.644040224209988
0.43500000000000005       -0.025000000000000022    5.750368891650851
0.44499999999999995       -0.025000000000000022    5.842071328669533
0.45499999999999996       -0.025000000000000022    5.916914759037105
0.46499999999999997       -0.025000000000000022    5.977446962838343
0.475                     -0.025000000000000022    6.024422697917487
0.485                     -0.025000000000000022    6.05324377650129
0.495                     -0.025000000000000022    6.068521504798781
-0.495                    -0.015000000000000013    6.03822333188694
-0.485                    -0.015000000000000013    6.022919513731381
-0.475                    -0.015000000000000013    5.994050890514643
-0.46499999999999997      -0.015000000000000013    5.947008957589674
-0.45499999999999996      -0.015000000000000013    5.886404878509232
-0.44499999999999995      -0.015000000000000013    5.811480375044596
-0.43500000000000005      -0.015000000000000013    5.719782829494875
-0.42500000000000004      -0.015000000000000013    5.613481078587512
-0.41500000000000004      -0.015000000000000013    5.491259767089048
-0.405                    -0.015000000000000013    5.353912356584454
-0.395                    -0.015000000000000013    5.201473401327021
-0.385                    -0.015000000000000013    5.034472235720671
-0.375                    -0.015000000000000013    4.852503537040093
-0.365                    -0.015000000000000013    4.655453830147962
-0.355                    -0.015000000000000013    4.444673021756671
-0.345                    -0.015000000000000013    4.218851196799093
-0.33499999999999996      -0.015000000000000013    3.980710784472876
-0.32499999999999996      -0.015000000000000013    3.7314782821428594
-0.31499999999999995      -0.015000000000000013    3.468464679228987
-0.30499999999999994      -0.015000000000000013    3.196247904576566
-0.29500000000000004      -0.015000000000000013    2.91461844984633
-0.28500000000000003      -0.015000000000000013    2.6252512145445337
-0.275                    -0.015000000000000013    2.329708341706805
-0.265                    -0.015000000000000013    2.029386152770485
-0.255                    -0.015000000000000013    1.7260234969412522
-0.245                    -0.015000000000000013    1.5661654919791204
-0.235                    -0.015000000000000013    1.5505787766438175
-0.22499999999999998      -0.015000000000000013    1.534754005092168
-0.21500000000000005      -0.015000000000000013    1.518754144598347
-0.20500000000000004      -0.015000000000000013    1.5027220544068243
-0.19500000000000003      -0.015000000000000013    1.486744040030942
-0.18500000000000003      -0.015000000000000013    1.4709482358192076
-0.17500000000000002      -0.015000000000000013    1.4554173604907135
-0.165                    -0.015000000000000013    1.4402908705734858
-0.15500000000000003      -0.015000000000000013    1.4256233734796808
-0.14500000000000002      -0.015000000000000013    1.411437473812839
-0.135                    -0.015000000000000013    1.3980453284602845
-0.125                    -0.015000000000000013    1.3852861879757725
-0.11499999999999999      -0.015000000000000013    1.3732966920496494
-0.10499999999999998      -0.015000000000000013    1.3621705367156096
-0.09499999999999997      -0.015000000000000013    1.3518594318598502
-0.08499999999999999      -0.015000000000000013    1.342612022665179
-0.07499999999999998      -0.015000000000000013    1.33424856251483
-0.06499999999999997      -0.015000000000000013    1.3267868943144094
-0.054999999999999966     -0.015000000000000013    1.3204984354065914
-0.04499999999999996      -0.015000000000000013    1.31516217453472
-0.03499999999999995      -0.015000000000000013    1.3108926794258053
-0.025000000000000022     -0.015000000000000013    1.307683213984717
-0.015000000000000013     -0.015000000000000013    1.305650483586703
-0.0050000000000000044    -0.015000000000000013    1.3044694684419937
0.0050000000000000044     -0.015000000000000013    1.3044634426391895
0.015000000000000013      -0.015000000000000013    1.3055606567011182
0.025000000000000022      -0.015000000000000013    1.3077054512225814
0.03500000000000003       -0.015000000000000013    1.3109023274977574
0.04500000000000004       -0.015000000000000013    1.315151072926355
0.05500000000000005       -0.015000000000000013    1.3204941536308752
0.06499999999999995       -0.015000000000000013    1.326790559353526
0.07499999999999996       -0.015000000000000013    1.3342463650113814
0.08499999999999996       -0.015000000000000013    1.3426101035458515
0.09499999999999997       -0.015000000000000013    1.3518547829157228
0.10499999999999998       -0.015000000000000013    1.362168045352064
0.11499999999999999       -0.015000000000000013    1.373293687261679
0.125                     -0.015000000000000013    1.3852827895568822
0.135                     -0.015000000000000013    1.3980417281758264
0.14500000000000002       -0.015000000000000013    1.411433654103007
0.15500000000000003       -0.015000000000000013    1.4256193532323493
0.16500000000000004       -0.015000000000000013    1.4402866685968974
0.17500000000000004       -0.015000000000000013    1.4554130002265993
0.18500000000000005       -0.015000000000000013    1.4709437468915212
0.19499999999999995       -0.015000000000000013    1.4867394523657254
0.20499999999999996       -0.015000000000000013    1.5027174062292588
0.21499999999999997       -0.015000000000000013    1.5187494713516116
0.22499999999999998       -0.015000000000000013    1.5347493420309206
0.235                     -0.015000000000000013    1.5505741730295313
0.245                     -0.015000000000000013    1.5661609844425186
0.255                     -0.015000000000000013    1.7261274537213467
0.265                     -0.015000000000000013    2.029410499335654
0.275                     -0.015000000000000013    2.3297229698584943
0.28500000000000003       -0.015000000000000013    2.6252732557049967
0.29500000000000004       -0.015000000000000013    2.91472612975258
0.30500000000000005       -0.015000000000000013    3.196258505295262
0.31499999999999995       -0.015000000000000013    3.468477642238952
0.32499999999999996       -0.015000000000000013    3.7314936003419916
0.33499999999999996       -0.015000000000000013    3.9807282619718762
0.345                     -0.015000000000000013    4.218870684136654
0.355                     -0.015000000000000013    4.444694335512281
0.365                     -0.015000000000000013    4.655478758453796
0.375                     -0.015000000000000013    4.852569969168883
0.385                     -0.015000000000000013    5.0344474927272245
0.395                     -0.015000000000000013    5.201486866746492
0.405                     -0.015000000000000013    5.353990475560558
0.41500000000000004       -0.015000000000000013    5.491316736858131
0.42500000000000004       -0.015000000000000013    5.613428954184144
0.43500000000000005       -0.015000000000000013    5.7197720961336245
0.44499999999999995       -0.015000000000000013    5.811523151879328
0.45499999999999996       -0.015000000000000013    5.886435455020312
0.46499999999999997       -0.015000000000000013    5.947040334234941
0.475                     -0.015000000000000013    5.994082846137701
0.485                     -0.015000000000000013    6.022951186945477
0.495                     -0.015000000000000013    6.038255076569129
-0.495                    -0.0050000000000000044   6.023083176722764
-0.485                    -0.0050000000000000044   6.007767041195507
-0.475                    -0.0050000000000000044   5.978876216389665
-0.46499999999999997      -0.0050000000000000044   5.9318032904341464
-0.45499999999999996      -0.0050000000000000044   5.8711658122320785
-0.44499999999999995      -0.0050000000000000044   5.796211309210435
-0.43500000000000005      -0.0050000000000000044   5.704492980388466
-0.42500000000000004      -0.0050000000000000044   5.5981851324214915
-0.41500000000000004      -0.0050000000000000044   5.475992178511973
-0.405                    -0.0050000000000000044   5.338736974130299
-0.395                    -0.0050000000000000044   5.186429906169749
-0.385                    -0.0050000000000000044   5.019617609576358
-0.375                    -0.0050000000000000044   4.837957470233846
-0.365                    -0.0050000000000000044   4.641291128364969
-0.355                    -0.0050000000000000044   4.431012226356245
-0.345                    -0.0050000000000000044   4.2058328111459815
-0.33499999999999996      -0.0050000000000000044   3.968465212446347
-0.32499999999999996      -0.0050000000000000044   3.720134666309889
-0.31499999999999995      -0.0050000000000000044   3.458200315776196
-0.30499999999999994      -0.0050000000000000044   3.187193418276081
-0.29500000000000004      -0.0050000000000000044   2.9069481331971474
-0.28500000000000003      -0.0050000000000000044   2.619064724526652
-0.275                    -0.0050000000000000044   2.3250636204588773
-0.265                    -0.0050000000000000044   2.0264031678203764
-0.255                    -0.0050000000000000044   1.7247994024201034
-0.245                    -0.0050000000000000044   1.5658210552461043
-0.235                    -0.0050000000000000044   1.5503294751232488
-0.22499999999999998      -0.0050000000000000044   1.5346053894121496
-0.21500000000000005      -0.0050000000000000044   1.5187107305573306
-0.20500000000000004      -0.0050000000000000044   1.5027852307011997
-0.19500000000000003      -0.0050000000000000044   1.486913560634889
-0.18500000000000003      -0.0050000000000000044   1.4712216391581023
-0.17500000000000002      -0.0050000000000000044   1.4557907462248352
-0.165                    -0.0050000000000000044   1.440758364492461
-0.15500000000000003      -0.0050000000000000044   1.4261785897098207
-0.14500000000000002      -0.0050000000000000044   1.4120740540983547
-0.135                    -0.0050000000000000044   1.3987535873309298
-0.125                    -0.0050000000000000044   1.3860591491575605
-0.11499999999999999      -0.0050000000000000044   1.3741266742277105
-0.10499999999999998      -0.0050000000000000044   1.3630497565861788
-0.09499999999999997      -0.0050000000000000044   1.3527802722169895
-0.08499999999999999      -0.0050000000000000044   1.3435688066651181
-0.07499999999999998      -0.0050000000000000044   1.3352347212436229
-0.06499999999999997      -0.0050000000000000044   1.3277990983775112
-0.054999999999999966     -0.0050000000000000044   1.3215278189231299
-0.04499999999999996      -0.0050000000000000044   1.316203824295883
-0.03499999999999995      -0.0050000000000000044   1.311954468397488
-0.025000000000000022     -0.0050000000000000044   1.3087576650284518
-0.015000000000000013     -0.0050000000000000044   1.3064966869947625
-0.0050000000000000044    -0.0050000000000000044   1.3055461133398012
0.0050000000000000044     -0.0050000000000000044   1.3055480037540903
0.015000000000000013      -0.0050000000000000044   1.3067169819776154
0.025000000000000022      -0.0050000000000000044   1.3087599254534439
0.03500000000000003       -0.0050000000000000044   1.3119566666009064
0.04500000000000004       -0.0050000000000000044   1.3161983254623806
0.05500000000000005       -0.0050000000000000044   1.3215233880642359
0.06499999999999995       -0.0050000000000000044   1.3278010653659749
0.07499999999999996       -0.0050000000000000044   1.3352324782821938
0.08499999999999996       -0.0050000000000000044   1.3435665385554785
0.09499999999999997       -0.0050000000000000044   1.3527763358167135
0.10499999999999998       -0.0050000000000000044   1.3630468923906278
0.11499999999999999       -0.0050000000000000044   1.374123409506808
0.125                     -0.0050000000000000044   1.386055542710018
0.135                     -0.0050000000000000044   1.3987497509390892
0.14500000000000002       -0.0050000000000000044   1.4120699910813528
0.15500000000000003       -0.0050000000000000044   1.426174316981644
0.16500000000000004       -0.0050000000000000044   1.4407539048323055
0.17500000000000004       -0.0050000000000000044   1.455786125907764
0.18500000000000005       -0.0050000000000000044   1.4712168914876997
0.19499999999999995       -0.0050000000000000044   1.4869087188052958
0.20499999999999996       -0.0050000000000000044   1.5027803366980805
0.21499999999999997       -0.0050000000000000044   1.5187058229215324
0.22499999999999998       -0.0050000000000000044   1.5346005061930441
0.235                     -0.0050000000000000044   1.5503246690324204
0.245                     -0.0050000000000000044   1.5658163627450818
0.255                     -0.0050000000000000044   1.7248373776310473
0.265                     -0.0050000000000000044   2.0264208816836344
0.275                     -0.0050000000000000044   2.3250720799794635
0.28500000000000003       -0.0050000000000000044   2.6190612736851993
0.29500000000000004       -0.0050000000000000044   2.9069952051772816
0.30500000000000005       -0.0050000000000000044   3.1872056947948124
0.31499999999999995       -0.0050000000000000044   3.4582153115049437
0.32499999999999996       -0.0050000000000000044   3.7201521824719634
0.33499999999999996       -0.0050000000000000044   3.9684850192034276
0.345                     -0.0050000000000000044   4.205854723933527
0.355                     -0.0050000000000000044   4.431036029182906
0.365                     -0.0050000000000000044   4.641318697078191
0.375                     -0.0050000000000000044   4.83801022345267
0.385                     -0.0050000000000000044   5.019621252183583
0.395                     -0.0050000000000000044   5.186442401533839
0.405                     -0.0050000000000000044   5.33881182938018
0.41500000000000004       -0.0050000000000000044   5.4760785796478615
0.42500000000000004       -0.0050000000000000044   5.598145509150896
0.43500000000000005       -0.0050000000000000044   5.704486931687427
0.44499999999999995       -0.0050000000000000044   5.796255647432645
0.45499999999999996       -0.0050000000000000044   5.8711985035056955
0.46499999999999997       -0.0050000000000000044   5.931836607322197
0.475                     -0.0050000000000000044   5.9789100997465425
0.485                     -0.0050000000000000044   6.0078006017731695
0.495                     -0.0050000000000000044   6.023116794515644
-0.495                    0.0050000000000000044    6.023083537016177
-0.485                    0.0050000000000000044    6.007767397180032
-0.475                    0.0050000000000000044    5.978876589088259
-0.46499999999999997      0.0050000000000000044    5.931803626180937
-0.45499999999999996      0.0050000000000000044    5.871166119423009
-0.44499999999999995      0.0050000000000000044    5.796211654031879
-0.43500000000000005      0.0050000000000000044    5.704493482368491
-0.42500000000000004      0.0050000000000000044    5.59819562021903
-0.41500000000000004      0.0050000000000000044    5.475999169926681
-0.405                    0.0050000000000000044    5.338739216532704
-0.395                    0.0050000000000000044    5.186433200927382
-0.385                    0.0050000000000000044    5.019604302460067
-0.375                    0.0050000000000000044    4.837965816207827
-0.365                    0.0050000000000000044    4.641291067096063
-0.355                    0.0050000000000000044    4.431012212369524
-0.345                    0.0050000000000000044    4.2058327711093
-0.33499999999999996      0.0050000000000000044    3.968465147522238
-0.32499999999999996      0.0050000000000000044    3.720134582001265
-0.31499999999999995      0.0050000000000000044    3.4582002183282157
-0.30499999999999994      0.0050000000000000044    3.1871934192589606
-0.29500000000000004      0.0050000000000000044    2.906995227525613
-0.28500000000000003      0.0050000000000000044    2.6190594418541107
-0.275                    0.0050000000000000044    2.3250643133470703
-0.265                    0.0050000000000000044    2.0264126782647054
-0.255                    0.0050000000000000044    1.7248333390170956
-0.245                    0.0050000000000000044    1.56582105278747
-0.235                    0.0050000000000000044    1.5503294847509892
-0.22499999999999998      0.0050000000000000044    1.5346054029880634
-0.21500000000000005      0.0050000000000000044    1.5187107490733354
-0.20500000000000004      0.0050000000000000044    1.5027852547036744
-0.19500000000000003      0.0050000000000000044    1.486913590429424
-0.18500000000000003      0.0050000000000000044    1.471221674816661
-0.17500000000000002      0.0050000000000000044    1.4557907876263414
-0.165                    0.0050000000000000044    1.4407584108673417
-0.15500000000000003      0.0050000000000000044    1.426178640841016
-0.14500000000000002      0.0050000000000000044    1.412074105641068
-0.135                    0.0050000000000000044    1.3987536499726048
-0.125                    0.0050000000000000044    1.3860592356074548
-0.11499999999999999      0.0050000000000000044    1.3741267125115257
-0.10499999999999998      0.0050000000000000044    1.3630498878156345
-0.09499999999999997      0.0050000000000000044    1.3527800196603152
-0.08499999999999999      0.0050000000000000044    1.3435689278347525
-0.07499999999999998      0.0050000000000000044    1.3352348069333715
-0.06499999999999997      0.0050000000000000044    1.327799629409924
-0.054999999999999966     0.0050000000000000044    1.321527614883621
-0.04499999999999996      0.0050000000000000044    1.3162009089925277
-0.03499999999999995      0.0050000000000000044    1.3119567737581121
-0.025000000000000022     0.0050000000000000044    1.3087620699869262
-0.015000000000000013     0.0050000000000000044    1.3067151355844544
-0.0050000000000000044    0.0050000000000000044    1.3055492949542824
0.0050000000000000044     0.0050000000000000044    1.3055477886444748
0.015000000000000013      0.0050000000000000044    1.306491613871117
0.025000000000000022      0.0050000000000000044    1.3087565713211688
0.03500000000000003       0.0050000000000000044    1.3119540509203347
0.04500000000000004       0.0050000000000000044    1.3162012366393867
0.05500000000000005       0.0050000000000000044    1.3215244149180307
0.06499999999999995       0.0050000000000000044    1.3278004724188008
0.07499999999999996       0.0050000000000000044    1.3352324570053469
0.08499999999999996       0.0050000000000000044    1.3435663975323138
0.09499999999999997       0.0050000000000000044    1.3527764611893076
0.10499999999999998       0.0050000000000000044    1.3630467019921753
0.11499999999999999       0.0050000000000000044    1.3741232419889116
0.125                     0.0050000000000000044    1.3860553718615591
0.135                     0.0050000000000000044    1.3987495591883317
0.14500000000000002       0.0050000000000000044    1.4120697817712085
0.15500000000000003       0.0050000000000000044    1.4261740919926638
0.16500000000000004       0.0050000000000000044    1.440753665996381
0.17500000000000004       0.0050000000000000044    1.4557858757292763
0.18500000000000005       0.0050000000000000044    1.4712166333052892
0.19499999999999995       0.0050000000000000044    1.48690845609417
0.20499999999999996       0.0050000000000000044    1.5027800739155524
0.21499999999999997       0.0050000000000000044    1.5187055641548
0.22499999999999998       0.0050000000000000044    1.5346002554073834
0.235                     0.0050000000000000044    1.5503244310540936
0.245                     0.0050000000000000044    1.5658161392515524
0.255                     0.0050000000000000044    1.7247945116293977
0.265                     0.0050000000000000044    2.0264064877540875
0.275                     0.0050000000000000044    2.3250644772829787
0.28500000000000003       0.0050000000000000044    2.619023834919517
0.29500000000000004       0.0050000000000000044    2.906980483750658
0.30500000000000005       0.0050000000000000044    3.1872076661803277
0.31499999999999995       0.0050000000000000044    3.4582174099427903
0.32499999999999996       0.0050000000000000044    3.7201544896474275
0.33499999999999996       0.0050000000000000044    3.9684874911558268
0.345                     0.0050000000000000044    4.205857321808622
0.355                     0.0050000000000000044    4.431038714033718
0.365                     0.0050000000000000044    4.641321490224016
0.375                     0.0050000000000000044    4.838004841902318
0.385                     0.0050000000000000044    5.019637175780389
0.395                     0.0050000000000000044    5.186438745105235
0.405                     0.0050000000000000044    5.338816327218627
0.41500000000000004       0.0050000000000000044    5.476080908615884
0.42500000000000004       0.0050000000000000044    5.598151775511127
0.43500000000000005       0.0050000000000000044    5.704489296781617
0.44499999999999995       0.0050000000000000044    5.796258062369873
0.45499999999999996       0.0050000000000000044    5.8712009029720775
0.46499999999999997       0.0050000000000000044    5.931838965933537
0.475                     0.0050000000000000044    5.978912423714974
0.485                     0.0050000000000000044    6.00780290341811
0.495                     0.0050000000000000044    6.02311908418379
-0.495                    0.015000000000000013     6.038224417086326
-0.485                    0.015000000000000013     6.022920586044279
-0.475                    0.015000000000000013     5.994051988761328
-0.46499999999999997      0.015000000000000013     5.94700996049508
-0.45499999999999996      0.015000000000000013     5.886405825950263
-0.44499999999999995      0.015000000000000013     5.811481224005945
-0.43500000000000005      0.015000000000000013     5.719782464642492
-0.42500000000000004      0.015000000000000013     5.61347342028418
-0.41500000000000004      0.015000000000000013     5.491252678315377
-0.405                    0.015000000000000013     5.3539179294845045
-0.395                    0.015000000000000013     5.201484170574787
-0.385                    0.015000000000000013     5.034432883992508
-0.375                    0.015000000000000013     4.852528130363339
-0.365                    0.015000000000000013     4.6554536429987365
-0.355                    0.015000000000000013     4.444672974677019
-0.345                    0.015000000000000013     4.2188510706149955
-0.33499999999999996      0.015000000000000013     3.980710582954032
-0.32499999999999996      0.015000000000000013     3.7314780256692757
-0.31499999999999995      0.015000000000000013     3.468464376353495
-0.30499999999999994      0.015000000000000013     3.196247041784545
-0.29500000000000004      0.015000000000000013     2.914732868465535
-0.28500000000000003      0.015000000000000013     2.6252644839232744
-0.275                    0.015000000000000013     2.329698023682738
-0.265                    0.015000000000000013     2.029418985675818
-0.255                    0.015000000000000013     1.7261293059314085
-0.245                    0.015000000000000013     1.5661655169239879
-0.235                    0.015000000000000013     1.550578804890506
-0.22499999999999998      0.015000000000000013     1.5347540447552888
-0.21500000000000005      0.015000000000000013     1.5187541995234426
-0.20500000000000004      0.015000000000000013     1.5027221261069599
-0.19500000000000003      0.015000000000000013     1.4867441293676507
-0.18500000000000003      0.015000000000000013     1.4709483430258388
-0.17500000000000002      0.015000000000000013     1.455417485252127
-0.165                    0.015000000000000013     1.4402910101783903
-0.15500000000000003      0.015000000000000013     1.425623527290469
-0.14500000000000002      0.015000000000000013     1.4114376257169852
-0.135                    0.015000000000000013     1.3980455209311344
-0.125                    0.015000000000000013     1.3852864499790272
-0.11499999999999999      0.015000000000000013     1.3732968138943136
-0.10499999999999998      0.015000000000000013     1.362170966035933
-0.09499999999999997      0.015000000000000013     1.3518584133544778
-0.08499999999999999      0.015000000000000013     1.3426124634030288
-0.07499999999999998      0.015000000000000013     1.3342487363255344
-0.06499999999999997      0.015000000000000013     1.326788860562715
-0.054999999999999966     0.015000000000000013     1.320498110862502
-0.04499999999999996      0.015000000000000013     1.3151410401159183
-0.03499999999999995      0.015000000000000013     1.310910287736398
-0.025000000000000022     0.015000000000000013     1.307713059469279
-0.015000000000000013     0.015000000000000013     1.305552678909919
-0.0050000000000000044    0.015000000000000013     1.3044653280362581
0.0050000000000000044     0.015000000000000013     1.3044763610050722
0.015000000000000013      0.015000000000000013     1.3053735763513998
0.025000000000000022      0.015000000000000013     1.3076827536919495
0.03500000000000003       0.015000000000000013     1.3108928268622293
0.04500000000000004       0.015000000000000013     1.315159732654081
0.05500000000000005       0.015000000000000013     1.320495954405601
0.06499999999999995       0.015000000000000013     1.3267880064694282
0.07499999999999996       0.015000000000000013     1.3342462615228214
0.08499999999999996       0.015000000000000013     1.3426096630852982
0.09499999999999997       0.015000000000000013     1.3518553485895382
0.10499999999999998       0.015000000000000013     1.3621674540143545
0.11499999999999999       0.015000000000000013     1.373293177144518
0.125                     0.015000000000000013     1.3852822815080614
0.135                     0.015000000000000013     1.3980411520066127
0.14500000000000002       0.015000000000000013     1.411433024705957
0.15500000000000003       0.015000000000000013     1.4256186762059713
0.16500000000000004       0.015000000000000013     1.44028594946563
0.17500000000000004       0.015000000000000013     1.4554122465138732
0.18500000000000005       0.015000000000000013     1.4709429686685098
0.19499999999999995       0.015000000000000013     1.4867386601454768
0.20499999999999996       0.015000000000000013     1.5027166135274683
0.21499999999999997       0.015000000000000013     1.5187486905652747
0.22499999999999998       0.015000000000000013     1.5347485852764748
0.235                     0.015000000000000013     1.5505734572570304
0.245                     0.015000000000000013     1.5661603303766327
0.255                     0.015000000000000013     1.726017424740803
0.265                     0.015000000000000013     2.0293932655447406
0.275                     0.015000000000000013     2.3296902382872986
0.28500000000000003       0.015000000000000013     2.625267451402806
0.29500000000000004       0.015000000000000013     2.914620411793294
0.30500000000000005       0.015000000000000013     3.196264033701709
0.31499999999999995       0.015000000000000013     3.468483939323562
0.32499999999999996       0.015000000000000013     3.7315005663307375
0.33499999999999996       0.015000000000000013     3.9807357219699497
0.345                     0.015000000000000013     4.2188785190637645
0.355                     0.015000000000000013     4.4447024281881795
0.365                     0.015000000000000013     4.655487180552541
0.375                     0.015000000000000013     4.8525544959446165
0.385                     0.015000000000000013     5.034494840681532
0.395                     0.015000000000000013     5.201473888117235
0.405                     0.015000000000000013     5.353998140976124
0.41500000000000004       0.015000000000000013     5.491328029662064
0.42500000000000004       0.015000000000000013     5.613436747416927
0.43500000000000005       0.015000000000000013     5.7197794707348635
0.44499999999999995       0.015000000000000013     5.8115304975107165
0.45499999999999996       0.015000000000000013     5.88644265914192
0.46499999999999997       0.015000000000000013     5.9470474010298915
0.475                     0.015000000000000013     5.994089807283672
0.485                     0.015000000000000013     6.0229580803801355
0.495                     0.015000000000000013     6.038261933663762
-0.495                    0.025000000000000022     6.06849338613587
-0.485                    0.025000000000000022     6.053215718954675
-0.475                    0.025000000000000022     6.024394370922664
-0.46499999999999997      0.025000000000000022     5.977419127629702
-0.45499999999999996      0.025000000000000022     5.916887791769966
-0.44499999999999995      0.025000000000000022     5.842031537262756
-0.43500000000000005      0.025000000000000022     5.750383588363945
-0.42500000000000004      0.025000000000000022     5.644083895793273
-0.41500000000000004      0.025000000000000022     5.521795097266818
-0.405                    0.025000000000000022     5.3843313757954245
-0.395                    0.025000000000000022     5.231646719848584
-0.385                    0.025000000000000022     5.064190194420831
-0.375                    0.025000000000000022     4.881745132645847
-0.365                    0.025000000000000022     4.683894283859729
-0.355                    0.025000000000000022     4.472122861129037
-0.345                    0.025000000000000022     4.245026356887315
-0.33499999999999996      0.025000000000000022     4.005347328597139
-0.32499999999999996      0.025000000000000022     3.754314292524441
-0.31499999999999995      0.025000000000000022     3.4891396934734757
-0.30499999999999994      0.025000000000000022     3.2144960954932316
-0.29500000000000004      0.025000000000000022     2.9305671796177535
-0.28500000000000003      0.025000000000000022     2.637855826017585
-0.275                    0.025000000000000022     2.3390547953865735
-0.265                    0.025000000000000022     2.0354324953716514
-0.255                    0.025000000000000022     1.7287078655026562
-0.245                    0.025000000000000022     1.5668623135624955
-0.235                    0.025000000000000022     1.551083414506877
-0.22499999999999998      0.025000000000000022     1.5350552080125226
-0.21500000000000005      0.025000000000000022     1.5188428064352308
-0.20500000000000004      0.025000000000000022     1.5025954475935208
-0.19500000000000003      0.025000000000000022     1.4864027943306724
-0.18500000000000003      0.025000000000000022     1.4703975309760722
-0.17500000000000002      0.025000000000000022     1.45466528718228
-0.165                    0.025000000000000022     1.4393495144464654
-0.15500000000000003      0.025000000000000022     1.4245058336696843
-0.14500000000000002      0.025000000000000022     1.4101566878776453
-0.135                    0.025000000000000022     1.3966212164003196
-0.125                    0.025000000000000022     1.383732946054458
-0.11499999999999999      0.025000000000000022     1.3716293824712125
-0.10499999999999998      0.025000000000000022     1.3604058826301184
-0.09499999999999997      0.025000000000000022     1.3500087103008696
-0.08499999999999999      0.025000000000000022     1.3406935180649526
-0.07499999999999998      0.025000000000000022     1.3322711533554354
-0.06499999999999997      0.025000000000000022     1.3247627153664325
-0.054999999999999966     0.025000000000000022     1.3184368767066985
-0.04499999999999996      0.025000000000000022     1.313097436142904
-0.03499999999999995      0.025000000000000022     1.3087968614844954
-0.025000000000000022     0.025000000000000022     1.305602117292608
-0.015000000000000013     0.025000000000000022     1.303444413270796
-0.0050000000000000044    0.025000000000000022     1.302367222070984
0.0050000000000000044     0.025000000000000022     1.3023691534185105
0.015000000000000013      0.025000000000000022     1.303441859621266
0.025000000000000022      0.025000000000000022     1.3055417103460059
0.03500000000000003       0.025000000000000022     1.3087716672666616
0.04500000000000004       0.025000000000000022     1.313069419491029
0.05500000000000005       0.025000000000000022     1.3184328124681883
0.06499999999999995       0.025000000000000022     1.3247590083922773
0.07499999999999996       0.025000000000000022     1.3322685463439683
0.08499999999999996       0.025000000000000022     1.3406902616102485
0.09499999999999997       0.025000000000000022     1.3500066818003233
0.10499999999999998       0.025000000000000022     1.3604019836730004
0.11499999999999999       0.025000000000000022     1.3716255905877688
0.125                     0.025000000000000022     1.3837283989907974
0.135                     0.025000000000000022     1.3966165380976463
0.14500000000000002       0.025000000000000022     1.4101518326742166
0.15500000000000003       0.025000000000000022     1.4245006583031739
0.16500000000000004       0.025000000000000022     1.4393441052391531
0.17500000000000004       0.025000000000000022     1.4546596776028196
0.18500000000000005       0.025000000000000022     1.4703917802149817
0.19499999999999995       0.025000000000000022     1.4863969431357305
0.20499999999999996       0.025000000000000022     1.5025895532692388
0.21499999999999997       0.025000000000000022     1.5188369217467255
0.22499999999999998       0.025000000000000022     1.535049384249362
0.235                     0.025000000000000022     1.551077721703109
0.245                     0.025000000000000022     1.5668567996482494
0.255                     0.025000000000000022     1.7285302254322232
0.265                     0.025000000000000022     2.0354079229869058
0.275                     0.025000000000000022     2.339082747987959
0.28500000000000003       0.025000000000000022     2.6378374592131877
0.29500000000000004       0.025000000000000022     2.9301270446749186
0.30500000000000005       0.025000000000000022     3.214513881967221
0.31499999999999995       0.025000000000000022     3.489161913119574
0.32499999999999996       0.025000000000000022     3.754339799765944
0.33499999999999996       0.025000000000000022     4.005375587961794
0.345                     0.025000000000000022     4.245057017856809
0.355                     0.025000000000000022     4.4721555666860695
0.365                     0.025000000000000022     4.6839312309994625
0.375                     0.025000000000000022     4.881760038529251
0.385                     0.025000000000000022     5.064279512136807
0.395                     0.025000000000000022     5.23163009952053
0.405                     0.025000000000000022     5.384413382284041
0.41500000000000004       0.025000000000000022     5.521896483995697
0.42500000000000004       0.025000000000000022     5.644048202280288
0.43500000000000005       0.025000000000000022     5.750381052662476
0.44499999999999995       0.025000000000000022     5.8420835284986765
0.45499999999999996       0.025000000000000022     5.916926744897069
0.46499999999999997       0.025000000000000022     5.977458707387569
0.475                     0.025000000000000022     6.024434263685862
0.485                     0.025000000000000022     6.053255226823637
0.495                     0.025000000000000022     6.068532893179608
-0.495                    0.03500000000000003      6.113864054434899
-0.485                    0.03500000000000003      6.098629483330058
-0.475                    0.03500000000000003      6.06988628021071
-0.46499999999999997      0.03500000000000003      6.023023201744763
-0.45499999999999996      0.03500000000000003      5.962616324051744
-0.44499999999999995      0.03500000000000003      5.8878827974233445
-0.43500000000000005      0.03500000000000003      5.796327394782736
-0.42500000000000004      0.03500000000000003      5.690078024019755
-0.41500000000000004      0.03500000000000003      5.56774525704985
-0.405                    0.03500000000000003      5.430093171928313
-0.395                    0.03500000000000003      5.277063876828819
-0.385                    0.03500000000000003      5.109049896622366
-0.375                    0.03500000000000003      4.925819338971166
-0.365                    0.03500000000000003      4.726845300327511
-0.355                    0.03500000000000003      4.513620917078583
-0.345                    0.03500000000000003      4.284639217339745
-0.33499999999999996      0.03500000000000003      4.042671218244436
-0.32499999999999996      0.03500000000000003      3.7889470326559263
-0.31499999999999995      0.03500000000000003      3.5205253800265837
-0.30499999999999994      0.03500000000000003      3.2422208789453464
-0.29500000000000004      0.03500000000000003      2.9539372802923936
-0.28500000000000003      0.03500000000000003      2.6569619634553874
-0.275                    0.03500000000000003      2.3532454337219164
-0.265                    0.03500000000000003      2.04459657224038
-0.255                    0.03500000000000003      1.7326320501613282
-0.245                    0.03500000000000003      1.5679275289784584
-0.235                    0.03500000000000003      1.5518554724603746
-0.22499999999999998      0.03500000000000003      1.535516754673722
-0.21500000000000005      0.03500000000000003      1.5189799745203345
-0.20500000000000004      0.03500000000000003      1.5024042716727593
-0.19500000000000003      0.03500000000000003      1.485884576323656
-0.18500000000000003      0.03500000000000003      1.4695607103607813
-0.17500000000000002      0.03500000000000003      1.4535227555983852
-0.165                    0.03500000000000003      1.437920273639204
-0.15500000000000003      0.03500000000000003      1.4228104175869873
-0.14500000000000002      0.03500000000000003      1.4082151799981943
-0.135                    0.03500000000000003      1.394464511513263
-0.125                    0.03500000000000003      1.3813828027322472
-0.11499999999999999      0.03500000000000003      1.3691088759688625
-0.10499999999999998      0.03500000000000003      1.357740206912581
-0.09499999999999997      0.03500000000000003      1.3472175996778333
-0.08499999999999999      0.03500000000000003      1.3378002132429287
-0.07499999999999998      0.03500000000000003      1.3292915420736904
-0.06499999999999997      0.03500000000000003      1.3217125877192757
-0.054999999999999966     0.03500000000000003      1.3153323783414521
-0.04499999999999996      0.03500000000000003      1.3099395350039629
-0.03499999999999995      0.03500000000000003      1.3055838305117504
-0.025000000000000022     0.03500000000000003      1.3023260825186094
-0.015000000000000013     0.03500000000000003      1.3001500489075042
-0.0050000000000000044    0.03500000000000003      1.2990606258245379
0.0050000000000000044     0.03500000000000003      1.2990598534585587
0.015000000000000013      0.03500000000000003      1.300147607190766
0.025000000000000022      0.03500000000000003      1.3023179445789452
0.03500000000000003       0.03500000000000003      1.3055676545113215
0.04500000000000004       0.03500000000000003      1.3099160935385896
0.05500000000000005       0.03500000000000003      1.3153323965798336
0.06499999999999995       0.03500000000000003      1.321701436625574
0.07499999999999996       0.03500000000000003      1.3292886918852105
0.08499999999999996       0.03500000000000003      1.3377964006925254
0.09499999999999997       0.03500000000000003      1.3472174932537655
0.10499999999999998       0.03500000000000003      1.3577358829573996
0.11499999999999999       0.03500000000000003      1.369105095033774
0.125                     0.03500000000000003      1.3813777824242166
0.135                     0.03500000000000003      1.3944594856662889
0.14500000000000002       0.03500000000000003      1.4082101361567538
0.15500000000000003       0.03500000000000003      1.4228048887986517
0.16500000000000004       0.03500000000000003      1.4379144915747304
0.17500000000000004       0.03500000000000003      1.453516712679118
0.18500000000000005       0.03500000000000003      1.4695545330464483
0.19499999999999995       0.03500000000000003      1.4858782907388104
0.20499999999999996       0.03500000000000003      1.50239793960165
0.21499999999999997       0.03500000000000003      1.51897365629452
0.22499999999999998       0.03500000000000003      1.5355105081033003
0.235                     0.03500000000000003      1.5518493747412094
0.245                     0.03500000000000003      1.5679216446682034
0.255                     0.03500000000000003      1.7323665374160555
0.265                     0.03500000000000003      2.0445712181085582
0.275                     0.03500000000000003      2.353339461647238
0.28500000000000003       0.03500000000000003      2.6569577573500283
0.29500000000000004       0.03500000000000003      2.953746764735115
0.30500000000000005       0.03500000000000003      3.242242960903198
0.31499999999999995       0.03500000000000003      3.520550863470646
0.32499999999999996       0.03500000000000003      3.788975921183976
0.33499999999999996       0.03500000000000003      4.042702992330874
0.345                     0.03500000000000003      4.284673465634157
0.355                     0.03500000000000003      4.513657224238614
0.365                     0.03500000000000003      4.726885976452763
0.375                     0.03500000000000003      4.925824687451097
0.385                     0.03500000000000003      5.109161941256701
0.395                     0.03500000000000003      5.277043843990384
0.405                     0.03500000000000003      5.430178147009194
0.41500000000000004       0.03500000000000003      5.567823216881415
0.42500000000000004       0.03500000000000003      5.690030562537942
0.43500000000000005       0.03500000000000003      5.796328839382909
0.44499999999999995       0.03500000000000003      5.887936919492006
0.45499999999999996       0.03500000000000003      5.962657561307175
0.46499999999999997       0.03500000000000003      6.02306491303753
0.475                     0.03500000000000003      6.069928275334348
0.485                     0.03500000000000003      6.098671006847894
0.495                     0.03500000000000003      6.113905550558044
-0.495                    0.04500000000000004      6.174293036731967
-0.485                    0.04500000000000004      6.1591230755919355
-0.475                    0.04500000000000004      6.130497615473587
-0.46499999999999997      0.04500000000000004      6.083806275797286
-0.45499999999999996      0.04500000000000004      6.023594123143589
-0.44499999999999995      0.04500000000000004      5.949060134742467
-0.43500000000000005      0.04500000000000004      5.857673260733463
-0.42500000000000004      0.04500000000000004      5.751522314127442
-0.41500000000000004      0.04500000000000004      5.629178635630524
-0.405                    0.04500000000000004      5.491366266490331
-0.395                    0.04500000000000004      5.337948791756858
-0.385                    0.04500000000000004      5.169271176973297
-0.375                    0.04500000000000004      4.9850561686446895
-0.365                    0.04500000000000004      4.784658681114649
-0.355                    0.04500000000000004      4.569561521605408
-0.345                    0.04500000000000004      4.338118771881362
-0.33499999999999996      0.04500000000000004      4.09313661808261
-0.32499999999999996      0.04500000000000004      3.8358445053638093
-0.31499999999999995      0.04500000000000004      3.56308525811761
-0.30499999999999994      0.04500000000000004      3.279869434896966
-0.29500000000000004      0.04500000000000004      2.9860886764276984
-0.28500000000000003      0.04500000000000004      2.6829839283470847
-0.275                    0.04500000000000004      2.3728250002948243
-0.265                    0.04500000000000004      2.0570968205138342
-0.255                    0.04500000000000004      1.7379651162166283
-0.245                    0.04500000000000004      1.5693860240629505
-0.235                    0.04500000000000004      1.5529137079797692
-0.22499999999999998      0.04500000000000004      1.5361506623821128
-0.21500000000000005      0.04500000000000004      1.5191706868394306
-0.20500000000000004      0.04500000000000004      1.502146773457497
-0.19500000000000003      0.04500000000000004      1.4851813287538675
-0.18500000000000003      0.04500000000000004      1.468424298665127
-0.17500000000000002      0.04500000000000004      1.4519718560501076
-0.165                    0.04500000000000004      1.4359819288102005
-0.15500000000000003      0.04500000000000004      1.420513724886689
-0.14500000000000002      0.04500000000000004      1.4055882272168105
-0.135                    0.04500000000000004      1.3915504120390096
-0.125                    0.04500000000000004      1.3782114123228268
-0.11499999999999999      0.04500000000000004      1.365711989551869
-0.10499999999999998      0.04500000000000004      1.354152059396199
-0.09499999999999997      0.04500000000000004      1.3434643217443636
-0.08499999999999999      0.04500000000000004      1.3339144612416334
-0.07499999999999998      0.04500000000000004      1.3252927241781265
-0.06499999999999997      0.04500000000000004      1.3176257382422705
-0.054999999999999966     0.04500000000000004      1.3111507579532145
-0.04499999999999996      0.04500000000000004      1.3056990714256926
-0.03499999999999995      0.04500000000000004      1.3013121677273318
-0.025000000000000022     0.04500000000000004      1.2980265387120937
-0.015000000000000013     0.04500000000000004      1.2958319393680426
-0.0050000000000000044    0.04500000000000004      1.2947342240545652
0.0050000000000000044     0.04500000000000004      1.2947338937789823
0.015000000000000013      0.04500000000000004      1.295830672379644
0.025000000000000022      0.04500000000000004      1.2980212005068381
0.03500000000000003       0.04500000000000004      1.3013074076468243
0.04500000000000004       0.04500000000000004      1.3057085227170262
0.05500000000000005       0.04500000000000004      1.31118553011334
0.06499999999999995       0.04500000000000004      1.317601248881033
0.07499999999999996       0.04500000000000004      1.325290391821028
0.08499999999999996       0.04500000000000004      1.3339097749794178
0.09499999999999997       0.04500000000000004      1.343468066578339
0.10499999999999998       0.04500000000000004      1.3541473378453475
0.11499999999999999       0.04500000000000004      1.3657083257687646
0.125                     0.04500000000000004      1.3782059848305366
0.135                     0.04500000000000004      1.3915450016402815
0.14500000000000002       0.04500000000000004      1.405583064210191
0.15500000000000003       0.04500000000000004      1.4205078041554486
0.16500000000000004       0.04500000000000004      1.4359757627174226
0.17500000000000004       0.04500000000000004      1.451965296392757
0.18500000000000005       0.04500000000000004      1.4684176385708838
0.19499999999999995       0.04500000000000004      1.485174549943224
0.20499999999999996       0.04500000000000004      1.5021399401328992
0.21499999999999997       0.04500000000000004      1.5191638697469614
0.22499999999999998       0.04500000000000004      1.5361439280612217
0.235                     0.04500000000000004      1.5529071439297013
0.245                     0.04500000000000004      1.5693796824536292
0.255                     0.04500000000000004      1.7376001098969027
0.265                     0.04500000000000004      2.0570304479622337
0.275                     0.04500000000000004      2.372766389852586
0.28500000000000003       0.04500000000000004      2.6829839525212265
0.29500000000000004       0.04500000000000004      2.9857950387672645
0.30500000000000005       0.04500000000000004      3.279893652660789
0.31499999999999995       0.04500000000000004      3.563114264933972
0.32499999999999996       0.04500000000000004      3.8358772444625515
0.33499999999999996       0.04500000000000004      4.093172372828235
0.345                     0.04500000000000004      4.338157048983867
0.355                     0.04500000000000004      4.56960183478742
0.365                     0.04500000000000004      4.784703447074094
0.375                     0.04500000000000004      4.985055532033812
0.385                     0.04500000000000004      5.169400478920494
0.395                     0.04500000000000004      5.337928677708916
0.405                     0.04500000000000004      5.4914572623908775
0.41500000000000004       0.04500000000000004      5.629288140257103
0.42500000000000004       0.04500000000000004      5.751496764837697
0.43500000000000005       0.04500000000000004      5.85767751675769
0.44499999999999995       0.04500000000000004      5.949116666666441
0.45499999999999996       0.04500000000000004      6.02363771571072
0.46499999999999997       0.04500000000000004      6.083850125221346
0.475                     0.04500000000000004      6.130541675089717
0.485                     0.04500000000000004      6.1591665916841976
0.495                     0.04500000000000004      6.174336494185866
-0.495                    0.05500000000000005      6.249715429944615
-0.485                    0.05500000000000005      6.234637635889101
-0.475                    0.05500000000000005      6.206180987789594
-0.46499999999999997      0.05500000000000005      6.159739783644966
-0.45499999999999996      0.05500000000000005      6.099817353716091
-0.44499999999999995      0.05500000000000005      6.025589460581216
-0.43500000000000005      0.05500000000000005      5.934486709634598
-0.42500000000000004      0.05500000000000005      5.828559714649714
-0.41500000000000004      0.05500000000000005      5.706302887991981
-0.405                    0.05500000000000005      5.568368201365937
-0.395                    0.05500000000000005      5.414580312754978
-0.385                    0.05500000000000005      5.245198297708811
-0.375                    0.05500000000000005      5.059865255169029
-0.365                    0.05500000000000005      4.857810016441022
-0.355                    0.05500000000000005      4.640481193752805
-0.345                    0.05500000000000005      4.406052599027078
-0.33499999999999996      0.05500000000000005      4.157369447729337
-0.32499999999999996      0.05500000000000005      3.8956553990492466
-0.31499999999999995      0.05500000000000005      3.617464379305204
-0.30499999999999994      0.05500000000000005      3.328056289540271
-0.29500000000000004      0.05500000000000005      3.027260769242048
-0.28500000000000003      0.05500000000000005      2.716392422458739
-0.275                    0.05500000000000005      2.397821300130545
-0.265                    0.05500000000000005      2.0731694940445777
-0.255                    0.05500000000000005      1.744824558005348
-0.245                    0.05500000000000005      1.5712724506624483
-0.235                    0.05500000000000005      1.5542840541447163
-0.22499999999999998      0.05500000000000005      1.5369732461788317
-0.21500000000000005      0.05500000000000005      1.5194213204551943
-0.20500000000000004      0.05500000000000005      1.5018197038906393
-0.19500000000000003      0.05500000000000005      1.4842809288203398
-0.18500000000000003      0.05500000000000005      1.4669686316352681
-0.17500000000000002      0.05500000000000005      1.4499868082838248
-0.165                    0.05500000000000005      1.4335043122402802
-0.15500000000000003      0.05500000000000005      1.4175827236720409
-0.14500000000000002      0.05500000000000005      1.4022411975627733
-0.135                    0.05500000000000005      1.3878443413536843
-0.125                    0.05500000000000005      1.3741851579764628
-0.11499999999999999      0.05500000000000005      1.361407701474576
-0.10499999999999998      0.05500000000000005      1.3496131890899505
-0.09499999999999997      0.05500000000000005      1.338721346855948
-0.08499999999999999      0.05500000000000005      1.3290140207050456
-0.07499999999999998      0.05500000000000005      1.3202542413815763
-0.06499999999999997      0.05500000000000005      1.3125968954557266
-0.054999999999999966     0.05500000000000005      1.3059619206936688
-0.04499999999999996      0.05500000000000005      1.3004854875755427
-0.03499999999999995      0.05500000000000005      1.296087099556047
-0.025000000000000022     0.05500000000000005      1.2927753077435398
-0.015000000000000013     0.05500000000000005      1.2905593837281515
-0.0050000000000000044    0.05500000000000005      1.2894501450254836
0.0050000000000000044     0.05500000000000005      1.2894491752345232
0.015000000000000013      0.05500000000000005      1.2905561307678965
0.025000000000000022      0.05500000000000005      1.2927661804743025
0.03500000000000003       0.05500000000000005      1.2960752776972981
0.04500000000000004       0.05500000000000005      1.3004893255082663
0.05500000000000005       0.05500000000000005      1.3059840727244705
0.06499999999999995       0.05500000000000005      1.312637218763939
0.07499999999999996       0.05500000000000005      1.3202532911999185
0.08499999999999996       0.05500000000000005      1.3290068472297492
0.09499999999999997       0.05500000000000005      1.3387325137974813
0.10499999999999998       0.05500000000000005      1.349606939187538
0.11499999999999999       0.05500000000000005      1.3614035560993898
0.125                     0.05500000000000005      1.374179333834853
0.135                     0.05500000000000005      1.3878385461670746
0.14500000000000002       0.05500000000000005      1.4022359998252227
0.15500000000000003       0.05500000000000005      1.417576371349412
0.16500000000000004       0.05500000000000005      1.4334977383396246
0.17500000000000004       0.05500000000000005      1.4499796518379355
0.18500000000000005       0.05500000000000005      1.4669614255332704
0.19499999999999995       0.05500000000000005      1.484273589983843
0.20499999999999996       0.05500000000000005      1.501812296376535
0.21499999999999997       0.05500000000000005      1.5194139290628925
0.22499999999999998       0.05500000000000005      1.5369659489186915
0.235                     0.05500000000000005      1.5542769619788714
0.245                     0.05500000000000005      1.571265683773305
0.255                     0.05500000000000005      1.7443789839162491
0.265                     0.05500000000000005      2.0730937890073164
0.275                     0.05500000000000005      2.397743899043462
0.28500000000000003       0.05500000000000005      2.716220022589823
0.29500000000000004       0.05500000000000005      3.026888206206422
0.30500000000000005       0.05500000000000005      3.3280849381248316
0.31499999999999995       0.05500000000000005      3.6174976076560483
0.32499999999999996       0.05500000000000005      3.895692569378525
0.33499999999999996       0.05500000000000005      4.157409741110882
0.345                     0.05500000000000005      4.40609542496351
0.355                     0.05500000000000005      4.64052597988757
0.365                     0.05500000000000005      4.857859271260622
0.375                     0.05500000000000005      5.059863823861804
0.385                     0.05500000000000005      5.2453376870090835
0.395                     0.05500000000000005      5.414562516748248
0.405                     0.05500000000000005      5.568465689716113
0.41500000000000004       0.05500000000000005      5.706377972021478
0.42500000000000004       0.05500000000000005      5.828523867083902
0.43500000000000005       0.05500000000000005      5.934490779092414
0.44499999999999995       0.05500000000000005      6.025649931795954
0.45499999999999996       0.05500000000000005      6.099863031684642
0.46499999999999997       0.05500000000000005      6.15978579489871
0.475                     0.05500000000000005      6.206226948742312
0.485                     0.05500000000000005      6.234683089993382
0.495                     0.05500000000000005      6.249760790033321
-0.495                    0.06499999999999995      6.34003885176017
-0.485                    0.06499999999999995      6.325088206609166
-0.475                    0.06499999999999995      6.296865503376637
-0.46499999999999997      0.06499999999999995      6.2507761518820075
-0.45499999999999996      0.06499999999999995      6.191268844505345
-0.44499999999999995      0.06499999999999995      6.117491695321917
-0.43500000000000005      0.06499999999999995      6.026835177173837
-0.42500000000000004      0.06499999999999995      5.921273365930489
-0.41500000000000004      0.06499999999999995      5.7992771177843
-0.405                    0.06499999999999995      5.661359385204762
-0.395                    0.06499999999999995      5.507302530654343
-0.385                    0.06499999999999995      5.337259698117464
-0.375                    0.06499999999999995      5.150761713924965
-0.365                    0.06499999999999995      4.946903132977127
-0.355                    0.06499999999999995      4.727067321554614
-0.345                    0.06499999999999995      4.48919999079456
-0.33499999999999996      0.06499999999999995      4.236185047129055
-0.32499999999999996      0.06499999999999995      3.9692310825620893
-0.31499999999999995      0.06499999999999995      3.6845157853310297
-0.30499999999999994      0.06499999999999995      3.3876067886634615
-0.29500000000000004      0.06499999999999995      3.078267486077266
-0.28500000000000003      0.06499999999999995      2.7578002881678003
-0.275                    0.06499999999999995      2.428878925342815
-0.265                    0.06499999999999995      2.093166961412635
-0.255                    0.06499999999999995      1.7533997359282694
-0.245                    0.06499999999999995      1.5736330244995713
-0.235                    0.06499999999999995      1.5560005943268038
-0.22499999999999998      0.06499999999999995      1.5380054467173636
-0.21500000000000005      0.06499999999999995      1.5197393322191317
-0.20500000000000004      0.06499999999999995      1.501417545337084
-0.19500000000000003      0.06499999999999995      1.483166016220821
-0.18500000000000003      0.06499999999999995      1.4651664427791502
-0.17500000000000002      0.06499999999999995      1.447532454009945
-0.165                    0.06499999999999995      1.4304468086017703
-0.15500000000000003      0.06499999999999995      1.4139734230902832
-0.14500000000000002      0.06499999999999995      1.398128365639593
-0.135                    0.06499999999999995      1.3833011250754907
-0.125                    0.06499999999999995      1.3692600333478921
-0.11499999999999999      0.06499999999999995      1.35615431800926
-0.10499999999999998      0.06499999999999995      1.344087590471588
-0.09499999999999997      0.06499999999999995      1.3329549811106176
-0.08499999999999999      0.06499999999999995      1.3230726571169953
-0.07499999999999998      0.06499999999999995      1.3141430743398814
-0.06499999999999997      0.06499999999999995      1.30627848984237
-0.054999999999999966     0.06499999999999995      1.299590924732513
-0.04499999999999996      0.06499999999999995      1.294010153853776
-0.03499999999999995      0.06499999999999995      1.289524725176193
-0.025000000000000022     0.06499999999999995      1.2861605572028054
-0.015000000000000013     0.06499999999999995      1.2839183268845602
-0.0050000000000000044    0.06499999999999995      1.2827972700985129
0.0050000000000000044     0.06499999999999995      1.282797480159246
0.015000000000000013      0.06499999999999995      1.283918573354299
0.025000000000000022      0.06499999999999995      1.2861607815879097
0.03500000000000003       0.06499999999999995      1.289522655159658
0.04500000000000004       0.06499999999999995      1.2940050721464331
0.05500000000000005       0.06499999999999995      1.2996441118165762
0.06499999999999995       0.06499999999999995      1.306225551073723
0.07499999999999996       0.06499999999999995      1.3141463696862843
0.08499999999999996       0.06499999999999995      1.323055964179467
0.09499999999999997       0.06499999999999995      1.3329793670520758
0.10499999999999998       0.06499999999999995      1.3440785164692102
0.11499999999999999       0.06499999999999995      1.356150563991605
0.125                     0.06499999999999995      1.369254220431138
0.135                     0.06499999999999995      1.3832950217197322
0.14500000000000002       0.06499999999999995      1.3981232357311342
0.15500000000000003       0.06499999999999995      1.4139665995593589
0.16500000000000004       0.06499999999999995      1.4304397752056661
0.17500000000000004       0.06499999999999995      1.4475246531071946
0.18500000000000005       0.06499999999999995      1.465158618437897
0.19499999999999995       0.06499999999999995      1.483158039732018
0.20499999999999996       0.06499999999999995      1.5014094790823904
0.21499999999999997       0.06499999999999995      1.5197312778573746
0.22499999999999998       0.06499999999999995      1.5379974953637543
0.235                     0.06499999999999995      1.5559928720899165
0.245                     0.06499999999999995      1.5736256060445726
0.255                     0.06499999999999995      1.7528048279498307
0.265                     0.06499999999999995      2.0930078564509813
0.275                     0.06499999999999995      2.428754011292426
0.28500000000000003       0.06499999999999995      2.7577203888190525
0.29500000000000004       0.06499999999999995      3.0777961978510575
0.30500000000000005       0.06499999999999995      3.3876402016307594
0.31499999999999995       0.06499999999999995      3.6845538630115584
0.32499999999999996       0.06499999999999995      3.9692733860450744
0.33499999999999996       0.06499999999999995      4.236230548908708
0.345                     0.06499999999999995      4.489247979586928
0.355                     0.06499999999999995      4.727117121004369
0.365                     0.06499999999999995      4.946957338095956
0.375                     0.06499999999999995      5.150766257075816
0.385                     0.06499999999999995      5.337399343735854
0.395                     0.06499999999999995      5.507290914624562
0.405                     0.06499999999999995      5.6614627072911645
0.41500000000000004       0.06499999999999995      5.7993605678018625
0.42500000000000004       0.06499999999999995      5.921256669553259
0.43500000000000005       0.06499999999999995      6.0268401727726655
0.44499999999999995       0.06499999999999995      6.117558317120086
0.45499999999999996       0.06499999999999995      6.191316169652161
0.46499999999999997       0.06499999999999995      6.250824348360311
0.475                     0.06499999999999995      6.296913033749661
0.485                     0.06499999999999995      6.325135509670304
0.495                     0.06499999999999995      6.340086020469997
-0.495                    0.07499999999999996      6.445136119664426
-0.485                    0.07499999999999996      6.430356295137983
-0.475                    0.07499999999999996      6.402449152860129
-0.46499999999999997      0.07499999999999996      6.356840832547164
-0.45499999999999996      0.07499999999999996      6.297909755631586
-0.44499999999999995      0.07499999999999996      6.224774881890369
-0.43500000000000005      0.07499999999999996      6.134785378965091
-0.42500000000000004      0.07499999999999996      6.029832100945953
-0.41500000000000004      0.07499999999999996      5.9083111818383856
-0.405                    0.07499999999999996      5.770641734682065
-0.395                    0.07499999999999996      5.616506978131781
-0.385                    0.07499999999999996      5.4459645706262165
-0.375                    0.07499999999999996      5.258366457790032
-0.365                    0.07499999999999996      5.05267512479594
-0.355                    0.07499999999999996      4.830168355868693
-0.345                    0.07499999999999996      4.588508416340311
-0.33499999999999996      0.07499999999999996      4.33061118934836
-0.32499999999999996      0.07499999999999996      4.057654960780894
-0.31499999999999995      0.07499999999999996      3.76533424819047
-0.30499999999999994      0.07499999999999996      3.4595862261920445
-0.29500000000000004      0.07499999999999996      3.1400843557171356
-0.28500000000000003      0.07499999999999996      2.8081201972981944
-0.275                    0.07499999999999996      2.466644553393735
-0.265                    0.07499999999999996      2.117512644348608
-0.255                    0.07499999999999996      1.7638181354504923
-0.245                    0.07499999999999996      1.5765267959070712
-0.235                    0.07499999999999996      1.5581067181470871
-0.22499999999999998      0.07499999999999996      1.539273162364168
-0.21500000000000005      0.07499999999999996      1.5201327365294333
-0.20500000000000004      0.07499999999999996      1.500931245275602
-0.19500000000000003      0.07499999999999996      1.4818121584465302
-0.18500000000000003      0.07499999999999996      1.4629806964445606
-0.17500000000000002      0.07499999999999996      1.4445619465204231
-0.165                    0.07499999999999996      1.42675617070065
-0.15500000000000003      0.07499999999999996      1.409628857417033
-0.14500000000000002      0.07499999999999996      1.3931911463041047
-0.135                    0.07499999999999996      1.3778635012714062
-0.125                    0.07499999999999996      1.3633822138942264
-0.11499999999999999      0.07499999999999996      1.3499046365228082
-0.10499999999999998      0.07499999999999996      1.3375286385265903
-0.09499999999999997      0.07499999999999996      1.3263144772874966
-0.08499999999999999      0.07499999999999996      1.3160592542813454
-0.07499999999999998      0.07499999999999996      1.3069494797982202
-0.06499999999999997      0.07499999999999996      1.2989860579203167
-0.054999999999999966     0.07499999999999996      1.2921903523015104
-0.04499999999999996      0.07499999999999996      1.2865156899720063
-0.03499999999999995      0.07499999999999996      1.281976957164062
-0.025000000000000022     0.07499999999999996      1.2785747202911324
-0.015000000000000013     0.07499999999999996      1.276307476993594
-0.0050000000000000044    0.07499999999999996      1.275173958273328
0.0050000000000000044     0.07499999999999996      1.2751735105027109
0.015000000000000013      0.07499999999999996      1.276306069246516
0.025000000000000022      0.07499999999999996      1.2785723480988054
0.03500000000000003       0.07499999999999996      1.281973923388449
0.04500000000000004       0.07499999999999996      1.2865132515263156
0.05500000000000005       0.07499999999999996      1.2921977608612476
0.06499999999999995       0.07499999999999996      1.2990029853811222
0.07499999999999996       0.07499999999999996      1.3069393017331947
0.08499999999999996       0.07499999999999996      1.3160231239204592
0.09499999999999997       0.07499999999999996      1.3261273388430936
0.10499999999999998       0.07499999999999996      1.337516455955381
0.11499999999999999       0.07499999999999996      1.3498990383852458
0.125                     0.07499999999999996      1.3633765566539608
0.135                     0.07499999999999996      1.377857385915263
0.14500000000000002       0.07499999999999996      1.393186211150521
0.15500000000000003       0.07499999999999996      1.409621533492441
0.16500000000000004       0.07499999999999996      1.4267485504757569
0.17500000000000004       0.07499999999999996      1.4445535551014927
0.18500000000000005       0.07499999999999996      1.4629721719244344
0.19499999999999995       0.07499999999999996      1.4818034499833743
0.20499999999999996       0.07499999999999996      1.5009224218161066
0.21499999999999997       0.07499999999999996      1.520123914838308
0.22499999999999998       0.07499999999999996      1.5392644503962742
0.235                     0.07499999999999996      1.558098262947567
0.245                     0.07499999999999996      1.5765186977919399
0.255                     0.07499999999999996      1.7631714254785038
0.265                     0.07499999999999996      2.1174359059270955
0.275                     0.07499999999999996      2.466497654459886
0.28500000000000003       0.07499999999999996      2.807993821558739
0.29500000000000004       0.07499999999999996      3.139590075299111
0.30500000000000005       0.07499999999999996      3.4596239788164524
0.31499999999999995       0.07499999999999996      3.7653780551792693
0.32499999999999996       0.07499999999999996      4.057703274048208
0.33499999999999996       0.07499999999999996      4.330662707276332
0.345                     0.07499999999999996      4.588562285491292
0.355                     0.07499999999999996      4.830223799810938
0.365                     0.07499999999999996      5.052734587413511
0.375                     0.07499999999999996      5.258384755899556
0.385                     0.07499999999999996      5.446092071963079
0.395                     0.07499999999999996      5.616517406628063
0.405                     0.07499999999999996      5.770752863532266
0.41500000000000004       0.07499999999999996      5.908398789061913
0.42500000000000004       0.07499999999999996      6.029827640818581
0.43500000000000005       0.07499999999999996      6.134786662774502
0.44499999999999995       0.07499999999999996      6.224847984888754
0.45499999999999996       0.07499999999999996      6.2979585074771265
0.46499999999999997       0.07499999999999996      6.356891142754222
0.475                     0.07499999999999996      6.402497799371588
0.485                     0.07499999999999996      6.430405317765633
0.495                     0.07499999999999996      6.445184962985465
-0.495                    0.08499999999999996      6.564836689509036
-0.485                    0.08499999999999996      6.550281136198919
-0.475                    0.08499999999999996      6.522789863201751
-0.46499999999999997      0.08499999999999996      6.4778227396382135
-0.45499999999999996      0.08499999999999996      6.419669806645501
-0.44499999999999995      0.08499999999999996      6.347421793412366
-0.43500000000000005      0.08499999999999996      6.258375119217419
-0.42500000000000004      0.08499999999999996      6.154353616637366
-0.41500000000000004      0.08499999999999996      6.033660438369068
-0.405                    0.08499999999999996      5.896545075328014
-0.395                    0.08499999999999996      5.742649503681335
-0.385                    0.08499999999999996      5.571897928827411
-0.375                    0.08499999999999996      5.383404539778667
-0.365                    0.08499999999999996      5.176002130012819
-0.355                    0.08499999999999996      4.950804758029335
-0.345                    0.08499999999999996      4.7051327824352
-0.33499999999999996      0.08499999999999996      4.441916495029602
-0.32499999999999996      0.08499999999999996      4.162280108917173
-0.31499999999999995      0.08499999999999996      3.8613020408969305
-0.30499999999999994      0.08499999999999996      3.5453504538444065
-0.29500000000000004      0.08499999999999996      3.2139224249667677
-0.28500000000000003      0.08499999999999996      2.8683863450260105
-0.275                    0.08499999999999996      2.51198539433517
-0.265                    0.08499999999999996      2.146812027206124
-0.255                    0.08499999999999996      1.7763454217558774
-0.245                    0.08499999999999996      1.5800294130333867
-0.235                    0.08499999999999996      1.5606568295699503
-0.22499999999999998      0.08499999999999996      1.5408076132270594
-0.21500000000000005      0.08499999999999996      1.5206092523106065
-0.20500000000000004      0.08499999999999996      1.5003463350799038
-0.19500000000000003      0.08499999999999996      1.480185212997128
-0.18500000000000003      0.08499999999999996      1.4603615639538816
-0.17500000000000002      0.08499999999999996      1.4410135983818861
-0.165                    0.08499999999999996      1.4223636668340602
-0.15500000000000003      0.08499999999999996      1.4044763793620234
-0.14500000000000002      0.08499999999999996      1.3873564538197343
-0.135                    0.08499999999999996      1.3714605353029015
-0.125                    0.08499999999999996      1.3564852048549483
-0.11499999999999999      0.08499999999999996      1.3425941380708366
-0.10499999999999998      0.08499999999999996      1.3298860490138509
-0.09499999999999997      0.08499999999999996      1.3182761785475918
-0.08499999999999999      0.08499999999999996      1.3078903180620784
-0.07499999999999998      0.08499999999999996      1.298619478148125
-0.06499999999999997      0.08499999999999996      1.2905341106841703
-0.054999999999999966     0.08499999999999996      1.283619348417993
-0.04499999999999996      0.08499999999999996      1.2778664143716014
-0.03499999999999995      0.08499999999999996      1.2732723305686875
-0.025000000000000022     0.08499999999999996      1.2698319865128838
-0.015000000000000013     0.08499999999999996      1.2675409239868713
-0.0050000000000000044    0.08499999999999996      1.2663960917413135
0.0050000000000000044     0.08499999999999996      1.2663960010191744
0.015000000000000013      0.08499999999999996      1.2675407163329595
0.025000000000000022      0.08499999999999996      1.269831759164589
0.03500000000000003       0.08499999999999996      1.2732712518802742
0.04500000000000004       0.08499999999999996      1.277862158519735
0.05500000000000005       0.08499999999999996      1.2836107210476264
0.06499999999999995       0.08499999999999996      1.2905294444388389
0.07499999999999996       0.08499999999999996      1.298620824351584
0.08499999999999996       0.08499999999999996      1.3078646790796142
0.09499999999999997       0.08499999999999996      1.3181902740496412
0.10499999999999998       0.08499999999999996      1.3298636279574794
0.11499999999999999       0.08499999999999996      1.3425860637792368
0.125                     0.08499999999999996      1.3564809645821825
0.135                     0.08499999999999996      1.371455250730662
0.14500000000000002       0.08499999999999996      1.3873514090180947
0.15500000000000003       0.08499999999999996      1.4044686324939448
0.16500000000000004       0.08499999999999996      1.4223551109425745
0.17500000000000004       0.08499999999999996      1.4410048832716313
0.18500000000000005       0.08499999999999996      1.460352242776878
0.19499999999999995       0.08499999999999996      1.4801756435184075
0.20499999999999996       0.08499999999999996      1.500336642459665
0.21499999999999997       0.08499999999999996      1.5205995388946576
0.22499999999999998       0.08499999999999996      1.5407980156173267
0.235                     0.08499999999999996      1.5606475289263813
0.245                     0.08499999999999996      1.5800205207013391
0.255                     0.08499999999999996      1.7755910096614116
0.265                     0.08499999999999996      2.1466867087531227
0.275                     0.08499999999999996      2.51184935700212
0.28500000000000003       0.08499999999999996      2.868322391017955
0.29500000000000004       0.08499999999999996      3.2133974434625543
0.30500000000000005       0.08499999999999996      3.5453952189768074
0.31499999999999995       0.08499999999999996      3.861352840350264
0.32499999999999996       0.08499999999999996      4.162335507513717
0.33499999999999996       0.08499999999999996      4.441974996292288
0.345                     0.08499999999999996      4.705193376411174
0.355                     0.08499999999999996      4.950866498441542
0.365                     0.08499999999999996      5.176064834280396
0.375                     0.08499999999999996      5.383444485183105
0.385                     0.08499999999999996      5.571996675704639
0.395                     0.08499999999999996      5.74268852131668
0.405                     0.08499999999999996      5.896668911593757
0.41500000000000004       0.08499999999999996      6.033697579413541
0.42500000000000004       0.08499999999999996      6.154341069337079
0.43500000000000005       0.08499999999999996      6.258378426149591
0.44499999999999995       0.08499999999999996      6.347499464132284
0.45499999999999996       0.08499999999999996      6.4197201290917505
0.46499999999999997       0.08499999999999996      6.4778749395667035
0.475                     0.08499999999999996      6.522839226558858
0.485                     0.08499999999999996      6.5503317050365695
0.495                     0.08499999999999996      6.5648870286677266
-0.495                    0.09499999999999997      6.698917028670735
-0.485                    0.09499999999999997      6.684649822455128
-0.475                    0.09499999999999997      6.657694589959988
-0.46499999999999997      0.09499999999999997      6.613563330509493
-0.45499999999999996      0.09499999999999997      6.556435632578584
-0.44499999999999995      0.09499999999999997      6.48537648671595
-0.43500000000000005      0.09499999999999997      6.3976301359047625
-0.42500000000000004      0.09499999999999997      6.294920883930445
-0.41500000000000004      0.09499999999999997      6.1754911070554925
-0.405                    0.09499999999999997      6.039407477988279
-0.395                    0.09499999999999997      5.886207767312115
-0.385                    0.09499999999999997      5.71570659050829
-0.375                    0.09499999999999997      5.5266978840958245
-0.365                    0.09499999999999997      5.317893111444562
-0.355                    0.09499999999999997      5.0901789292854005
-0.345                    0.09499999999999997      4.840456679439207
-0.33499999999999996      0.09499999999999997      4.571644200550395
-0.32499999999999996      0.09499999999999997      4.284776179572702
-0.31499999999999995      0.09499999999999997      3.97414831251308
-0.30499999999999994      0.09499999999999997      3.646621738382052
-0.29500000000000004      0.09499999999999997      3.3014788453399433
-0.28500000000000003      0.09499999999999997      2.9400654375493787
-0.275                    0.09499999999999997      2.566023480771264
-0.265                    0.09499999999999997      2.1818592671139356
-0.255                    0.09499999999999997      1.7913899518343896
-0.245                    0.09499999999999997      1.584236235665088
-0.235                    0.09499999999999997      1.5637185185377689
-0.22499999999999998      0.09499999999999997      1.5426456689275483
-0.21500000000000005      0.09499999999999997      1.521174911150041
-0.20500000000000004      0.09499999999999997      1.4996401364816023
-0.19500000000000003      0.09499999999999997      1.4782375428424075
-0.18500000000000003      0.09499999999999997      1.457242176858415
-0.17500000000000002      0.09499999999999997      1.4368067965962155
-0.165                    0.09499999999999997      1.4171812184649903
-0.15500000000000003      0.09499999999999997      1.3984243138139618
-0.14500000000000002      0.09499999999999997      1.3805339212892704
-0.135                    0.09499999999999997      1.3640071630947546
-0.125                    0.09499999999999997      1.3484863207043674
-0.11499999999999999      0.09499999999999997      1.3341656331966885
-0.10499999999999998      0.09499999999999997      1.3211374665475546
-0.09499999999999997      0.09499999999999997      1.3091737333954825
-0.08499999999999999      0.09499999999999997      1.2985208165023323
-0.07499999999999998      0.09499999999999997      1.2890872782955398
-0.06499999999999997      0.09499999999999997      1.2808677961688488
-0.054999999999999966     0.09499999999999997      1.2738548878689073
-0.04499999999999996      0.09499999999999997      1.2680305577704019
-0.03499999999999995      0.09499999999999997      1.2633855930653795
-0.025000000000000022     0.09499999999999997      1.2599109416389354
-0.015000000000000013     0.09499999999999997      1.2575989159836638
-0.0050000000000000044    0.09499999999999997      1.2564442372646454
0.0050000000000000044     0.09499999999999997      1.2564441016312742
0.015000000000000013      0.09499999999999997      1.2575985321202552
0.025000000000000022      0.09499999999999997      1.259910368266361
0.03500000000000003       0.09499999999999997      1.2633848394450808
0.04500000000000004       0.09499999999999997      1.268029837014069
0.05500000000000005       0.09499999999999997      1.2738533309768911
0.06499999999999995       0.09499999999999997      1.280868936832377
0.07499999999999996       0.09499999999999997      1.2890895376974356
0.08499999999999996       0.09499999999999997      1.2985226303149773
0.09499999999999997       0.09499999999999997      1.3092930461775723
0.10499999999999998       0.09499999999999997      1.3210445147350356
0.11499999999999999       0.09499999999999997      1.3341382298672784
0.125                     0.09499999999999997      1.3484875247206531
0.135                     0.09499999999999997      1.364002610831733
0.14500000000000002       0.09499999999999997      1.380527934492477
0.15500000000000003       0.09499999999999997      1.3984164389148077
0.16500000000000004       0.09499999999999997      1.4171710219150127
0.17500000000000004       0.09499999999999997      1.436798202407914
0.18500000000000005       0.09499999999999997      1.4572319808449379
0.19499999999999995       0.09499999999999997      1.478226904842245
0.20499999999999996       0.09499999999999997      1.4996294576726825
0.21499999999999997       0.09499999999999997      1.521164149445184
0.22499999999999998       0.09499999999999997      1.542635039041727
0.235                     0.09499999999999997      1.5637082374693705
0.245                     0.09499999999999997      1.5842265470195684
0.255                     0.09499999999999997      1.790418833708145
0.265                     0.09499999999999997      2.1816985905550155
0.275                     0.09499999999999997      2.565874344397457
0.28500000000000003       0.09499999999999997      2.940009383881943
0.29500000000000004       0.09499999999999997      3.300843760549924
0.30500000000000005       0.09499999999999997      3.6466742735805866
0.31499999999999995       0.09499999999999997      3.9742073492072905
0.32499999999999996       0.09499999999999997      4.284839942831297
0.33499999999999996       0.09499999999999997      4.571710831928101
0.345                     0.09499999999999997      4.840524986314371
0.355                     0.09499999999999997      5.0902478091267085
0.365                     0.09499999999999997      5.3179601439405815
0.375                     0.09499999999999997      5.526770302089716
0.385                     0.09499999999999997      5.715760644216857
0.395                     0.09499999999999997      5.886282704534139
0.405                     0.09499999999999997      6.039554866052228
0.41500000000000004       0.09499999999999997      6.175512271529392
0.42500000000000004       0.09499999999999997      6.294925762276449
0.43500000000000005       0.09499999999999997      6.397638127123798
0.44499999999999995       0.09499999999999997      6.485455973540013
0.45499999999999996       0.09499999999999997      6.55648784983012
0.46499999999999997       0.09499999999999997      6.613617042443934
0.475                     0.09499999999999997      6.657745024784674
0.485                     0.09499999999999997      6.684701713705351
0.495                     0.09499999999999997      6.698968635253564
-0.495                    0.10499999999999998      6.847090168038989
-0.485                    0.10499999999999998      6.833186523009033
-0.475                    0.10499999999999998      6.806908830993677
-0.46499999999999997      0.10499999999999998      6.763843917636223
-0.45499999999999996      0.10499999999999998      6.708037134890574
-0.44499999999999995      0.10499999999999998      6.63852988436463
-0.43500000000000005      0.10499999999999998      6.552523230479494
-0.42500000000000004      0.10499999999999998      6.451635844219027
-0.41500000000000004      0.10499999999999998      6.334050359826719
-0.405                    0.10499999999999998      6.199568731278388
-0.395                    0.10499999999999998      6.047691423563208
-0.385                    0.10499999999999998      5.878094024479367
-0.375                    0.10499999999999998      5.6891373184951135
-0.365                    0.10499999999999998      5.479495092878437
-0.355                    0.10499999999999998      5.249683142534593
-0.345                    0.10499999999999998      4.9961139139123745
-0.33499999999999996      0.10499999999999998      4.72165065399011
-0.32499999999999996      0.10499999999999998      4.4271863638902005
-0.31499999999999995      0.10499999999999998      4.106023491276687
-0.30499999999999994      0.10499999999999998      3.7655695007798897
-0.29500000000000004      0.10499999999999998      3.404792997472441
-0.28500000000000003      0.10499999999999998      3.024997184288395
-0.275                    0.10499999999999998      2.630489323106872
-0.265                    0.10499999999999998      2.2235678388990436
-0.255                    0.10499999999999998      1.8093868429364193
-0.245                    0.10499999999999998      1.5892685170229868
-0.235                    0.10499999999999998      1.56737548210765
-0.22499999999999998      0.10499999999999998      1.544830004076232
-0.21500000000000005      0.10499999999999998      1.5218317859716706
-0.20500000000000004      0.10499999999999998      1.4987775267858225
-0.19500000000000003      0.10499999999999998      1.4759025546115936
-0.18500000000000003      0.10499999999999998      1.4535328835012251
-0.17500000000000002      0.10499999999999998      1.4318362911411953
-0.165                    0.10499999999999998      1.4110959081936851
-0.15500000000000003      0.10499999999999998      1.3913580312198803
-0.14500000000000002      0.10499999999999998      1.3726166043458647
-0.135                    0.10499999999999998      1.355401392723937
-0.125                    0.10499999999999998      1.3392870179797853
-0.11499999999999999      0.10499999999999998      1.3245263718589655
-0.10499999999999998      0.10499999999999998      1.3110685730333387
-0.09499999999999997      0.10499999999999998      1.2990085992066724
-0.08499999999999999      0.10499999999999998      1.2881361533025029
-0.07499999999999998      0.10499999999999998      1.2785224394619945
-0.06499999999999997      0.10499999999999998      1.2701742840421275
-0.054999999999999966     0.10499999999999998      1.2630648094740309
-0.04499999999999996      0.10499999999999998      1.257174362442754
-0.03499999999999995      0.10499999999999998      1.25248506728812
-0.025000000000000022     0.10499999999999998      1.2489817098316678
-0.015000000000000013     0.10499999999999998      1.2466527617283134
-0.0050000000000000044    0.10499999999999998      1.2454901605306645
0.0050000000000000044     0.10499999999999998      1.2454898780600843
0.015000000000000013      0.10499999999999998      1.2466518360567136
0.025000000000000022      0.10499999999999998      1.2489800016189463
0.03500000000000003       0.10499999999999998      1.2524822160945348
0.04500000000000004       0.10499999999999998      1.257170030788103
0.05500000000000005       0.10499999999999998      1.263058055482162
0.06499999999999995       0.10499999999999998      1.2701642980150893
0.07499999999999996       0.10499999999999998      1.2785060919330817
0.08499999999999996       0.10499999999999998      1.2881011570263468
0.09499999999999997       0.10499999999999998      1.29896889086816
0.10499999999999998       0.10499999999999998      1.3110020700638643
0.11499999999999999       0.10499999999999998      1.3244702521404008
0.125                     0.10499999999999998      1.3393007161782151
0.135                     0.10499999999999998      1.355396335646617
0.14500000000000002       0.10499999999999998      1.3726049093514234
0.15500000000000003       0.10499999999999998      1.3913503939832594
0.16500000000000004       0.10499999999999998      1.411083414067547
0.17500000000000004       0.10499999999999998      1.4318283541610413
0.18500000000000005       0.10499999999999998      1.453521709554252
0.19499999999999995       0.10499999999999998      1.4758905206501254
0.20499999999999996       0.10499999999999998      1.4987657835051351
0.21499999999999997       0.10499999999999998      1.5218197587485633
0.22499999999999998       0.10499999999999998      1.5448181835458286
0.235                     0.10499999999999998      1.5673640061189076
0.245                     0.10499999999999998      1.5892575408497152
0.255                     0.10499999999999998      1.8081650884278133
0.265                     0.10499999999999998      2.223336520606381
0.275                     0.10499999999999998      2.630170417859972
0.28500000000000003       0.10499999999999998      3.0249159064726427
0.29500000000000004       0.10499999999999998      3.404058738882213
0.30500000000000005       0.10499999999999998      3.765631314397069
0.31499999999999995       0.10499999999999998      4.106092455964074
0.32499999999999996       0.10499999999999998      4.427260097792157
0.33499999999999996       0.10499999999999998      4.721726749314286
0.345                     0.10499999999999998      4.996191083283094
0.355                     0.10499999999999998      5.249759723114494
0.365                     0.10499999999999998      5.479567516928228
0.375                     0.10499999999999998      5.689276208160209
0.385                     0.10499999999999998      5.878079388941529
0.395                     0.10499999999999998      6.047802142617243
0.405                     0.10499999999999998      6.199745269327387
0.41500000000000004       0.10499999999999998      6.334028633541799
0.42500000000000004       0.10499999999999998      6.4516650228395065
0.43500000000000005       0.10499999999999998      6.55253686739627
0.44499999999999995       0.10499999999999998      6.6386093682531
0.45499999999999996       0.10499999999999998      6.708091296180029
0.46499999999999997       0.10499999999999998      6.763898971561645
0.475                     0.10499999999999998      6.806960778371888
0.485                     0.10499999999999998      6.83323945883501
0.495                     0.10499999999999998      6.847142759370399
-0.495                    0.11499999999999999      7.008994761195581
-0.485                    0.11499999999999999      6.995541121724045
-0.475                    0.11499999999999999      6.97010448637559
-0.46499999999999997      0.11499999999999999      6.928372823810264
-0.45499999999999996      0.11499999999999999      6.874232209832833
-0.44499999999999995      0.11499999999999999      6.806704379177518
-0.43500000000000005      0.11499999999999999      6.722964056566411
-0.42500000000000004      0.11499999999999999      6.624487471253076
-0.41500000000000004      0.11499999999999999      6.509432197717814
-0.405                    0.11499999999999999      6.377332693391988
-0.395                    0.11499999999999999      6.2276018904872785
-0.385                    0.11499999999999999      6.059792120625076
-0.375                    0.11499999999999999      5.87172051723428
-0.365                    0.11499999999999999      5.662075746020605
-0.355                    0.11499999999999999      5.430901712480733
-0.345                    0.11499999999999999      5.174007177864283
-0.33499999999999996      0.11499999999999999      4.894146723396915
-0.32499999999999996      0.11499999999999999      4.591994700661587
-0.31499999999999995      0.11499999999999999      4.259594735352039
-0.30499999999999994      0.11499999999999999      3.9049348587897725
-0.29500000000000004      0.11499999999999999      3.526501206843477
-0.28500000000000003      0.11499999999999999      3.1255442908966415
-0.275                    0.11499999999999999      2.7066509134016314
-0.265                    0.11499999999999999      2.2733817692503635
-0.255                    0.11499999999999999      1.830708423499118
-0.245                    0.11499999999999999      1.5952797015519593
-0.235                    0.11499999999999999      1.5717311759853487
-0.22499999999999998      0.11499999999999999      1.5474088266576587
-0.21500000000000005      0.11499999999999999      1.5225742484656735
-0.20500000000000004      0.11499999999999999      1.497704600043832
-0.19500000000000003      0.11499999999999999      1.4730869544717962
-0.18500000000000003      0.11499999999999999      1.4491130425407732
-0.17500000000000002      0.11499999999999999      1.4259649958161162
-0.165                    0.11499999999999999      1.4039643696798976
-0.15500000000000003      0.11499999999999999      1.3831355956743892
-0.14500000000000002      0.11499999999999999      1.3637544476650874
-0.135                    0.11499999999999999      1.3455228025542567
-0.125                    0.11499999999999999      1.328837100109638
-0.11499999999999999      0.11499999999999999      1.3135156890656674
-0.10499999999999998      0.11499999999999999      1.2996551086493895
-0.09499999999999997      0.11499999999999999      1.2872067806789573
-0.08499999999999999      0.11499999999999999      1.2761321198798043
-0.07499999999999998      0.11499999999999999      1.2663877475499135
-0.06499999999999997      0.11499999999999999      1.2579445336575503
-0.054999999999999966     0.11499999999999999      1.2507724034137908
-0.04499999999999996      0.11499999999999999      1.2448424820202177
-0.03499999999999995      0.11499999999999999      1.2401297710758996
-0.025000000000000022     0.11499999999999999      1.236613695861294
-0.015000000000000013     0.11499999999999999      1.2342784519483985
-0.0050000000000000044    0.11499999999999999      1.2331134093540612
0.0050000000000000044     0.11499999999999999      1.2331131943437441
0.015000000000000013      0.11499999999999999      1.2342778097986127
0.025000000000000022      0.11499999999999999      1.2366126224114566
0.03500000000000003       0.11499999999999999      1.2401283096999407
0.04500000000000004       0.11499999999999999      1.2448406829789462
0.05500000000000005       0.11499999999999999      1.2507705129144426
0.06499999999999995       0.11499999999999999      1.2579425338497856
0.07499999999999996       0.11499999999999999      1.2663857374476777
0.08499999999999996       0.11499999999999999      1.2761322117091538
0.09499999999999997       0.11499999999999999      1.2872152101226675
0.10499999999999998       0.11499999999999999      1.2996616600322568
0.11499999999999999       0.11499999999999999      1.3135183843227765
0.125                     0.11499999999999999      1.328800342129444
0.135                     0.11499999999999999      1.345514326364821
0.14500000000000002       0.11499999999999999      1.3637461890889426
0.15500000000000003       0.11499999999999999      1.3831279066809827
0.16500000000000004       0.11499999999999999      1.4039491424564279
0.17500000000000004       0.11499999999999999      1.4259578805284434
0.18500000000000005       0.11499999999999999      1.4491006606022552
0.19499999999999995       0.11499999999999999      1.4730728339023358
0.20499999999999996       0.11499999999999999      1.4976918089552882
0.21499999999999997       0.11499999999999999      1.5225606755001877
0.22499999999999998       0.11499999999999999      1.5473956482063613
0.235                     0.11499999999999999      1.5717182901722708
0.245                     0.11499999999999999      1.5952674422554907
0.255                     0.11499999999999999      1.8294548385842972
0.265                     0.11499999999999999      2.273075617238419
0.275                     0.11499999999999999      2.7065379870456354
0.28500000000000003       0.11499999999999999      3.125187041418144
0.29500000000000004       0.11499999999999999      3.5255583453479176
0.30500000000000005       0.11499999999999999      3.9050090248164224
0.31499999999999995       0.11499999999999999      4.259676023809902
0.32499999999999996       0.11499999999999999      4.592080596204994
0.33499999999999996       0.11499999999999999      4.894233756537545
0.345                     0.11499999999999999      5.174094666825603
0.355                     0.11499999999999999      5.430984583050986
0.365                     0.11499999999999999      5.6621576177353745
0.375                     0.11499999999999999      5.871945879034627
0.385                     0.11499999999999999      6.0596729672104175
0.395                     0.11499999999999999      6.227748624519876
0.405                     0.11499999999999999      6.377543554673942
0.41500000000000004       0.11499999999999999      6.509368803712505
0.42500000000000004       0.11499999999999999      6.624548693153486
0.43500000000000005       0.11499999999999999      6.7229787729376085
0.44499999999999995       0.11499999999999999      6.806782633362303
0.45499999999999996       0.11499999999999999      6.8742879564589074
0.46499999999999997       0.11499999999999999      6.928428898250587
0.475                     0.11499999999999999      6.9701575879651045
0.485                     0.11499999999999999      6.995594763112649
0.495                     0.11499999999999999      7.0090479961389605
-0.495                    0.125                    7.184184070731419
-0.485                    0.125                    7.171277676156819
-0.475                    0.125                    7.146866415046304
-0.46499999999999997      0.125                    7.106770754960195
-0.45499999999999996      0.125                    7.054690572999149
-0.44499999999999995      0.125                    6.989634393714709
-0.43500000000000005      0.125                    6.908766089665278
-0.42500000000000004      0.125                    6.813444125697373
-0.41500000000000004      0.125                    6.701758617000934
-0.405                    0.125                    6.57295039317466
-0.395                    0.125                    6.426397350601334
-0.385                    0.125                    6.2615162508363085
-0.375                    0.125                    6.075482870436815
-0.365                    0.125                    5.866983848272923
-0.355                    0.125                    5.635596889323722
-0.345                    0.125                    5.376318959835778
-0.33499999999999996      0.125                    5.091737949117828
-0.32499999999999996      0.125                    4.782202301393795
-0.31499999999999995      0.125                    4.438163732251155
-0.30499999999999994      0.125                    4.068183840891166
-0.29500000000000004      0.125                    3.67000332680891
-0.28500000000000003      0.125                    3.2448793054451244
-0.275                    0.125                    2.797767335158568
-0.265                    0.125                    2.3327790173077574
-0.255                    0.125                    1.856384691632229
-0.245                    0.125                    1.6024671061002067
-0.235                    0.125                    1.5769138706214676
-0.22499999999999998      0.125                    1.5504348124313196
-0.21500000000000005      0.125                    1.523382802598718
-0.20500000000000004      0.125                    1.4963388813533456
-0.19500000000000003      0.125                    1.4696594084670664
-0.18500000000000003      0.125                    1.4438197463690585
-0.17500000000000002      0.125                    1.419013856766611
-0.165                    0.125                    1.3956050224221528
-0.15500000000000003      0.125                    1.3735794382743052
-0.14500000000000002      0.125                    1.3532258894556435
-0.135                    0.125                    1.3341827332647824
-0.125                    0.125                    1.3168733530171721
-0.11499999999999999      0.125                    1.3011234477691005
-0.10499999999999998      0.125                    1.286930335088961
-0.09499999999999997      0.125                    1.274236295119401
-0.08499999999999999      0.125                    1.2629828647385146
-0.07499999999999998      0.125                    1.2531213579828542
-0.06499999999999997      0.125                    1.2446061564788664
-0.054999999999999966     0.125                    1.237393495883616
-0.04499999999999996      0.125                    1.2314443674852313
-0.03499999999999995      0.125                    1.2267255316190315
-0.025000000000000022     0.125                    1.2232101029711302
-0.015000000000000013     0.125                    1.220877770368432
-0.0050000000000000044    0.125                    1.21971491583826
0.0050000000000000044     0.125                    1.2197146997448058
0.015000000000000013      0.125                    1.2208771097940527
0.025000000000000022      0.125                    1.2232089586574233
0.03500000000000003       0.125                    1.2267238482269534
0.04500000000000004       0.125                    1.2314420857017367
0.05500000000000005       0.125                    1.2373905348200864
0.06499999999999995       0.125                    1.24460228812179
0.07499999999999996       0.125                    1.2531160872475269
0.08499999999999996       0.125                    1.262975906292489
0.09499999999999997       0.125                    1.274227887785841
0.10499999999999998       0.125                    1.2869199053848916
0.11499999999999999       0.125                    1.3011092745217177
0.125                     0.125                    1.3168913927409847
0.135                     0.125                    1.3342086082146807
0.14500000000000002       0.125                    1.353207143429188
0.15500000000000003       0.125                    1.3735694344165381
0.16500000000000004       0.125                    1.3955856571225453
0.17500000000000004       0.125                    1.4190067063069876
0.18500000000000005       0.125                    1.4438064110373148
0.19499999999999995       0.125                    1.4696419922523773
0.20499999999999996       0.125                    1.4963252053750793
0.21499999999999997       0.125                    1.5233672071460092
0.22499999999999998       0.125                    1.5504200411924671
0.235                     0.125                    1.5768992971358102
0.245                     0.125                    1.6024535075258655
0.255                     0.125                    1.8548667609029508
0.265                     0.125                    2.332382557009254
0.275                     0.125                    2.797621328808873
0.28500000000000003       0.125                    3.2447223515621317
0.29500000000000004       0.125                    3.6690517301190084
0.30500000000000005       0.125                    4.0682737016209956
0.31499999999999995       0.125                    4.438260071212028
0.32499999999999996       0.125                    4.782303473438731
0.33499999999999996       0.125                    5.09183753615838
0.345                     0.125                    5.376418629250395
0.355                     0.125                    5.635684411174168
0.365                     0.125                    5.8671008776334475
0.375                     0.125                    6.075800654336774
0.385                     0.125                    6.261257583473338
0.395                     0.125                    6.426603652577384
0.405                     0.125                    6.573192024576688
0.41500000000000004       0.125                    6.70164991165516
0.42500000000000004       0.125                    6.813530493635483
0.43500000000000005       0.125                    6.908791118217437
0.44499999999999995       0.125                    6.989710367114412
0.45499999999999996       0.125                    7.054747412485419
0.46499999999999997       0.125                    7.106827447930215
0.475                     0.125                    7.146919973328977
0.485                     0.125                    7.171331621396121
0.495                     0.125                    7.184237547263322
-0.495                    0.135                    7.3721154007055105
-0.485                    0.135                    7.359863230181816
-0.475                    0.135                    7.33668041588794
-0.46499999999999997      0.135                    7.2985566287848656
-0.45499999999999996      0.135                    7.248976776771549
-0.44499999999999995      0.135                    7.186946261585433
-0.43500000000000005      0.135                    7.109645444451587
-0.42500000000000004      0.135                    7.018268718180082
-0.41500000000000004      0.135                    6.910958026764774
-0.405                    0.135                    6.786566259739786
-0.395                    0.135                    6.64445482446547
-0.385                    0.135                    6.48393261062688
-0.375                    0.135                    6.301392289018338
-0.365                    0.135                    6.095690842726242
-0.355                    0.135                    5.865679591136569
-0.345                    0.135                    5.605506764599042
-0.33499999999999996      0.135                    5.31745554629029
-0.32499999999999996      0.135                    5.0014079463356325
-0.31499999999999995      0.135                    4.645808996466485
-0.30499999999999994      0.135                    4.259721361276533
-0.29500000000000004      0.135                    3.8398297552414533
-0.28500000000000003      0.135                    3.3871088509331457
-0.275                    0.135                    2.9075563959340798
-0.265                    0.135                    2.4043360433913676
-0.255                    0.135                    1.887387071695457
-0.245                    0.135                    1.611087086344952
-0.235                    0.135                    1.5830831961309286
-0.22499999999999998      0.135                    1.5539620382748467
-0.21500000000000005      0.135                    1.5242137959812396
-0.20500000000000004      0.135                    1.4945542036108677
-0.19500000000000003      0.135                    1.4654341949500918
-0.18500000000000003      0.135                    1.4374317922890327
-0.17500000000000002      0.135                    1.410743828158445
-0.165                    0.135                    1.3857906892057628
-0.15500000000000003      0.135                    1.3624727799412142
-0.14500000000000002      0.135                    1.3410718030349358
-0.135                    0.135                    1.3213059418444635
-0.125                    0.135                    1.303446827199565
-0.11499999999999999      0.135                    1.28730483580253
-0.10499999999999998      0.135                    1.272816825022204
-0.09499999999999997      0.135                    1.2599138820916096
-0.08499999999999999      0.135                    1.2485298844205488
-0.07499999999999998      0.135                    1.2385977094153873
-0.06499999999999997      0.135                    1.2300525352571583
-0.054999999999999966     0.135                    1.2228365624645505
-0.04499999999999996      0.135                    1.2168995453604055
-0.03499999999999995      0.135                    1.2121998116301995
-0.025000000000000022     0.135                    1.208704032845361
-0.015000000000000013     0.135                    1.2063872566686484
-0.0050000000000000044    0.135                    1.2052329020780235
0.0050000000000000044     0.135                    1.2052326957596051
0.015000000000000013      0.135                    1.2063866391426643
0.025000000000000022      0.135                    1.2087030229383515
0.03500000000000003       0.135                    1.2121984610596996
0.04500000000000004       0.135                    1.216897943805094
0.05500000000000005       0.135                    1.222834880650879
0.06499999999999995       0.135                    1.2300511165792614
0.07499999999999996       0.135                    1.2385967574544168
0.08499999999999996       0.135                    1.2485294197799703
0.09499999999999997       0.135                    1.2599140618648335
0.10499999999999998       0.135                    1.2728171199229052
0.11499999999999999       0.135                    1.2872990162558864
0.125                     0.135                    1.3034523635214157
0.135                     0.135                    1.32134329570561
0.14500000000000002       0.135                    1.3411255564254247
0.15500000000000003       0.135                    1.3624615995783529
0.16500000000000004       0.135                    1.385761908020891
0.17500000000000004       0.135                    1.4107413764861576
0.18500000000000005       0.135                    1.437416968256855
0.19499999999999995       0.135                    1.465411585996776
0.20499999999999996       0.135                    1.4945398311808944
0.21499999999999997       0.135                    1.5241955153497315
0.22499999999999998       0.135                    1.5539455277303205
0.235                     0.135                    1.5830665199610507
0.245                     0.135                    1.6110716426772171
0.255                     0.135                    1.885585382765612
0.265                     0.135                    2.40413130759066
0.275                     0.135                    2.906995541859601
0.28500000000000003       0.135                    3.38680588033435
0.29500000000000004       0.135                    3.8389040035951894
0.30500000000000005       0.135                    4.259829489453935
0.31499999999999995       0.135                    4.645923620969143
0.32499999999999996       0.135                    5.001528481135551
0.33499999999999996       0.135                    5.317569708702109
0.345                     0.135                    5.605620167813775
0.355                     0.135                    5.865770842657469
0.365                     0.135                    6.0958246961938585
0.375                     0.135                    6.30185036623962
0.385                     0.135                    6.483496094052441
0.395                     0.135                    6.64474387736189
0.405                     0.135                    6.786835177026266
0.41500000000000004       0.135                    6.910751455252168
0.42500000000000004       0.135                    7.018408531521629
0.43500000000000005       0.135                    7.109683503003794
0.44499999999999995       0.135                    7.187018292042239
0.45499999999999996       0.135                    7.24903431283137
0.46499999999999997       0.135                    7.298613426562554
0.475                     0.135                    7.336733816064054
0.485                     0.135                    7.359917014818052
0.495                     0.135                    7.372168655456875
-0.495                    0.14500000000000002      7.572140585940119
-0.485                    0.14500000000000002      7.560657602803815
-0.475                    0.14500000000000002      7.538921763784401
-0.46499999999999997      0.14500000000000002      7.503133709871122
-0.45499999999999996      0.14500000000000002      7.456533515236238
-0.44499999999999995      0.14500000000000002      7.398136072173514
-0.43500000000000005      0.14500000000000002      7.3251780181907975
-0.42500000000000004      0.14500000000000002      7.238698618413451
-0.41500000000000004      0.14500000000000002      7.136840934278808
-0.405                    0.14500000000000002      7.018181002288268
-0.395                    0.14500000000000002      6.882015237007749
-0.385                    0.14500000000000002      6.727589646066235
-0.375                    0.14500000000000002      6.550399613683226
-0.365                    0.14500000000000002      6.349602449951249
-0.355                    0.14500000000000002      6.123150182268432
-0.345                    0.14500000000000002      5.864267228184488
-0.33499999999999996      0.14500000000000002      5.574764961216289
-0.32499999999999996      0.14500000000000002      5.2538811831253724
-0.31499999999999995      0.14500000000000002      4.887548197092144
-0.30499999999999994      0.14500000000000002      4.485144879868528
-0.29500000000000004      0.14500000000000002      4.041808111710907
-0.28500000000000003      0.14500000000000002      3.5579962836588663
-0.275                    0.14500000000000002      3.0390626283624442
-0.265                    0.14500000000000002      2.4917654207258693
-0.255                    0.14500000000000002      1.9251762433577824
-0.245                    0.14500000000000002      1.62147788747383
-0.235                    0.14500000000000002      1.5904384268102945
-0.22499999999999998      0.14500000000000002      1.5580391141529049
-0.21500000000000005      0.14500000000000002      1.5249819532050424
-0.20500000000000004      0.14500000000000002      1.4921565034511772
-0.19500000000000003      0.14500000000000002      1.4601466857122887
-0.18500000000000003      0.14500000000000002      1.4296500564330472
-0.17500000000000002      0.14500000000000002      1.4008344077100219
-0.165                    0.14500000000000002      1.3742291417819956
-0.15500000000000003      0.14500000000000002      1.349562901844891
-0.14500000000000002      0.14500000000000002      1.327030561467609
-0.135                    0.14500000000000002      1.306712825314861
-0.125                    0.14500000000000002      1.2882142135898107
-0.11499999999999999      0.14500000000000002      1.2716613547320321
-0.10499999999999998      0.14500000000000002      1.2569192795078834
-0.09499999999999997      0.14500000000000002      1.2438815479911796
-0.08499999999999999      0.14500000000000002      1.232449602998713
-0.07499999999999998      0.14500000000000002      1.222519467078257
-0.06499999999999997      0.14500000000000002      1.2140080243532907
-0.054999999999999966     0.14500000000000002      1.206843454744444
-0.04499999999999996      0.14500000000000002      1.200964610716312
-0.03499999999999995      0.14500000000000002      1.1963209712496905
-0.025000000000000022     0.14500000000000002      1.192872614599196
-0.015000000000000013     0.14500000000000002      1.1905899407609581
-0.0050000000000000044    0.14500000000000002      1.189453375183632
0.0050000000000000044     0.14500000000000002      1.1894531799483161
0.015000000000000013      0.14500000000000002      1.1905893522454676
0.025000000000000022      0.14500000000000002      1.1928716227832297
0.03500000000000003       0.14500000000000002      1.1963195607917783
0.04500000000000004       0.14500000000000002      1.2009627367197027
0.05500000000000005       0.14500000000000002      1.2068410216512575
0.06499999999999995       0.14500000000000002      1.214004806565299
0.07499999999999996       0.14500000000000002      1.2225152968492239
0.08499999999999996       0.14500000000000002      1.2324445939712518
0.09499999999999997       0.14500000000000002      1.2438758485826042
0.10499999999999998       0.14500000000000002      1.2569016516765146
0.11499999999999999       0.14500000000000002      1.2715982277869102
0.125                     0.14500000000000002      1.2881263474849902
0.135                     0.14500000000000002      1.3065849288737184
0.14500000000000002       0.14500000000000002      1.3271912360180806
0.15500000000000003       0.14500000000000002      1.34953038081116
0.16500000000000004       0.14500000000000002      1.3741865709055343
0.17500000000000004       0.14500000000000002      1.4008525936180547
0.18500000000000005       0.14500000000000002      1.4296391484715514
0.19499999999999995       0.14500000000000002      1.4601170371358876
0.20499999999999996       0.14500000000000002      1.4921417899591205
0.21499999999999997       0.14500000000000002      1.5249601960215102
0.22499999999999998       0.14500000000000002      1.5580212067374646
0.235                     0.14500000000000002      1.5904191883821568
0.245                     0.14500000000000002      1.6214596920863187
0.255                     0.14500000000000002      1.9228874385187282
0.265                     0.14500000000000002      2.4910286981277068
0.275                     0.14500000000000002      3.039732622046131
0.28500000000000003       0.14500000000000002      3.557440415875064
0.29500000000000004       0.14500000000000002      4.040727146911422
0.30500000000000005       0.14500000000000002      4.485274927652696
0.31499999999999995       0.14500000000000002      4.887685158458169
0.32499999999999996       0.14500000000000002      5.254025501727256
0.33499999999999996       0.14500000000000002      5.574896084835871
0.345                     0.14500000000000002      5.864395405110201
0.355                     0.14500000000000002      6.123244776653991
0.365                     0.14500000000000002      6.349743852766494
0.375                     0.14500000000000002      6.551024658832574
0.385                     0.14500000000000002      6.72693214115904
0.395                     0.14500000000000002      6.882403921650209
0.405                     0.14500000000000002      7.018481526332927
0.41500000000000004       0.14500000000000002      7.136547293167084
0.42500000000000004       0.14500000000000002      7.238887426805917
0.43500000000000005       0.14500000000000002      7.325229081977341
0.44499999999999995       0.14500000000000002      7.398203917876174
0.45499999999999996       0.14500000000000002      7.4565911936606355
0.46499999999999997       0.14500000000000002      7.503190052949776
0.475                     0.14500000000000002      7.538974562706414
0.485                     0.14500000000000002      7.560710700112736
0.495                     0.14500000000000002      7.572193095711583
-0.495                    0.15500000000000003      7.783498225652139
-0.485                    0.15500000000000003      7.772904871342689
-0.475                    0.15500000000000003      7.752845211604097
-0.46499999999999997      0.15500000000000003      7.719777149940114
-0.45499999999999996      0.15500000000000003      7.676665595072933
-0.44499999999999995      0.15500000000000003      7.622550915598907
-0.43500000000000005      0.15500000000000003      7.554778100677083
-0.42500000000000004      0.15500000000000003      7.474192485125684
-0.41500000000000004      0.15500000000000003      7.379068675702001
-0.405                    0.15500000000000003      7.267584322035953
-0.395                    0.15500000000000003      7.139110850451814
-0.385                    0.15500000000000003      6.9928219170805335
-0.375                    0.15500000000000003      6.823305864377716
-0.365                    0.15500000000000003      6.6299605170249265
-0.355                    0.15500000000000003      6.409994500079165
-0.345                    0.15500000000000003      6.155451091667423
-0.33499999999999996      0.15500000000000003      5.867527567802227
-0.32499999999999996      0.15500000000000003      5.544603256711412
-0.31499999999999995      0.15500000000000003      5.169508519677947
-0.30499999999999994      0.15500000000000003      4.751570365010011
-0.29500000000000004      0.15500000000000003      4.283559926163662
-0.28500000000000003      0.15500000000000003      3.7645596339198164
-0.275                    0.15500000000000003      3.200938870018817
-0.265                    0.15500000000000003      2.599371194775159
-0.255                    0.15500000000000003      1.9716356121498393
-0.245                    0.15500000000000003      1.6340938959335318
-0.235                    0.15500000000000003      1.5992290009464796
-0.22499999999999998      0.15500000000000003      1.5626951994024125
-0.21500000000000005      0.15500000000000003      1.5255297591564556
-0.20500000000000004      0.15500000000000003      1.4888457055289877
-0.19500000000000003      0.15500000000000003      1.4534206092438922
-0.18500000000000003      0.15500000000000003      1.4200648196252814
-0.17500000000000002      0.15500000000000003      1.3888957719501605
-0.165                    0.15500000000000003      1.3606045305972998
-0.15500000000000003      0.15500000000000003      1.334670070079909
-0.14500000000000002      0.15500000000000003      1.311111371181795
-0.135                    0.15500000000000003      1.2899774211706472
-0.125                    0.15500000000000003      1.271097308748665
-0.11499999999999999      0.15500000000000003      1.2543062889064913
-0.10499999999999998      0.15500000000000003      1.239453725332254
-0.09499999999999997      0.15500000000000003      1.226395662284716
-0.08499999999999999      0.15500000000000003      1.2149986464012272
-0.07499999999999998      0.15500000000000003      1.2051450985335634
-0.06499999999999997      0.15500000000000003      1.1967333816980101
-0.054999999999999966     0.15500000000000003      1.1896766586338288
-0.04499999999999996      0.15500000000000003      1.1839022908679055
-0.03499999999999995      0.15500000000000003      1.17935125022413
-0.025000000000000022     0.15500000000000003      1.1759773702055156
-0.015000000000000013     0.15500000000000003      1.1737466573987945
-0.0050000000000000044    0.15500000000000003      1.1726367540830154
0.0050000000000000044     0.15500000000000003      1.1726365730574173
0.015000000000000013      0.15500000000000003      1.173746110297742
0.025000000000000022      0.15500000000000003      1.1759764436454532
0.03500000000000003       0.15500000000000003      1.1793499179512708
0.04500000000000004       0.15500000000000003      1.1839004723358642
0.05500000000000005       0.15500000000000003      1.1896742032760415
0.06499999999999995       0.15500000000000003      1.1967299883629892
0.07499999999999996       0.15500000000000003      1.2051402377505553
0.08499999999999996       0.15500000000000003      1.214991680844662
0.09499999999999997       0.15500000000000003      1.2263860579884067
0.10499999999999998       0.15500000000000003      1.23944036705376
0.11499999999999999       0.15500000000000003      1.2542861895028352
0.125                     0.15500000000000003      1.2710708530431134
0.135                     0.15500000000000003      1.289951556873639
0.14500000000000002       0.15500000000000003      1.3110716545121122
0.15500000000000003       0.15500000000000003      1.3344594303775352
0.16500000000000004       0.15500000000000003      1.360491918997301
0.17500000000000004       0.15500000000000003      1.3889396759541626
0.18500000000000005       0.15500000000000003      1.4200576403167133
0.19499999999999995       0.15500000000000003      1.45338590960489
0.20499999999999996       0.15500000000000003      1.488832028505783
0.21499999999999997       0.15500000000000003      1.525503870974461
0.22499999999999998       0.15500000000000003      1.5626762051910532
0.235                     0.15500000000000003      1.5992066443429849
0.245                     0.15500000000000003      1.634073356417602
0.255                     0.15500000000000003      1.9689422356573232
0.265                     0.15500000000000003      2.598372269236279
0.275                     0.15500000000000003      3.200740586720144
0.28500000000000003       0.15500000000000003      3.764456157274651
0.29500000000000004       0.15500000000000003      4.282420776947447
0.30500000000000005       0.15500000000000003      4.751734867546929
0.31499999999999995       0.15500000000000003      5.169673107155177
0.32499999999999996       0.15500000000000003      5.544775162759379
0.33499999999999996       0.15500000000000003      5.867678083719966
0.345                     0.15500000000000003      6.1555943333601775
0.355                     0.15500000000000003      6.410091682809707
0.365                     0.15500000000000003      6.630154352549994
0.375                     0.15500000000000003      6.824077400319993
0.385                     0.15500000000000003      6.991906302331529
0.395                     0.15500000000000003      7.139604361067953
0.405                     0.15500000000000003      7.267928000531784
0.41500000000000004       0.15500000000000003      7.378637235748187
0.42500000000000004       0.15500000000000003      7.474445347078728
0.43500000000000005       0.15500000000000003      7.554835932860328
0.44499999999999995       0.15500000000000003      7.622615422104332
0.45499999999999996       0.15500000000000003      7.676722440239963
0.46499999999999997       0.15500000000000003      7.719832451158936
0.475                     0.15500000000000003      7.752897035294325
0.485                     0.15500000000000003      7.772956695191681
0.495                     0.15500000000000003      7.783549411187494
-0.495                    0.16500000000000004      8.005308394799982
-0.485                    0.16500000000000004      7.995727331568389
-0.475                    0.16500000000000004      7.977577624766241
-0.46499999999999997      0.16500000000000004      7.947623944055323
-0.45499999999999996      0.16500000000000004      7.908525814987932
-0.44499999999999995      0.16500000000000004      7.859368977931638
-0.43500000000000005      0.16500000000000004      7.797653758068066
-0.42500000000000004      0.16500000000000004      7.724032145525911
-0.41500000000000004      0.16500000000000004      7.637006042252153
-0.405                    0.16500000000000004      7.53430478803787
-0.395                    0.16500000000000004      7.415484703891494
-0.385                    0.16500000000000004      7.279669538105765
-0.375                    0.16500000000000004      7.12046121298161
-0.365                    0.16500000000000004      6.937900340139436
-0.355                    0.16500000000000004      6.728008402559141
-0.345                    0.16500000000000004      6.481901521026998
-0.33499999999999996      0.16500000000000004      6.199876749765281
-0.32499999999999996      0.16500000000000004      5.879230444612347
-0.31499999999999995      0.16500000000000004      5.499067640820442
-0.30499999999999994      0.16500000000000004      5.068040305297174
-0.29500000000000004      0.16500000000000004      4.5754101092773
-0.28500000000000003      0.16500000000000004      4.018336164842822
-0.275                    0.16500000000000004      3.402193249181096
-0.265                    0.16500000000000004      2.7336646106336957
-0.255                    0.16500000000000004      2.0299947727371546
-0.245                    0.16500000000000004      1.6495631143285436
-0.235                    0.16500000000000004      1.6097665367817626
-0.22499999999999998      0.16500000000000004      1.5679106794368067
-0.21500000000000005      0.16500000000000004      1.5255725607689783
-0.20500000000000004      0.16500000000000004      1.484148408389288
-0.19500000000000003      0.16500000000000004      1.444736326478619
-0.18500000000000003      0.16500000000000004      1.4080982392898136
-0.17500000000000002      0.16500000000000004      1.3743805066637265
-0.165                    0.16500000000000004      1.3443129934858007
-0.15500000000000003      0.16500000000000004      1.316877756714888
-0.14500000000000002      0.16500000000000004      1.292523114825058
-0.135                    0.16500000000000004      1.2708911788806816
-0.125                    0.16500000000000004      1.2517485077876351
-0.11499999999999999      0.16500000000000004      1.234873081599444
-0.10499999999999998      0.16500000000000004      1.220057016504886
-0.09499999999999997      0.16500000000000004      1.2071139829413524
-0.08499999999999999      0.16500000000000004      1.1958806123974446
-0.07499999999999998      0.16500000000000004      1.1862154728908525
-0.06499999999999997      0.16500000000000004      1.1779982136707028
-0.054999999999999966     0.16500000000000004      1.1711280339751684
-0.04499999999999996      0.16500000000000004      1.165521999844416
-0.03499999999999995      0.16500000000000004      1.1611134773241847
-0.025000000000000022     0.16500000000000004      1.1578508050427434
-0.015000000000000013     0.16500000000000004      1.1556961998161503
-0.0050000000000000044    0.16500000000000004      1.15462493071775
0.0050000000000000044     0.16500000000000004      1.1546247679094306
0.015000000000000013      0.16500000000000004      1.1556957076345542
0.025000000000000022      0.16500000000000004      1.1578499720351243
0.03500000000000003       0.16500000000000004      1.1611122838916084
0.04500000000000004       0.16500000000000004      1.1655204203366805
0.05500000000000005       0.16500000000000004      1.1711260323401345
0.06499999999999995       0.16500000000000004      1.1779957596530883
0.07499999999999996       0.16500000000000004      1.1862125576187152
0.08499999999999996       0.16500000000000004      1.1958772699056417
0.09499999999999997       0.16500000000000004      1.2071102648293262
0.10499999999999998       0.16500000000000004      1.220053022448826
0.11499999999999999       0.16500000000000004      1.234869440816082
0.125                     0.16500000000000004      1.2517448960168025
0.135                     0.16500000000000004      1.2708862644446057
0.14500000000000002       0.16500000000000004      1.2925206987639513
0.15500000000000003       0.16500000000000004      1.3168627501901256
0.16500000000000004       0.16500000000000004      1.3442155673768355
0.17500000000000004       0.16500000000000004      1.374464683093322
0.18500000000000005       0.16500000000000004      1.4081336280390246
0.19499999999999995       0.16500000000000004      1.4446618813917098
0.20499999999999996       0.16500000000000004      1.4841401484937364
0.21499999999999997       0.16500000000000004      1.5255471762922355
0.22499999999999998       0.16500000000000004      1.567886994737421
0.235                     0.16500000000000004      1.609739988018589
0.245                     0.16500000000000004      1.6495388312316237
0.255                     0.16500000000000004      2.0265184939512437
0.265                     0.16500000000000004      2.7331836926516644
0.275                     0.16500000000000004      3.4019501588666117
0.28500000000000003       0.16500000000000004      4.018168959928971
0.29500000000000004       0.16500000000000004      4.574356094034783
0.30500000000000005       0.16500000000000004      5.06824292111304
0.31499999999999995       0.16500000000000004      5.499265288090555
0.32499999999999996       0.16500000000000004      5.879432495690253
0.33499999999999996       0.16500000000000004      6.200049215766882
0.345                     0.16500000000000004      6.4820589877887045
0.355                     0.16500000000000004      6.728114075547097
0.365                     0.16500000000000004      6.9380877025434415
0.375                     0.16500000000000004      7.121451997490851
0.385                     0.16500000000000004      7.278455118183899
0.395                     0.16500000000000004      7.416077817625165
0.405                     0.16500000000000004      7.534708166869041
0.41500000000000004       0.16500000000000004      7.6364274156510845
0.42500000000000004       0.16500000000000004      7.724385415845319
0.43500000000000005       0.16500000000000004      7.797719932373752
0.44499999999999995       0.16500000000000004      7.8594328684735615
0.45499999999999996       0.16500000000000004      7.908580823394708
0.46499999999999997       0.16500000000000004      7.947677555379045
0.475                     0.16500000000000004      7.9776280151535275
0.485                     0.16500000000000004      7.9957772433836
0.495                     0.16500000000000004      8.005357627366095
-0.495                    0.17500000000000004      8.236570564965291
-0.485                    0.17500000000000004      8.228122730619589
-0.475                    0.17500000000000004      8.212113994752997
-0.46499999999999997      0.17500000000000004      8.18566626912255
-0.45499999999999996      0.17500000000000004      8.1511054435938
-0.44499999999999995      0.17500000000000004      8.10758750199966
-0.43500000000000005      0.17500000000000004      8.052830446407086
-0.42500000000000004      0.17500000000000004      7.987264952078647
-0.41500000000000004      0.17500000000000004      7.909766347729985
-0.405                    0.17500000000000004      7.817531413313139
-0.395                    0.17500000000000004      7.710494958632182
-0.385                    0.17500000000000004      7.587729496189866
-0.375                    0.17500000000000004      7.441953291218198
-0.365                    0.17500000000000004      7.273882139071304
-0.355                    0.17500000000000004      7.0785916382287155
-0.345                    0.17500000000000004      6.846177756553111
-0.33499999999999996      0.17500000000000004      6.575953832982009
-0.32499999999999996      0.17500000000000004      6.263901780338756
-0.31499999999999995      0.17500000000000004      5.88487804426876
-0.30499999999999994      0.17500000000000004      5.445892510438398
-0.29500000000000004      0.17500000000000004      4.93118809878365
-0.28500000000000003      0.17500000000000004      4.33365276563876
-0.275                    0.17500000000000004      3.656603902990497
-0.265                    0.17500000000000004      2.90626705500614
-0.255                    0.17500000000000004      2.104923868302876
-0.245                    0.17500000000000004      1.6687749469500943
-0.235                    0.17500000000000004      1.6224342216223704
-0.22499999999999998      0.17500000000000004      1.5735410991727576
-0.21500000000000005      0.17500000000000004      1.5246358132350792
-0.20500000000000004      0.17500000000000004      1.4772907305696918
-0.19500000000000003      0.17500000000000004      1.4333664622679976
-0.18500000000000003      0.17500000000000004      1.3930388336694506
-0.17500000000000002      0.17500000000000004      1.357281978728679
-0.165                    0.17500000000000004      1.3247411420813933
-0.15500000000000003      0.17500000000000004      1.2963357284781978
-0.14500000000000002      0.17500000000000004      1.271350266595931
-0.135                    0.17500000000000004      1.24942300184415
-0.125                    0.17500000000000004      1.2302268328446928
-0.11499999999999999      0.17500000000000004      1.2134598428377217
-0.10499999999999998      0.17500000000000004      1.1988561130593496
-0.09499999999999997      0.17500000000000004      1.1861856840787368
-0.08499999999999999      0.17500000000000004      1.1752525844137551
-0.07499999999999998      0.17500000000000004      1.165891949767257
-0.06499999999999997      0.17500000000000004      1.1579664488758965
-0.054999999999999966     0.17500000000000004      1.1513629599202488
-0.04499999999999996      0.17500000000000004      1.145989660078385
-0.03499999999999995      0.17500000000000004      1.1417735814641503
-0.025000000000000022     0.17500000000000004      1.1386586254711801
-0.015000000000000013     0.17500000000000004      1.1366040219297133
-0.0050000000000000044    0.17500000000000004      1.1355832018877834
0.0050000000000000044     0.17500000000000004      1.1355830608993926
0.015000000000000013      0.17500000000000004      1.1366035953120672
0.025000000000000022      0.17500000000000004      1.1386579020610554
0.03500000000000003       0.17500000000000004      1.1417725419761666
0.04500000000000004       0.17500000000000004      1.1459882765339557
0.05500000000000005       0.17500000000000004      1.1513611975791491
0.06499999999999995       0.17500000000000004      1.1579642799730436
0.07499999999999996       0.17500000000000004      1.1658893722932646
0.08499999999999996       0.17500000000000004      1.1752496418191924
0.09499999999999997       0.17500000000000004      1.1861824749310301
0.10499999999999998       0.17500000000000004      1.1988526566595112
0.11499999999999999       0.17500000000000004      1.213455791343904
0.125                     0.17500000000000004      1.230221835782956
0.135                     0.17500000000000004      1.2494155555422566
0.14500000000000002       0.17500000000000004      1.271335315324066
0.15500000000000003       0.17500000000000004      1.2962957158002837
0.16500000000000004       0.17500000000000004      1.3246609990242035
0.17500000000000004       0.17500000000000004      1.3568679486685653
0.18500000000000005       0.17500000000000004      1.393141349277295
0.19499999999999995       0.17500000000000004      1.433140339415047
0.20499999999999996       0.17500000000000004      1.4773365769193703
0.21499999999999997       0.17500000000000004      1.5245895441007917
0.22499999999999998       0.17500000000000004      1.5735066013293704
0.235                     0.17500000000000004      1.622402689354999
0.245                     0.17500000000000004      1.6687472308775853
0.255                     0.17500000000000004      2.100304234775649
0.265                     0.17500000000000004      2.905587473228934
0.275                     0.17500000000000004      3.65627394852811
0.28500000000000003       0.17500000000000004      4.333174074093677
0.29500000000000004       0.17500000000000004      4.93019369331796
0.30500000000000005       0.17500000000000004      5.4461382953360555
0.31499999999999995       0.17500000000000004      5.885114586722125
0.32499999999999996       0.17500000000000004      6.264135404392846
0.33499999999999996       0.17500000000000004      6.576150232247073
0.345                     0.17500000000000004      6.846348956387239
0.355                     0.17500000000000004      7.07868998079266
0.365                     0.17500000000000004      7.274099200952264
0.375                     0.17500000000000004      7.4431677457058925
0.385                     0.17500000000000004      7.5861884290380885
0.395                     0.17500000000000004      7.711174708718694
0.405                     0.17500000000000004      7.818021435424605
0.41500000000000004       0.17500000000000004      7.909031537967778
0.42500000000000004       0.17500000000000004      7.987713721051051
0.43500000000000005       0.17500000000000004      8.05288325429325
0.44499999999999995       0.17500000000000004      8.107652362537777
0.45499999999999996       0.17500000000000004      8.151157628561748
0.46499999999999997       0.17500000000000004      8.185717507753878
0.475                     0.17500000000000004      8.2121622234435
0.485                     0.17500000000000004      8.228170048940228
0.495                     0.17500000000000004      8.236617175907426
-0.495                    0.18500000000000005      8.476165402666169
-0.485                    0.18500000000000005      8.468965514423303
-0.475                    0.18500000000000005      8.455317483980764
-0.46499999999999997      0.18500000000000005      8.432749541459799
-0.45499999999999996      0.18500000000000005      8.403229439185104
-0.44499999999999995      0.18500000000000005      8.366010209653865
-0.43500000000000005      0.18500000000000005      8.31908286544001
-0.42500000000000004      0.18500000000000005      8.262712066310513
-0.41500000000000004      0.18500000000000005      8.19605326143332
-0.405                    0.18500000000000005      8.116107261430752
-0.395                    0.18500000000000005      8.023041006469072
-0.385                    0.18500000000000005      7.916031091518434
-0.375                    0.18500000000000005      7.787224615607187
-0.365                    0.18500000000000005      7.637834842268887
-0.355                    0.18500000000000005      7.462316224896824
-0.345                    0.18500000000000005      7.250136512822316
-0.33499999999999996      0.18500000000000005      6.9994290132549395
-0.32499999999999996      0.18500000000000005      6.704769656679787
-0.31499999999999995      0.18500000000000005      6.336612787035676
-0.30499999999999994      0.18500000000000005      5.898972684603535
-0.29500000000000004      0.18500000000000005      5.368312213016452
-0.28500000000000003      0.18500000000000005      4.731881145929947
-0.275                    0.18500000000000005      3.9857861950619338
-0.265                    0.18500000000000005      3.1334185990669994
-0.255                    0.18500000000000005      2.204014365769808
-0.245                    0.18500000000000005      1.6930385647697364
-0.235                    0.18500000000000005      1.6376857518075667
-0.22499999999999998      0.18500000000000005      1.5791743046875126
-0.21500000000000005      0.18500000000000005      1.5217978474721008
-0.20500000000000004      0.18500000000000005      1.467132591791632
-0.19500000000000003      0.18500000000000005      1.4180695255046203
-0.18500000000000003      0.18500000000000005      1.3741556041939127
-0.17500000000000002      0.18500000000000005      1.3358631948113953
-0.165                    0.18500000000000005      1.302183247985056
-0.15500000000000003      0.18500000000000005      1.2729265213756094
-0.14500000000000002      0.18500000000000005      1.2475955034013282
-0.135                    0.18500000000000005      1.2256578254992974
-0.125                    0.18500000000000005      1.2066628951400276
-0.11499999999999999      0.18500000000000005      1.1902272987363745
-0.10499999999999998      0.18500000000000005      1.1760279817328865
-0.09499999999999997      0.18500000000000005      1.1637932291979496
-0.08499999999999999      0.18500000000000005      1.1532977359127585
-0.07499999999999998      0.18500000000000005      1.1443561190595233
-0.06499999999999997      0.18500000000000005      1.1368167687432447
-0.054999999999999966     0.18500000000000005      1.1305566483678149
-0.04499999999999996      0.18500000000000005      1.1254770720257739
-0.03499999999999995      0.18500000000000005      1.1215003613402814
-0.025000000000000022     0.18500000000000005      1.1185672434343132
-0.015000000000000013     0.18500000000000005      1.1166348868937916
-0.0050000000000000044    0.18500000000000005      1.1156754905522348
0.0050000000000000044     0.18500000000000005      1.1156753744652974
0.015000000000000013      0.18500000000000005      1.1166345352709186
0.025000000000000022      0.18500000000000005      1.1185666459895174
0.03500000000000003       0.18500000000000005      1.121499500297773
0.04500000000000004       0.18500000000000005      1.1254759210644352
0.05500000000000005       0.18500000000000005      1.1305551676388745
0.06499999999999995       0.18500000000000005      1.1368149310171702
0.07499999999999996       0.18500000000000005      1.1443539371922498
0.08499999999999996       0.18500000000000005      1.1532953505257524
0.09499999999999997       0.18500000000000005      1.1637908986736534
0.10499999999999998       0.18500000000000005      1.1760259693659805
0.11499999999999999       0.18500000000000005      1.1902256072393698
0.125                     0.18500000000000005      1.2066610130536333
0.135                     0.18500000000000005      1.2256568651462203
0.14500000000000002       0.18500000000000005      1.2475842745609214
0.15500000000000003       0.18500000000000005      1.2728692023408996
0.16500000000000004       0.18500000000000005      1.301999835647024
0.17500000000000004       0.18500000000000005      1.3360027735238873
0.18500000000000005       0.18500000000000005      1.3741981878500837
0.19499999999999995       0.18500000000000005      1.4185196146403882
0.20499999999999996       0.18500000000000005      1.4672765178232101
0.21499999999999997       0.18500000000000005      1.5217248352066974
0.22499999999999998       0.18500000000000005      1.579140969753837
0.235                     0.18500000000000005      1.6376439935303893
0.245                     0.18500000000000005      1.693013289216566
0.255                     0.18500000000000005      2.1981673873895033
0.265                     0.18500000000000005      3.1316725413241784
0.275                     0.18500000000000005      3.984327200651478
0.28500000000000003       0.18500000000000005      4.731449257698387
0.29500000000000004       0.18500000000000005      5.368128426776821
0.30500000000000005       0.18500000000000005      5.899292771898317
0.31499999999999995       0.18500000000000005      6.336894604436623
0.32499999999999996       0.18500000000000005      6.705035174433988
0.33499999999999996       0.18500000000000005      6.999649121468224
0.345                     0.18500000000000005      7.250321090933383
0.355                     0.18500000000000005      7.462427614068332
0.365                     0.18500000000000005      7.638057252813269
0.375                     0.18500000000000005      7.788547189136182
0.385                     0.18500000000000005      7.914181851754336
0.395                     0.18500000000000005      8.023802407584277
0.405                     0.18500000000000005      8.116663722116371
0.41500000000000004       0.18500000000000005      8.195236085721916
0.42500000000000004       0.18500000000000005      8.263188194932951
0.43500000000000005       0.18500000000000005      8.31913207858571
0.44499999999999995       0.18500000000000005      8.366074206377533
0.45499999999999996       0.18500000000000005      8.40327788968002
0.46499999999999997       0.18500000000000005      8.432797675685748
0.475                     0.18500000000000005      8.455362547197069
0.485                     0.18500000000000005      8.469009527040384
0.495                     0.18500000000000005      8.476208695828973
-0.495                    0.19499999999999995      8.722860976002735
-0.485                    0.19499999999999995      8.717012700713724
-0.475                    0.19499999999999995      8.705924387213145
-0.46499999999999997      0.19499999999999995      8.68757630495027
-0.45499999999999996      0.19499999999999995      8.663558017976747
-0.44499999999999995      0.19499999999999995      8.633244463018087
-0.43500000000000005      0.19499999999999995      8.59496453160176
-0.42500000000000004      0.19499999999999995      8.548804241904719
-0.41500000000000004      0.19499999999999995      8.494391455925893
-0.405                    0.19499999999999995      8.428368570267132
-0.395                    0.19499999999999995      8.351459239467395
-0.385                    0.19499999999999995      8.262957221860646
-0.375                    0.19499999999999995      8.154592999052142
-0.365                    0.19499999999999995      8.028586473588518
-0.355                    0.19499999999999995      7.878660394993062
-0.345                    0.19499999999999995      7.694343008622766
-0.33499999999999996      0.19499999999999995      7.4727288401336125
-0.32499999999999996      0.19499999999999995      7.2070845518862825
-0.31499999999999995      0.19499999999999995      6.864142941036732
-0.30499999999999994      0.19499999999999995      6.443437468563275
-0.29500000000000004      0.19499999999999995      5.911316819913736
-0.28500000000000003      0.19499999999999995      5.244302314339166
-0.275                    0.19499999999999995      4.422087001499754
-0.265                    0.19499999999999995      3.444128923146991
-0.255                    0.19499999999999995      2.340919910278899
-0.245                    0.19499999999999995      1.7243673205764622
-0.235                    0.19499999999999995      1.6559860076947075
-0.22499999999999998      0.19499999999999995      1.583865995595204
-0.21500000000000005      0.19499999999999995      1.5152983623277123
-0.20500000000000004      0.19499999999999995      1.451844014663834
-0.19500000000000003      0.19499999999999995      1.396929997679763
-0.18500000000000003      0.19499999999999995      1.349109302027216
-0.17500000000000002      0.19499999999999995      1.3084848989187776
-0.165                    0.19499999999999995      1.2739726216666725
-0.15500000000000003      0.19499999999999995      1.2445931895334468
-0.14500000000000002      0.19499999999999995      1.2195481521058014
-0.135                    0.19499999999999995      1.1981549641146216
-0.125                    0.19499999999999995      1.1798430723496836
-0.11499999999999999      0.19499999999999995      1.1641492939045577
-0.10499999999999998      0.19499999999999995      1.1506970436421682
-0.09499999999999997      0.19499999999999995      1.1391819305345052
-0.08499999999999999      0.19499999999999995      1.129358175082615
-0.07499999999999998      0.19499999999999995      1.1210275025571548
-0.06499999999999997      0.19499999999999995      1.1140303145403152
-0.054999999999999966     0.19499999999999995      1.1082387950425243
-0.04499999999999996      0.19499999999999995      1.1035515497663084
-0.03499999999999995      0.19499999999999995      1.0998894677965154
-0.025000000000000022     0.19499999999999995      1.0971925888886744
-0.015000000000000013     0.19499999999999995      1.0954177987298124
-0.0050000000000000044    0.19499999999999995      1.0945372079528681
0.0050000000000000044     0.19499999999999995      1.0945371210374901
0.015000000000000013      0.19499999999999995      1.0954175351484423
0.025000000000000022      0.19499999999999995      1.0971921399759026
0.03500000000000003       0.19499999999999995      1.099888818523084
0.04500000000000004       0.19499999999999995      1.103550677783403
0.05500000000000005       0.19499999999999995      1.1082376692330627
0.06499999999999995       0.19499999999999995      1.1140288929729252
0.07499999999999996       0.19499999999999995      1.1210257347757988
0.08499999999999996       0.19499999999999995      1.1293559309966668
0.09499999999999997       0.19499999999999995      1.1391790070995853
0.10499999999999998       0.19499999999999995      1.1506931199364203
0.11499999999999999       0.19499999999999995      1.1641438994493285
0.125                     0.19499999999999995      1.179835665812675
0.135                     0.19499999999999995      1.198144702401322
0.14500000000000002       0.19499999999999995      1.219538535433486
0.15500000000000003       0.19499999999999995      1.2445856993620055
0.16500000000000004       0.19499999999999995      1.2739783604035892
0.17500000000000004       0.19499999999999995      1.3084782025759978
0.18500000000000005       0.19499999999999995      1.3492648413602808
0.19499999999999995       0.19499999999999995      1.3976486099283534
0.20499999999999996       0.19499999999999995      1.452158918678066
0.21499999999999997       0.19499999999999995      1.5153044362783703
0.22499999999999998       0.19499999999999995      1.5838608201167972
0.235                     0.19499999999999995      1.6559125576990255
0.245                     0.19499999999999995      1.7243609984696207
0.255                     0.19499999999999995      2.3313724808440384
0.265                     0.19499999999999995      3.441927132862702
0.275                     0.19499999999999995      4.424775656186512
0.28500000000000003       0.19499999999999995      5.244383591695055
0.29500000000000004       0.19499999999999995      5.91149047111162
0.30500000000000005       0.19499999999999995      6.443806940361625
0.31499999999999995       0.19499999999999995      6.864469325307198
0.32499999999999996       0.19499999999999995      7.207379305011045
0.33499999999999996       0.19499999999999995      7.472968431348221
0.345                     0.19499999999999995      7.6945381350666295
0.355                     0.19499999999999995      7.878754716164252
0.365                     0.19499999999999995      8.028779700711652
0.375                     0.19499999999999995      8.155992259780305
0.385                     0.19499999999999995      8.260858928839625
0.395                     0.19499999999999995      8.352302533249265
0.405                     0.19499999999999995      8.429003069168706
0.41500000000000004       0.19499999999999995      8.493464644106368
0.42500000000000004       0.19499999999999995      8.549320643684865
0.43500000000000005       0.19499999999999995      8.595003077992203
0.44499999999999995       0.19499999999999995      8.633303793735308
0.45499999999999996       0.19499999999999995      8.663601878132354
0.46499999999999997       0.19499999999999995      8.687620471831892
0.475                     0.19499999999999995      8.705965305671327
0.485                     0.19499999999999995      8.717052680555184
0.495                     0.19499999999999995      8.7229002432628
-0.495                    0.20499999999999996      8.975323686712471
-0.485                    0.20499999999999996      8.970914768930612
-0.475                    0.20499999999999996      8.962554827264455
-0.46499999999999997      0.20499999999999996      8.948716611070012
-0.45499999999999996      0.20499999999999996      8.930595290541113
-0.44499999999999995      0.20499999999999996      8.907708035542157
-0.43500000000000005      0.20499999999999996      8.878776047549536
-0.42500000000000004      0.20499999999999996      8.843775983981914
-0.41500000000000004      0.20499999999999996      8.802756494759436
-0.405                    0.20499999999999996      8.752257622201501
-0.395                    0.20499999999999996      8.693499160092166
-0.385                    0.20499999999999996      8.626128257053196
-0.375                    0.20499999999999996      8.541731346184008
-0.365                    0.20499999999999996      8.443614449882318
-0.355                    0.20499999999999996      8.325349125903358
-0.345                    0.20499999999999996      8.17732969291751
-0.33499999999999996      0.20499999999999996      7.995930654430225
-0.32499999999999996      0.20499999999999996      7.773658988339889
-0.31499999999999995      0.20499999999999996      7.475666295504084
-0.30499999999999994      0.20499999999999996      7.095905877428976
-0.29500000000000004      0.20499999999999996      6.5890710785017745
-0.28500000000000003      0.20499999999999996      5.913363306836132
-0.275                    0.20499999999999996      5.027949855276233
-0.265                    0.20499999999999996      3.8903566342264924
-0.255                    0.20499999999999996      2.5398776856013683
-0.245                    0.20499999999999996      1.7660676128728738
-0.235                    0.20499999999999996      1.6775361957060886
-0.22499999999999998      0.20499999999999996      1.586708566262871
-0.21500000000000005      0.20499999999999996      1.5017116298250812
-0.20500000000000004      0.20499999999999996      1.429142752190046
-0.19500000000000003      0.20499999999999996      1.3683345812366383
-0.18500000000000003      0.20499999999999996      1.3176874798782734
-0.17500000000000002      0.20499999999999996      1.2759432708150484
-0.165                    0.20499999999999996      1.2413541858308434
-0.15500000000000003      0.20499999999999996      1.2125390711561579
-0.14500000000000002      0.20499999999999996      1.1883894724944426
-0.135                    0.20499999999999996      1.1680407171190552
-0.125                    0.20499999999999996      1.1508158540742741
-0.11499999999999999      0.20499999999999996      1.1361872970706912
-0.10499999999999998      0.20499999999999996      1.1237421355866957
-0.09499999999999997      0.20499999999999996      1.1131560073571478
-0.08499999999999999      0.20499999999999996      1.104172281771504
-0.07499999999999998      0.20499999999999996      1.0965875294846796
-0.06499999999999997      0.20499999999999996      1.0902402931804076
-0.054999999999999966     0.20499999999999996      1.0850027285796529
-0.04499999999999996      0.20499999999999996      1.080774332773231
-0.03499999999999995      0.20499999999999996      1.0774772519558127
-0.025000000000000022     0.20499999999999996      1.0750528095479481
-0.015000000000000013     0.20499999999999996      1.0734589905888043
-0.0050000000000000044    0.20499999999999996      1.0726686957065041
0.0050000000000000044     0.20499999999999996      1.07266864026532
0.015000000000000013      0.20499999999999996      1.0734588220940324
0.025000000000000022      0.20499999999999996      1.07505252138251
0.03500000000000003       0.20499999999999996      1.0774768326470507
0.04500000000000004       0.20499999999999996      1.08077376510915
0.05500000000000005       0.20499999999999996      1.085001988189056
0.06499999999999995       0.20499999999999996      1.0902393465724245
0.07499999999999996       0.20499999999999996      1.0965863302432552
0.08499999999999996       0.20499999999999996      1.1041707615236334
0.09499999999999997       0.20499999999999996      1.1131540413110983
0.10499999999999998       0.20499999999999996      1.1237395664867265
0.11499999999999999       0.20499999999999996      1.1361838738844767
0.125                     0.20499999999999996      1.1508115976854114
0.135                     0.20499999999999996      1.168035378022708
0.14500000000000002       0.20499999999999996      1.1883827075350553
0.15500000000000003       0.20499999999999996      1.212528162263986
0.16500000000000004       0.20499999999999996      1.2413368319967333
0.17500000000000004       0.20499999999999996      1.275907580347564
0.18500000000000005       0.20499999999999996      1.317598774626802
0.19499999999999995       0.20499999999999996      1.3679554839139882
0.20499999999999996       0.20499999999999996      1.429373023510598
0.21499999999999997       0.20499999999999996      1.5022553439998205
0.22499999999999998       0.20499999999999996      1.5853764503690968
0.235                     0.20499999999999996      1.6773745030748728
0.245                     0.20499999999999996      1.7661111705309764
0.255                     0.20499999999999996      2.525147373848313
0.265                     0.20499999999999996      3.885795269378832
0.275                     0.20499999999999996      5.027349049131772
0.28500000000000003       0.20499999999999996      5.915497310965293
0.29500000000000004       0.20499999999999996      6.591151092619157
0.30500000000000005       0.20499999999999996      7.096355116246613
0.31499999999999995       0.20499999999999996      7.476034652298722
0.32499999999999996       0.20499999999999996      7.773973139549071
0.33499999999999996       0.20499999999999996      7.996180916199393
0.345                     0.20499999999999996      8.17753248019904
0.355                     0.20499999999999996      8.325446535125167
0.365                     0.20499999999999996      8.443777578100708
0.375                     0.20499999999999996      8.543258170204297
0.385                     0.20499999999999996      8.62376500977274
0.395                     0.20499999999999996      8.694420817821822
0.405                     0.20499999999999996      8.75294637719923
0.41500000000000004       0.20499999999999996      8.80170596094301
0.42500000000000004       0.20499999999999996      8.844335563563988
0.43500000000000005       0.20499999999999996      8.87881552164987
0.44499999999999995       0.20499999999999996      8.907759750488196
0.45499999999999996       0.20499999999999996      8.930634276095894
0.46499999999999997       0.20499999999999996      8.948755879540911
0.475                     0.20499999999999996      8.962590861082845
0.485                     0.20499999999999996      8.970949994160037
0.495                     0.20499999999999996      8.975358226678694
-0.495                    0.21499999999999997      9.232133960392034
-0.485                    0.21499999999999997      9.229231653616097
-0.475                    0.21499999999999997      9.22372949438926
-0.46499999999999997      0.21499999999999997      9.214625419865811
-0.45499999999999996      0.21499999999999997      9.20270843678977
-0.44499999999999995      0.21499999999999997      9.187658032986008
-0.43500000000000005      0.21499999999999997      9.168643609918547
-0.42500000000000004      0.21499999999999997      9.145557195194044
-0.41500000000000004      0.21499999999999997      9.118808890482981
-0.405                    0.21499999999999997      9.085210576875507
-0.395                    0.21499999999999997      9.04629788113013
-0.385                    0.21499999999999997      9.002277163815705
-0.375                    0.21499999999999997      8.945017518940404
-0.365                    0.21499999999999997      8.878985457282056
-0.355                    0.21499999999999997      8.798115961353147
-0.345                    0.21499999999999997      8.694830254315235
-0.33499999999999996      0.21499999999999997      8.56540742150787
-0.32499999999999996      0.21499999999999997      8.402672397562696
-0.31499999999999995      0.21499999999999997      8.174359671648176
-0.30499999999999994      0.21499999999999997      7.869389423275479
-0.29500000000000004      0.21499999999999997      7.4332301832930625
-0.28500000000000003      0.21499999999999997      6.805450468115168
-0.275                    0.21499999999999997      5.888368657144099
-0.265                    0.21499999999999997      4.5730639099977
-0.255                    0.21499999999999997      2.8556332053692586
-0.245                    0.21499999999999997      1.824070977092191
-0.235                    0.21499999999999997      1.7011671150004872
-0.22499999999999998      0.21499999999999997      1.5800951816573274
-0.21500000000000005      0.21499999999999997      1.4771336770076857
-0.20500000000000004      0.21499999999999997      1.3947542574436085
-0.19500000000000003      0.21499999999999997      1.3291148562615263
-0.18500000000000003      0.21499999999999997      1.277464801418283
-0.17500000000000002      0.21499999999999997      1.2362759821602367
-0.165                    0.21499999999999997      1.2030324901322018
-0.15500000000000003      0.21499999999999997      1.175886319505281
-0.14500000000000002      0.21499999999999997      1.153490019600099
-0.135                    0.21499999999999997      1.1348496411589792
-0.125                    0.21499999999999997      1.1192272333513955
-0.11499999999999999      0.21499999999999997      1.1060678068173644
-0.10499999999999998      0.21499999999999997      1.094948565348318
-0.09499999999999997      0.21499999999999997      1.0855437036673266
-0.08499999999999999      0.21499999999999997      1.0776002530293312
-0.07499999999999998      0.21499999999999997      1.070920488386733
-0.06499999999999997      0.21499999999999997      1.0653492547783117
-0.054999999999999966     0.21499999999999997      1.0607648056663663
-0.04499999999999996      0.21499999999999997      1.0570721143050434
-0.03499999999999995      0.21499999999999997      1.0541979828607424
-0.025000000000000022     0.21499999999999997      1.0520874837197027
-0.015000000000000013     0.21499999999999997      1.0507014136157267
-0.0050000000000000044    0.21499999999999997      1.0500145433134946
0.0050000000000000044     0.21499999999999997      1.0500145215151093
0.015000000000000013      0.21499999999999997      1.0507013467872923
0.025000000000000022      0.21499999999999997      1.0520873676958615
0.03500000000000003       0.21499999999999997      1.0541978105842844
0.04500000000000004       0.21499999999999997      1.057071875119533
0.05500000000000005       0.21499999999999997      1.0607644838991774
0.06499999999999995       0.21499999999999997      1.065348828277422
0.07499999999999996       0.21499999999999997      1.0709199265496494
0.08499999999999996       0.21499999999999997      1.0775995114130126
0.09499999999999997       0.21499999999999997      1.0855427203288173
0.10499999999999998       0.21499999999999997      1.094947268374085
0.11499999999999999       0.21499999999999997      1.1060661036205204
0.125                     0.21499999999999997      1.1192249229359277
0.135                     0.21499999999999997      1.1348469428096308
0.14500000000000002       0.21499999999999997      1.1534879800176157
0.15500000000000003       0.21499999999999997      1.175886923374435
0.16500000000000004       0.21499999999999997      1.203037073269627
0.17500000000000004       0.21499999999999997      1.2362758413542494
0.18500000000000005       0.21499999999999997      1.2774559901530367
0.19499999999999995       0.21499999999999997      1.3291362345160156
0.20499999999999996       0.21499999999999997      1.3948694798769452
0.21499999999999997       0.21499999999999997      1.4776952267878158
0.22499999999999998       0.21499999999999997      1.5780359682811707
0.235                     0.21499999999999997      1.7007694427321098
0.245                     0.21499999999999997      1.8241360761792293
0.255                     0.21499999999999997      2.832470274281377
0.265                     0.21499999999999997      4.571531953852855
0.275                     0.21499999999999997      5.887947370582822
0.28500000000000003       0.21499999999999997      6.804330346295458
0.29500000000000004       0.21499999999999997      7.437630500636487
0.30500000000000005       0.21499999999999997      7.8699153860242745
0.31499999999999995       0.21499999999999997      8.174755858158505
0.32499999999999996       0.21499999999999997      8.402983309239119
0.33499999999999996       0.21499999999999997      8.565656812116544
0.345                     0.21499999999999997      8.695029807240175
0.355                     0.21499999999999997      8.798207645308963
0.365                     0.21499999999999997      8.879104613816992
0.375                     0.21499999999999997      8.946611471556565
0.385                     0.21499999999999997      8.999673347005881
0.395                     0.21499999999999997      9.047277856882765
0.405                     0.21499999999999997      9.08593565420372
0.41500000000000004       0.21499999999999997      9.117723507707282
0.42500000000000004       0.21499999999999997      9.146107358204603
0.43500000000000005       0.21499999999999997      9.168679284523137
0.44499999999999995       0.21499999999999997      9.18770150804582
0.45499999999999996       0.21499999999999997      9.202742317779439
0.46499999999999997       0.21499999999999997      9.214658920934582
0.475                     0.21499999999999997      9.223760002185657
0.485                     0.21499999999999997      9.229261429750636
0.495                     0.21499999999999997      9.232163098852055
-0.495                    0.22499999999999998      9.49180639155145
-0.485                    0.22499999999999998      9.490453560438453
-0.475                    0.22499999999999998      9.487891928768363
-0.46499999999999997      0.22499999999999998      9.483666798272765
-0.45499999999999996      0.22499999999999998      9.47815459236481
-0.44499999999999995      0.22499999999999998      9.471212434402105
-0.43500000000000005      0.22499999999999998      9.46249249470651
-0.42500000000000004      0.22499999999999998      9.451800211019105
-0.41500000000000004      0.22499999999999998      9.440027847850757
-0.405                    0.22499999999999998      9.42424868225029
-0.395                    0.22499999999999998      9.406420895244125
-0.385                    0.22499999999999998      9.387482429514733
-0.375                    0.22499999999999998      9.35959540088328
-0.365                    0.22499999999999998      9.329081792998124
-0.355                    0.22499999999999998      9.290357436673816
-0.345                    0.22499999999999998      9.239178532907815
-0.33499999999999996      0.22499999999999998      9.172538410623474
-0.32499999999999996      0.22499999999999998      9.085169217877876
-0.31499999999999995      0.22499999999999998      8.953454087859825
-0.30499999999999994      0.22499999999999998      8.764656151029925
-0.29500000000000004      0.22499999999999998      8.464127964946329
-0.28500000000000003      0.22499999999999998      7.982365918197502
-0.275                    0.22499999999999998      7.155901997768979
-0.265                    0.22499999999999998      5.714931818220322
-0.255                    0.22499999999999998      3.430792695050741
-0.245                    0.22499999999999998      1.910327203897765
-0.235                    0.22499999999999998      1.718990538930825
-0.22499999999999998      0.22499999999999998      1.5519582690309335
-0.21500000000000005      0.22499999999999998      1.4312195043555391
-0.20500000000000004      0.22499999999999998      1.341960090238672
-0.19500000000000003      0.22499999999999998      1.276196224586215
-0.18500000000000003      0.22499999999999998      1.2264234035245352
-0.17500000000000002      0.22499999999999998      1.1883876966394666
-0.165                    0.22499999999999998      1.158383480469979
-0.15500000000000003      0.22499999999999998      1.1342967326140183
-0.14500000000000002      0.22499999999999998      1.1146769626207913
-0.135                    0.22499999999999998      1.098510745139862
-0.125                    0.22499999999999998      1.0850670892858432
-0.11499999999999999      0.22499999999999998      1.0738170049885127
-0.10499999999999998      0.22499999999999998      1.064362381012387
-0.09499999999999997      0.22499999999999998      1.0564019636745172
-0.08499999999999999      0.22499999999999998      1.0497046986041028
-0.07499999999999998      0.22499999999999998      1.0440916480981741
-0.06499999999999997      0.22499999999999998      1.0394234235702413
-0.054999999999999966     0.22499999999999998      1.035591285451801
-0.04499999999999996      0.22499999999999998      1.0325107472020818
-0.03499999999999995      0.22499999999999998      1.0301169559145933
-0.025000000000000022     0.22499999999999998      1.0283613737207133
-0.015000000000000013     0.22499999999999998      1.0272094269961656
-0.0050000000000000044    0.22499999999999998      1.0266388947400458
0.0050000000000000044     0.22499999999999998      1.0266389081388638
0.015000000000000013      0.22499999999999998      1.0272094662065
0.025000000000000022      0.22499999999999998      1.0283614372219176
0.03500000000000003       0.22499999999999998      1.0301170416059335
0.04500000000000004       0.22499999999999998      1.0325108528854514
0.05500000000000005       0.22499999999999998      1.0355914054259188
0.06499999999999995       0.22499999999999998      1.0394235488469121
0.07499999999999996       0.22499999999999998      1.0440917667654048
0.08499999999999996       0.22499999999999998      1.049704791108212
0.09499999999999997       0.22499999999999998      1.0564020023506089
0.10499999999999998       0.22499999999999998      1.0643624048321954
0.11499999999999999       0.22499999999999998      1.0738172244033422
0.125                     0.22499999999999998      1.085068060954427
0.135                     0.22499999999999998      1.098513330562497
0.14500000000000002       0.22499999999999998      1.114687383232166
0.15500000000000003       0.22499999999999998      1.1343205315719445
0.16500000000000004       0.22499999999999998      1.1584305493413467
0.17500000000000004       0.22499999999999998      1.1884841937488488
0.18500000000000005       0.22499999999999998      1.2262479012653102
0.19499999999999995       0.22499999999999998      1.276295348947997
0.20499999999999996       0.22499999999999998      1.343025876041537
0.21499999999999997       0.22499999999999998      1.4328020450773238
0.22499999999999998       0.22499999999999998      1.5587518285476563
0.235                     0.22499999999999998      1.7187584408761722
0.245                     0.22499999999999998      1.909758439811867
0.255                     0.22499999999999998      3.3850307063621585
0.265                     0.22499999999999998      5.71283269251353
0.275                     0.22499999999999998      7.161021063934072
0.28500000000000003       0.22499999999999998      7.983851981514135
0.29500000000000004       0.22499999999999998      8.473337263474605
0.30500000000000005       0.22499999999999998      8.76519223262693
0.31499999999999995       0.22499999999999998      8.953841824063261
0.32499999999999996       0.22499999999999998      9.085435269291622
0.33499999999999996       0.22499999999999998      9.172778113268805
0.345                     0.22499999999999998      9.239352050458443
0.355                     0.22499999999999998      9.290432135031296
0.365                     0.22499999999999998      9.329178623377743
0.375                     0.22499999999999998      9.361291763002527
0.385                     0.22499999999999998      9.384621789708646
0.395                     0.22499999999999998      9.407435645823924
0.405                     0.22499999999999998      9.424995070212532
0.41500000000000004       0.22499999999999998      9.43888391604284
0.42500000000000004       0.22499999999999998      9.452349984431521
0.43500000000000005       0.22499999999999998      9.462523291249
0.44499999999999995       0.22499999999999998      9.471247501321727
0.45499999999999996       0.22499999999999998      9.478182134217619
0.46499999999999997       0.22499999999999998      9.483693738920365
0.475                     0.22499999999999998      9.487916278510966
0.485                     0.22499999999999998      9.49047724064684
0.495                     0.22499999999999998      9.49182950163572
-0.495                    0.235                    9.752813683013954
-0.485                    0.235                    9.75302592683505
-0.475                    0.235                    9.753435340328167
-0.46499999999999997      0.235                    9.75414423778831
-0.45499999999999996      0.235                    9.755115404263492
-0.44499999999999995      0.235                    9.756391189248006
-0.43500000000000005      0.235                    9.758123028193438
-0.42500000000000004      0.235                    9.760041170342305
-0.41500000000000004      0.235                    9.763618694404315
-0.405                    0.235                    9.766075396943734
-0.395                    0.235                    9.769981443203648
-0.385                    0.235                    9.777007392651058
-0.375                    0.235                    9.779690526024126
-0.365                    0.235                    9.786920957478003
-0.355                    0.235                    9.793248268975702
-0.345                    0.235                    9.79921320802044
-0.33499999999999996      0.235                    9.803092572718938
-0.32499999999999996      0.235                    9.803258826779256
-0.31499999999999995      0.235                    9.791163930964558
-0.30499999999999994      0.235                    9.758370330169726
-0.29500000000000004      0.235                    9.670994059368695
-0.28500000000000003      0.235                    9.48351463860638
-0.275                    0.235                    9.014558466130438
-0.265                    0.235                    7.803715478263939
-0.255                    0.235                    4.771577867904853
-0.245                    0.235                    2.0466401986307226
-0.235                    0.235                    1.7210619460798284
-0.22499999999999998      0.235                    1.4900003974114497
-0.21500000000000005      0.235                    1.3541360202877968
-0.20500000000000004      0.235                    1.2676758490952693
-0.19500000000000003      0.235                    1.2084946215751415
-0.18500000000000003      0.235                    1.165679353115479
-0.17500000000000002      0.235                    1.1334849505944078
-0.165                    0.235                    1.1085430790017767
-0.15500000000000003      0.235                    1.0887669059906102
-0.14500000000000002      0.235                    1.0728066922642654
-0.135                    0.235                    1.0597485577298187
-0.125                    0.235                    1.0489548600973535
-0.11499999999999999      0.235                    1.0399656731868276
-0.10499999999999998      0.235                    1.0324427157908644
-0.09499999999999997      0.235                    1.0261320323242558
-0.08499999999999999      0.235                    1.0208401171765047
-0.07499999999999998      0.235                    1.0164178524161969
-0.06499999999999997      0.235                    1.0127494863924653
-0.054999999999999966     0.235                    1.0097449489624637
-0.04499999999999996      0.235                    1.0073343816124805
-0.03499999999999995      0.235                    1.005464215212072
-0.025000000000000022     0.235                    1.0040943915972207
-0.015000000000000013     0.235                    1.0031963922074283
-0.0050000000000000044    0.235                    1.0027518961311728
0.0050000000000000044     0.235                    1.0027519461240217
0.015000000000000013      0.235                    1.0031965389058257
0.025000000000000022      0.235                    1.0040946361661156
0.03500000000000003       0.235                    1.0054645614689264
0.04500000000000004       0.235                    1.0073348361407
0.05500000000000005       0.235                    1.0097455190617666
0.06499999999999995       0.235                    1.0127501734405655
0.07499999999999996       0.235                    1.016418666814559
0.08499999999999996       0.235                    1.02084106980098
0.09499999999999997       0.235                    1.0261331265454317
0.10499999999999998       0.235                    1.0324439425220646
0.11499999999999999       0.235                    1.0399669825708884
0.125                     0.235                    1.0489560425000093
0.135                     0.235                    1.059749151760343
0.14500000000000002       0.235                    1.0728049563228694
0.15500000000000003       0.235                    1.0887603472610863
0.16500000000000004       0.235                    1.1085241417712837
0.17500000000000004       0.235                    1.1334388294919222
0.18500000000000005       0.235                    1.165570232577437
0.19499999999999995       0.235                    1.2082675627757453
0.20499999999999996       0.235                    1.2673156114255733
0.21499999999999997       0.235                    1.3535566428480337
0.22499999999999998       0.235                    1.488197124575012
0.235                     0.235                    1.6980299198401667
0.245                     0.235                    2.0478507102367303
0.255                     0.235                    4.667919686428149
0.265                     0.235                    7.820743204272809
0.275                     0.235                    9.028433540823414
0.28500000000000003       0.235                    9.488671867029694
0.29500000000000004       0.235                    9.683849173282624
0.30500000000000005       0.235                    9.758890175906458
0.31499999999999995       0.235                    9.791498934619597
0.32499999999999996       0.235                    9.803410918776592
0.33499999999999996       0.235                    9.803322081994239
0.345                     0.235                    9.79932238013889
0.355                     0.235                    9.79333126047618
0.365                     0.235                    9.786943596264678
0.375                     0.235                    9.78175426629491
0.385                     0.235                    9.77390218888415
0.395                     0.235                    9.771004002846794
0.405                     0.235                    9.766823876669118
0.41500000000000004       0.235                    9.7623670910924
0.42500000000000004       0.235                    9.760678209513287
0.43500000000000005       0.235                    9.758140669389775
0.44499999999999995       0.235                    9.756420288881912
0.45499999999999996       0.235                    9.755135358813458
0.46499999999999997       0.235                    9.754163993145355
0.475                     0.235                    9.753453064219968
0.485                     0.235                    9.753042930136388
0.495                     0.235                    9.752830204224708
-0.495                    0.245                    10.013613380608462
-0.485                    0.245                    10.015377465376247
-0.475                    0.245                    10.018732983992464
-0.46499999999999997      0.245                    10.024335791131335
-0.45499999999999996      0.245                    10.03173918212643
-0.44499999999999995      0.245                    10.041173787102167
-0.43500000000000005      0.245                    10.053285675273742
-0.42500000000000004      0.245                    10.067750906699615
-0.41500000000000004      0.245                    10.08650980275928
-0.405                    0.245                    10.10721813076712
-0.395                    0.245                    10.13281824268725
-0.385                    0.245                    10.165730374595
-0.375                    0.245                    10.199291398993978
-0.365                    0.245                    10.244404664476235
-0.355                    0.245                    10.296333131663005
-0.345                    0.245                    10.3609835810716
-0.33499999999999996      0.245                    10.437996971262663
-0.32499999999999996      0.245                    10.53055176637531
-0.31499999999999995      0.245                    10.649062573129243
-0.30499999999999994      0.245                    10.794656810395495
-0.29500000000000004      0.245                    10.973207190322228
-0.28500000000000003      0.245                    11.212553295113594
-0.275                    0.245                    11.490088751684397
-0.265                    0.245                    11.664725524252269
-0.255                    0.245                    10.185634127726644
-0.245                    0.245                    2.287737936453368
-0.235                    0.245                    1.5260208491107932
-0.22499999999999998      0.245                    1.3278436369108277
-0.21500000000000005      0.245                    1.2265576621634011
-0.20500000000000004      0.245                    1.1648218934917338
-0.19500000000000003      0.245                    1.1230940463996575
-0.18500000000000003      0.245                    1.0930234995599335
-0.17500000000000002      0.245                    1.0703916173018797
-0.165                    0.245                    1.052833280507528
-0.15500000000000003      0.245                    1.038884909986436
-0.14500000000000002      0.245                    1.027614056695171
-0.135                    0.245                    1.0183899306007902
-0.125                    0.245                    1.0107674310090573
-0.11499999999999999      0.245                    1.00442450539596
-0.10499999999999998      0.245                    0.9991234325432998
-0.09499999999999997      0.245                    0.9946842682000607
-0.08499999999999999      0.245                    0.9909688863345991
-0.07499999999999998      0.245                    0.9878703823231518
-0.06499999999999997      0.245                    0.9853057138335259
-0.054999999999999966     0.245                    0.9832092826464987
-0.04499999999999996      0.245                    0.9815304965942033
-0.03499999999999995      0.245                    0.9802303354330348
-0.025000000000000022     0.245                    0.9792791342528062
-0.015000000000000013     0.245                    0.9786563275977613
-0.0050000000000000044    0.245                    0.9783481848735818
0.0050000000000000044     0.245                    0.9783482553867913
0.015000000000000013      0.245                    0.9786565782929699
0.025000000000000022      0.245                    0.9792795909212515
0.03500000000000003       0.245                    0.9802309032413632
0.04500000000000004       0.245                    0.9815313918318367
0.05500000000000005       0.245                    0.9832103345353858
0.06499999999999995       0.245                    0.9853070359531841
0.07499999999999996       0.245                    0.9878720856940362
0.08499999999999996       0.245                    0.9909707879309764
0.09499999999999997       0.245                    0.9946865076129967
0.10499999999999998       0.245                    0.9991263009767977
0.11499999999999999       0.245                    1.004427641294754
0.125                     0.245                    1.0107709279316737
0.135                     0.245                    1.018394009822103
0.14500000000000002       0.245                    1.0276180797008863
0.15500000000000003       0.245                    1.0388859832420394
0.16500000000000004       0.245                    1.0528300294808446
0.17500000000000004       0.245                    1.0703785165064374
0.18500000000000005       0.245                    1.092975307924462
0.19499999999999995       0.245                    1.1229814441795725
0.20499999999999996       0.245                    1.1645937410686145
0.21499999999999997       0.245                    1.225985092658604
0.22499999999999998       0.245                    1.3255241665930697
0.235                     0.245                    1.5241677016759843
0.245                     0.245                    2.1697982539624263
0.255                     0.245                    10.863468937333721
0.265                     0.245                    11.738562145119886
0.275                     0.245                    11.493990587499468
0.28500000000000003       0.245                    11.21970478048911
0.29500000000000004       0.245                    10.983012349459102
0.30500000000000005       0.245                    10.794999083110582
0.31499999999999995       0.245                    10.649297472629598
0.32499999999999996       0.245                    10.53050409343507
0.33499999999999996       0.245                    10.438229054425946
0.345                     0.245                    10.360976283976221
0.355                     0.245                    10.296539880417413
0.365                     0.245                    10.244422281725406
0.375                     0.245                    10.201486734984883
0.385                     0.245                    10.162454912417331
0.395                     0.245                    10.133831796838045
0.405                     0.245                    10.107921377387004
0.41500000000000004       0.245                    10.085277631870383
0.42500000000000004       0.245                    10.068359183463372
0.43500000000000005       0.245                    10.053299435705242
0.44499999999999995       0.245                    10.041195897773804
0.45499999999999996       0.245                    10.0317500002493
0.46499999999999997       0.245                    10.024347947544655
0.475                     0.245                    10.018743799738843
0.485                     0.245                    10.015387292998412
0.495                     0.245                    10.013622836088771
-0.495                    0.255                    10.272676127731216
-0.485                    0.255                    10.275949908561756
-0.475                    0.255                    10.28217093054721
-0.46499999999999997      0.255                    10.29253187092371
-0.45499999999999996      0.255                    10.306185519416161
-0.44499999999999995      0.255                    10.32354442221174
-0.43500000000000005      0.255                    10.345726610859572
-0.42500000000000004      0.255                    10.372360711618171
-0.41500000000000004      0.255                    10.405768717670846
-0.405                    0.255                    10.444157385315897
-0.395                    0.255                    10.490723409443376
-0.385                    0.255                    10.548433454295349
-0.375                    0.255                    10.611935883269439
-0.365                    0.255                    10.693104914220157
-0.355                    0.255                    10.788566342910315
-0.345                    0.255                    10.90930182894732
-0.33499999999999996      0.255                    11.055827795651936
-0.32499999999999996      0.255                    11.23598080616938
-0.31499999999999995      0.255                    11.478050364027013
-0.30499999999999994      0.255                    11.792671660867114
-0.29500000000000004      0.255                    12.227930147339293
-0.28500000000000003      0.255                    12.88682959230107
-0.275                    0.255                    13.956064934499182
-0.265                    0.255                    16.125830822921273
-0.255                    0.255                    22.713821299090625
-0.245                    0.255                    29.98809182119284
-0.235                    0.255                    26.242423789621853
-0.22499999999999998      0.255                    24.104284489446343
-0.21500000000000005      0.255                    22.86090877524316
-0.20500000000000004      0.255                    22.042105809471565
-0.19500000000000003      0.255                    21.462681931040947
-0.18500000000000003      0.255                    21.032068767581393
-0.17500000000000002      0.255                    20.700457670081732
-0.165                    0.255                    20.439301997752807
-0.15500000000000003      0.255                    20.22979779927408
-0.14500000000000002      0.255                    20.059319091388716
-0.135                    0.255                    19.919083880097787
-0.125                    0.255                    19.80276427027141
-0.11499999999999999      0.255                    19.70580533720411
-0.10499999999999998      0.255                    19.62499480971809
-0.09499999999999997      0.255                    19.556862526581966
-0.08499999999999999      0.255                    19.500111260271098
-0.07499999999999998      0.255                    19.452787207734332
-0.06499999999999997      0.255                    19.41367552368257
-0.054999999999999966     0.255                    19.38176560345525
-0.04499999999999996      0.255                    19.356230656894866
-0.03499999999999995      0.255                    19.3364654614046
-0.025000000000000022     0.255                    19.322035839358705
-0.015000000000000013     0.255                    19.312594019726248
-0.0050000000000000044    0.255                    19.307925550011845
0.0050000000000000044     0.255                    19.30794322969831
0.015000000000000013      0.255                    19.312617231815807
0.025000000000000022      0.255                    19.322068686759735
0.03500000000000003       0.255                    19.336513718827632
0.04500000000000004       0.255                    19.356282339232223
0.05500000000000005       0.255                    19.38183469236168
0.06499999999999995       0.255                    19.413766845116186
0.07499999999999996       0.255                    19.452904918827045
0.08499999999999996       0.255                    19.50025458782818
0.09499999999999997       0.255                    19.557043360154495
0.10499999999999998       0.255                    19.624995227165613
0.11499999999999999       0.255                    19.706051296754083
0.125                     0.255                    19.803066622525648
0.135                     0.255                    19.91935223332291
0.14500000000000002       0.255                    20.05974224445012
0.15500000000000003       0.255                    20.23038507350796
0.16500000000000004       0.255                    20.440116909875826
0.17500000000000004       0.255                    20.701278228956795
0.18500000000000005       0.255                    21.033145401908115
0.19499999999999995       0.255                    21.464612499119028
0.20499999999999996       0.255                    22.046483599034417
0.21499999999999997       0.255                    22.86820815267953
0.22499999999999998       0.255                    24.09355256010656
0.235                     0.255                    26.186520789414203
0.245                     0.255                    29.839107264154393
0.255                     0.255                    23.1012636485828
0.265                     0.255                    16.115937761619648
0.275                     0.255                    13.953984616824528
0.28500000000000003       0.255                    12.89268857162324
0.29500000000000004       0.255                    12.241481195251708
0.30500000000000005       0.255                    11.79281768903823
0.31499999999999995       0.255                    11.478170392264929
0.32499999999999996       0.255                    11.235679259280062
0.33499999999999996       0.255                    11.056082261123493
0.345                     0.255                    10.909146630459738
0.355                     0.255                    10.78905715385784
0.365                     0.255                    10.693221756407354
0.375                     0.255                    10.614161502662313
0.385                     0.255                    10.545080071810133
0.395                     0.255                    10.491706866957216
0.405                     0.255                    10.444768660525666
0.41500000000000004       0.255                    10.404631479700129
0.42500000000000004       0.255                    10.37294610385419
0.43500000000000005       0.255                    10.345731476193635
0.44499999999999995       0.255                    10.323559058034363
0.45499999999999996       0.255                    10.306186091449614
0.46499999999999997       0.255                    10.292536129046354
0.475                     0.255                    10.282174644372276
0.485                     0.255                    10.27595215846739
0.495                     0.255                    10.272678138385352
-0.495                    0.265                    10.528513990441425
-0.485                    0.265                    10.533227863105452
-0.475                    0.265                    10.542181169261482
-0.46499999999999997      0.265                    10.557073450212599
-0.45499999999999996      0.265                    10.576671616934334
-0.44499999999999995      0.265                    10.601552653189287
-0.43500000000000005      0.265                    10.633275745828712
-0.42500000000000004      0.265                    10.671418783068162
-0.41500000000000004      0.265                    10.718596287289927
-0.405                    0.265                    10.773523178463499
-0.395                    0.265                    10.839687986004833
-0.385                    0.265                    10.920413773166274
-0.375                    0.265                    11.011099020150706
-0.365                    0.265                    11.125231586382142
-0.355                    0.265                    11.259529959838574
-0.345                    0.265                    11.42988713456949
-0.33499999999999996      0.265                    11.636464149857645
-0.32499999999999996      0.265                    11.890270897682512
-0.31499999999999995      0.265                    12.231681567304094
-0.30499999999999994      0.265                    12.674695024517916
-0.29500000000000004      0.265                    13.288222792463785
-0.28500000000000003      0.265                    14.188259077082876
-0.275                    0.265                    15.5748791397898
-0.265                    0.265                    17.876971049595
-0.255                    0.265                    21.429797386016872
-0.245                    0.265                    24.10952138363831
-0.235                    0.265                    23.977491946450073
-0.22499999999999998      0.265                    23.112066241857065
-0.21500000000000005      0.265                    22.320121605650684
-0.20500000000000004      0.265                    21.700703889906208
-0.19500000000000003      0.265                    21.228697205775404
-0.18500000000000003      0.265                    20.859279367668023
-0.17500000000000002      0.265                    20.56695570390093
-0.165                    0.265                    20.33204223610676
-0.15500000000000003      0.265                    20.140743325730114
-0.14500000000000002      0.265                    19.983326336965547
-0.135                    0.265                    19.853514383793993
-0.125                    0.265                    19.745151145776163
-0.11499999999999999      0.265                    19.654391904915997
-0.10499999999999998      0.265                    19.578196228543106
-0.09499999999999997      0.265                    19.51425437603109
-0.08499999999999999      0.265                    19.460707245827393
-0.07499999999999998      0.265                    19.41601184279989
-0.06499999999999997      0.265                    19.378998525353722
-0.054999999999999966     0.265                    19.348716831274146
-0.04499999999999996      0.265                    19.324504172830302
-0.03499999999999995      0.265                    19.305845418050183
-0.025000000000000022     0.265                    19.29220594063223
-0.015000000000000013     0.265                    19.283209610526455
-0.0050000000000000044    0.265                    19.27876399928317
0.0050000000000000044     0.265                    19.278759866887754
0.015000000000000013      0.265                    19.283170715182457
0.025000000000000022      0.265                    19.292180055013567
0.03500000000000003       0.265                    19.305857775703203
0.04500000000000004       0.265                    19.32461302833906
0.05500000000000005       0.265                    19.348804917708776
0.06499999999999995       0.265                    19.379054769518234
0.07499999999999996       0.265                    19.416109015604775
0.08499999999999996       0.265                    19.460837560685263
0.09499999999999997       0.265                    19.514321550866796
0.10499999999999998       0.265                    19.578339366065734
0.11499999999999999       0.265                    19.654583103504592
0.125                     0.265                    19.745409468000616
0.135                     0.265                    19.853831132009873
0.14500000000000002       0.265                    19.984120890670567
0.15500000000000003       0.265                    20.141080414347293
0.16500000000000004       0.265                    20.332604846827735
0.17500000000000004       0.265                    20.56754994044462
0.18500000000000005       0.265                    20.860369544696596
0.19499999999999995       0.265                    21.230126941463084
0.20499999999999996       0.265                    21.70580389806389
0.21499999999999997       0.265                    22.327205311075886
0.22499999999999998       0.265                    23.108855725967032
0.235                     0.265                    24.007115857461486
0.245                     0.265                    24.11357537793168
0.255                     0.265                    21.384054855183763
0.265                     0.265                    17.88164679988563
0.275                     0.265                    15.575342137964995
0.28500000000000003       0.265                    14.190228379237624
0.29500000000000004       0.265                    13.29387314767132
0.30500000000000005       0.265                    12.674609093482815
0.31499999999999995       0.265                    12.23166778471304
0.32499999999999996       0.265                    11.889784632971981
0.33499999999999996       0.265                    11.636767695297877
0.345                     0.265                    11.42958821381501
0.355                     0.265                    11.26047182862294
0.365                     0.265                    11.125475411053628
0.375                     0.265                    11.01341741444827
0.385                     0.265                    10.917037224423751
0.395                     0.265                    10.840600221173673
0.405                     0.265                    10.773988029611743
0.41500000000000004       0.265                    10.717561053332759
0.42500000000000004       0.265                    10.671910528022806
0.43500000000000005       0.265                    10.633281839501024
0.44499999999999995       0.265                    10.601561028588918
0.45499999999999996       0.265                    10.5766619738531
0.46499999999999997       0.265                    10.55706954642065
0.475                     0.265                    10.542177717557195
0.485                     0.265                    10.533222249120513
0.495                     0.265                    10.528508284392117
-0.495                    0.275                    10.77970736001734
-0.485                    0.275                    10.785767147024728
-0.475                    0.275                    10.797272551392723
-0.46499999999999997      0.275                    10.816388234540327
-0.45499999999999996      0.275                    10.841515739189688
-0.44499999999999995      0.275                    10.873370150974807
-0.43500000000000005      0.275                    10.91390948383605
-0.42500000000000004      0.275                    10.962646102955404
-0.41500000000000004      0.275                    11.022334508158977
-0.405                    0.275                    11.092264733759222
-0.395                    0.275                    11.176134745670453
-0.385                    0.275                    11.27743756311338
-0.375                    0.275                    11.390975198070748
-0.365                    0.275                    11.534080567338009
-0.355                    0.275                    11.701190237217048
-0.345                    0.275                    11.91144341900393
-0.33499999999999996      0.275                    12.16460245205866
-0.32499999999999996      0.275                    12.472113158960894
-0.31499999999999995      0.275                    12.879507462502232
-0.30499999999999994      0.275                    13.395808313328168
-0.29500000000000004      0.275                    14.086311846068838
-0.28500000000000003      0.275                    15.029166952593869
-0.275                    0.275                    16.321018046621248
-0.265                    0.275                    18.062846071552002
-0.255                    0.275                    20.046050762096797
-0.245                    0.275                    21.519096140556712
-0.235                    0.275                    22.055822809499546
-0.22499999999999998      0.275                    21.923319660557695
-0.21500000000000005      0.275                    21.58287119395458
-0.20500000000000004      0.275                    21.213178153718786
-0.19500000000000003      0.275                    20.886174042198604
-0.18500000000000003      0.275                    20.607111101072633
-0.17500000000000002      0.275                    20.3737809641499
-0.165                    0.275                    20.179273889855697
-0.15500000000000003      0.275                    20.016515679104916
-0.14500000000000002      0.275                    19.879715400625344
-0.135                    0.275                    19.76562668294903
-0.125                    0.275                    19.669156681542162
-0.11499999999999999      0.275                    19.58760910573838
-0.10499999999999998      0.275                    19.51865171780446
-0.09499999999999997      0.275                    19.46085536821913
-0.08499999999999999      0.275                    19.412013559848916
-0.07499999999999998      0.275                    19.371141809125056
-0.06499999999999997      0.275                    19.337239700044062
-0.054999999999999966     0.275                    19.309345843440326
-0.04499999999999996      0.275                    19.287178980508088
-0.03499999999999995      0.275                    19.269922379065747
-0.025000000000000022     0.275                    19.257359545434017
-0.015000000000000013     0.275                    19.2491049108669
-0.0050000000000000044    0.275                    19.24506791554927
0.0050000000000000044     0.275                    19.245003396360463
0.015000000000000013      0.275                    19.249092166761557
0.025000000000000022      0.275                    19.25733943041007
0.03500000000000003       0.275                    19.270041966007966
0.04500000000000004       0.275                    19.287164595917318
0.05500000000000005       0.275                    19.309417464424143
0.06499999999999995       0.275                    19.33717094349056
0.07499999999999996       0.275                    19.371069623646772
0.08499999999999996       0.275                    19.411918004086743
0.09499999999999997       0.275                    19.460713435746555
0.10499999999999998       0.275                    19.518719637383327
0.11499999999999999       0.275                    19.58741157146985
0.125                     0.275                    19.668846032422387
0.135                     0.275                    19.76531362015129
0.14500000000000002       0.275                    19.8797213609906
0.15500000000000003       0.275                    20.01579289797094
0.16500000000000004       0.275                    20.17835173108569
0.17500000000000004       0.275                    20.37295048060177
0.18500000000000005       0.275                    20.605595297927493
0.19499999999999995       0.275                    20.886899790773143
0.20499999999999996       0.275                    21.214187629703396
0.21499999999999997       0.275                    21.58071432165439
0.22499999999999998       0.275                    21.92105756182673
0.235                     0.275                    22.052144211462064
0.245                     0.275                    21.515642340804785
0.255                     0.275                    20.04744578768441
0.265                     0.275                    18.059706727135904
0.275                     0.275                    16.330135799961226
0.28500000000000003       0.275                    15.028186561502707
0.29500000000000004       0.275                    14.087237045773009
0.30500000000000005       0.275                    13.395524887458834
0.31499999999999995       0.275                    12.879344886231053
0.32499999999999996       0.275                    12.471840700395575
0.33499999999999996       0.275                    12.16491254764287
0.345                     0.275                    11.910967483648989
0.355                     0.275                    11.702172943137896
0.365                     0.275                    11.53455876458932
0.375                     0.275                    11.393845268648079
0.385                     0.275                    11.27408019566997
0.395                     0.275                    11.177065626218546
0.405                     0.275                    11.092469338179072
0.41500000000000004       0.275                    11.021451161725057
0.42500000000000004       0.275                    10.96308110299438
0.43500000000000005       0.275                    10.913909082145864
0.44499999999999995       0.275                    10.873366562550729
0.45499999999999996       0.275                    10.841496763593852
0.46499999999999997       0.275                    10.816375939661071
0.475                     0.275                    10.797261721220906
0.485                     0.275                    10.785753519204064
0.495                     0.275                    10.779693776182441
-0.495                    0.28500000000000003      11.024929032924959
-0.485                    0.28500000000000003      11.032220126548111
-0.475                    0.28500000000000003      11.046058267084732
-0.46499999999999997      0.28500000000000003      11.069022571255445
-0.45499999999999996      0.28500000000000003      11.09917400401011
-0.44499999999999995      0.28500000000000003      11.137338079722753
-0.43500000000000005      0.28500000000000003      11.185792310596923
-0.42500000000000004      0.28500000000000003      11.24403876437141
-0.41500000000000004      0.28500000000000003      11.314767879359668
-0.405                    0.28500000000000003      11.397762062925239
-0.395                    0.28500000000000003      11.495152427423932
-0.385                    0.28500000000000003      11.614480143836971
-0.375                    0.28500000000000003      11.751270942086215
-0.365                    0.28500000000000003      11.915846444520014
-0.355                    0.28500000000000003      12.107525805979506
-0.345                    0.28500000000000003      12.346526353047956
-0.33499999999999996      0.28500000000000003      12.63169316687194
-0.32499999999999996      0.28500000000000003      12.971926290625788
-0.31499999999999995      0.28500000000000003      13.412161318352958
-0.30499999999999994      0.28500000000000003      13.951519972628603
-0.29500000000000004      0.28500000000000003      14.63461305059593
-0.28500000000000003      0.28500000000000003      15.515337114276178
-0.275                    0.28500000000000003      16.59197900575203
-0.265                    0.28500000000000003      17.861727811759522
-0.255                    0.28500000000000003      19.151373013712487
-0.245                    0.28500000000000003      20.161416565166576
-0.235                    0.28500000000000003      20.729409791657986
-0.22499999999999998      0.28500000000000003      20.8976479001671
-0.21500000000000005      0.28500000000000003      20.838200962353724
-0.20500000000000004      0.28500000000000003      20.678792034183004
-0.19500000000000003      0.28500000000000003      20.491623973458275
-0.18500000000000003      0.28500000000000003      20.308563722896224
-0.17500000000000002      0.28500000000000003      20.14148764726133
-0.165                    0.28500000000000003      19.993746429355156
-0.15500000000000003      0.28500000000000003      19.865418473328077
-0.14500000000000002      0.28500000000000003      19.754581627996913
-0.135                    0.28500000000000003      19.659479567668427
-0.125                    0.28500000000000003      19.57792128321131
-0.11499999999999999      0.28500000000000003      19.508420534640166
-0.10499999999999998      0.28500000000000003      19.44874519606958
-0.09499999999999997      0.28500000000000003      19.398320077325238
-0.08499999999999999      0.28500000000000003      19.355383600671985
-0.07499999999999998      0.28500000000000003      19.31935080120911
-0.06499999999999997      0.28500000000000003      19.28931460872002
-0.054999999999999966     0.28500000000000003      19.264616939251596
-0.04499999999999996      0.28500000000000003      19.244861640419913
-0.03499999999999995      0.28500000000000003      19.229473958463018
-0.025000000000000022     0.28500000000000003      19.218241392712855
-0.015000000000000013     0.28500000000000003      19.21090362669915
-0.0050000000000000044    0.28500000000000003      19.207229851605234
0.0050000000000000044     0.28500000000000003      19.207248171063412
0.015000000000000013      0.28500000000000003      19.21089339200614
0.025000000000000022      0.28500000000000003      19.21824807117457
0.03500000000000003       0.28500000000000003      19.229515254223088
0.04500000000000004       0.28500000000000003      19.244922222316973
0.05500000000000005       0.28500000000000003      19.264760885413693
0.06499999999999995       0.28500000000000003      19.28938188637305
0.07499999999999996       0.28500000000000003      19.31947921906476
0.08499999999999996       0.28500000000000003      19.355522532082716
0.09499999999999997       0.28500000000000003      19.398361818069418
0.10499999999999998       0.28500000000000003      19.448838037714495
0.11499999999999999       0.28500000000000003      19.508405124906858
0.125                     0.28500000000000003      19.57822227553764
0.135                     0.28500000000000003      19.66001358702681
0.14500000000000002       0.28500000000000003      19.755209471639887
0.15500000000000003       0.28500000000000003      19.86606839528008
0.16500000000000004       0.28500000000000003      19.99436807347304
0.17500000000000004       0.28500000000000003      20.142563109067623
0.18500000000000005       0.28500000000000003      20.31041791745247
0.19499999999999995       0.28500000000000003      20.493705576054424
0.20499999999999996       0.28500000000000003      20.68038912346039
0.21499999999999997       0.28500000000000003      20.839535274699188
0.22499999999999998       0.28500000000000003      20.899620417415008
0.235                     0.28500000000000003      20.72864594802121
0.245                     0.28500000000000003      20.161553917133404
0.255                     0.28500000000000003      19.13952781871103
0.265                     0.28500000000000003      17.85704763186635
0.275                     0.28500000000000003      16.593440389355067
0.28500000000000003       0.28500000000000003      15.513520355489163
0.29500000000000004       0.28500000000000003      14.632166417303893
0.30500000000000005       0.28500000000000003      13.951202456458248
0.31499999999999995       0.28500000000000003      13.411752537650443
0.32499999999999996       0.28500000000000003      12.972212075966866
0.33499999999999996       0.28500000000000003      12.631836659299225
0.345                     0.28500000000000003      12.346119557354882
0.355                     0.28500000000000003      12.114122795938613
0.365                     0.28500000000000003      11.91570901549926
0.375                     0.28500000000000003      11.751137121056878
0.385                     0.28500000000000003      11.613093817776633
0.395                     0.28500000000000003      11.496092539905021
0.405                     0.28500000000000003      11.397666196588759
0.41500000000000004       0.28500000000000003      11.314027617802541
0.42500000000000004       0.28500000000000003      11.24440100714105
0.43500000000000005       0.28500000000000003      11.185814590930647
0.44499999999999995       0.28500000000000003      11.137314692654883
0.45499999999999996       0.28500000000000003      11.099147361362455
0.46499999999999997       0.28500000000000003      11.069001584252788
0.475                     0.28500000000000003      11.046039195322777
0.485                     0.28500000000000003      11.032198438997739
0.495                     0.28500000000000003      11.024907519021227
-0.495                    0.29500000000000004      11.262964282611122
-0.485                    0.29500000000000004      11.271356574955234
-0.475                    0.29500000000000004      11.287278177583204
-0.46499999999999997      0.29500000000000004      11.313667207250816
-0.45499999999999996      0.29500000000000004      11.348270519885006
-0.44499999999999995      0.29500000000000004      11.39200239125762
-0.43500000000000005      0.29500000000000004      11.447356073339847
-0.42500000000000004      0.29500000000000004      11.513793725853546
-0.41500000000000004      0.29500000000000004      11.59400192068782
-0.405                    0.29500000000000004      11.688351220113859
-0.395                    0.29500000000000004      11.79935595159857
-0.385                    0.29500000000000004      11.930730764088594
-0.375                    0.29500000000000004      12.085163835562696
-0.365                    0.29500000000000004      12.264549327201905
-0.355                    0.29500000000000004      12.475583008251405
-0.345                    0.29500000000000004      12.732333679260648
-0.33499999999999996      0.29500000000000004      13.03558897724227
-0.32499999999999996      0.29500000000000004      13.402059214223755
-0.31499999999999995      0.29500000000000004      13.837263347609698
-0.30499999999999994      0.29500000000000004      14.364471693168412
-0.29500000000000004      0.29500000000000004      15.004262883772185
-0.28500000000000003      0.29500000000000004      15.773570995019043
-0.275                    0.29500000000000004      16.65628687181234
-0.265                    0.29500000000000004      17.615574500245145
-0.255                    0.29500000000000004      18.547873623772432
-0.245                    0.29500000000000004      19.315645047985896
-0.235                    0.29500000000000004      19.8313568149577
-0.22499999999999998      0.29500000000000004      20.100256699724355
-0.21500000000000005      0.29500000000000004      20.187219056365706
-0.20500000000000004      0.29500000000000004      20.1677620724613
-0.19500000000000003      0.29500000000000004      20.091201381799948
-0.18500000000000003      0.29500000000000004      19.992815022960627
-0.17500000000000002      0.29500000000000004      19.889292249221285
-0.165                    0.29500000000000004      19.788793874968576
-0.15500000000000003      0.29500000000000004      19.696532772695775
-0.14500000000000002      0.29500000000000004      19.613139449754385
-0.135                    0.29500000000000004      19.539377559923395
-0.125                    0.29500000000000004      19.4747810431557
-0.11499999999999999      0.29500000000000004      19.41829069798345
-0.10499999999999998      0.29500000000000004      19.369521595042727
-0.09499999999999997      0.29500000000000004      19.32760983803189
-0.08499999999999999      0.29500000000000004      19.29171468323807
-0.07499999999999998      0.29500000000000004      19.261360794031646
-0.06499999999999997      0.29500000000000004      19.23588085722116
-0.054999999999999966     0.29500000000000004      19.214888109566147
-0.04499999999999996      0.29500000000000004      19.197973768367547
-0.03499999999999995      0.29500000000000004      19.184773582407956
-0.025000000000000022     0.29500000000000004      19.175111735865357
-0.015000000000000013     0.29500000000000004      19.16876585726098
-0.0050000000000000044    0.29500000000000004      19.16562724729576
0.0050000000000000044     0.29500000000000004      19.165636928182465
0.015000000000000013      0.29500000000000004      19.16879896494109
0.025000000000000022      0.29500000000000004      19.175166715161026
0.03500000000000003       0.29500000000000004      19.184849827252492
0.04500000000000004       0.29500000000000004      19.198060776919732
0.05500000000000005       0.29500000000000004      19.21502197472526
0.06499999999999995       0.29500000000000004      19.236040058223438
0.07499999999999996       0.29500000000000004      19.26153671988743
0.08499999999999996       0.29500000000000004      19.29191268150032
0.09499999999999997       0.29500000000000004      19.32787941208437
0.10499999999999998       0.29500000000000004      19.369855338460127
0.11499999999999999       0.29500000000000004      19.41873899015289
0.125                     0.29500000000000004      19.47508995188815
0.135                     0.29500000000000004      19.540098473541264
0.14500000000000002       0.29500000000000004      19.614021008574355
0.15500000000000003       0.29500000000000004      19.69742775150067
0.16500000000000004       0.29500000000000004      19.79021689616758
0.17500000000000004       0.29500000000000004      19.890676226448676
0.18500000000000005       0.29500000000000004      19.995003762390155
0.19499999999999995       0.29500000000000004      20.094122907510496
0.20499999999999996       0.29500000000000004      20.170651146460017
0.21499999999999997       0.29500000000000004      20.190631960726108
0.22499999999999998       0.29500000000000004      20.102397520914536
0.235                     0.29500000000000004      19.831071328510006
0.245                     0.29500000000000004      19.31306625452322
0.255                     0.29500000000000004      18.54000168228646
0.265                     0.29500000000000004      17.608733535283648
0.275                     0.29500000000000004      16.650054606495374
0.28500000000000003       0.29500000000000004      15.76354473592528
0.29500000000000004       0.29500000000000004      15.002797983070394
0.30500000000000005       0.29500000000000004      14.36405156672975
0.31499999999999995       0.29500000000000004      13.836512709405838
0.32499999999999996       0.29500000000000004      13.40256369526901
0.33499999999999996       0.29500000000000004      13.03558113190519
0.345                     0.29500000000000004      12.732316747474783
0.355                     0.29500000000000004      12.47926810093879
0.365                     0.29500000000000004      12.266524238510897
0.375                     0.29500000000000004      12.083374634144946
0.385                     0.29500000000000004      11.93129535526748
0.395                     0.29500000000000004      11.799906391006118
0.405                     0.29500000000000004      11.687860032317701
0.41500000000000004       0.29500000000000004      11.593410611781023
0.42500000000000004       0.29500000000000004      11.514146810607784
0.43500000000000005       0.29500000000000004      11.447394225313303
0.44499999999999995       0.29500000000000004      11.391955882624046
0.45499999999999996       0.29500000000000004      11.34823735341083
0.46499999999999997       0.29500000000000004      11.313637321706068
0.475                     0.29500000000000004      11.287250299405798
0.485                     0.29500000000000004      11.27132693052593
0.495                     0.29500000000000004      11.262934895457668
-0.495                    0.30500000000000005      11.492726085232839
-0.485                    0.30500000000000005      11.502079457926556
-0.475                    0.30500000000000005      11.51981612162524
-0.46499999999999997      0.30500000000000005      11.54917526563321
-0.45499999999999996      0.30500000000000005      11.587617818826342
-0.44499999999999995      0.30500000000000005      11.63612743883516
-0.43500000000000005      0.30500000000000005      11.69733287801111
-0.42500000000000004      0.30500000000000005      11.77055462134409
-0.41500000000000004      0.30500000000000005      11.858700814520763
-0.405                    0.30500000000000005      11.961941396597027
-0.395                    0.30500000000000005      12.083824353882855
-0.385                    0.30500000000000005      12.223824088272465
-0.375                    0.30500000000000005      12.388923379163657
-0.365                    0.30500000000000005      12.580986316997155
-0.355                    0.30500000000000005      12.80361256665833
-0.345                    0.30500000000000005      13.069829440727005
-0.33499999999999996      0.30500000000000005      13.37931874578291
-0.32499999999999996      0.30500000000000005      13.74342694920523
-0.31499999999999995      0.30500000000000005      14.171052248028332
-0.30499999999999994      0.30500000000000005      14.667150994337579
-0.29500000000000004      0.30500000000000005      15.245358231061118
-0.28500000000000003      0.30500000000000005      15.907232909452304
-0.275                    0.30500000000000005      16.634215268428434
-0.265                    0.30500000000000005      17.388518411579817
-0.255                    0.30500000000000005      18.107522318431748
-0.245                    0.30500000000000005      18.72101047957529
-0.235                    0.30500000000000005      19.180704535595943
-0.22499999999999998      0.30500000000000005      19.47921648651746
-0.21500000000000005      0.30500000000000005      19.6424869287168
-0.20500000000000004      0.30500000000000005      19.70894175426192
-0.19500000000000003      0.30500000000000005      19.713725738822134
-0.18500000000000003      0.30500000000000005      19.68297038159251
-0.17500000000000002      0.30500000000000005      19.633930992541288
-0.165                    0.30500000000000005      19.577254832678463
-0.15500000000000003      0.30500000000000005      19.519185442647405
-0.14500000000000002      0.30500000000000005      19.463214763023494
-0.135                    0.30500000000000005      19.411147613562257
-0.125                    0.30500000000000005      19.36380815266456
-0.11499999999999999      0.30500000000000005      19.32146000163919
-0.10499999999999998      0.30500000000000005      19.284035165132458
-0.09499999999999997      0.30500000000000005      19.251312394803264
-0.08499999999999999      0.30500000000000005      19.22299221502395
-0.07499999999999998      0.30500000000000005      19.198749144779896
-0.06499999999999997      0.30500000000000005      19.178274425709397
-0.054999999999999966     0.30500000000000005      19.161275654528282
-0.04499999999999996      0.30500000000000005      19.14750262882046
-0.03499999999999995      0.30500000000000005      19.136740906951538
-0.025000000000000022     0.30500000000000005      19.128819269409114
-0.015000000000000013     0.30500000000000005      19.123609327382745
-0.0050000000000000044    0.30500000000000005      19.121027740009154
0.0050000000000000044     0.30500000000000005      19.12102901422397
0.015000000000000013      0.30500000000000005      19.123615023350432
0.025000000000000022      0.30500000000000005      19.128827347250976
0.03500000000000003       0.30500000000000005      19.136752576717043
0.04500000000000004       0.30500000000000005      19.147518195206118
0.05500000000000005       0.30500000000000005      19.16129571704353
0.06499999999999995       0.30500000000000005      19.178298035083145
0.07499999999999996       0.30500000000000005      19.198779247648837
0.08499999999999996       0.30500000000000005      19.22302476751637
0.09499999999999997       0.30500000000000005      19.251352940669854
0.10499999999999998       0.30500000000000005      19.284080595693624
0.11499999999999999       0.30500000000000005      19.32151378116871
0.125                     0.30500000000000005      19.36387094840137
0.135                     0.30500000000000005      19.41121870217617
0.14500000000000002       0.30500000000000005      19.4632960131145
0.15500000000000003       0.30500000000000005      19.51927920558338
0.16500000000000004       0.30500000000000005      19.57735692318068
0.17500000000000004       0.30500000000000005      19.63404406145282
0.18500000000000005       0.30500000000000005      19.683087416374732
0.19499999999999995       0.30500000000000005      19.7138409777318
0.20499999999999996       0.30500000000000005      19.70901671448803
0.21499999999999997       0.30500000000000005      19.64252650305591
0.22499999999999998       0.30500000000000005      19.47915494495505
0.235                     0.30500000000000005      19.18043373353609
0.245                     0.30500000000000005      18.720610373282312
0.255                     0.30500000000000005      18.10687956615763
0.265                     0.30500000000000005      17.387771093399778
0.275                     0.30500000000000005      16.63342687847814
0.28500000000000003       0.30500000000000005      15.906270966161795
0.29500000000000004       0.30500000000000005      15.244584954385232
0.30500000000000005       0.30500000000000005      14.666912158541752
0.31499999999999995       0.30500000000000005      14.16998814179567
0.32499999999999996       0.30500000000000005      13.744216458053188
0.33499999999999996       0.30500000000000005      13.379484592272604
0.345                     0.30500000000000005      13.070329868042677
0.355                     0.30500000000000005      12.807817414972021
0.365                     0.30500000000000005      12.581602723551953
0.375                     0.30500000000000005      12.388364204078883
0.385                     0.30500000000000005      12.224674431383065
0.395                     0.30500000000000005      12.082049886135792
0.405                     0.30500000000000005      11.96224309837146
0.41500000000000004       0.30500000000000005      11.858213651181263
0.42500000000000004       0.30500000000000005      11.770902539860685
0.43500000000000005       0.30500000000000005      11.6973591825774
0.44499999999999995       0.30500000000000005      11.63605972356956
0.45499999999999996       0.30500000000000005      11.587578467285326
0.46499999999999997       0.30500000000000005      11.54913666001275
0.475                     0.30500000000000005      11.519779705761493
0.485                     0.30500000000000005      11.502042054086331
0.495                     0.30500000000000005      11.492688983897786
-0.495                    0.31499999999999995      11.713265015030075
-0.485                    0.31499999999999995      11.723434842775077
-0.475                    0.31499999999999995      11.742710089975333
-0.46499999999999997      0.31499999999999995      11.774572229700823
-0.45499999999999996      0.31499999999999995      11.816227494347014
-0.44499999999999995      0.31499999999999995      11.868705197488339
-0.43500000000000005      0.31499999999999995      11.93469363872498
-0.42500000000000004      0.31499999999999995      12.013416266832166
-0.41500000000000004      0.31499999999999995      12.107768128364219
-0.405                    0.31499999999999995      12.217838834812568
-0.395                    0.31499999999999995      12.347000551775864
-0.385                    0.31499999999999995      12.494843374379244
-0.375                    0.31499999999999995      12.667619800347865
-0.365                    0.31499999999999995      12.866451079188323
-0.355                    0.31499999999999995      13.097182365696511
-0.345                    0.31499999999999995      13.36247784137447
-0.33499999999999996      0.31499999999999995      13.668838229613016
-0.32499999999999996      0.31499999999999995      14.022479082540428
-0.31499999999999995      0.31499999999999995      14.423058185596688
-0.30499999999999994      0.31499999999999995      14.888813076971076
-0.29500000000000004      0.31499999999999995      15.409568926675632
-0.28500000000000003      0.31499999999999995      15.979836363952103
-0.275                    0.31499999999999995      16.58378785746646
-0.265                    0.31499999999999995      17.19333998509589
-0.255                    0.31499999999999995      17.77054657398196
-0.245                    0.31499999999999995      18.276526101725892
-0.235                    0.31499999999999995      18.683561598102614
-0.22499999999999998      0.31499999999999995      18.982786052726368
-0.21500000000000005      0.31499999999999995      19.18302273746795
-0.20500000000000004      0.31499999999999995      19.303338029822527
-0.19500000000000003      0.31499999999999995      19.365109752122294
-0.18500000000000003      0.31499999999999995      19.387123024334073
-0.17500000000000002      0.31499999999999995      19.38383599386347
-0.165                    0.31499999999999995      19.365509732910823
-0.15500000000000003      0.31499999999999995      19.339055823301322
-0.14500000000000002      0.31499999999999995      19.30895764017211
-0.135                    0.31499999999999995      19.278030269070683
-0.125                    0.31499999999999995      19.247981524604796
-0.11499999999999999      0.31499999999999995      19.21979920140447
-0.10499999999999998      0.31499999999999995      19.194011483967984
-0.09499999999999997      0.31499999999999995      19.170859481580635
-0.08499999999999999      0.31499999999999995      19.150409246017375
-0.07499999999999998      0.31499999999999995      19.13262476605769
-0.06499999999999997      0.31499999999999995      19.11741539228072
-0.054999999999999966     0.31499999999999995      19.10466627460383
-0.04499999999999996      0.31499999999999995      19.094257985472836
-0.03499999999999995      0.31499999999999995      19.08607901686193
-0.025000000000000022     0.31499999999999995      19.080033598901707
-0.015000000000000013     0.31499999999999995      19.076046684583076
-0.0050000000000000044    0.31499999999999995      19.07406694433621
0.0050000000000000044     0.31499999999999995      19.07406829669185
0.015000000000000013      0.31499999999999995      19.076050770815755
0.025000000000000022      0.31499999999999995      19.08004045624014
0.03500000000000003       0.31499999999999995      19.086088747094465
0.04500000000000004       0.31499999999999995      19.094270740901436
0.05500000000000005       0.31499999999999995      19.104682226227908
0.06499999999999995       0.31499999999999995      19.117434754745744
0.07499999999999996       0.31499999999999995      19.13264779704906
0.08499999999999996       0.31499999999999995      19.150436170687385
0.09499999999999997       0.31499999999999995      19.1708906329996
0.10499999999999998       0.31499999999999995      19.194047118326694
0.11499999999999999       0.31499999999999995      19.219839547579824
0.125                     0.31499999999999995      19.248026744132403
0.135                     0.31499999999999995      19.278080246719156
0.14500000000000002       0.31499999999999995      19.30901200119999
0.15500000000000003       0.31499999999999995      19.339113552077322
0.16500000000000004       0.31499999999999995      19.365568497553284
0.17500000000000004       0.31499999999999995      19.383892145246534
0.18500000000000005       0.31499999999999995      19.38717008993879
0.19499999999999995       0.31499999999999995      19.365136449547435
0.20499999999999996       0.31499999999999995      19.3033299210353
0.21499999999999997       0.31499999999999995      19.182958420398194
0.22499999999999998       0.31499999999999995      18.982635632117166
0.235                     0.31499999999999995      18.683294934768327
0.245                     0.31499999999999995      18.276149102600897
0.255                     0.31499999999999995      17.770119724489092
0.265                     0.31499999999999995      17.19289473668877
0.275                     0.31499999999999995      16.583266906371094
0.28500000000000003       0.31499999999999995      15.979180962987371
0.29500000000000004       0.31499999999999995      15.408551608269121
0.30500000000000005       0.31499999999999995      14.887813545076511
0.31499999999999995       0.31499999999999995      14.42937580605519
0.32499999999999996       0.31499999999999995      14.02326587311785
0.33499999999999996       0.31499999999999995      13.667977730592497
0.345                     0.31499999999999995      13.363079884797742
0.355                     0.31499999999999995      13.096268099048928
0.365                     0.31499999999999995      12.867329643054973
0.375                     0.31499999999999995      12.666964107931562
0.385                     0.31499999999999995      12.494902848546062
0.395                     0.31499999999999995      12.343302700696398
0.405                     0.31499999999999995      12.21795284068623
0.41500000000000004       0.31499999999999995      12.107478258884122
0.42500000000000004       0.31499999999999995      12.013650191145985
0.43500000000000005       0.31499999999999995      11.934701283591068
0.44499999999999995       0.31499999999999995      11.868623853259862
0.45499999999999996       0.31499999999999995      11.81618164213101
0.46499999999999997       0.31499999999999995      11.77452531009152
0.475                     0.31499999999999995      11.742665781936182
0.485                     0.31499999999999995      11.723389927568917
0.495                     0.31499999999999995      11.713220453688244
-0.495                    0.32499999999999996      11.923773746980089
-0.485                    0.32499999999999996      11.934616123697907
-0.475                    0.32499999999999996      11.955155557168126
-0.46499999999999997      0.32499999999999996      11.989058092292169
-0.45499999999999996      0.32499999999999996      12.033310393672078
-0.44499999999999995      0.32499999999999996      12.08895415989835
-0.43500000000000005      0.32499999999999996      12.158708425777746
-0.42500000000000004      0.32499999999999996      12.241671713139453
-0.41500000000000004      0.32499999999999996      12.340619024903635
-0.405                    0.32499999999999996      12.455572628603434
-0.395                    0.32499999999999996      12.590215214438786
-0.385                    0.32499999999999996      12.742068625397224
-0.375                    0.32499999999999996      12.91854340249386
-0.365                    0.32499999999999996      13.120857346340472
-0.355                    0.32499999999999996      13.350259634363255
-0.345                    0.32499999999999996      13.614764364227105
-0.33499999999999996      0.32499999999999996      13.91111513952768
-0.32499999999999996      0.32499999999999996      14.25102459029091
-0.31499999999999995      0.32499999999999996      14.627303563338103
-0.30499999999999994      0.32499999999999996      15.048150450052162
-0.29500000000000004      0.32499999999999996      15.508201710623382
-0.28500000000000003      0.32499999999999996      16.009211702139964
-0.275                    0.32499999999999996      16.523435316720565
-0.265                    0.32499999999999996      17.036108003685953
-0.255                    0.32499999999999996      17.52187734176877
-0.245                    0.32499999999999996      17.95589514351117
-0.235                    0.32499999999999996      18.319928756919595
-0.22499999999999998      0.32499999999999996      18.60638027530726
-0.21500000000000005      0.32499999999999996      18.81820703113206
-0.20500000000000004      0.32499999999999996      18.96558615475999
-0.19500000000000003      0.32499999999999996      19.061710708799126
-0.18500000000000003      0.32499999999999996      19.119572796798508
-0.17500000000000002      0.32499999999999996      19.150264165674002
-0.165                    0.32499999999999996      19.162466925856762
-0.15500000000000003      0.32499999999999996      19.162606036272933
-0.14500000000000002      0.32499999999999996      19.155258271365682
-0.135                    0.32499999999999996      19.143594600060595
-0.125                    0.32499999999999996      19.129763350152672
-0.11499999999999999      0.32499999999999996      19.115189687004317
-0.10499999999999998      0.32499999999999996      19.100797088111733
-0.09499999999999997      0.32499999999999996      19.0871667949653
-0.08499999999999999      0.32499999999999996      19.07464917136997
-0.07499999999999998      0.32499999999999996      19.06344170695985
-0.06499999999999997      0.32499999999999996      19.053642957257324
-0.054999999999999966     0.32499999999999996      19.045289606725902
-0.04499999999999996      0.32499999999999996      19.038381994777808
-0.03499999999999995      0.32499999999999996      19.032901496113624
-0.025000000000000022     0.32499999999999996      19.028822332825627
-0.015000000000000013     0.32499999999999996      19.026119480711714
-0.0050000000000000044    0.32499999999999996      19.024773777221014
0.0050000000000000044     0.32499999999999996      19.024774919711888
0.015000000000000013      0.32499999999999996      19.02612292587719
0.025000000000000022      0.32499999999999996      19.02882810863889
0.03500000000000003       0.32499999999999996      19.03290966916387
0.04500000000000004       0.32499999999999996      19.038392656176484
0.05500000000000005       0.32499999999999996      19.045302863803556
0.06499999999999995       0.32499999999999996      19.05365892819478
0.07499999999999996       0.32499999999999996      19.06346052366203
0.08499999999999996       0.32499999999999996      19.074670933950415
0.09499999999999997       0.32499999999999996      19.087191618102167
0.10499999999999998       0.32499999999999996      19.10082499894196
0.11499999999999999       0.32499999999999996      19.11522062380871
0.125                     0.32499999999999996      19.129797237190985
0.135                     0.32499999999999996      19.143630834236006
0.14500000000000002       0.32499999999999996      19.1552959038859
0.15500000000000003       0.32499999999999996      19.162643701439407
0.16500000000000004       0.32499999999999996      19.162500230315914
0.17500000000000004       0.32499999999999996      19.150290440713746
0.18500000000000005       0.32499999999999996      19.119586020565606
0.19499999999999995       0.32499999999999996      19.06170309606742
0.20499999999999996       0.32499999999999996      18.96554699680874
0.21499999999999997       0.32499999999999996      18.818123379765836
0.22499999999999998       0.32499999999999996      18.606243144230802
0.235                     0.32499999999999996      18.319731639182677
0.245                     0.32499999999999996      17.955606897932796
0.255                     0.32499999999999996      17.521455650018083
0.265                     0.32499999999999996      17.035587849012202
0.275                     0.32499999999999996      16.522965851677014
0.28500000000000003       0.32499999999999996      16.00899420930284
0.29500000000000004       0.32499999999999996      15.508181701943812
0.30500000000000005       0.32499999999999996      15.048099937071399
0.31499999999999995       0.32499999999999996      14.626761571378438
0.32499999999999996       0.32499999999999996      14.249051687381893
0.33499999999999996       0.32499999999999996      13.910885868227652
0.345                     0.32499999999999996      13.611199530961358
0.355                     0.32499999999999996      13.349702599871591
0.365                     0.32499999999999996      13.117954732068
0.375                     0.32499999999999996      12.918116013476505
0.385                     0.32499999999999996      12.742054925199284
0.395                     0.32499999999999996      12.590185609107039
0.405                     0.32499999999999996      12.455519007337898
0.41500000000000004       0.32499999999999996      12.340446129656119
0.42500000000000004       0.32499999999999996      12.241766817702413
0.43500000000000005       0.32499999999999996      12.15868763036292
0.44499999999999995       0.32499999999999996      12.088870905830674
0.45499999999999996       0.32499999999999996      12.033257089097415
0.46499999999999997       0.32499999999999996      11.989003453031145
0.475                     0.32499999999999996      11.955104039318627
0.485                     0.32499999999999996      11.934564028128733
0.495                     0.32499999999999996      11.923722063074564
-0.495                    0.33499999999999996      12.12358644572555
-0.485                    0.33499999999999996      12.134962812383435
-0.475                    0.33499999999999996      12.156502790699818
-0.46499999999999997      0.33499999999999996      12.192003012398956
-0.45499999999999996      0.33499999999999996      12.2382667092275
-0.44499999999999995      0.33499999999999996      12.296322558455927
-0.43500000000000005      0.33499999999999996      12.368880811982791
-0.42500000000000004      0.33499999999999996      12.454901738555876
-0.41500000000000004      0.33499999999999996      12.557014121332397
-0.405                    0.33499999999999996      12.675103251313317
-0.395                    0.33499999999999996      12.812132228241808
-0.385                    0.33499999999999996      12.966845052994394
-0.375                    0.33499999999999996      13.1439916938779
-0.365                    0.33499999999999996      13.342873650479731
-0.355                    0.33499999999999996      13.572059360302575
-0.345                    0.33499999999999996      13.828646876868902
-0.33499999999999996      0.33499999999999996      14.114328374030222
-0.32499999999999996      0.33499999999999996      14.43333389594818
-0.31499999999999995      0.33499999999999996      14.783432637643571
-0.30499999999999994      0.33499999999999996      15.169448160982597
-0.29500000000000004      0.33499999999999996      15.58352020181896
-0.28500000000000003      0.33499999999999996      16.018371361527485
-0.275                    0.33499999999999996      16.462929633316392
-0.265                    0.33499999999999996      16.902252534594354
-0.255                    0.33499999999999996      17.319271746714733
-0.245                    0.33499999999999996      17.6977782512729
-0.235                    0.33499999999999996      18.025548223346526
-0.22499999999999998      0.33499999999999996      18.296439577186504
-0.21500000000000005      0.33499999999999996      18.510640231260382
-0.20500000000000004      0.33499999999999996      18.673257605229352
-0.19500000000000003      0.33499999999999996      18.792169233725488
-0.18500000000000003      0.33499999999999996      18.876052051865486
-0.17500000000000002      0.33499999999999996      18.933051210789543
-0.165                    0.33499999999999996      18.97011462901135
-0.15500000000000003      0.33499999999999996      18.99281014228167
-0.14500000000000002      0.33499999999999996      19.005414351637683
-0.135                    0.33499999999999996      19.011115646182247
-0.125                    0.33499999999999996      19.012239761701792
-0.11499999999999999      0.33499999999999996      19.0104546882294
-0.10499999999999998      0.33499999999999996      19.006939784652246
-0.09499999999999997      0.33499999999999996      19.002517760109313
-0.08499999999999999      0.33499999999999996      18.99775474027257
-0.07499999999999998      0.33499999999999996      18.99303419661736
-0.06499999999999997      0.33499999999999996      18.988611107221843
-0.054999999999999966     0.33499999999999996      18.984651169983806
-0.04499999999999996      0.33499999999999996      18.98125905745806
-0.03499999999999995      0.33499999999999996      18.97849856629962
-0.025000000000000022     0.33499999999999996      18.97640688181734
-0.015000000000000013     0.33499999999999996      18.975004452853554
-0.0050000000000000044    0.33499999999999996      18.974301596346976
0.0050000000000000044     0.33499999999999996      18.974302514605114
0.015000000000000013      0.33499999999999996      18.975007216229457
0.025000000000000022      0.33499999999999996      18.97641150713676
0.03500000000000003       0.33499999999999996      18.97850508499657
0.04500000000000004       0.33499999999999996      18.981267505861126
0.05500000000000005       0.33499999999999996      18.984661592193348
0.06499999999999995       0.33499999999999996      18.988623539657766
0.07499999999999996       0.33499999999999996      18.993048660879737
0.08499999999999996       0.33499999999999996      18.997771218862184
0.09499999999999997       0.33499999999999996      19.002536176021536
0.10499999999999998       0.33499999999999996      19.00695997996982
0.11499999999999999       0.33499999999999996      19.010476337182908
0.125                     0.33499999999999996      19.01226219392369
0.135                     0.33499999999999996      19.011137924055618
0.14500000000000002       0.33499999999999996      19.00543541280905
0.15500000000000003       0.33499999999999996      18.99282829651169
0.16500000000000004       0.33499999999999996      18.970127471526325
0.17500000000000004       0.33499999999999996      18.933055395955847
0.18500000000000005       0.33499999999999996      18.876042947840688
0.19499999999999995       0.33499999999999996      18.792141677016886
0.20499999999999996       0.33499999999999996      18.673202662558516
0.21499999999999997       0.33499999999999996      18.51055134686891
0.22499999999999998       0.33499999999999996      18.296307826414676
0.235                     0.33499999999999996      18.02536430119119
0.245                     0.33499999999999996      17.697536506885477
0.255                     0.33499999999999996      17.31897466079456
0.265                     0.33499999999999996      16.901928135427788
0.275                     0.33499999999999996      16.462657326596272
0.28500000000000003       0.33499999999999996      16.0182412909126
0.29500000000000004       0.33499999999999996      15.58364358237607
0.30500000000000005       0.33499999999999996      15.170131979519056
0.31499999999999995       0.33499999999999996      14.784952765879098
0.32499999999999996       0.33499999999999996      14.432007540570453
0.33499999999999996       0.33499999999999996      14.112663132733019
0.345                     0.33499999999999996      13.827859303303882
0.355                     0.33499999999999996      13.571642764551058
0.365                     0.33499999999999996      13.34326912600693
0.375                     0.33499999999999996      13.143865697903905
0.385                     0.33499999999999996      12.966772165928743
0.395                     0.33499999999999996      12.811923364600744
0.405                     0.33499999999999996      12.675010362768205
0.41500000000000004       0.33499999999999996      12.556908989541693
0.42500000000000004       0.33499999999999996      12.454900211830548
0.43500000000000005       0.33499999999999996      12.368833520470702
0.44499999999999995       0.33499999999999996      12.296240449005296
0.45499999999999996       0.33499999999999996      12.238205577657995
0.46499999999999997       0.33499999999999996      12.191941418320468
0.475                     0.33499999999999996      12.15644444576182
0.485                     0.33499999999999996      12.134903949901172
0.495                     0.33499999999999996      12.12352804173856
-0.495                    0.345                    12.312173614041875
-0.485                    0.345                    12.323954591560323
-0.475                    0.345                    12.34624933662721
-0.46499999999999997      0.345                    12.38293696526631
-0.45499999999999996      0.345                    12.430672104094473
-0.44499999999999995      0.345                    12.490451592316901
-0.43500000000000005      0.345                    12.564939155061552
-0.42500000000000004      0.345                    12.652961399575844
-0.41500000000000004      0.345                    12.756988111380538
-0.405                    0.345                    12.876687036012157
-0.395                    0.345                    13.014257125909111
-0.385                    0.345                    13.170121319779131
-0.375                    0.345                    13.345951301798195
-0.365                    0.345                    13.545066017444583
-0.355                    0.345                    13.765758758239585
-0.345                    0.345                    14.01238983699174
-0.33499999999999996      0.345                    14.284434588436739
-0.32499999999999996      0.345                    14.583936864972856
-0.31499999999999995      0.345                    14.910642364669755
-0.30499999999999994      0.345                    15.261748571047853
-0.29500000000000004      0.345                    15.63300309269404
-0.28500000000000003      0.345                    16.018022897710352
-0.275                    0.345                    16.408024502850054
-0.265                    0.345                    16.791910656557363
-0.255                    0.345                    17.157646048664407
-0.245                    0.345                    17.493921814395716
-0.235                    0.345                    17.791994754111048
-0.22499999999999998      0.345                    18.046906687608463
-0.21500000000000005      0.345                    18.257739675134612
-0.20500000000000004      0.345                    18.426971534274596
-0.19500000000000003      0.345                    18.559324860933838
-0.18500000000000003      0.345                    18.660563711167867
-0.17500000000000002      0.345                    18.73654791201416
-0.165                    0.345                    18.79264340824638
-0.15500000000000003      0.345                    18.833440795463435
-0.14500000000000002      0.345                    18.86268786998449
-0.135                    0.345                    18.88334635925122
-0.125                    0.345                    18.897701735113753
-0.11499999999999999      0.345                    18.907487549587678
-0.10499999999999998      0.345                    18.91400141486137
-0.09499999999999997      0.345                    18.918204040524067
-0.08499999999999999      0.345                    18.9208007788207
-0.07499999999999998      0.345                    18.9223049452929
-0.06499999999999997      0.345                    18.923087455289803
-0.054999999999999966     0.345                    18.923413749263272
-0.04499999999999996      0.345                    18.923472056485636
-0.03499999999999995      0.345                    18.923393813334805
-0.025000000000000022     0.345                    18.923268991821224
-0.015000000000000013     0.345                    18.923156657126313
-0.0050000000000000044    0.345                    18.92309248325973
0.0050000000000000044     0.345                    18.923093162406154
0.015000000000000013      0.345                    18.92315872634444
0.025000000000000022      0.345                    18.923272427553037
0.03500000000000003       0.345                    18.923398643113586
0.04500000000000004       0.345                    18.92347823662143
0.05500000000000005       0.345                    18.923421302424387
0.06499999999999995       0.345                    18.92309634144424
0.07499999999999996       0.345                    18.922315136783915
0.08499999999999996       0.345                    18.920812141868314
0.09499999999999997       0.345                    18.91821637850707
0.10499999999999998       0.345                    18.914014449297838
0.11499999999999999       0.345                    18.90750089136203
0.125                     0.345                    18.89771459110353
0.135                     0.345                    18.883358132791265
0.14500000000000002       0.345                    18.86269737814637
0.15500000000000003       0.345                    18.83344532228438
0.16500000000000004       0.345                    18.792639060878813
0.17500000000000004       0.345                    18.736527734363992
0.18500000000000005       0.345                    18.660522130490207
0.19499999999999995       0.345                    18.55925693674163
0.20499999999999996       0.345                    18.426871299775396
0.21499999999999997       0.345                    18.257604037924263
0.22499999999999998       0.345                    18.046739009071974
0.235                     0.345                    17.79180411039272
0.245                     0.345                    17.493717317696923
0.255                     0.345                    17.157435802141272
0.265                     0.345                    16.79171775474373
0.275                     0.345                    16.407816446057822
0.28500000000000003       0.345                    16.01776519688142
0.29500000000000004       0.345                    15.632760704736391
0.30500000000000005       0.345                    15.261696110519509
0.31499999999999995       0.345                    14.910843702801515
0.32499999999999996       0.345                    14.58416485211066
0.33499999999999996       0.345                    14.284442767188828
0.345                     0.345                    14.01188961733152
0.355                     0.345                    13.764942150391619
0.365                     0.345                    13.545230287778462
0.375                     0.345                    13.345909564423685
0.385                     0.345                    13.170077661814346
0.395                     0.345                    13.014194330235629
0.405                     0.345                    12.87653480296045
0.41500000000000004       0.345                    12.75689238333063
0.42500000000000004       0.345                    12.652895939966797
0.43500000000000005       0.345                    12.564871904581366
0.44499999999999995       0.345                    12.490370141360131
0.45499999999999996       0.345                    12.430603511308508
0.46499999999999997       0.345                    12.382869056064877
0.475                     0.345                    12.34618440978008
0.485                     0.345                    12.323889415737199
0.495                     0.345                    12.31210893857805
-0.495                    0.355                    12.489133173852665
-0.485                    0.355                    12.501201472812909
-0.475                    0.355                    12.524028637492563
-0.46499999999999997      0.355                    12.561534767476473
-0.45499999999999996      0.355                    12.610258861982498
-0.44499999999999995      0.355                    12.671152047714386
-0.43500000000000005      0.355                    12.74680512076597
-0.42500000000000004      0.355                    12.835896883003642
-0.41500000000000004      0.355                    12.940807776459861
-0.405                    0.355                    13.06102336412434
-0.395                    0.355                    13.197291611966762
-0.385                    0.355                    13.352128300400466
-0.375                    0.355                    13.526210062358189
-0.365                    0.355                    13.719203742260525
-0.355                    0.355                    13.935008613559631
-0.345                    0.355                    14.17325405686276
-0.33499999999999996      0.355                    14.431036934668128
-0.32499999999999996      0.355                    14.712616324642738
-0.31499999999999995      0.355                    15.013789214438702
-0.30499999999999994      0.355                    15.333456338246293
-0.29500000000000004      0.355                    15.67028115085077
-0.28500000000000003      0.355                    16.01584159491648
-0.275                    0.355                    16.359130327114627
-0.265                    0.355                    16.700041306239896
-0.255                    0.355                    17.025863118894165
-0.245                    0.355                    17.3285462794764
-0.235                    0.355                    17.60171682924289
-0.22499999999999998      0.355                    17.841385682266193
-0.21500000000000005      0.355                    18.046222668068637
-0.20500000000000004      0.355                    18.217258884977298
-0.19500000000000003      0.355                    18.35726338859604
-0.18500000000000003      0.355                    18.470018363619133
-0.17500000000000002      0.355                    18.559665192732723
-0.165                    0.355                    18.630258507751677
-0.15500000000000003      0.355                    18.68546461505666
-0.14500000000000002      0.355                    18.72843524443975
-0.135                    0.355                    18.761801698427988
-0.125                    0.355                    18.787683412829594
-0.11499999999999999      0.355                    18.807764851729218
-0.10499999999999998      0.355                    18.82336352148026
-0.09499999999999997      0.355                    18.83549608114815
-0.08499999999999999      0.355                    18.84494732187902
-0.07499999999999998      0.355                    18.852309738573794
-0.06499999999999997      0.355                    18.858035875294462
-0.054999999999999966     0.355                    18.862461734966033
-0.04499999999999996      0.355                    18.865840367887472
-0.03499999999999995      0.355                    18.86835475209503
-0.025000000000000022     0.355                    18.8701381782505
-0.015000000000000013     0.355                    18.87128019933212
-0.0050000000000000044    0.355                    18.871838145825876
0.0050000000000000044     0.355                    18.871838385784187
0.015000000000000013      0.355                    18.87128154159484
0.025000000000000022      0.355                    18.870139956609464
0.03500000000000003       0.355                    18.868357882345805
0.04500000000000004       0.355                    18.865844219055887
0.05500000000000005       0.355                    18.86246610379564
0.06499999999999995       0.355                    18.85804022387873
0.07499999999999996       0.355                    18.852315545936023
0.08499999999999996       0.355                    18.844953394017693
0.09499999999999997       0.355                    18.835505247714877
0.10499999999999998       0.355                    18.823371089477135
0.11499999999999999       0.355                    18.807770724826185
0.125                     0.355                    18.78768613349
0.135                     0.355                    18.761801432582317
0.14500000000000002       0.355                    18.72842573995237
0.15500000000000003       0.355                    18.68545503695151
0.16500000000000004       0.355                    18.63023831200684
0.17500000000000004       0.355                    18.55963564123286
0.18500000000000005       0.355                    18.46997524713585
0.19499999999999995       0.355                    18.35719798827091
0.20499999999999996       0.355                    18.217168998932024
0.21499999999999997       0.355                    18.04609466226509
0.22499999999999998       0.355                    17.841225928964917
0.235                     0.355                    17.601551946416464
0.245                     0.355                    17.328412772191015
0.255                     0.355                    17.02583498774392
0.265                     0.355                    16.700308880213754
0.275                     0.355                    16.36018991190167
0.28500000000000003       0.355                    16.013531510770385
0.29500000000000004       0.355                    15.668267947165795
0.30500000000000005       0.355                    15.331392217011953
0.31499999999999995       0.355                    15.013728015981542
0.32499999999999996       0.355                    14.711666450784533
0.33499999999999996       0.355                    14.430272937549773
0.345                     0.355                    14.17091099893014
0.355                     0.355                    13.933807135274918
0.365                     0.355                    13.71871819690005
0.375                     0.355                    13.525158110942556
0.385                     0.355                    13.351969785272917
0.395                     0.355                    13.1971768941997
0.405                     0.355                    13.060907051448353
0.41500000000000004       0.355                    12.940717093677142
0.42500000000000004       0.355                    12.835794456547774
0.43500000000000005       0.355                    12.746724095148863
0.44499999999999995       0.355                    12.671069157385801
0.45499999999999996       0.355                    12.610183630938312
0.46499999999999997       0.355                    12.56146108256128
0.475                     0.355                    12.523957761201927
0.485                     0.355                    12.501130488106867
0.495                     0.355                    12.489062707422576
-0.495                    0.365                    12.654178666688907
-0.485                    0.365                    12.666431079857631
-0.475                    0.365                    12.689595341708582
-0.46499999999999997      0.365                    12.727598357952743
-0.45499999999999996      0.365                    12.776893637655022
-0.44499999999999995      0.365                    12.838376881805075
-0.43500000000000005      0.365                    12.914553430359405
-0.42500000000000004      0.365                    13.003968548899522
-0.41500000000000004      0.365                    13.10888389011588
-0.405                    0.365                    13.22845447928264
-0.395                    0.365                    13.363496566091406
-0.385                    0.365                    13.515635060288982
-0.375                    0.365                    13.68488503369852
-0.365                    0.365                    13.873567287700808
-0.355                    0.365                    14.081863039562364
-0.345                    0.365                    14.305829149643259
-0.33499999999999996      0.365                    14.55050927381835
-0.32499999999999996      0.365                    14.81272432415107
-0.31499999999999995      0.365                    15.094563601640687
-0.30499999999999994      0.365                    15.388941573063704
-0.29500000000000004      0.365                    15.692968009205515
-0.28500000000000003      0.365                    16.003892035767365
-0.275                    0.365                    16.315509535505655
-0.265                    0.365                    16.62111952178556
-0.255                    0.365                    16.914273839335166
-0.245                    0.365                    17.189222016656004
-0.235                    0.365                    17.441063359448663
-0.22499999999999998      0.365                    17.666580839502984
-0.21500000000000005      0.365                    17.864370736465332
-0.20500000000000004      0.365                    18.034641477033603
-0.19500000000000003      0.365                    18.178853197613165
-0.18500000000000003      0.365                    18.29939468848025
-0.17500000000000002      0.365                    18.39913428453079
-0.165                    0.365                    18.480971446024995
-0.15500000000000003      0.365                    18.54784363073179
-0.14500000000000002      0.365                    18.602242512961396
-0.135                    0.365                    18.646488406027686
-0.125                    0.365                    18.68248255560212
-0.11499999999999999      0.365                    18.71171948485261
-0.10499999999999998      0.365                    18.73556117364467
-0.09499999999999997      0.365                    18.75494913359293
-0.08499999999999999      0.365                    18.770772748175006
-0.07499999999999998      0.365                    18.78360483237853
-0.06499999999999997      0.365                    18.794005621786198
-0.054999999999999966     0.365                    18.802312864039976
-0.04499999999999996      0.365                    18.808867185529436
-0.03499999999999995      0.365                    18.813858200236524
-0.025000000000000022     0.365                    18.817478943055733
-0.015000000000000013     0.365                    18.819824226356246
-0.0050000000000000044    0.365                    18.82098145766534
0.0050000000000000044     0.365                    18.82097870407486
0.015000000000000013      0.365                    18.819816909678565
0.025000000000000022      0.365                    18.817464992385425
0.03500000000000003       0.365                    18.81384638486108
0.04500000000000004       0.365                    18.808847598250964
0.05500000000000005       0.365                    18.802285597920076
0.06499999999999995       0.365                    18.79396256076953
0.07499999999999996       0.365                    18.78356974438634
0.08499999999999996       0.365                    18.770704880301736
0.09499999999999997       0.365                    18.754888153406256
0.10499999999999998       0.365                    18.735472270985184
0.11499999999999999       0.365                    18.71163821594348
0.125                     0.365                    18.68239756829371
0.135                     0.365                    18.64640854051069
0.14500000000000002       0.365                    18.602171810801025
0.15500000000000003       0.365                    18.547733686706493
0.16500000000000004       0.365                    18.480925340273984
0.17500000000000004       0.365                    18.399076147497965
0.18500000000000005       0.365                    18.299410451525574
0.19499999999999995       0.365                    18.178902097122773
0.20499999999999996       0.365                    18.034706314235024
0.21499999999999997       0.365                    17.86442119227695
0.22499999999999998       0.365                    17.666609747568643
0.235                     0.365                    17.44100305154423
0.245                     0.365                    17.1891905991841
0.255                     0.365                    16.914181163446514
0.265                     0.365                    16.620946667761586
0.275                     0.365                    16.31673929382265
0.28500000000000003       0.365                    16.0044667662618
0.29500000000000004       0.365                    15.69207009764542
0.30500000000000005       0.365                    15.387061463828857
0.31499999999999995       0.365                    15.0935410863828
0.32499999999999996       0.365                    14.813823395423256
0.33499999999999996       0.365                    14.550143581808527
0.345                     0.365                    14.305924513983314
0.355                     0.365                    14.081481447857527
0.365                     0.365                    13.873735931961122
0.375                     0.365                    13.684966169026112
0.385                     0.365                    13.515467568927534
0.395                     0.365                    13.363366908058424
0.405                     0.365                    13.228383179791589
0.41500000000000004       0.365                    13.10879066805808
0.42500000000000004       0.365                    13.003862501604445
0.43500000000000005       0.365                    12.914464383941237
0.44499999999999995       0.365                    12.838290129399383
0.45499999999999996       0.365                    12.776812830888986
0.46499999999999997       0.365                    12.727519405252316
0.475                     0.365                    12.689519766225374
0.485                     0.365                    12.666354768178849
0.495                     0.365                    12.654102905706043
-0.495                    0.375                    12.807125478908716
-0.485                    0.375                    12.819473999055333
-0.475                    0.375                    12.842809282413086
-0.46499999999999997      0.375                    12.881037695727201
-0.45499999999999996      0.375                    12.930554081450172
-0.44499999999999995      0.375                    12.992194046285576
-0.43500000000000005      0.375                    13.068371403041482
-0.42500000000000004      0.375                    13.157542895668655
-0.41500000000000004      0.375                    13.261671079416407
-0.405                    0.375                    13.379879757180248
-0.395                    0.375                    13.51418365615062
-0.385                    0.375                    13.662282481575545
-0.375                    0.375                    13.82740564423608
-0.365                    0.375                    14.009367196190425
-0.355                    0.375                    14.206875989247198
-0.345                    0.375                    14.422137148233304
-0.33499999999999996      0.375                    14.653531887151644
-0.32499999999999996      0.375                    14.900142784966333
-0.31499999999999995      0.375                    15.160369134829665
-0.30499999999999994      0.375                    15.431963278742728
-0.29500000000000004      0.375                    15.711471733452338
-0.28500000000000003      0.375                    15.994773673197987
-0.275                    0.375                    16.279137256118787
-0.265                    0.375                    16.55770232708273
-0.255                    0.375                    16.825927739712
-0.245                    0.375                    17.07932184351479
-0.235                    0.375                    17.313957206078193
-0.22499999999999998      0.375                    17.52719041659509
-0.21500000000000005      0.375                    17.717697991261886
-0.20500000000000004      0.375                    17.88517948816353
-0.19500000000000003      0.375                    18.030465565199115
-0.18500000000000003      0.375                    18.155076054912094
-0.17500000000000002      0.375                    18.26107103794537
-0.165                    0.375                    18.35054402450423
-0.15500000000000003      0.375                    18.42580652986004
-0.14500000000000002      0.375                    18.488825286896486
-0.135                    0.375                    18.541563592665867
-0.125                    0.375                    18.585702428726137
-0.11499999999999999      0.375                    18.622513803354863
-0.10499999999999998      0.375                    18.65330399699303
-0.09499999999999997      0.375                    18.678939200310168
-0.08499999999999999      0.375                    18.700323779360687
-0.07499999999999998      0.375                    18.718007113193636
-0.06499999999999997      0.375                    18.73259094017955
-0.054999999999999966     0.375                    18.744413912027383
-0.04499999999999996      0.375                    18.75385998238393
-0.03499999999999995      0.375                    18.76112630865788
-0.025000000000000022     0.375                    18.766439538859174
-0.015000000000000013     0.375                    18.769900157541827
-0.0050000000000000044    0.375                    18.771614749429432
0.0050000000000000044     0.375                    18.771611506994887
0.015000000000000013      0.375                    18.769894565753617
0.025000000000000022      0.375                    18.76642709683135
0.03500000000000003       0.375                    18.761121667205913
0.04500000000000004       0.375                    18.753845375559308
0.05500000000000005       0.375                    18.744390239900156
0.06499999999999995       0.375                    18.7325524322532
0.07499999999999996       0.375                    18.71798053418503
0.08499999999999996       0.375                    18.700256684965822
0.09499999999999997       0.375                    18.678884090120548
0.10499999999999998       0.375                    18.65322364492816
0.11499999999999999       0.375                    18.62244647604477
0.125                     0.375                    18.585622744159494
0.135                     0.375                    18.541499769247352
0.14500000000000002       0.375                    18.488766341848617
0.15500000000000003       0.375                    18.42568713865137
0.16500000000000004       0.375                    18.350466851840892
0.17500000000000004       0.375                    18.260956871427425
0.18500000000000005       0.375                    18.1549998804868
0.19499999999999995       0.375                    18.030389645986602
0.20499999999999996       0.375                    17.885118473899567
0.21499999999999997       0.375                    17.71762903778955
0.22499999999999998       0.375                    17.527162483788132
0.235                     0.375                    17.31385029358035
0.245                     0.375                    17.079351832520885
0.255                     0.375                    16.825989771229743
0.265                     0.375                    16.55774047916873
0.275                     0.375                    16.279484598091017
0.28500000000000003       0.375                    15.994552689900644
0.29500000000000004       0.375                    15.711382726595971
0.30500000000000005       0.375                    15.432223479320257
0.31499999999999995       0.375                    15.160344375356999
0.32499999999999996       0.375                    14.899885522741755
0.33499999999999996       0.375                    14.653436876867062
0.345                     0.375                    14.4221113770447
0.355                     0.375                    14.206753999421267
0.365                     0.375                    14.008845652596136
0.375                     0.375                    13.827122276227115
0.385                     0.375                    13.662026195187146
0.395                     0.375                    13.513836742503713
0.405                     0.375                    13.379819595667925
0.41500000000000004       0.375                    13.261569740103699
0.42500000000000004       0.375                    13.157434452226212
0.43500000000000005       0.375                    13.06827616452128
0.44499999999999995       0.375                    12.99210146669246
0.45499999999999996       0.375                    12.930468718789765
0.46499999999999997       0.375                    12.880953881832824
0.475                     0.375                    12.842730255764309
0.485                     0.375                    12.819392742335296
0.495                     0.375                    12.80704492524842
-0.495                    0.385                    12.947875947631566
-0.485                    0.385                    12.960248119724454
-0.475                    0.385                    12.983618131728903
-0.46499999999999997      0.385                    13.021850881813492
-0.45499999999999996      0.385                    13.071305906947277
-0.44499999999999995      0.385                    13.13275876558491
-0.43500000000000005      0.385                    13.208518953249353
-0.42500000000000004      0.385                    13.296980992811669
-0.41500000000000004      0.385                    13.39982965576629
-0.405                    0.385                    13.516292354142308
-0.395                    0.385                    13.645669366811262
-0.385                    0.385                    13.792507874024627
-0.375                    0.385                    13.952976525019569
-0.365                    0.385                    14.127491357733618
-0.355                    0.385                    14.317944853247354
-0.345                    0.385                    14.522838962721679
-0.33499999999999996      0.385                    14.741802830964012
-0.32499999999999996      0.385                    14.973447790154985
-0.31499999999999995      0.385                    15.216229825359605
-0.30499999999999994      0.385                    15.468199705350088
-0.29500000000000004      0.385                    15.727500444279812
-0.28500000000000003      0.385                    15.987219457780725
-0.275                    0.385                    16.248404704891414
-0.265                    0.385                    16.50421909830233
-0.255                    0.385                    16.75126731072121
-0.245                    0.385                    16.986042001516715
-0.235                    0.385                    17.20554796397993
-0.22499999999999998      0.385                    17.40759043738687
-0.21500000000000005      0.385                    17.590794599185728
-0.20500000000000004      0.385                    17.75472323645959
-0.19500000000000003      0.385                    17.899699627164807
-0.18500000000000003      0.385                    18.026654954860824
-0.17500000000000002      0.385                    18.136968718304644
-0.165                    0.385                    18.232203088915753
-0.15500000000000003      0.385                    18.314035339429395
-0.14500000000000002      0.385                    18.384106855898715
-0.135                    0.385                    18.443952538904604
-0.125                    0.385                    18.494971290758727
-0.11499999999999999      0.385                    18.53839071758032
-0.10499999999999998      0.385                    18.57527476423961
-0.09499999999999997      0.385                    18.606526798274118
-0.08499999999999999      0.385                    18.632905978394774
-0.07499999999999998      0.385                    18.655041070877466
-0.06499999999999997      0.385                    18.673449289405085
-0.054999999999999966     0.385                    18.68854842521607
-0.04499999999999996      0.385                    18.70067352792841
-0.03499999999999995      0.385                    18.71008552192238
-0.025000000000000022     0.385                    18.716984400389393
-0.015000000000000013     0.385                    18.721511696328925
-0.0050000000000000044    0.385                    18.723760748125976
0.0050000000000000044     0.385                    18.72377570395396
0.015000000000000013      0.385                    18.721557699026718
0.025000000000000022      0.385                    18.717059693317204
0.03500000000000003       0.385                    18.710190448239963
0.04500000000000004       0.385                    18.70080888234802
0.05500000000000005       0.385                    18.688718217441526
0.06499999999999995       0.385                    18.673651006325493
0.07499999999999996       0.385                    18.655274246544906
0.08499999999999996       0.385                    18.633171751593117
0.09499999999999997       0.385                    18.606824479207425
0.10499999999999998       0.385                    18.57560094700822
0.11499999999999999       0.385                    18.538743881401267
0.125                     0.385                    18.495345312119007
0.135                     0.385                    18.444344510436174
0.14500000000000002       0.385                    18.384501574915276
0.15500000000000003       0.385                    18.31442340315035
0.16500000000000004       0.385                    18.23255593027578
0.17500000000000004       0.385                    18.137236397081097
0.18500000000000005       0.385                    18.02681889800794
0.19499999999999995       0.385                    17.899693697485787
0.20499999999999996       0.385                    17.75453155198693
0.21499999999999997       0.385                    17.590396427531836
0.22499999999999998       0.385                    17.406956250776297
0.235                     0.385                    17.204682258895453
0.245                     0.385                    16.98490509471454
0.255                     0.385                    16.749841532627947
0.265                     0.385                    16.502543256755615
0.275                     0.385                    16.246723717347052
0.28500000000000003       0.385                    15.986363317993536
0.29500000000000004       0.385                    15.72577235483277
0.30500000000000005       0.385                    15.46668892898893
0.31499999999999995       0.385                    15.216265535404645
0.32499999999999996       0.385                    14.97345546051104
0.33499999999999996       0.385                    14.741662623518176
0.345                     0.385                    14.522675743202932
0.355                     0.385                    14.317798938105625
0.365                     0.385                    14.127257052634533
0.375                     0.385                    13.952556347764599
0.385                     0.385                    13.792266352736974
0.395                     0.385                    13.648039748657197
0.405                     0.385                    13.516181256133251
0.41500000000000004       0.385                    13.399730718295412
0.42500000000000004       0.385                    13.296894766365654
0.43500000000000005       0.385                    13.208441127643084
0.44499999999999995       0.385                    13.132656323745366
0.45499999999999996       0.385                    13.071217258604825
0.46499999999999997       0.385                    13.021762740119783
0.475                     0.385                    12.98353640597125
0.485                     0.385                    12.960162099949656
0.495                     0.385                    12.947791062291632
-0.495                    0.395                    13.076404104525402
-0.485                    0.395                    13.088742719995793
-0.475                    0.395                    13.112039866310639
-0.46499999999999997      0.395                    13.15010532295225
-0.45499999999999996      0.395                    13.199281537625286
-0.44499999999999995      0.395                    13.26028727853091
-0.43500000000000005      0.395                    13.335319662137607
-0.42500000000000004      0.395                    13.422716097960034
-0.41500000000000004      0.395                    13.52399483433068
-0.405                    0.395                    13.638426381583422
-0.395                    0.395                    13.766126819326416
-0.385                    0.395                    13.908167145044814
-0.375                    0.395                    14.062860886042316
-0.365                    0.395                    14.232088672139362
-0.355                    0.395                    14.413559614931543
-0.345                    0.395                    14.610571932996862
-0.33499999999999996      0.395                    14.81793350892292
-0.32499999999999996      0.395                    15.034807194500672
-0.31499999999999995      0.395                    15.26435414389033
-0.30499999999999994      0.395                    15.498547471875582
-0.29500000000000004      0.395                    15.735872457188322
-0.28500000000000003      0.395                    15.979543974745155
-0.275                    0.395                    16.220719172580022
-0.265                    0.395                    16.457632561344983
-0.255                    0.395                    16.68707678557043
-0.245                    0.395                    16.90636584581334
-0.235                    0.395                    17.113044299033028
-0.22499999999999998      0.395                    17.305231512969762
-0.21500000000000005      0.395                    17.481689877863744
-0.20500000000000004      0.395                    17.641833931385612
-0.19500000000000003      0.395                    17.785690661797393
-0.18500000000000003      0.395                    17.913775241818584
-0.17500000000000002      0.395                    18.02697281328515
-0.165                    0.395                    18.12640143734118
-0.15500000000000003      0.395                    18.213318422328506
-0.14500000000000002      0.395                    18.28898406727966
-0.135                    0.395                    18.354635766175157
-0.125                    0.395                    18.411437326698696
-0.11499999999999999      0.395                    18.460444353928853
-0.10499999999999998      0.395                    18.502599556862112
-0.09499999999999997      0.395                    18.538723494793118
-0.08499999999999999      0.395                    18.56952276526159
-0.07499999999999998      0.395                    18.595595715208013
-0.06499999999999997      0.395                    18.617440568477594
-0.054999999999999966     0.395                    18.63547531267397
-0.04499999999999996      0.395                    18.650031613732803
-0.03499999999999995      0.395                    18.66137987324929
-0.025000000000000022     0.395                    18.669721389565154
-0.015000000000000013     0.395                    18.675208010244553
-0.0050000000000000044    0.395                    18.677933463132817
0.0050000000000000044     0.395                    18.677947582967743
0.015000000000000013      0.395                    18.675249383390327
0.025000000000000022      0.395                    18.66979109161163
0.03500000000000003       0.395                    18.66147601086609
0.04500000000000004       0.395                    18.650157180882097
0.05500000000000005       0.395                    18.635627566709314
0.06499999999999995       0.395                    18.61762322055688
0.07499999999999996       0.395                    18.595805428060373
0.08499999999999996       0.395                    18.56976124119661
0.09499999999999997       0.395                    18.538987933644226
0.10499999999999998       0.395                    18.502885949544606
0.11499999999999999       0.395                    18.46074842526684
0.125                     0.395                    18.411752672267706
0.135                     0.395                    18.354956561839757
0.14500000000000002       0.395                    18.289299082553974
0.15500000000000003       0.395                    18.213613926331114
0.16500000000000004       0.395                    18.12664933509573
0.17500000000000004       0.395                    18.027126756662522
0.18500000000000005       0.395                    17.913817073126246
0.19499999999999995       0.395                    17.78559352325761
0.20499999999999996       0.395                    17.6415839060932
0.21499999999999997       0.395                    17.481276379676906
0.22499999999999998       0.395                    17.30465210781412
0.235                     0.395                    17.112304247371227
0.245                     0.395                    16.905473139251946
0.255                     0.395                    16.6860507251408
0.265                     0.395                    16.45647249566973
0.275                     0.395                    16.21959128467924
0.28500000000000003       0.395                    15.979507245326815
0.29500000000000004       0.395                    15.736386237842126
0.30500000000000005       0.395                    15.498000515608183
0.31499999999999995       0.395                    15.263751141402423
0.32499999999999996       0.395                    15.03298234250974
0.33499999999999996       0.395                    14.817681731361006
0.345                     0.395                    14.610357468515929
0.355                     0.395                    14.413471262870962
0.365                     0.395                    14.231817222154234
0.375                     0.395                    14.062621594118355
0.385                     0.395                    13.907903443527061
0.395                     0.395                    13.76699576260755
0.405                     0.395                    13.638067841022263
0.41500000000000004       0.395                    13.52385454935072
0.42500000000000004       0.395                    13.422686286526925
0.43500000000000005       0.395                    13.335273676930086
0.44499999999999995       0.395                    13.260165866202044
0.45499999999999996       0.395                    13.199191897746624
0.46499999999999997       0.395                    13.150013091296714
0.475                     0.395                    13.1119584053028
0.485                     0.395                    13.088651854619314
0.495                     0.395                    13.07631524498126
-0.495                    0.405                    13.192740683773714
-0.485                    0.405                    13.205003025808438
-0.475                    0.405                    13.228147649344777
-0.46499999999999997      0.405                    13.265919908361745
-0.45499999999999996      0.405                    13.314660664564755
-0.44499999999999995      0.405                    13.375034390810015
-0.43500000000000005      0.405                    13.449128477412529
-0.42500000000000004      0.405                    13.535184463233477
-0.41500000000000004      0.405                    13.634976031616333
-0.405                    0.405                    13.747505842111835
-0.395                    0.405                    13.871996139130836
-0.385                    0.405                    14.009470227166545
-0.375                    0.405                    14.159775896131272
-0.365                    0.405                    14.32234677496136
-0.355                    0.405                    14.497136547239847
-0.345                    0.405                    14.683821216962016
-0.33499999999999996      0.405                    14.880769353449068
-0.32499999999999996      0.405                    15.08713172474986
-0.31499999999999995      0.405                    15.301472024467415
-0.30499999999999994      0.405                    15.521984730647162
-0.29500000000000004      0.405                    15.746261118486487
-0.28500000000000003      0.405                    15.97253336282216
-0.275                    0.405                    16.197554943686853
-0.265                    0.405                    16.4189862263832
-0.255                    0.405                    16.63417584904328
-0.245                    0.405                    16.840770126360145
-0.235                    0.405                    17.03671117096456
-0.22499999999999998      0.405                    17.22039300995519
-0.21500000000000005      0.405                    17.390691568812088
-0.20500000000000004      0.405                    17.546983154032674
-0.19500000000000003      0.405                    17.68911404712368
-0.18500000000000003      0.405                    17.817323084816195
-0.17500000000000002      0.405                    17.932160001762718
-0.165                    0.405                    18.034399188934984
-0.15500000000000003      0.405                    18.12495325154194
-0.14500000000000002      0.405                    18.20480719133437
-0.135                    0.405                    18.274956625951393
-0.125                    0.405                    18.336361155614856
-0.11499999999999999      0.405                    18.38991721921503
-0.10499999999999998      0.405                    18.436442981147266
-0.09499999999999997      0.405                    18.476667572265796
-0.08499999999999999      0.405                    18.511232920076242
-0.07499999999999998      0.405                    18.540694411819516
-0.06499999999999997      0.405                    18.56552685621353
-0.054999999999999966     0.405                    18.586127477441636
-0.04499999999999996      0.405                    18.60282495111521
-0.03499999999999995      0.405                    18.615881714609532
-0.025000000000000022     0.405                    18.625503139984634
-0.015000000000000013     0.405                    18.63183827047009
-0.0050000000000000044    0.405                    18.634985408854142
0.0050000000000000044     0.405                    18.634992421685535
0.015000000000000013      0.405                    18.631859648771385
0.025000000000000022      0.405                    18.62553844852691
0.03500000000000003       0.405                    18.615931074116084
0.04500000000000004       0.405                    18.60288731643165
0.05500000000000005       0.405                    18.586203656639004
0.06499999999999995       0.405                    18.565615188092757
0.07499999999999996       0.405                    18.54079359044554
0.08499999999999996       0.405                    18.511343892029696
0.09499999999999997       0.405                    18.47678854707457
0.10499999999999998       0.405                    18.43657109915274
0.11499999999999999       0.405                    18.390048748308566
0.125                     0.405                    18.336488811496324
0.135                     0.405                    18.27507499436526
0.14500000000000002       0.405                    18.204905098816365
0.15500000000000003       0.405                    18.125018766060123
0.16500000000000004       0.405                    18.034421954860626
0.17500000000000004       0.405                    17.93213266827297
0.18500000000000005       0.405                    17.817239173794327
0.19499999999999995       0.405                    17.68895553610689
0.20499999999999996       0.405                    17.546739265165495
0.21499999999999997       0.405                    17.390346694858167
0.22499999999999998       0.405                    17.21994529408349
0.235                     0.405                    17.036171998263253
0.245                     0.405                    16.84014365969039
0.255                     0.405                    16.633486724551904
0.265                     0.405                    16.41827184338933
0.275                     0.405                    16.19689921420469
0.28500000000000003       0.405                    15.971969997574462
0.29500000000000004       0.405                    15.745850339645383
0.30500000000000005       0.405                    15.521668175137982
0.31499999999999995       0.405                    15.301230554086143
0.32499999999999996       0.405                    15.086952196888284
0.33499999999999996       0.405                    14.880669041187083
0.345                     0.405                    14.683722086623789
0.355                     0.405                    14.496969317691047
0.365                     0.405                    14.322146643344535
0.375                     0.405                    14.159635619604046
0.385                     0.405                    14.00935850217195
0.395                     0.405                    13.871759771291309
0.405                     0.405                    13.746345364902453
0.41500000000000004       0.405                    13.634577489704714
0.42500000000000004       0.405                    13.535259612445529
0.43500000000000005       0.405                    13.449121960593047
0.44499999999999995       0.405                    13.374873624681435
0.45499999999999996       0.405                    13.314572452476298
0.46499999999999997       0.405                    13.265824720057068
0.475                     0.405                    13.228074030085807
0.485                     0.405                    13.20490687749998
0.495                     0.405                    13.192648056505572
-0.495                    0.41500000000000004      13.296958703616916
-0.485                    0.41500000000000004      13.30911577764681
-0.475                    0.41500000000000004      13.332052860217829
-0.46499999999999997      0.41500000000000004      13.369447289489905
-0.45499999999999996      0.41500000000000004      13.41765645638262
-0.44499999999999995      0.41500000000000004      13.477261825217141
-0.43500000000000005      0.41500000000000004      13.550299123062942
-0.42500000000000004      0.41500000000000004      13.634783502675702
-0.41500000000000004      0.41500000000000004      13.73279233857103
-0.405                    0.41500000000000004      13.841873947135968
-0.395                    0.41500000000000004      13.963563025593484
-0.385                    0.41500000000000004      14.097349420783381
-0.375                    0.41500000000000004      14.243015809833757
-0.365                    0.41500000000000004      14.400209008892373
-0.355                    0.41500000000000004      14.56833917644089
-0.345                    0.41500000000000004      14.746799324768064
-0.33499999999999996      0.41500000000000004      14.9346900078885
-0.32499999999999996      0.41500000000000004      15.130851911924754
-0.31499999999999995      0.41500000000000004      15.333881020553726
-0.30499999999999994      0.41500000000000004      15.542168340022926
-0.29500000000000004      0.41500000000000004      15.753785365272364
-0.28500000000000003      0.41500000000000004      15.966643465672886
-0.275                    0.41500000000000004      16.17859134782455
-0.265                    0.41500000000000004      16.387321829581282
-0.255                    0.41500000000000004      16.590673231890896
-0.245                    0.41500000000000004      16.786645782839187
-0.235                    0.41500000000000004      16.97350416002504
-0.22499999999999998      0.41500000000000004      17.149850357672562
-0.21500000000000005      0.41500000000000004      17.3146454234843
-0.20500000000000004      0.41500000000000004      17.467236249578868
-0.19500000000000003      0.41500000000000004      17.6073627612337
-0.18500000000000003      0.41500000000000004      17.73507888850833
-0.17500000000000002      0.41500000000000004      17.850692432869884
-0.165                    0.41500000000000004      17.954746770697042
-0.15500000000000003      0.41500000000000004      18.04789923318938
-0.14500000000000002      0.41500000000000004      18.130905416833663
-0.135                    0.41500000000000004      18.204556207661735
-0.125                    0.41500000000000004      18.26962505434608
-0.11499999999999999      0.41500000000000004      18.326872885901402
-0.10499999999999998      0.41500000000000004      18.37699717903698
-0.09499999999999997      0.41500000000000004      18.42064373218662
-0.08499999999999999      0.41500000000000004      18.45838754644019
-0.07499999999999998      0.41500000000000004      18.4907412999029
-0.06499999999999997      0.41500000000000004      18.518140712467023
-0.054999999999999966     0.41500000000000004      18.540965910649263
-0.04499999999999996      0.41500000000000004      18.55952651627631
-0.03499999999999995      0.41500000000000004      18.574081968583233
-0.025000000000000022     0.41500000000000004      18.58482781252807
-0.015000000000000013     0.41500000000000004      18.591914864605222
-0.0050000000000000044    0.41500000000000004      18.595435978906067
0.0050000000000000044     0.41500000000000004      18.595443538359866
0.015000000000000013      0.41500000000000004      18.59193342608269
0.025000000000000022      0.41500000000000004      18.584861332441243
0.03500000000000003       0.41500000000000004      18.574125543628874
0.04500000000000004       0.41500000000000004      18.55958421785671
0.05500000000000005       0.41500000000000004      18.541032707516706
0.06499999999999995       0.41500000000000004      18.51822023100965
0.07499999999999996       0.41500000000000004      18.490827118772145
0.08499999999999996       0.41500000000000004      18.458490579188055
0.09499999999999997       0.41500000000000004      18.420755526662415
0.10499999999999998       0.41500000000000004      18.377111044178022
0.11499999999999999       0.41500000000000004      18.326987246873276
0.125                     0.41500000000000004      18.269731455119736
0.135                     0.41500000000000004      18.204655013613937
0.14500000000000002       0.41500000000000004      18.130990346892197
0.15500000000000003       0.41500000000000004      18.047951178466718
0.16500000000000004       0.41500000000000004      17.9547583202191
0.17500000000000004       0.41500000000000004      17.85065418320044
0.18500000000000005       0.41500000000000004      17.73499424672844
0.19499999999999995       0.41500000000000004      17.60722365779241
0.20499999999999996       0.41500000000000004      17.467009880059784
0.21499999999999997       0.41500000000000004      17.314331933192488
0.22499999999999998       0.41500000000000004      17.14943331517579
0.235                     0.41500000000000004      16.97299848029494
0.245                     0.41500000000000004      16.786053469869422
0.255                     0.41500000000000004      16.5900229524889
0.265                     0.41500000000000004      16.38665751507704
0.275                     0.41500000000000004      16.177971137409042
0.28500000000000003       0.41500000000000004      15.966116293090185
0.29500000000000004       0.41500000000000004      15.753411794268795
0.30500000000000005       0.41500000000000004      15.541917422629282
0.31499999999999995       0.41500000000000004      15.3336861665095
0.32499999999999996       0.41500000000000004      15.130685737213346
0.33499999999999996       0.41500000000000004      14.934531642638873
0.345                     0.41500000000000004      14.746688623754565
0.355                     0.41500000000000004      14.568234237813591
0.365                     0.41500000000000004      14.400098584940434
0.375                     0.41500000000000004      14.242894713591841
0.385                     0.41500000000000004      14.097247850931689
0.395                     0.41500000000000004      13.963475996118206
0.405                     0.41500000000000004      13.841750898135786
0.41500000000000004       0.41500000000000004      13.732390996208196
0.42500000000000004       0.41500000000000004      13.634977320889902
0.43500000000000005       0.41500000000000004      13.55036648497466
0.44499999999999995       0.41500000000000004      13.477043400913388
0.45499999999999996       0.41500000000000004      13.41756918062876
0.46499999999999997       0.41500000000000004      13.369351351455002
0.475                     0.41500000000000004      13.332004143989849
0.485                     0.41500000000000004      13.309013068843967
0.495                     0.41500000000000004      13.296862519729364
-0.495                    0.42500000000000004      13.389161891363916
-0.485                    0.42500000000000004      13.401198413028936
-0.475                    0.42500000000000004      13.423900313175153
-0.46499999999999997      0.42500000000000004      13.46086923504501
-0.45499999999999996      0.42500000000000004      13.508491437490445
-0.44499999999999995      0.42500000000000004      13.56726131733987
-0.43500000000000005      0.42500000000000004      13.639332128783806
-0.42500000000000004      0.42500000000000004      13.72369426947759
-0.41500000000000004      0.42500000000000004      13.817979047181865
-0.405                    0.42500000000000004      13.925042447570888
-0.395                    0.42500000000000004      14.04381530127209
-0.385                    0.42500000000000004      14.174005782062089
-0.375                    0.42500000000000004      14.315315052573979
-0.365                    0.42500000000000004      14.46728351977579
-0.355                    0.42500000000000004      14.62937355612626
-0.345                    0.42500000000000004      14.80083435852137
-0.33499999999999996      0.42500000000000004      14.980742011648083
-0.32499999999999996      0.42500000000000004      15.167992036718282
-0.31499999999999995      0.42500000000000004      15.361268577321312
-0.30499999999999994      0.42500000000000004      15.559070050890845
-0.29500000000000004      0.42500000000000004      15.759719864316786
-0.28500000000000003      0.42500000000000004      15.961397449192205
-0.275                    0.42500000000000004      16.162202557692353
-0.265                    0.42500000000000004      16.360222623741322
-0.255                    0.42500000000000004      16.553601195246713
-0.245                    0.42500000000000004      16.74061845085594
-0.235                    0.42500000000000004      16.919790899652853
-0.22499999999999998      0.42500000000000004      17.08979291738222
-0.21500000000000005      0.42500000000000004      17.249718795262886
-0.20500000000000004      0.42500000000000004      17.398921657444376
-0.19500000000000003      0.42500000000000004      17.53705137997538
-0.18500000000000003      0.42500000000000004      17.664011919805496
-0.17500000000000002      0.42500000000000004      17.779964316688023
-0.165                    0.42500000000000004      17.88523748087686
-0.15500000000000003      0.42500000000000004      17.980320278851977
-0.14500000000000002      0.42500000000000004      18.06575591333945
-0.135                    0.42500000000000004      18.142186470532458
-0.125                    0.42500000000000004      18.210212777887463
-0.11499999999999999      0.42500000000000004      18.27049907636669
-0.10499999999999998      0.42500000000000004      18.32363255141147
-0.09499999999999997      0.42500000000000004      18.370172701172308
-0.08499999999999999      0.42500000000000004      18.410614223970818
-0.07499999999999998      0.42500000000000004      18.445452919434352
-0.06499999999999997      0.42500000000000004      18.475063375144877
-0.054999999999999966     0.42500000000000004      18.499819264116752
-0.04499999999999996      0.42500000000000004      18.519997736231296
-0.03499999999999995      0.42500000000000004      18.535862759147513
-0.025000000000000022     0.42500000000000004      18.547590171953935
-0.015000000000000013     0.42500000000000004      18.555331929199205
-0.0050000000000000044    0.42500000000000004      18.559178047702105
0.0050000000000000044     0.42500000000000004      18.559177586236174
0.015000000000000013      0.42500000000000004      18.555331563047183
0.025000000000000022      0.42500000000000004      18.547586804171083
0.03500000000000003       0.42500000000000004      18.53586094403311
0.04500000000000004       0.42500000000000004      18.519994916674015
0.05500000000000005       0.42500000000000004      18.49981529779923
0.06499999999999995       0.42500000000000004      18.475056512502235
0.07499999999999996       0.42500000000000004      18.445439144788025
0.08499999999999996       0.42500000000000004      18.41061270770367
0.09499999999999997       0.42500000000000004      18.37014879087969
0.10499999999999998       0.42500000000000004      18.32362143760463
0.11499999999999999       0.42500000000000004      18.270482409507025
0.125                     0.42500000000000004      18.210192498143634
0.135                     0.42500000000000004      18.1421535003143
0.14500000000000002       0.42500000000000004      18.06571294244486
0.15500000000000003       0.42500000000000004      17.980269788382437
0.16500000000000004       0.42500000000000004      17.885179140110566
0.17500000000000004       0.42500000000000004      17.779900402086056
0.18500000000000005       0.42500000000000004      17.663943378921395
0.19499999999999995       0.42500000000000004      17.536973453314708
0.20499999999999996       0.42500000000000004      17.398839732605396
0.21499999999999997       0.42500000000000004      17.249639464782618
0.22499999999999998       0.42500000000000004      17.089686672862683
0.235                     0.42500000000000004      16.919686376085266
0.245                     0.42500000000000004      16.74054281149874
0.255                     0.42500000000000004      16.553518504759232
0.265                     0.42500000000000004      16.36016710819414
0.275                     0.42500000000000004      16.162136472922057
0.28500000000000003       0.42500000000000004      15.961321381635756
0.29500000000000004       0.42500000000000004      15.7596464884178
0.30500000000000005       0.42500000000000004      15.55896580421691
0.31499999999999995       0.42500000000000004      15.36114893034489
0.32499999999999996       0.42500000000000004      15.167861110391229
0.33499999999999996       0.42500000000000004      14.980603818234023
0.345                     0.42500000000000004      14.800691665216988
0.355                     0.42500000000000004      14.629225870732391
0.365                     0.42500000000000004      14.467133677748308
0.375                     0.42500000000000004      14.31515612649526
0.385                     0.42500000000000004      14.173858870451266
0.395                     0.42500000000000004      14.043667624335551
0.405                     0.42500000000000004      13.92486712765431
0.41500000000000004       0.42500000000000004      13.817686686307928
0.42500000000000004       0.42500000000000004      13.72259892147359
0.43500000000000005       0.42500000000000004      13.639486260080874
0.44499999999999995       0.42500000000000004      13.566957148633477
0.45499999999999996       0.42500000000000004      13.508403088808251
0.46499999999999997       0.42500000000000004      13.460765518386715
0.475                     0.42500000000000004      13.423888200246452
0.485                     0.42500000000000004      13.401084167685411
0.495                     0.42500000000000004      13.389060738595592
-0.495                    0.43500000000000005      13.46946969420867
-0.485                    0.43500000000000005      13.48138084785866
-0.475                    0.43500000000000005      13.503832804620842
-0.46499999999999997      0.43500000000000005      13.540362911965659
-0.45499999999999996      0.43500000000000005      13.587418116810902
-0.44499999999999995      0.43500000000000005      13.646139130645366
-0.43500000000000005      0.43500000000000005      13.716946147820483
-0.42500000000000004      0.43500000000000005      13.799743189781012
-0.41500000000000004      0.43500000000000005      13.893321866503179
-0.405                    0.43500000000000005      13.998161395316345
-0.395                    0.43500000000000005      14.114210652617317
-0.385                    0.43500000000000005      14.24111812914775
-0.375                    0.43500000000000005      14.378480046992884
-0.365                    0.43500000000000005      14.525776146031433
-0.355                    0.43500000000000005      14.682401218252643
-0.345                    0.43500000000000005      14.847601899203916
-0.33499999999999996      0.43500000000000005      15.020479080004186
-0.32499999999999996      0.43500000000000005      15.199957290297007
-0.31499999999999995      0.43500000000000005      15.384801972967296
-0.30499999999999994      0.43500000000000005      15.573634221262658
-0.29500000000000004      0.43500000000000005      15.764952156402948
-0.28500000000000003      0.43500000000000005      15.957156280428507
-0.275                    0.43500000000000005      16.148580940606003
-0.265                    0.43500000000000005      16.33754651755862
-0.255                    0.43500000000000005      16.522441159552443
-0.245                    0.43500000000000005      16.701781662679373
-0.235                    0.43500000000000005      16.874254972177788
-0.22499999999999998      0.43500000000000005      17.038711119334863
-0.21500000000000005      0.43500000000000005      17.194291516777383
-0.20500000000000004      0.43500000000000005      17.340356938412285
-0.19500000000000003      0.43500000000000005      17.47647869715155
-0.18500000000000003      0.43500000000000005      17.602497227635844
-0.17500000000000002      0.43500000000000005      17.718446516731987
-0.165                    0.43500000000000005      17.824494784386346
-0.15500000000000003      0.43500000000000005      17.920983108028878
-0.14500000000000002      0.43500000000000005      18.00830307095987
-0.135                    0.43500000000000005      18.08694687360783
-0.125                    0.43500000000000005      18.15739790611373
-0.11499999999999999      0.43500000000000005      18.22019436785962
-0.10499999999999998      0.43500000000000005      18.27584137769996
-0.09499999999999997      0.43500000000000005      18.324826189328718
-0.08499999999999999      0.43500000000000005      18.36758108144707
-0.07499999999999998      0.43500000000000005      18.404549549062565
-0.06499999999999997      0.43500000000000005      18.436079458879348
-0.054999999999999966     0.43500000000000005      18.46251309066072
-0.04499999999999996      0.43500000000000005      18.484110909337076
-0.03499999999999995      0.43500000000000005      18.50112227677981
-0.025000000000000022     0.43500000000000005      18.513715998412124
-0.015000000000000013     0.43500000000000005      18.52203959043088
-0.0050000000000000044    0.43500000000000005      18.526174150943334
0.0050000000000000044     0.43500000000000005      18.526174824193404
0.015000000000000013      0.43500000000000005      18.52203497124256
0.025000000000000022      0.43500000000000005      18.513712971191268
0.03500000000000003       0.43500000000000005      18.50111459389811
0.04500000000000004       0.43500000000000005      18.484104744781362
0.05500000000000005       0.43500000000000005      18.4624998522808
0.06499999999999995       0.43500000000000005      18.436067093239828
0.07499999999999996       0.43500000000000005      18.404532380550606
0.08499999999999996       0.43500000000000005      18.367568177232172
0.09499999999999997       0.43500000000000005      18.324801106883257
0.10499999999999998       0.43500000000000005      18.27582336483711
0.11499999999999999       0.43500000000000005      18.220171551206192
0.125                     0.43500000000000005      18.15736642011514
0.135                     0.43500000000000005      18.08690175106257
0.14500000000000002       0.43500000000000005      18.00825989827294
0.15500000000000003       0.43500000000000005      17.92093864592239
0.16500000000000004       0.43500000000000005      17.824458523801525
0.17500000000000004       0.43500000000000005      17.71840815204729
0.18500000000000005       0.43500000000000005      17.60246650215055
0.19499999999999995       0.43500000000000005      17.47644278999669
0.20499999999999996       0.43500000000000005      17.34030626890202
0.21499999999999997       0.43500000000000005      17.194245662586795
0.22499999999999998       0.43500000000000005      17.038641830545828
0.235                     0.43500000000000005      16.874171150980096
0.245                     0.43500000000000005      16.70170763745997
0.255                     0.43500000000000005      16.52235816235183
0.265                     0.43500000000000005      16.337482934169778
0.275                     0.43500000000000005      16.148514626519393
0.28500000000000003       0.43500000000000005      15.957078618324118
0.29500000000000004       0.43500000000000005      15.764860713736255
0.30500000000000005       0.43500000000000005      15.573541235675037
0.31499999999999995       0.43500000000000005      15.384699978739185
0.32499999999999996       0.43500000000000005      15.199841286822469
0.33499999999999996       0.43500000000000005      15.02034650317026
0.345                     0.43500000000000005      14.84746242274042
0.355                     0.43500000000000005      14.682256703608246
0.365                     0.43500000000000005      14.525631390875944
0.375                     0.43500000000000005      14.378336388402822
0.385                     0.43500000000000005      14.240993216750141
0.395                     0.43500000000000005      14.114101131043562
0.405                     0.43500000000000005      13.997974055115826
0.41500000000000004       0.43500000000000005      13.892835589249088
0.42500000000000004       0.43500000000000005      13.799918929601432
0.43500000000000005       0.43500000000000005      13.716918571752252
0.44499999999999995       0.43500000000000005      13.64644963078311
0.45499999999999996       0.43500000000000005      13.587311984522294
0.46499999999999997       0.43500000000000005      13.540248456591815
0.475                     0.43500000000000005      13.503863115592452
0.485                     0.43500000000000005      13.481250122296494
0.495                     0.43500000000000005      13.469362044671179
-0.495                    0.44499999999999995      13.538011858889778
-0.485                    0.44499999999999995      13.54980112658243
-0.475                    0.44499999999999995      13.571725664138242
-0.46499999999999997      0.44499999999999995      13.607959099464777
-0.45499999999999996      0.44499999999999995      13.654531700764366
-0.44499999999999995      0.44499999999999995      13.712407898515465
-0.43500000000000005      0.44499999999999995      13.781704912074016
-0.42500000000000004      0.44499999999999995      13.862349522240727
-0.41500000000000004      0.44499999999999995      13.95428319202924
-0.405                    0.44499999999999995      14.0572130203111
-0.395                    0.44499999999999995      14.170849229147617
-0.385                    0.44499999999999995      14.294850899600721
-0.375                    0.44499999999999995      14.42879568348351
-0.365                    0.44499999999999995      14.572157946501935
-0.355                    0.44499999999999995      14.724292381021545
-0.345                    0.44499999999999995      14.88443038879192
-0.33499999999999996      0.44499999999999995      15.051672225867094
-0.32499999999999996      0.44499999999999995      15.224984417626562
-0.31499999999999995      0.44499999999999995      15.403202272856014
-0.30499999999999994      0.44499999999999995      15.58504059824515
-0.29500000000000004      0.44499999999999995      15.769114019360696
-0.28500000000000003      0.44499999999999995      15.953966403068538
-0.275                    0.44499999999999995      16.138105780420464
-0.265                    0.44499999999999995      16.32006150644755
-0.255                    0.44499999999999995      16.498406313992334
-0.245                    0.44499999999999995      16.67179790047622
-0.235                    0.44499999999999995      16.839036939293216
-0.22499999999999998      0.44499999999999995      16.99909558516343
-0.21500000000000005      0.44499999999999995      17.151144026508216
-0.20500000000000004      0.44499999999999995      17.2945508803544
-0.19500000000000003      0.44499999999999995      17.428890704599535
-0.18500000000000003      0.44499999999999995      17.55393163452577
-0.17500000000000002      0.44499999999999995      17.669612032393676
-0.165                    0.44499999999999995      17.776019878704595
-0.15500000000000003      0.44499999999999995      17.87336665833106
-0.14500000000000002      0.44499999999999995      17.96195223518702
-0.135                    0.44499999999999995      18.04214570250234
-0.125                    0.44499999999999995      18.114355182898883
-0.11499999999999999      0.44499999999999995      18.17901064599444
-0.10499999999999998      0.44499999999999995      18.236545404727593
-0.09499999999999997      0.44499999999999995      18.28738278194176
-0.08499999999999999      0.44499999999999995      18.331924874616966
-0.07499999999999998      0.44499999999999995      18.370544241861793
-0.06499999999999997      0.44499999999999995      18.40357961843325
-0.054999999999999966     0.44499999999999995      18.431331227615964
-0.04499999999999996      0.44499999999999995      18.45405874793292
-0.03499999999999995      0.44499999999999995      18.471979042219296
-0.025000000000000022     0.44499999999999995      18.485266426401218
-0.015000000000000013     0.44499999999999995      18.494051575926584
-0.0050000000000000044    0.44499999999999995      18.498421869575246
0.0050000000000000044     0.44499999999999995      18.498420514519438
0.015000000000000013      0.44499999999999995      18.494047672922598
0.025000000000000022      0.44499999999999995      18.485259659992906
0.03500000000000003       0.44499999999999995      18.471969575049854
0.04500000000000004       0.44499999999999995      18.454046283712508
0.05500000000000005       0.44499999999999995      18.43131590471318
0.06499999999999995       0.44499999999999995      18.40356087136731
0.07499999999999996       0.44499999999999995      18.370522089900078
0.08499999999999996       0.44499999999999995      18.331898804660554
0.09499999999999997       0.44499999999999995      18.287352965058666
0.10499999999999998       0.44499999999999995      18.236511567578816
0.11499999999999999       0.44499999999999995      18.1789718281741
0.125                     0.44499999999999995      18.114312581720426
0.135                     0.44499999999999995      18.042098474647453
0.14500000000000002       0.44499999999999995      17.96190034193186
0.15500000000000003       0.44499999999999995      17.873308916945092
0.16500000000000004       0.44499999999999995      17.775955871425232
0.17500000000000004       0.44499999999999995      17.66954025229819
0.18500000000000005       0.44499999999999995      17.5538522842427
0.19499999999999995       0.44499999999999995      17.42880606808992
0.20499999999999996       0.44499999999999995      17.29445881234944
0.21499999999999997       0.44499999999999995      17.151047738092558
0.22499999999999998       0.44499999999999995      16.998994851482195
0.235                     0.44499999999999995      16.83893185734309
0.245                     0.44499999999999995      16.671688835601934
0.255                     0.44499999999999995      16.49829273307773
0.265                     0.44499999999999995      16.319943400551683
0.275                     0.44499999999999995      16.137979217448787
0.28500000000000003       0.44499999999999995      15.95383724370134
0.29500000000000004       0.44499999999999995      15.768981904233375
0.30500000000000005       0.44499999999999995      15.584903157905188
0.31499999999999995       0.44499999999999995      15.403063207247783
0.32499999999999996       0.44499999999999995      15.224847832782906
0.33499999999999996       0.44499999999999995      15.051539737203196
0.345                     0.44499999999999995      14.884302588307413
0.355                     0.44499999999999995      14.72416962838712
0.365                     0.44499999999999995      14.572040616628556
0.375                     0.44499999999999995      14.428683913399865
0.385                     0.44499999999999995      14.294748437641495
0.395                     0.44499999999999995      14.17076241603798
0.405                     0.44499999999999995      14.057150203885165
0.41500000000000004       0.44499999999999995      13.954254191829307
0.42500000000000004       0.44499999999999995      13.862251853427438
0.43500000000000005       0.44499999999999995      13.781896735232642
0.44499999999999995       0.44499999999999995      13.71325870142847
0.45499999999999996       0.44499999999999995      13.654510231698866
0.46499999999999997       0.44499999999999995      13.607990482642084
0.475                     0.44499999999999995      13.572084077774257
0.485                     0.44499999999999995      13.549646189063829
0.495                     0.44499999999999995      13.53789407064992
-0.495                    0.45499999999999996      13.594897301869588
-0.485                    0.45499999999999996      13.606620841501812
-0.475                    0.45499999999999996      13.630287043338024
-0.46499999999999997      0.45499999999999996      13.664038112388141
-0.45499999999999996      0.45499999999999996      13.709998317141817
-0.44499999999999995      0.45499999999999996      13.767536969784869
-0.43500000000000005      0.45499999999999996      13.83596666903926
-0.42500000000000004      0.45499999999999996      13.915531113659776
-0.41500000000000004      0.45499999999999996      14.006021176517143
-0.405                    0.45499999999999996      14.107179147376373
-0.395                    0.45499999999999996      14.218699857835308
-0.385                    0.45499999999999996      14.34020624726848
-0.375                    0.45499999999999996      14.471233567401422
-0.365                    0.45499999999999996      14.611222223028683
-0.355                    0.45499999999999996      14.759510290455125
-0.345                    0.45499999999999996      14.915326739363422
-0.33499999999999996      0.45499999999999996      15.077786372974423
-0.32499999999999996      0.45499999999999996      15.24589084282289
-0.31499999999999995      0.45499999999999996      15.418534468549531
-0.30499999999999994      0.45499999999999996      15.594515643349197
-0.29500000000000004      0.45499999999999996      15.772555124882928
-0.28500000000000003      0.45499999999999996      15.951321030033334
-0.275                    0.45499999999999996      16.129459477908345
-0.265                    0.45499999999999996      16.305628535098855
-0.255                    0.45499999999999996      16.478534545832186
-0.245                    0.45499999999999996      16.64696784344781
-0.235                    0.45499999999999996      16.809834624275208
-0.22499999999999998      0.45499999999999996      16.966184158059164
-0.21500000000000005      0.45499999999999996      17.115228281032525
-0.20500000000000004      0.45499999999999996      17.25635081804107
-0.19500000000000003      0.45499999999999996      17.389108485303705
-0.18500000000000003      0.45499999999999996      17.513224174036466
-0.17500000000000002      0.45499999999999996      17.62857374457826
-0.165                    0.45499999999999996      17.735167813315186
-0.15500000000000003      0.45499999999999996      17.833130107812273
-0.14500000000000002      0.45499999999999996      17.922674629766398
-0.135                    0.45499999999999996      18.004083449984815
-0.125                    0.45499999999999996      18.07768558203569
-0.11499999999999999      0.45499999999999996      18.143838568538257
-0.10499999999999998      0.45499999999999996      18.202912296048787
-0.09499999999999997      0.45499999999999996      18.25527573549803
-0.08499999999999999      0.45499999999999996      18.30128596779979
-0.07499999999999998      0.45499999999999996      18.341279517756362
-0.06499999999999997      0.45499999999999996      18.375565927880068
-0.054999999999999966     0.45499999999999996      18.40442288886478
-0.04499999999999996      0.45499999999999996      18.428092734373
-0.03499999999999995      0.45499999999999996      18.446779960128538
-0.025000000000000022     0.45499999999999996      18.46064961715661
-0.015000000000000013     0.45499999999999996      18.469826217204844
-0.0050000000000000044    0.45499999999999996      18.47439307603363
0.0050000000000000044     0.45499999999999996      18.474391901979047
0.015000000000000013      0.45499999999999996      18.469822680418226
0.025000000000000022      0.45499999999999996      18.460643643454887
0.03500000000000003       0.45499999999999996      18.446771450572626
0.04500000000000004       0.45499999999999996      18.428081514234634
0.05500000000000005       0.45499999999999996      18.40440873205068
0.06499999999999995       0.45499999999999996      18.375548536000963
0.07499999999999996       0.45499999999999996      18.341258627494977
0.08499999999999996       0.45499999999999996      18.301261402932727
0.09499999999999997       0.45499999999999996      18.255247350914072
0.10499999999999998       0.45499999999999996      18.202879847522997
0.11499999999999999       0.45499999999999996      18.143801743392096
0.125                     0.45499999999999996      18.077644005968157
0.135                     0.45499999999999996      18.004036499755607
0.14500000000000002       0.45499999999999996      17.922621667503396
0.15500000000000003       0.45499999999999996      17.833070494493573
0.16500000000000004       0.45499999999999996      17.73510109271399
0.17500000000000004       0.45499999999999996      17.628499730178092
0.18500000000000005       0.45499999999999996      17.513143247717565
0.19499999999999995       0.45499999999999996      17.389021581766258
0.20499999999999996       0.45499999999999996      17.256258465507766
0.21499999999999997       0.45499999999999996      17.115130388456375
0.22499999999999998       0.45499999999999996      16.96608027244337
0.235                     0.45499999999999996      16.8097250274089
0.245                     0.45499999999999996      16.646853303926378
0.255                     0.45499999999999996      16.47841568573117
0.265                     0.45499999999999996      16.30550573569048
0.275                     0.45499999999999996      16.12933323483395
0.28500000000000003       0.45499999999999996      15.951191849708554
0.29500000000000004       0.45499999999999996      15.772423575278012
0.30500000000000005       0.45499999999999996      15.594382697979992
0.31499999999999995       0.45499999999999996      15.418401204381691
0.32499999999999996       0.45499999999999996      15.245758211704668
0.33499999999999996       0.45499999999999996      15.077655193577645
0.345                     0.45499999999999996      14.915197543046816
0.355                     0.45499999999999996      14.759383024974598
0.365                     0.45499999999999996      14.611096048741071
0.375                     0.45499999999999996      14.471107159872314
0.385                     0.45499999999999996      14.340077172105918
0.395                     0.45499999999999996      14.218563137083652
0.405                     0.45499999999999996      14.107028885802936
0.41500000000000004       0.45499999999999996      14.00584846720274
0.42500000000000004       0.45499999999999996      13.915321268977529
0.43500000000000005       0.45499999999999996      13.83568257575531
0.44499999999999995       0.45499999999999996      13.767027815511621
0.45499999999999996       0.45499999999999996      13.710253016583664
0.46499999999999997       0.45499999999999996      13.664157698939546
0.475                     0.45499999999999996      13.628638742551608
0.485                     0.45499999999999996      13.606401619640906
0.495                     0.45499999999999996      13.594778537864373
-0.495                    0.46499999999999997      13.640255493784762
-0.485                    0.46499999999999997      13.651984667238672
-0.475                    0.46499999999999997      13.674637257733792
-0.46499999999999997      0.46499999999999997      13.708919926780991
-0.45499999999999996      0.46499999999999997      13.754656794313446
-0.44499999999999995      0.46499999999999997      13.811158662852725
-0.43500000000000005      0.46499999999999997      13.878921577179966
-0.42500000000000004      0.46499999999999997      13.957608397818062
-0.41500000000000004      0.46499999999999997      14.046971558476647
-0.405                    0.46499999999999997      14.146738915861695
-0.395                    0.46499999999999997      14.25657293801003
-0.385                    0.46499999999999997      14.37606844188759
-0.375                    0.46499999999999997      14.504740274574267
-0.365                    0.46499999999999997      14.64201526992383
-0.355                    0.46499999999999997      14.787224423889944
-0.345                    0.46499999999999997      14.939598902479975
-0.33499999999999996      0.46499999999999997      15.098269343691138
-0.32499999999999996      0.46499999999999997      15.262268382005253
-0.31499999999999995      0.46499999999999997      15.430537653179726
-0.30499999999999994      0.46499999999999997      15.60193985581084
-0.29500000000000004      0.46499999999999997      15.775275692267961
-0.28500000000000003      0.46499999999999997      15.949305683801843
-0.275                    0.46499999999999997      16.122776288627705
-0.265                    0.46499999999999997      16.29444897332873
-0.255                    0.46499999999999997      16.46313053960978
-0.245                    0.46499999999999997      16.627702791587136
-0.235                    0.46499999999999997      16.787149048784467
-0.22499999999999998      0.46499999999999997      16.94057585501617
-0.21500000000000005      0.46499999999999997      17.087229328822154
-0.20500000000000004      0.46499999999999997      17.226504936417207
-0.19500000000000003      0.46499999999999997      17.35794967797942
-0.18500000000000003      0.46499999999999997      17.48125754362586
-0.17500000000000002      0.46499999999999997      17.596259762729616
-0.165                    0.46499999999999997      17.702910773325275
-0.15500000000000003      0.46499999999999997      17.80127122839767
-0.14500000000000002      0.46499999999999997      17.89148944737034
-0.135                    0.46499999999999997      17.97378253428035
-0.125                    0.46499999999999997      18.048418034370414
-0.11499999999999999      0.46499999999999997      18.115697242207524
-0.10499999999999998      0.46499999999999997      18.17594014243676
-0.09499999999999997      0.46499999999999997      18.22947243083731
-0.08499999999999999      0.46499999999999997      18.27661465955696
-0.07499999999999998      0.46499999999999997      18.31767330874864
-0.06499999999999997      0.46499999999999997      18.35293366852217
-0.054999999999999966     0.46499999999999997      18.38265428104262
-0.04499999999999996      0.46499999999999997      18.40706269696894
-0.03499999999999995      0.46499999999999997      18.42635231606662
-0.025000000000000022     0.46499999999999997      18.440680104536177
-0.015000000000000013     0.46499999999999997      18.45016499049543
-0.0050000000000000044    0.46499999999999997      18.454886790254207
0.0050000000000000044     0.46499999999999997      18.454885553973355
0.015000000000000013      0.46499999999999997      18.450161264285583
0.025000000000000022      0.46499999999999997      18.44067383589688
0.03500000000000003       0.46499999999999997      18.42634342314572
0.04500000000000004       0.46499999999999997      18.407051088468243
0.05500000000000005       0.46499999999999997      18.382639859689938
0.06499999999999995       0.46499999999999997      18.352916286380214
0.07499999999999996       0.46499999999999997      18.317652726208763
0.08499999999999996       0.46499999999999997      18.276590546540653
0.09499999999999997       0.46499999999999997      18.229444438011793
0.10499999999999998       0.46499999999999997      18.17590797535029
0.11499999999999999       0.46499999999999997      18.11566066813807
0.125                     0.46499999999999997      18.048376801412324
0.135                     0.46499999999999997      17.973736330109197
0.14500000000000002       0.46499999999999997      17.89143796672726
0.15500000000000003       0.46499999999999997      17.80121423383181
0.16500000000000004       0.46499999999999997      17.70284812824115
0.17500000000000004       0.46499999999999997      17.596191197774324
0.18500000000000005       0.46499999999999997      17.481182616142945
0.19499999999999995       0.46499999999999997      17.35786804569731
0.20499999999999996       0.46499999999999997      17.226416550705714
0.21499999999999997       0.46499999999999997      17.08713441296207
0.22499999999999998       0.46499999999999997      16.940474872184026
0.235                     0.46499999999999997      16.787042515640458
0.245                     0.46499999999999997      16.62759099970332
0.255                     0.46499999999999997      16.463013779077347
0.265                     0.46499999999999997      16.294327922143427
0.275                     0.46499999999999997      16.12265192551078
0.28500000000000003       0.46499999999999997      15.949178998916947
0.29500000000000004       0.46499999999999997      15.775147521516534
0.30500000000000005       0.46499999999999997      15.601810785147558
0.31499999999999995       0.46499999999999997      15.430408109316797
0.32499999999999996       0.46499999999999997      15.262138833040103
0.33499999999999996       0.46499999999999997      15.098140318981702
0.345                     0.46499999999999997      14.939470897849755
0.355                     0.46499999999999997      14.787098051000081
0.365                     0.46499999999999997      14.641891184137062
0.375                     0.46499999999999997      14.504619611807007
0.385                     0.46499999999999997      14.3759534696422
0.395                     0.46499999999999997      14.25646862652583
0.405                     0.46499999999999997      14.146649583778387
0.41500000000000004       0.46499999999999997      14.046897618193658
0.42500000000000004       0.46499999999999997      13.957544907209936
0.43500000000000005       0.46499999999999997      13.87884602075615
0.44499999999999995       0.46499999999999997      13.811088161736166
0.45499999999999996       0.46499999999999997      13.754740032834789
0.46499999999999997       0.46499999999999997      13.709036165093266
0.475                     0.46499999999999997      13.673796016392904
0.485                     0.46499999999999997      13.651657938890054
0.495                     0.46499999999999997      13.640132993079636
-0.495                    0.475                    13.674174933056728
-0.485                    0.475                    13.685751698609657
-0.475                    0.475                    13.70830871605554
-0.46499999999999997      0.475                    13.742524698907129
-0.45499999999999996      0.475                    13.78739547630012
-0.44499999999999995      0.475                    13.843490431886012
-0.43500000000000005      0.475                    13.910686312618441
-0.42500000000000004      0.475                    13.988631493689518
-0.41500000000000004      0.475                    14.077083614655375
-0.405                    0.475                    14.175754416644839
-0.395                    0.475                    14.284289461604612
-0.385                    0.475                    14.402263641788057
-0.375                    0.475                    14.529174983566651
-0.365                    0.475                    14.66443734429043
-0.355                    0.475                    14.807375840371897
-0.345                    0.475                    14.957224398854397
-0.33499999999999996      0.475                    15.113126114472589
-0.32499999999999996      0.475                    15.27413688081332
-0.31499999999999995      0.475                    15.439233049090209
-0.30499999999999994      0.475                    15.607323240177067
-0.29500000000000004      0.475                    15.777264365117649
-0.28500000000000003      0.475                    15.947881574953236
-0.275                    0.475                    16.117991463465426
-0.265                    0.475                    16.286427482035865
-0.255                    0.475                    16.452066123029528
-0.245                    0.475                    16.613852154197854
-0.235                    0.475                    16.770821525671057
-0.22499999999999998      0.475                    16.922120683437136
-0.21500000000000005      0.475                    17.067020943790144
-0.20500000000000004      0.475                    17.20492715919333
-0.19500000000000003      0.475                    17.33538060448359
-0.18500000000000003      0.475                    17.45805640420425
-0.17500000000000002      0.475                    17.57275612109106
-0.165                    0.475                    17.679396440856777
-0.15500000000000003      0.475                    17.777995040782727
-0.14500000000000002      0.475                    17.86865476353721
-0.135                    0.475                    17.951547117436352
-0.125                    0.475                    18.026896004332094
-0.11499999999999999      0.475                    18.0949621814497
-0.10499999999999998      0.475                    18.15602927764773
-0.09499999999999997      0.475                    18.210391212087373
-0.08499999999999999      0.475                    18.25834141637767
-0.07499999999999998      0.475                    18.300163760679165
-0.06499999999999997      0.475                    18.336125087651666
-0.054999999999999966     0.475                    18.36646920874101
-0.04499999999999996      0.475                    18.39141217773375
-0.03499999999999995      0.475                    18.411138654999775
-0.025000000000000022     0.475                    18.425799183391565
-0.015000000000000013     0.475                    18.43550821278046
-0.0050000000000000044    0.475                    18.440342738724933
0.0050000000000000044     0.475                    18.44034145330635
0.015000000000000013      0.475                    18.435504339378692
0.025000000000000022      0.475                    18.425792670768303
0.03500000000000003       0.475                    18.411129419466015
0.04500000000000004       0.475                    18.391400114292182
0.05500000000000005       0.475                    18.36645417445621
0.06499999999999995       0.475                    18.336106891737177
0.07499999999999996       0.475                    18.30014217452742
0.08499999999999996       0.475                    18.258316197074503
0.09499999999999997       0.475                    18.210362110893787
0.10499999999999998       0.475                    18.15599603278565
0.11499999999999999       0.475                    18.0949245093817
0.125                     0.475                    18.02685359944517
0.135                     0.475                    17.951499680335232
0.14500000000000002       0.475                    17.868601982939477
0.15500000000000003       0.475                    17.777936686961482
0.16500000000000004       0.475                    17.679332310601396
0.17500000000000004       0.475                    17.572686016333407
0.18500000000000005       0.475                    17.45798016721724
0.19499999999999995       0.475                    17.335298166782906
0.20499999999999996       0.475                    17.2048385599451
0.21499999999999997       0.475                    17.06692633203374
0.22499999999999998       0.475                    16.922020314940887
0.235                     0.475                    16.770715770401814
0.245                     0.475                    16.61374146998599
0.255                     0.475                    16.451950996517514
0.265                     0.475                    16.286308434747436
0.275                     0.475                    16.1178691551474
0.28500000000000003       0.475                    15.947756770754946
0.29500000000000004       0.475                    15.77713778686569
0.30500000000000005       0.475                    15.60719552933164
0.31499999999999995       0.475                    15.439104742733626
0.32499999999999996       0.475                    15.274008578580876
0.33499999999999996       0.475                    15.11299831996563
0.345                     0.475                    14.957097617303575
0.355                     0.475                    14.807250587438372
0.365                     0.475                    14.664314280627348
0.375                     0.475                    14.529055041322092
0.385                     0.475                    14.402148122151871
0.395                     0.475                    14.284180818332839
0.405                     0.475                    14.175657430632349
0.41500000000000004       0.475                    14.07700223642426
0.42500000000000004       0.475                    13.988561401043448
0.43500000000000005       0.475                    13.910647063936427
0.44499999999999995       0.475                    13.843789532319342
0.45499999999999996       0.475                    13.787714616783468
0.46499999999999997       0.475                    13.74238755657764
0.475                     0.475                    13.709382926208818
0.485                     0.475                    13.685397310933425
0.495                     0.475                    13.674043889700364
-0.495                    0.485                    13.69683203841684
-0.485                    0.485                    13.709504164561068
-0.475                    0.485                    13.731685781687704
-0.46499999999999997      0.485                    13.765359043982395
-0.45499999999999996      0.485                    13.810236331068884
-0.44499999999999995      0.485                    13.866165995720381
-0.43500000000000005      0.485                    13.932920203017753
-0.42500000000000004      0.485                    14.010307551535169
-0.41500000000000004      0.485                    14.098094492882746
-0.405                    0.485                    14.195977316714115
-0.395                    0.485                    14.303587011985066
-0.385                    0.485                    14.420484349167051
-0.375                    0.485                    14.546154935981207
-0.365                    0.485                    14.680004480455809
-0.355                    0.485                    14.821354606128732
-0.345                    0.485                    14.969441411469255
-0.33499999999999996      0.485                    15.123416948951181
-0.32499999999999996      0.485                    15.282353564490148
-0.31499999999999995      0.485                    15.445251748224194
-0.30499999999999994      0.485                    15.611051746271293
-0.29500000000000004      0.485                    15.778648876573818
-0.28500000000000003      0.485                    15.946912131431194
-0.275                    0.485                    16.114705422452516
-0.265                    0.485                    16.280910513716414
-0.255                    0.485                    16.444450475911395
-0.245                    0.485                    16.60431236417068
-0.235                    0.485                    16.759567801215656
-0.22499999999999998      0.485                    16.90939026943146
-0.21500000000000005      0.485                    17.05306818889722
-0.20500000000000004      0.485                    17.190013211643752
-0.19500000000000003      0.485                    17.319763507613246
-0.18500000000000003      0.485                    17.44198218813364
-0.17500000000000002      0.485                    17.556451384645584
-0.165                    0.485                    17.66306273678659
-0.15500000000000003      0.485                    17.761805168384107
-0.14500000000000002      0.485                    17.85275088537307
-0.135                    0.485                    17.93604048742551
-0.125                    0.485                    18.01186797733035
-0.11499999999999999      0.485                    18.08046629598666
-0.10499999999999998      0.485                    18.14209386244871
-0.09499999999999997      0.485                    18.197022421171653
-0.08499999999999999      0.485                    18.245526364299707
-0.07499999999999998      0.485                    18.28787358021292
-0.06499999999999997      0.485                    18.324317786882702
-0.054999999999999966     0.485                    18.355092247908225
-0.04499999999999996      0.485                    18.380404732059795
-0.03499999999999995      0.485                    18.40043356166545
-0.025000000000000022     0.485                    18.41532459512812
-0.015000000000000013     0.485                    18.42518900056585
-0.0050000000000000044    0.485                    18.43010169847479
0.0050000000000000044     0.485                    18.43010037820038
0.015000000000000013      0.485                    18.425185022972393
0.025000000000000022      0.485                    18.415317910079594
0.03500000000000003       0.485                    18.40042408624256
0.04500000000000004       0.485                    18.38039235071036
0.05500000000000005       0.485                    18.35507681333347
0.06499999999999995       0.485                    18.324299121678834
0.07499999999999996       0.485                    18.287851479386845
0.08499999999999996       0.485                    18.24550059831686
0.09499999999999997       0.485                    18.19699273950608
0.10499999999999998       0.485                    18.14205999721739
0.11499999999999999       0.485                    18.080427968560258
0.125                     0.485                    18.01182490607884
0.135                     0.485                    17.93599239518209
0.14500000000000002       0.485                    17.852697507332515
0.15500000000000003       0.485                    17.761746264166973
0.16500000000000004       0.485                    17.662998103357182
0.17500000000000004       0.485                    17.556380871143226
0.18500000000000005       0.485                    17.441905706157065
0.19499999999999995       0.485                    17.3196810390577
0.20499999999999996       0.485                    17.189924818934934
0.21499999999999997       0.485                    17.05297402076474
0.22499999999999998       0.485                    16.909290564476002
0.235                     0.485                    16.75946288817988
0.245                     0.485                    16.60420266047224
0.255                     0.485                    16.444336482935277
0.265                     0.485                    16.280792793663302
0.275                     0.485                    16.11458457121431
0.28500000000000003       0.485                    15.94678876448624
0.29500000000000004       0.485                    15.778523622585595
0.30500000000000005       0.485                    15.610925232828807
0.31499999999999995       0.485                    15.445124579552779
0.32499999999999996       0.485                    15.282226297628387
0.33499999999999996       0.485                    15.123290075414305
0.345                     0.485                    14.969315351490499
0.355                     0.485                    14.821229663712158
0.365                     0.485                    14.679880714890798
0.375                     0.485                    14.546031587788871
0.385                     0.485                    14.420360009934347
0.395                     0.485                    14.303459519489007
0.405                     0.485                    14.195843429369503
0.41500000000000004       0.485                    14.097949761369948
0.42500000000000004       0.485                    14.010143832999136
0.43500000000000005       0.485                    13.932732644791832
0.44499999999999995       0.485                    13.865955386929816
0.45499999999999996       0.485                    13.81002749183611
0.46499999999999997       0.485                    13.7651337031655
0.475                     0.485                    13.731322563052423
0.485                     0.485                    13.707816722985784
0.495                     0.485                    13.696584043124984
-0.495                    0.495                    13.707840352268924
-0.485                    0.495                    13.719226483860528
-0.475                    0.495                    13.74170664834893
-0.46499999999999997      0.495                    13.775373498636196
-0.45499999999999996      0.495                    13.820153292875013
-0.44499999999999995      0.495                    13.875908307501886
-0.43500000000000005      0.495                    13.942474041548987
-0.42500000000000004      0.495                    14.019644455759519
-0.41500000000000004      0.495                    14.107162101557925
-0.405                    0.495                    14.204715261405312
-0.395                    0.495                    14.311929622748785
-0.385                    0.495                    14.428361984451104
-0.375                    0.495                    14.553494603640239
-0.365                    0.495                    14.686730650066853
-0.355                    0.495                    14.827391205498689
-0.345                    0.495                    14.974714221412453
-0.33499999999999996      0.495                    15.127856152766764
-0.32499999999999996      0.495                    15.285896682945648
-0.31499999999999995      0.495                    15.447846788373726
-0.30499999999999994      0.495                    15.612660309265221
-0.29500000000000004      0.495                    15.779248930229492
-0.28500000000000003      0.495                    15.946500205598403
-0.275                    0.495                    16.113297990599744
-0.265                    0.495                    16.278544382924935
-0.255                    0.495                    16.44118208124837
-0.245                    0.495                    16.600215958772814
-0.235                    0.495                    16.754732650777225
-0.22499999999999998      0.495                    16.903917069528678
-0.21500000000000005      0.495                    17.04706498645614
-0.20500000000000004      0.495                    17.18359112622539
-0.19500000000000003      0.495                    17.313032561298428
-0.18500000000000003      0.495                    17.435047540151665
-0.17500000000000002      0.495                    17.54941018213426
-0.165                    0.495                    17.656001701514718
-0.15500000000000003      0.495                    17.754798967980733
-0.14500000000000002      0.495                    17.845861264820964
-0.135                    0.495                    17.929316079119744
-0.125                    0.495                    18.005344669928775
-0.11499999999999999      0.495                    18.074168030718777
-0.10499999999999998      0.495                    18.136033717475655
-0.09499999999999997      0.495                    18.191203862772138
-0.08499999999999999      0.495                    18.23994456183756
-0.07499999999999998      0.495                    18.282516703355856
-0.06499999999999997      0.495                    18.319168227809243
-0.054999999999999966     0.495                    18.350127732650883
-0.04499999999999996      0.495                    18.375599303684986
-0.03499999999999995      0.495                    18.395758432503854
-0.025000000000000022     0.495                    18.41074887641339
-0.015000000000000013     0.495                    18.420680326240337
-0.0050000000000000044    0.495                    18.425626765660937
0.0050000000000000044     0.495                    18.425625430321528
0.015000000000000013      0.495                    18.420676303590895
0.025000000000000022      0.495                    18.410742116712147
0.03500000000000003       0.495                    18.39574885331201
0.04500000000000004       0.495                    18.375586790395236
0.05500000000000005       0.495                    18.35011213947628
0.06499999999999995       0.495                    18.319149379478077
0.07499999999999996       0.495                    18.28249439757328
0.08499999999999996       0.495                    18.239918572391574
0.09499999999999997       0.495                    18.191173943228726
0.10499999999999998       0.495                    18.135999605662082
0.11499999999999999       0.495                    18.0741294546788
0.125                     0.495                    18.00530135508818
0.135                     0.495                    17.92926775630058
0.14500000000000002       0.495                    17.84580767944959
0.15500000000000003       0.495                    17.75473989104067
0.16500000000000004       0.495                    17.655936941490502
0.17500000000000004       0.495                    17.54933959740532
0.18500000000000005       0.495                    17.434971049897587
0.19499999999999995       0.495                    17.312950154748453
0.20499999999999996       0.495                    17.183502870783933
0.21499999999999997       0.495                    17.046971034449292
0.22499999999999998       0.495                    16.90381766134542
0.235                     0.495                    16.754628113355412
0.245                     0.495                    16.600106700656607
0.255                     0.495                    16.441068583877584
0.265                     0.495                    16.2784271875136
0.275                     0.495                    16.113177681956348
0.28500000000000003       0.495                    15.946377394891902
0.29500000000000004       0.495                    15.779124236607297
0.30500000000000005       0.495                    15.612534341465224
0.31499999999999995       0.495                    15.447720127472952
0.32499999999999996       0.495                    15.285769866705776
0.33499999999999996       0.495                    15.127729664545335
0.345                     0.495                    14.974588482199184
0.355                     0.495                    14.827266570756944
0.365                     0.495                    14.68660740321247
0.375                     0.495                    14.553373027403714
0.385                     0.495                    14.428242311302492
0.395                     0.495                    14.311811983875625
0.405                     0.495                    14.204599667270092
0.41500000000000004       0.495                    14.1070485748006
0.42500000000000004       0.495                    14.019534151072016
0.43500000000000005       0.495                    13.942366428338618
0.44499999999999995       0.495                    13.875801308535346
0.45499999999999996       0.495                    13.820044979588275
0.46499999999999997       0.495                    13.77526278341941
0.475                     0.495                    13.741586654271819
0.485                     0.495                    13.71904301448414
0.495                     0.495                    13.707834748735714
