% Model:              FEM case V.mph
% Version:            COMSOL 6.2.0.339
% Date:               Aug 4 2024, 17:06
% Dimension:          2
% Nodes:              10000
% Expressions:        1
% Description:        Electric potential
% Length unit:        m
% x                       y                        V (V)
-0.495                    -0.495                   9.93145333307034
-0.485                    -0.495                   9.931396358017683
-0.475                    -0.495                   9.931283967261358
-0.46499999999999997      -0.495                   9.931115646475947
-0.45499999999999996      -0.495                   9.930891766799013
-0.44499999999999995      -0.495                   9.93061308064885
-0.43500000000000005      -0.495                   9.930280393912907
-0.42500000000000004      -0.495                   9.929894725981345
-0.41500000000000004      -0.495                   9.929457357934309
-0.405                    -0.495                   9.928969853158092
-0.395                    -0.495                   9.928434089133106
-0.385                    -0.495                   9.927852287040134
-0.375                    -0.495                   9.927227038463325
-0.365                    -0.495                   9.926561329516534
-0.355                    -0.495                   9.925858555679637
-0.345                    -0.495                   9.925122526218251
-0.33499999999999996      -0.495                   9.924357455643793
-0.32499999999999996      -0.495                   9.92356793999492
-0.31499999999999995      -0.495                   9.922758916408394
-0.30499999999999994      -0.495                   9.921935605330843
-0.29500000000000004      -0.495                   9.921103435874493
-0.28500000000000003      -0.495                   9.920267956133356
-0.275                    -0.495                   9.919434731643554
-0.265                    -0.495                   9.918609236428974
-0.255                    -0.495                   9.917796742038442
-0.245                    -0.495                   9.917002210508013
-0.235                    -0.495                   9.916230197178766
-0.22499999999999998      -0.495                   9.915484768720816
-0.21500000000000005      -0.495                   9.914769440607436
-0.20500000000000004      -0.495                   9.914087136791045
-0.19500000000000003      -0.495                   9.913440172638163
-0.18500000000000003      -0.495                   9.912830260490859
-0.17500000000000002      -0.495                   9.912258535738738
-0.165                    -0.495                   9.91172560014555
-0.15500000000000003      -0.495                   9.911231578454604
-0.14500000000000002      -0.495                   9.910776184021312
-0.135                    -0.495                   9.910358789345949
-0.125                    -0.495                   9.909978497807552
-0.11499999999999999      -0.495                   9.909634213524676
-0.10499999999999998      -0.495                   9.90932470699142
-0.09499999999999997      -0.495                   9.90904867487355
-0.08499999999999999      -0.495                   9.908804793024862
-0.07499999999999998      -0.495                   9.908591762345868
-0.06499999999999997      -0.495                   9.908408347545938
-0.054999999999999966     -0.495                   9.90825340919938
-0.04499999999999996      -0.495                   9.908125929683674
-0.03499999999999995      -0.495                   9.908025033689661
-0.025000000000000022     -0.495                   9.907950004013955
-0.015000000000000013     -0.495                   9.907900293299633
-0.0050000000000000044    -0.495                   9.907875532302395
0.0050000000000000044     -0.495                   9.907875535138196
0.015000000000000013      -0.495                   9.907900301826833
0.025000000000000022      -0.495                   9.907950018291434
0.03500000000000003       -0.495                   9.908025053813663
0.04500000000000004       -0.495                   9.908125955784325
0.05500000000000005       -0.495                   9.908253441435216
0.06499999999999995       -0.495                   9.908408386096493
0.07499999999999996       -0.495                   9.908591807402523
0.08499999999999996       -0.495                   9.908804844779691
0.09499999999999997       -0.495                   9.909048733506385
0.10499999999999998       -0.495                   9.909324772654736
0.11499999999999999       -0.495                   9.909634286325385
0.125                     -0.495                   9.909978577790524
0.135                     -0.495                   9.910358876478586
0.14500000000000002       -0.495                   9.910776278176082
0.15500000000000003       -0.495                   9.911231679390298
0.16500000000000004       -0.495                   9.911725707491161
0.17500000000000004       -0.495                   9.912258648981151
0.18500000000000005       -0.495                   9.912830378966712
0.19499999999999995       -0.495                   9.913440295534722
0.20499999999999996       -0.495                   9.914087263161175
0.21499999999999997       -0.495                   9.914769569395487
0.22499999999999998       -0.495                   9.915484898792034
0.235                     -0.495                   9.916230327348115
0.245                     -0.495                   9.917002339569922
0.255                     -0.495                   9.917796868802682
0.265                     -0.495                   9.918609359761067
0.275                     -0.495                   9.919434850501094
0.28500000000000003       -0.495                   9.920268069593954
0.29500000000000004       -0.495                   9.921103543156493
0.30500000000000005       -0.495                   9.921935705808462
0.31499999999999995       -0.495                   9.922759009619456
0.32499999999999996       -0.495                   9.923568025641021
0.33499999999999996       -0.495                   9.924357533586223
0.345                     -0.495                   9.925122596471402
0.355                     -0.495                   9.925858618392786
0.365                     -0.495                   9.926561384953109
0.375                     -0.495                   9.927227086968673
0.385                     -0.495                   9.927852329030209
0.395                     -0.495                   9.928434124989504
0.405                     -0.495                   9.928969883221676
0.41500000000000004       -0.495                   9.929457384363513
0.42500000000000004       -0.495                   9.929894752764458
0.43500000000000005       -0.495                   9.930280425699948
0.44499999999999995       -0.495                   9.930613115658822
0.45499999999999996       -0.495                   9.930891796065346
0.46499999999999997       -0.495                   9.931115643534257
0.475                     -0.495                   9.931284107214626
0.485                     -0.495                   9.931396841052514
0.495                     -0.495                   9.931453402893604
-0.495                    -0.485                   9.794418032690904
-0.485                    -0.485                   9.794249249971296
-0.475                    -0.485                   9.793911832951524
-0.46499999999999997      -0.485                   9.793406555015446
-0.45499999999999996      -0.485                   9.79273446654021
-0.44499999999999995      -0.485                   9.79189754849034
-0.43500000000000005      -0.485                   9.790898344243288
-0.42500000000000004      -0.485                   9.789739947133974
-0.41500000000000004      -0.485                   9.788426161624173
-0.405                    -0.485                   9.786961631969056
-0.395                    -0.485                   9.785351954081627
-0.385                    -0.485                   9.783603759953518
-0.375                    -0.485                   9.78172479965078
-0.365                    -0.485                   9.779724015026101
-0.355                    -0.485                   9.777611587087474
-0.345                    -0.485                   9.775398952415923
-0.33499999999999996      -0.485                   9.7730987797685
-0.32499999999999996      -0.485                   9.770724900683902
-0.31499999999999995      -0.485                   9.76829218894084
-0.30499999999999994      -0.485                   9.765816386687963
-0.29500000000000004      -0.485                   9.763313878570228
-0.28500000000000003      -0.485                   9.760801419233967
-0.275                    -0.485                   9.758295823843103
-0.265                    -0.485                   9.755813635272107
-0.255                    -0.485                   9.753370784738426
-0.245                    -0.485                   9.750982264214935
-0.235                    -0.485                   9.74866182898521
-0.22499999999999998      -0.485                   9.746421747021982
-0.21500000000000005      -0.485                   9.744272608404255
-0.20500000000000004      -0.485                   9.742223203238193
-0.19500000000000003      -0.485                   9.740280471176536
-0.18500000000000003      -0.485                   9.738449520457635
-0.17500000000000002      -0.485                   9.736733709718331
-0.165                    -0.485                   9.735134782352645
-0.15500000000000003      -0.485                   9.73365304099468
-0.14500000000000002      -0.485                   9.732287548927225
-0.135                    -0.485                   9.731036345708073
-0.125                    -0.485                   9.729896665705503
-0.11499999999999999      -0.485                   9.728865150216278
-0.10499999999999998      -0.485                   9.727938046098553
-0.09499999999999997      -0.485                   9.727111386146754
-0.08499999999999999      -0.485                   9.72638114852247
-0.07499999999999998      -0.485                   9.725743394246885
-0.06499999999999997      -0.485                   9.725194383030397
-0.054999999999999966     -0.485                   9.72473066879169
-0.04499999999999996      -0.485                   9.72434917671242
-0.03499999999999995      -0.485                   9.724047263988194
-0.025000000000000022     -0.485                   9.723822766478802
-0.015000000000000013     -0.485                   9.723674033302181
-0.0050000000000000044    -0.485                   9.723599951136556
0.0050000000000000044     -0.485                   9.723599959622527
0.015000000000000013      -0.485                   9.723674058819997
0.025000000000000022      -0.485                   9.723822809206862
0.03500000000000003       -0.485                   9.724047324218791
0.04500000000000004       -0.485                   9.72434925484198
0.05500000000000005       -0.485                   9.724730765303876
0.06499999999999995       -0.485                   9.725194498473567
0.07499999999999996       -0.485                   9.725743529207149
0.08499999999999996       -0.485                   9.726381303589031
0.09499999999999997       -0.485                   9.727111561873036
0.10499999999999998       -0.485                   9.72793824296359
0.11499999999999999       -0.485                   9.728865368558617
0.125                     -0.485                   9.729896905675098
0.135                     -0.485                   9.731036607226594
0.14500000000000002       -0.485                   9.732287831635507
0.15500000000000003       -0.485                   9.733653344189898
0.16500000000000004       -0.485                   9.735135104937408
0.17500000000000004       -0.485                   9.736734050162811
0.18500000000000005       -0.485                   9.738449876769922
0.19499999999999995       -0.485                   9.74028084089981
0.20499999999999996       -0.485                   9.74222358350318
0.21499999999999997       -0.485                   9.7442729960258
0.22499999999999998       -0.485                   9.746422138589534
0.235                     -0.485                   9.748662220922036
0.245                     -0.485                   9.750982652826936
0.255                     -0.485                   9.75337116635852
0.265                     -0.485                   9.755814006447903
0.275                     -0.485                   9.758296181441796
0.28500000000000003       -0.485                   9.760801760470725
0.29500000000000004       -0.485                   9.763314201065992
0.30500000000000005       -0.485                   9.765816688564792
0.31499999999999995       -0.485                   9.768292468848424
0.32499999999999996       -0.485                   9.77072515775496
0.33499999999999996       -0.485                   9.773099013577095
0.345                     -0.485                   9.775399163010846
0.355                     -0.485                   9.77761177492737
0.365                     -0.485                   9.77972418087485
0.375                     -0.485                   9.78172494454638
0.385                     -0.485                   9.783603885035532
0.395                     -0.485                   9.785352060174796
0.405                     -0.485                   9.786961717571721
0.41500000000000004       -0.485                   9.788426224472765
0.42500000000000004       -0.485                   9.789739980308667
0.43500000000000005       -0.485                   9.790898336882865
0.44499999999999995       -0.485                   9.791897462362307
0.45499999999999996       -0.485                   9.792734300304556
0.46499999999999997       -0.485                   9.793406433202035
0.475                     -0.485                   9.793911918729577
0.485                     -0.485                   9.794249015501972
0.495                     -0.485                   9.794418063974875
-0.495                    -0.475                   9.657551338307593
-0.485                    -0.475                   9.657269157549793
-0.475                    -0.475                   9.656704834976445
-0.46499999999999997      -0.475                   9.655860701906759
-0.45499999999999996      -0.475                   9.654738505780346
-0.44499999999999995      -0.475                   9.653340965340913
-0.43500000000000005      -0.475                   9.651672417188726
-0.42500000000000004      -0.475                   9.649737676009773
-0.41500000000000004      -0.475                   9.647542932972435
-0.405                    -0.475                   9.645095911289706
-0.395                    -0.475                   9.642405837105267
-0.385                    -0.475                   9.639483663062318
-0.375                    -0.475                   9.636342230945184
-0.365                    -0.475                   9.632996389297023
-0.355                    -0.475                   9.62946308802175
-0.345                    -0.475                   9.625761412996532
-0.33499999999999996      -0.475                   9.621912554596886
-0.32499999999999996      -0.475                   9.617939697727016
-0.31499999999999995      -0.475                   9.613867823509393
-0.30499999999999994      -0.475                   9.609723418163847
-0.29500000000000004      -0.475                   9.6055340906444
-0.28500000000000003      -0.475                   9.601328107743408
-0.275                    -0.475                   9.59713386327755
-0.265                    -0.475                   9.592979304923055
-0.255                    -0.475                   9.58889134793304
-0.245                    -0.475                   9.584895308550545
-0.235                    -0.475                   9.581014389824563
-0.22499999999999998      -0.475                   9.577269249250744
-0.21500000000000005      -0.475                   9.573677671737604
-0.20500000000000004      -0.475                   9.57025436268974
-0.19500000000000003      -0.475                   9.567010866293332
-0.18500000000000003      -0.475                   9.563955604764516
-0.17500000000000002      -0.475                   9.561094026208686
-0.165                    -0.475                   9.55842884245962
-0.15500000000000003      -0.475                   9.555960334524531
-0.14500000000000002      -0.475                   9.553686702358998
-0.135                    -0.475                   9.55160443677903
-0.125                    -0.475                   9.549708693961298
-0.11499999999999999      -0.475                   9.547993656786412
-0.10499999999999998      -0.475                   9.546452871165032
-0.09499999999999997      -0.475                   9.54507954951452
-0.08499999999999999      -0.475                   9.543866837515925
-0.07499999999999998      -0.475                   9.542808042870382
-0.06499999999999997      -0.475                   9.541896826974382
-0.054999999999999966     -0.475                   9.54112736190602
-0.04499999999999996      -0.475                   9.54049445641278
-0.03499999999999995      -0.475                   9.539993654775209
-0.025000000000000022     -0.475                   9.539621312273612
-0.015000000000000013     -0.475                   9.539374650889554
-0.0050000000000000044    -0.475                   9.539251798271213
0.0050000000000000044     -0.475                   9.539251812348427
0.015000000000000013      -0.475                   9.539374693222545
0.025000000000000022      -0.475                   9.539621383164423
0.03500000000000003       -0.475                   9.539993754721255
0.04500000000000004       -0.475                   9.540494586093299
0.05500000000000005       -0.475                   9.541127522153223
0.06499999999999995       -0.475                   9.541897018734764
0.07499999999999996       -0.475                   9.542808267148986
0.08499999999999996       -0.475                   9.54386709535778
0.09499999999999997       -0.475                   9.54507984194639
0.10499999999999998       -0.475                   9.546453199043873
0.11499999999999999       -0.475                   9.547994020704948
0.125                     -0.475                   9.549709094206168
0.135                     -0.475                   9.55160487330019
0.14500000000000002       -0.475                   9.553687174613346
0.15500000000000003       -0.475                   9.555960841321877
0.16500000000000004       -0.475                   9.558429381952202
0.17500000000000004       -0.475                   9.561094595870333
0.18500000000000005       -0.475                   9.563956201288718
0.19499999999999995       -0.475                   9.56701148555426
0.20499999999999996       -0.475                   9.570254999853292
0.21499999999999997       -0.475                   9.573678321454336
0.22499999999999998       -0.475                   9.57726990575494
0.235                     -0.475                   9.581015047059827
0.245                     -0.475                   9.58489596027224
0.255                     -0.475                   9.58889198784212
0.265                     -0.475                   9.592979927031978
0.275                     -0.475                   9.597134462194964
0.28500000000000003       -0.475                   9.601328678842757
0.29500000000000004       -0.475                   9.605534630109167
0.30500000000000005       -0.475                   9.609723922883049
0.31499999999999995       -0.475                   9.613868291107462
0.32499999999999996       -0.475                   9.617940126675974
0.33499999999999996       -0.475                   9.621912944239305
0.345                     -0.475                   9.625761763505665
0.355                     -0.475                   9.629463400436368
0.365                     -0.475                   9.632996665423123
0.375                     -0.475                   9.636342473400836
0.385                     -0.475                   9.63948387525912
0.395                     -0.475                   9.642406022487274
0.405                     -0.475                   9.6450960779557
0.41500000000000004       -0.475                   9.647543089044188
0.42500000000000004       -0.475                   9.649737839455055
0.43500000000000005       -0.475                   9.651672679187682
0.44499999999999995       -0.475                   9.653341381226586
0.45499999999999996       -0.475                   9.654738821259365
0.46499999999999997       -0.475                   9.65586110547463
0.475                     -0.475                   9.656705029435159
0.485                     -0.475                   9.657268772584299
0.495                     -0.475                   9.65755129941504
-0.495                    -0.46499999999999997     9.520967052109048
-0.485                    -0.46499999999999997     9.520570935553076
-0.475                    -0.46499999999999997     9.519779628248088
-0.46499999999999997      -0.46499999999999997     9.518593860084472
-0.45499999999999996      -0.46499999999999997     9.517017909655737
-0.44499999999999995      -0.46499999999999997     9.515055964127939
-0.43500000000000005      -0.46499999999999997     9.512712688281024
-0.42500000000000004      -0.46499999999999997     9.509995023968642
-0.41500000000000004      -0.46499999999999997     9.506911613763869
-0.405                    -0.46499999999999997     9.503472881897354
-0.395                    -0.46499999999999997     9.499691479330046
-0.385                    -0.46499999999999997     9.495582530177042
-0.375                    -0.46499999999999997     9.491163821485612
-0.365                    -0.46499999999999997     9.486456019044665
-0.355                    -0.46499999999999997     9.481482803398192
-0.345                    -0.46499999999999997     9.476270937971254
-0.33499999999999996      -0.46499999999999997     9.470850242966394
-0.32499999999999996      -0.46499999999999997     9.465253453741493
-0.31499999999999995      -0.46499999999999997     9.45951594935874
-0.30499999999999994      -0.46499999999999997     9.453675342716997
-0.29500000000000004      -0.46499999999999997     9.447770932725247
-0.28500000000000003      -0.46499999999999997     9.441843030693471
-0.275                    -0.46499999999999997     9.43593218468521
-0.265                    -0.46499999999999997     9.430078336397388
-0.255                    -0.46499999999999997     9.424319954746185
-0.245                    -0.46499999999999997     9.41869319680613
-0.235                    -0.46499999999999997     9.413231147252061
-0.22499999999999998      -0.46499999999999997     9.40796318151294
-0.21500000000000005      -0.46499999999999997     9.40291448696385
-0.20500000000000004      -0.46499999999999997     9.398105765109811
-0.19500000000000003      -0.46499999999999997     9.393553123443557
-0.18500000000000003      -0.46499999999999997     9.389268148189437
-0.17500000000000002      -0.46499999999999997     9.385258136884545
-0.165                    -0.46499999999999997     9.381526462105429
-0.15500000000000003      -0.46499999999999997     9.378073031517339
-0.14500000000000002      -0.46499999999999997     9.374894808293165
-0.135                    -0.46499999999999997     9.371986358928936
-0.125                    -0.46499999999999997     9.369340399620388
-0.11499999999999999      -0.46499999999999997     9.36694831822525
-0.10499999999999998      -0.46499999999999997     9.364800656049137
-0.09499999999999997      -0.46499999999999997     9.362887538912585
-0.08499999999999999      -0.46499999999999997     9.361199052274877
-0.07499999999999998      -0.46499999999999997     9.359725559956036
-0.06499999999999997      -0.46499999999999997     9.358457968746194
-0.054999999999999966     -0.46499999999999997     9.357387943566152
-0.04499999999999996      -0.46499999999999997     9.356508078695443
-0.03499999999999995      -0.46499999999999997     9.355812030690611
-0.025000000000000022     -0.46499999999999997     9.355294619101413
-0.015000000000000013     -0.46499999999999997     9.354951900223064
-0.0050000000000000044    -0.46499999999999997     9.354781218335752
0.0050000000000000044     -0.46499999999999997     9.354781237908764
0.015000000000000013      -0.46499999999999997     9.354951959087135
0.025000000000000022      -0.46499999999999997     9.355294717687292
0.03500000000000003       -0.46499999999999997     9.355812169715211
0.04500000000000004       -0.46499999999999997     9.356508259155287
0.05500000000000005       -0.46499999999999997     9.357388166695092
0.06499999999999995       -0.46499999999999997     9.358458235954968
0.07499999999999996       -0.46499999999999997     9.359725872763034
0.08499999999999996       -0.46499999999999997     9.361199412170635
0.09499999999999997       -0.46499999999999997     9.362887947333016
0.10499999999999998       -0.46499999999999997     9.364801114308168
0.11499999999999999       -0.46499999999999997     9.366948827396829
0.125                     -0.46499999999999997     9.369340960460462
0.135                     -0.46499999999999997     9.371986971515945
0.14500000000000002       -0.46499999999999997     9.374895471792934
0.15500000000000003       -0.46499999999999997     9.378073744228693
0.16500000000000004       -0.46499999999999997     9.381527221334661
0.17500000000000004       -0.46499999999999997     9.385258938942235
0.18500000000000005       -0.46499999999999997     9.389268988558165
0.19499999999999995       -0.46499999999999997     9.393553996566956
0.20499999999999996       -0.46499999999999997     9.39810666430201
0.21499999999999997       -0.46499999999999997     9.402915404507795
0.22499999999999998       -0.46499999999999997     9.407964108706057
0.235                     -0.46499999999999997     9.41323207488492
0.245                     -0.46499999999999997     9.418694116108812
0.255                     -0.46499999999999997     9.42432085737097
0.265                     -0.46499999999999997     9.430079213931238
0.275                     -0.46499999999999997     9.435933029223548
0.28500000000000003       -0.46499999999999997     9.441843835555236
0.29500000000000004       -0.46499999999999997     9.447771692523679
0.30500000000000005       -0.46499999999999997     9.453676053041027
0.31499999999999995       -0.46499999999999997     9.45951660665546
0.32499999999999996       -0.46499999999999997     9.465254055670286
0.33499999999999996       -0.46499999999999997     9.470850788566828
0.345                     -0.46499999999999997     9.476271427471108
0.355                     -0.46499999999999997     9.481483237884134
0.365                     -0.46499999999999997     9.486456400265396
0.375                     -0.46499999999999997     9.491164151835804
0.385                     -0.46499999999999997     9.495582813026978
0.395                     -0.46499999999999997     9.499691718922005
0.405                     -0.46499999999999997     9.503473077655975
0.41500000000000004       -0.46499999999999997     9.506911765312218
0.42500000000000004       -0.46499999999999997     9.50999509628002
0.43500000000000005       -0.46499999999999997     9.512712578716293
0.44499999999999995       -0.46499999999999997     9.515055637059955
0.45499999999999996       -0.46499999999999997     9.517017524043753
0.46499999999999997       -0.46499999999999997     9.518593204968878
0.475                     -0.46499999999999997     9.519779332331215
0.485                     -0.46499999999999997     9.520570775982998
0.495                     -0.46499999999999997     9.520967038772552
-0.495                    -0.45499999999999996     9.384779084393683
-0.485                    -0.45499999999999996     9.384268198018699
-0.475                    -0.45499999999999996     9.383247422783128
-0.46499999999999997      -0.45499999999999996     9.381718835096821
-0.45499999999999996      -0.45499999999999996     9.379685870392176
-0.44499999999999995      -0.45499999999999996     9.377154625224454
-0.43500000000000005      -0.45499999999999996     9.374131264966422
-0.42500000000000004      -0.45499999999999996     9.370622814132965
-0.41500000000000004      -0.45499999999999996     9.36664041765467
-0.405                    -0.45499999999999996     9.362197307628664
-0.395                    -0.45499999999999996     9.357309378887766
-0.385                    -0.45499999999999996     9.351995713648172
-0.375                    -0.45499999999999996     9.34627884720867
-0.365                    -0.45499999999999996     9.340185130318456
-0.355                    -0.45499999999999996     9.333744897887085
-0.345                    -0.45499999999999996     9.326992615154984
-0.33499999999999996      -0.45499999999999996     9.319966873094096
-0.32499999999999996      -0.45499999999999996     9.312710230443248
-0.31499999999999995      -0.45499999999999996     9.305268878790539
-0.30499999999999994      -0.45499999999999996     9.297692114761732
-0.29500000000000004      -0.45499999999999996     9.290031616271154
-0.28500000000000003      -0.45499999999999996     9.282340535052102
-0.275                    -0.45499999999999996     9.274672437690677
-0.265                    -0.45499999999999996     9.26708014683345
-0.255                    -0.45499999999999996     9.259614545705967
-0.245                    -0.45499999999999996     9.25232341512669
-0.235                    -0.45499999999999996     9.245250376251718
-0.22499999999999998      -0.45499999999999996     9.238434011694366
-0.21500000000000005      -0.45499999999999996     9.231907213339268
-0.20500000000000004      -0.45499999999999996     9.225696786718562
-0.19500000000000003      -0.45499999999999996     9.219823325062688
-0.18500000000000003      -0.45499999999999996     9.214301336243185
-0.17500000000000002      -0.45499999999999996     9.209139590170242
-0.165                    -0.45499999999999996     9.204341645482161
-0.15500000000000003      -0.45499999999999996     9.199906500807758
-0.14500000000000002      -0.45499999999999996     9.195829320717179
-0.135                    -0.45499999999999996     9.192102188452989
-0.125                    -0.45499999999999996     9.188714847844448
-0.11499999999999999      -0.45499999999999996     9.185655402192397
-0.10499999999999998      -0.45499999999999996     9.182910951454641
-0.09499999999999997      -0.45499999999999996     9.180468154580876
-0.08499999999999999      -0.45499999999999996     9.178313714080264
-0.07499999999999998      -0.45499999999999996     9.176434782794189
-0.06499999999999997      -0.45499999999999996     9.174819296613427
-0.054999999999999966     -0.45499999999999996     9.173456241549097
-0.04499999999999996      -0.45499999999999996     9.172335864194615
-0.03499999999999995      -0.45499999999999996     9.171449832734021
-0.025000000000000022     -0.45499999999999996     9.170791357333162
-0.015000000000000013     -0.45499999999999996     9.170355277588508
-0.0050000000000000044    -0.45499999999999996     9.170138122340468
0.0050000000000000044     -0.45499999999999996     9.170138147212235
0.015000000000000013      -0.45499999999999996     9.170355352418794
0.025000000000000022      -0.45499999999999996     9.17079148266781
0.03500000000000003       -0.45499999999999996     9.171450009494205
0.04500000000000004       -0.45499999999999996     9.17233609374991
0.05500000000000005       -0.45499999999999996     9.173456525554078
0.06499999999999995       -0.45499999999999996     9.174819637010149
0.07499999999999996       -0.45499999999999996     9.176435181678197
0.08499999999999996       -0.45499999999999996     9.178314173399563
0.09499999999999997       -0.45499999999999996     9.18046867646694
0.10499999999999998       -0.45499999999999996     9.18291153821965
0.11499999999999999       -0.45499999999999996     9.185656055379132
0.125                     -0.45499999999999996     9.188715568217422
0.135                     -0.45499999999999996     9.192102976171343
0.14500000000000002       -0.45499999999999996     9.195830175152615
0.15500000000000003       -0.45499999999999996     9.199907420271122
0.16500000000000004       -0.45499999999999996     9.204342627279358
0.17500000000000004       -0.45499999999999996     9.209140629903448
0.18500000000000005       -0.45499999999999996     9.214302428583212
0.19499999999999995       -0.45499999999999996     9.219824461688095
0.20499999999999996       -0.45499999999999996     9.225697957625798
0.21499999999999997       -0.45499999999999996     9.231908408266843
0.22499999999999998       -0.45499999999999996     9.238435219741842
0.235                     -0.45499999999999996     9.245251585708225
0.245                     -0.45499999999999996     9.252324614326971
0.255                     -0.45499999999999996     9.25961572274796
0.265                     -0.45499999999999996     9.2670812895864
0.275                     -0.45499999999999996     9.274673536382814
0.28500000000000003       -0.45499999999999996     9.282341580767296
0.29500000000000004       -0.45499999999999996     9.290032601117591
0.30500000000000005       -0.45499999999999996     9.297693032061549
0.31499999999999995       -0.45499999999999996     9.30526972498156
0.32499999999999996       -0.45499999999999996     9.312711003799107
0.33499999999999996       -0.45499999999999996     9.319967572962552
0.345                     -0.45499999999999996     9.326993242415833
0.355                     -0.45499999999999996     9.333745455610362
0.365                     -0.45499999999999996     9.340185622367846
0.375                     -0.45499999999999996     9.346279278333796
0.385                     -0.45499999999999996     9.351996087122
0.395                     -0.45499999999999996     9.357309714105341
0.405                     -0.45499999999999996     9.36219761297961
0.41500000000000004       -0.45499999999999996     9.366640721518579
0.42500000000000004       -0.45499999999999996     9.370623140123376
0.43500000000000005       -0.45499999999999996     9.374131808001037
0.44499999999999995       -0.45499999999999996     9.377156283486839
0.45499999999999996       -0.45499999999999996     9.379687849562227
0.46499999999999997       -0.45499999999999996     9.381719618816742
0.475                     -0.45499999999999996     9.383247122907147
0.485                     -0.45499999999999996     9.384268101918277
0.495                     -0.45499999999999996     9.384779103225748
-0.495                    -0.44499999999999995     9.249102244845087
-0.485                    -0.44499999999999995     9.24847550595541
-0.475                    -0.44499999999999995     9.247223202501141
-0.46499999999999997      -0.44499999999999995     9.245347621005354
-0.45499999999999996      -0.44499999999999995     9.24285304559954
-0.44499999999999995      -0.44499999999999995     9.2397445889297
-0.43500000000000005      -0.44499999999999995     9.236031366536851
-0.42500000000000004      -0.44499999999999995     9.231720621000012
-0.41500000000000004      -0.44499999999999995     9.226825832271794
-0.405                    -0.44499999999999995     9.221362456606435
-0.395                    -0.44499999999999995     9.215349105443947
-0.385                    -0.44499999999999995     9.208808373634
-0.375                    -0.44499999999999995     9.20176730034188
-0.365                    -0.44499999999999995     9.194257649344351
-0.355                    -0.44499999999999995     9.186316285552557
-0.345                    -0.44499999999999995     9.177985375067603
-0.33499999999999996      -0.44499999999999995     9.169312429455767
-0.32499999999999996      -0.44499999999999995     9.16035015936507
-0.31499999999999995      -0.44499999999999995     9.151156092376223
-0.30499999999999994      -0.44499999999999995     9.141791927727114
-0.29500000000000004      -0.44499999999999995     9.132322621419553
-0.28500000000000003      -0.44499999999999995     9.122815216997083
-0.275                    -0.44499999999999995     9.11333745396185
-0.265                    -0.44499999999999995     9.10395622794382
-0.255                    -0.44499999999999995     9.094735998116889
-0.245                    -0.44499999999999995     9.085737224204955
-0.235                    -0.44499999999999995     9.077014934640994
-0.22499999999999998      -0.44499999999999995     9.068617574730256
-0.21500000000000005      -0.44499999999999995     9.060586132482552
-0.20500000000000004      -0.44499999999999995     9.052953631263584
-0.19500000000000003      -0.44499999999999995     9.045745028229428
-0.18500000000000003      -0.44499999999999995     9.03897740322772
-0.17500000000000002      -0.44499999999999995     9.032660464070275
-0.165                    -0.44499999999999995     9.026797314908745
-0.15500000000000003      -0.44499999999999995     9.021385324181894
-0.14500000000000002      -0.44499999999999995     9.016417102312014
-0.135                    -0.44499999999999995     9.011881514258478
-0.125                    -0.44499999999999995     9.007764639911294
-0.11499999999999999      -0.44499999999999995     9.00405066009426
-0.10499999999999998      -0.44499999999999995     9.000722676209554
-0.09499999999999997      -0.44499999999999995     8.997763403929056
-0.08499999999999999      -0.44499999999999995     8.995155760309903
-0.07499999999999998      -0.44499999999999995     8.992883358317329
-0.06499999999999997      -0.44499999999999995     8.990930900783129
-0.054999999999999966     -0.44499999999999995     8.98928448610154
-0.04499999999999996      -0.44499999999999995     8.987931854802735
-0.03499999999999995      -0.44499999999999995     8.986862569157818
-0.025000000000000022     -0.44499999999999995     8.986068143373672
-0.015000000000000013     -0.44499999999999995     8.985542141965476
-0.0050000000000000044    -0.44499999999999995     8.98528024146166
0.0050000000000000044     -0.44499999999999995     8.985280271090861
0.015000000000000013      -0.44499999999999995     8.98554223153955
0.025000000000000022      -0.44499999999999995     8.986068293357993
0.03500000000000003       -0.44499999999999995     8.986862780581516
0.04500000000000004       -0.44499999999999995     8.987932129952041
0.05500000000000005       -0.44499999999999995     8.98928482680198
0.06499999999999995       -0.44499999999999995     8.99093131004244
0.07499999999999996       -0.44499999999999995     8.992883839757651
0.08499999999999996       -0.44499999999999995     8.995156315593507
0.09499999999999997       -0.44499999999999995     8.99776403568775
0.10499999999999998       -0.44499999999999995     9.000723388061967
0.11499999999999999       -0.44499999999999995     9.004051452911387
0.125                     -0.44499999999999995     9.007765516462236
0.135                     -0.44499999999999995     9.011882479113064
0.14500000000000002       -0.44499999999999995     9.016418153027407
0.15500000000000003       -0.44499999999999995     9.021386456111134
0.16500000000000004       -0.44499999999999995     9.026798530168657
0.17500000000000004       -0.44499999999999995     9.032661746058558
0.18500000000000005       -0.44499999999999995     9.038978746068002
0.19499999999999995       -0.44499999999999995     9.045746424315015
0.20499999999999996       -0.44499999999999995     9.052955069721605
0.21499999999999997       -0.44499999999999995     9.060587600622375
0.22499999999999998       -0.44499999999999995     9.068619061020739
0.235                     -0.44499999999999995     9.077016423574978
0.245                     -0.44499999999999995     9.085738702238995
0.255                     -0.44499999999999995     9.094737453802045
0.265                     -0.44499999999999995     9.103957639329007
0.275                     -0.44499999999999995     9.11333881044903
0.28500000000000003       -0.44499999999999995     9.122816510124876
0.29500000000000004       -0.44499999999999995     9.132323832702207
0.30500000000000005       -0.44499999999999995     9.14179305376985
0.31499999999999995       -0.44499999999999995     9.151157129541684
0.32499999999999996       -0.44499999999999995     9.160351105937679
0.33499999999999996       -0.44499999999999995     9.16931328462521
0.345                     -0.44499999999999995     9.177986139086194
0.355                     -0.44499999999999995     9.186316959800767
0.365                     -0.44499999999999995     9.194258240984448
0.375                     -0.44499999999999995     9.201767819001295
0.385                     -0.44499999999999995     9.208808831232755
0.395                     -0.44499999999999995     9.21534949825676
0.405                     -0.44499999999999995     9.221362807951113
0.41500000000000004       -0.44499999999999995     9.226826113707643
0.42500000000000004       -0.44499999999999995     9.23172071867171
0.43500000000000005       -0.44499999999999995     9.236031160358028
0.44499999999999995       -0.44499999999999995     9.239745447014243
0.45499999999999996       -0.44499999999999995     9.24285357808615
0.46499999999999997       -0.44499999999999995     9.245347999660252
0.475                     -0.44499999999999995     9.247222689634372
0.485                     -0.44499999999999995     9.248475453230615
0.495                     -0.44499999999999995     9.24910227145639
-0.495                    -0.43500000000000005     9.114052400077778
-0.485                    -0.43500000000000005     9.113308591842483
-0.475                    -0.43500000000000005     9.111822199767515
-0.46499999999999997      -0.43500000000000005     9.10959575231496
-0.45499999999999996      -0.43500000000000005     9.106633852592376
-0.44499999999999995      -0.43500000000000005     9.102941723868144
-0.43500000000000005      -0.43500000000000005     9.098528357756074
-0.42500000000000004      -0.43500000000000005     9.09340408592531
-0.41500000000000004      -0.43500000000000005     9.087582069201112
-0.405                    -0.43500000000000005     9.081079928200761
-0.395                    -0.43500000000000005     9.073918633311349
-0.385                    -0.43500000000000005     9.066123905255202
-0.375                    -0.43500000000000005     9.057726850220131
-0.365                    -0.43500000000000005     9.048764342357291
-0.355                    -0.43500000000000005     9.03927955563581
-0.345                    -0.43500000000000005     9.029322309050128
-0.33499999999999996      -0.43500000000000005     9.018949192778637
-0.32499999999999996      -0.43500000000000005     9.008223451240271
-0.31499999999999995      -0.43500000000000005     8.997214589939182
-0.30499999999999994      -0.43500000000000005     8.98599762415079
-0.29500000000000004      -0.43500000000000005     8.974651980574633
-0.28500000000000003      -0.43500000000000005     8.96326000598196
-0.275                    -0.43500000000000005     8.951905185434573
-0.265                    -0.43500000000000005     8.94067010367788
-0.255                    -0.43500000000000005     8.929634335706538
-0.245                    -0.43500000000000005     8.918872496699638
-0.235                    -0.43500000000000005     8.908452214726168
-0.22499999999999998      -0.43500000000000005     8.89843262588245
-0.21500000000000005      -0.43500000000000005     8.888863361651456
-0.20500000000000004      -0.43500000000000005     8.879783806826248
-0.19500000000000003      -0.43500000000000005     8.871223016242501
-0.18500000000000003      -0.43500000000000005     8.863200154235537
-0.17500000000000002      -0.43500000000000005     8.855725111606366
-0.165                    -0.43500000000000005     8.848799586762903
-0.15500000000000003      -0.43500000000000005     8.842418331084108
-0.14500000000000002      -0.43500000000000005     8.836570410791591
-0.135                    -0.43500000000000005     8.831240477574799
-0.125                    -0.43500000000000005     8.826410060760765
-0.11499999999999999      -0.43500000000000005     8.822058611086648
-0.10499999999999998      -0.43500000000000005     8.818164533789512
-0.09499999999999997      -0.43500000000000005     8.814706006946023
-0.08499999999999999      -0.43500000000000005     8.811661669748082
-0.07499999999999998      -0.43500000000000005     8.809011195957149
-0.06499999999999997      -0.43500000000000005     8.806735752244585
-0.054999999999999966     -0.43500000000000005     8.804818308644746
-0.04499999999999996      -0.43500000000000005     8.803243918937577
-0.03499999999999995      -0.43500000000000005     8.801999909309846
-0.025000000000000022     -0.43500000000000005     8.801075999126873
-0.015000000000000013     -0.43500000000000005     8.800464420917212
-0.0050000000000000044    -0.43500000000000005     8.800159957141561
0.0050000000000000044     -0.43500000000000005     8.800159988959916
0.015000000000000013      -0.43500000000000005     8.800464523676826
0.025000000000000022      -0.43500000000000005     8.801076172690847
0.03500000000000003       -0.43500000000000005     8.80200015110335
0.04500000000000004       -0.43500000000000005     8.803244234365383
0.05500000000000005       -0.43500000000000005     8.804818698979428
0.06499999999999995       -0.43500000000000005     8.806736222079401
0.07499999999999996       -0.43500000000000005     8.809011748456376
0.08499999999999996       -0.43500000000000005     8.811662305559276
0.09499999999999997       -0.43500000000000005     8.814706734943336
0.10499999999999998       -0.43500000000000005     8.818165362092573
0.11499999999999999       -0.43500000000000005     8.822059544941274
0.125                     -0.43500000000000005     8.826411092899484
0.135                     -0.43500000000000005     8.831241602404875
0.14500000000000002       -0.43500000000000005     8.836571624183248
0.15500000000000003       -0.43500000000000005     8.84241964901921
0.16500000000000004       -0.43500000000000005     8.848801002789884
0.17500000000000004       -0.43500000000000005     8.855726635776092
0.18500000000000005       -0.43500000000000005     8.863201793634806
0.19499999999999995       -0.43500000000000005     8.871224762140725
0.20499999999999996       -0.43500000000000005     8.879785609863589
0.21499999999999997       -0.43500000000000005     8.888865211118924
0.22499999999999998       -0.43500000000000005     8.898434501310007
0.235                     -0.43500000000000005     8.908454067056029
0.245                     -0.43500000000000005     8.918874352555525
0.255                     -0.43500000000000005     8.929636139476655
0.265                     -0.43500000000000005     8.940671837697463
0.275                     -0.43500000000000005     8.95190684763957
0.28500000000000003       -0.43500000000000005     8.96326156879072
0.29500000000000004       -0.43500000000000005     8.97465342248595
0.30500000000000005       -0.43500000000000005     8.985998939627192
0.31499999999999995       -0.43500000000000005     8.99721578575067
0.32499999999999996       -0.43500000000000005     9.008224540929849
0.33499999999999996       -0.43500000000000005     9.01895018105573
0.345                     -0.43500000000000005     9.029323200666392
0.355                     -0.43500000000000005     9.039280355514803
0.365                     -0.43500000000000005     9.048765038496208
0.375                     -0.43500000000000005     9.057727428313639
0.385                     -0.43500000000000005     9.066124349182491
0.395                     -0.43500000000000005     9.073918922367158
0.405                     -0.43500000000000005     9.081080101741337
0.41500000000000004       -0.43500000000000005     9.087582009449843
0.42500000000000004       -0.43500000000000005     9.093403308132181
0.43500000000000005       -0.43500000000000005     9.098527741145908
0.44499999999999995       -0.43500000000000005     9.102942052242417
0.45499999999999996       -0.43500000000000005     9.106633967436789
0.46499999999999997       -0.43500000000000005     9.109595945211101
0.475                     -0.43500000000000005     9.111821924875805
0.485                     -0.43500000000000005     9.113308561897965
0.495                     -0.43500000000000005     9.11405242322222
-0.495                    -0.42500000000000004     8.979746620535526
-0.485                    -0.42500000000000004     8.978884465326168
-0.475                    -0.42500000000000004     8.97716137645695
-0.46499999999999997      -0.42500000000000004     8.97457986701045
-0.45499999999999996      -0.42500000000000004     8.971144590726649
-0.44499999999999995      -0.42500000000000004     8.966860589964044
-0.43500000000000005      -0.42500000000000004     8.961737661599619
-0.42500000000000004      -0.42500000000000004     8.955786710126542
-0.41500000000000004      -0.42500000000000004     8.94902042461226
-0.405                    -0.42500000000000004     8.94145856196015
-0.395                    -0.42500000000000004     8.933123503963124
-0.385                    -0.42500000000000004     8.924043725487989
-0.375                    -0.42500000000000004     8.91425376091198
-0.365                    -0.42500000000000004     8.903795161185142
-0.355                    -0.42500000000000004     8.892717101941667
-0.345                    -0.42500000000000004     8.881076886874668
-0.33499999999999996      -0.42500000000000004     8.868940227928164
-0.32499999999999996      -0.42500000000000004     8.856381285942687
-0.31499999999999995      -0.42500000000000004     8.843482297090153
-0.30499999999999994      -0.42500000000000004     8.830332720833143
-0.29500000000000004      -0.42500000000000004     8.817027947710969
-0.28500000000000003      -0.42500000000000004     8.803667463176621
-0.275                    -0.42500000000000004     8.790352462222627
-0.265                    -0.42500000000000004     8.777183313060805
-0.255                    -0.42500000000000004     8.764256955235767
-0.245                    -0.42500000000000004     8.75166398510762
-0.235                    -0.42500000000000004     8.739486184193021
-0.22499999999999998      -0.42500000000000004     8.727794648069123
-0.21500000000000005      -0.42500000000000004     8.716648057005647
-0.20500000000000004      -0.42500000000000004     8.706092395052623
-0.19500000000000003      -0.42500000000000004     8.696160358624722
-0.18500000000000003      -0.42500000000000004     8.686872524840416
-0.17500000000000002      -0.42500000000000004     8.67823782258164
-0.165                    -0.42500000000000004     8.670255408498502
-0.15500000000000003      -0.42500000000000004     8.662916095041679
-0.14500000000000002      -0.42500000000000004     8.656204131908442
-0.135                    -0.42500000000000004     8.650098610508829
-0.125                    -0.42500000000000004     8.644575475984766
-0.11499999999999999      -0.42500000000000004     8.639608376809067
-0.10499999999999998      -0.42500000000000004     8.635170222151826
-0.09499999999999997      -0.42500000000000004     8.631233942204252
-0.08499999999999999      -0.42500000000000004     8.627773394591111
-0.07499999999999998      -0.42500000000000004     8.62476378065384
-0.06499999999999997      -0.42500000000000004     8.62218247414133
-0.054999999999999966     -0.42500000000000004     8.620009004053486
-0.04499999999999996      -0.42500000000000004     8.618225584748659
-0.03499999999999995      -0.42500000000000004     8.616817177207254
-0.025000000000000022     -0.42500000000000004     8.615771577529044
-0.015000000000000013     -0.42500000000000004     8.615079655510383
-0.0050000000000000044    -0.42500000000000004     8.614735269299578
0.0050000000000000044     -0.42500000000000004     8.614735288859809
0.015000000000000013      -0.42500000000000004     8.615079786216846
0.025000000000000022      -0.42500000000000004     8.61577178353834
0.03500000000000003       -0.42500000000000004     8.616817457515191
0.04500000000000004       -0.42500000000000004     8.618225959975804
0.05500000000000005       -0.42500000000000004     8.620009472884616
0.06499999999999995       -0.42500000000000004     8.62218303429165
0.07499999999999996       -0.42500000000000004     8.624764452343408
0.08499999999999996       -0.42500000000000004     8.62777415519828
0.09499999999999997       -0.42500000000000004     8.631234835017516
0.10499999999999998       -0.42500000000000004     8.6351712218007
0.11499999999999999       -0.42500000000000004     8.639609501508534
0.125                     -0.42500000000000004     8.644576684120633
0.135                     -0.42500000000000004     8.650100006021303
0.14500000000000002       -0.42500000000000004     8.656205589338368
0.15500000000000003       -0.42500000000000004     8.66291775605913
0.16500000000000004       -0.42500000000000004     8.670257123002402
0.17500000000000004       -0.42500000000000004     8.678239639311156
0.18500000000000005       -0.42500000000000004     8.686874381122744
0.19499999999999995       -0.42500000000000004     8.696162286642076
0.20499999999999996       -0.42500000000000004     8.706094348655535
0.21499999999999997       -0.42500000000000004     8.716650043522932
0.22499999999999998       -0.42500000000000004     8.727796591347085
0.235                     -0.42500000000000004     8.739488178300494
0.245                     -0.42500000000000004     8.751665890406398
0.255                     -0.42500000000000004     8.764258811059701
0.265                     -0.42500000000000004     8.777185082458015
0.275                     -0.42500000000000004     8.790354131988316
0.28500000000000003       -0.42500000000000004     8.803669080525689
0.29500000000000004       -0.42500000000000004     8.817029508971642
0.30500000000000005       -0.42500000000000004     8.830334189757073
0.31499999999999995       -0.42500000000000004     8.84348366524601
0.32499999999999996       -0.42500000000000004     8.856382556216513
0.33499999999999996       -0.42500000000000004     8.868941392105851
0.345                     -0.42500000000000004     8.881077909238082
0.355                     -0.42500000000000004     8.892718008656395
0.365                     -0.42500000000000004     8.903795955586045
0.375                     -0.42500000000000004     8.9142544653862
0.385                     -0.42500000000000004     8.924044414926332
0.395                     -0.42500000000000004     8.933124251453359
0.405                     -0.42500000000000004     8.941459385478996
0.41500000000000004       -0.42500000000000004     8.949021233081774
0.42500000000000004       -0.42500000000000004     8.95578739664947
0.43500000000000005       -0.42500000000000004     8.961737701696176
0.44499999999999995       -0.42500000000000004     8.96686048073335
0.45499999999999996       -0.42500000000000004     8.971144642983207
0.46499999999999997       -0.42500000000000004     8.97457998840946
0.475                     -0.42500000000000004     8.977161291640845
0.485                     -0.42500000000000004     8.97888445378059
0.495                     -0.42500000000000004     8.979746633797514
-0.495                    -0.41500000000000004     8.846303242830574
-0.485                    -0.41500000000000004     8.845321484291432
-0.475                    -0.41500000000000004     8.843359094461855
-0.46499999999999997      -0.41500000000000004     8.840418349563596
-0.45499999999999996      -0.41500000000000004     8.836503667626458
-0.44499999999999995      -0.41500000000000004     8.831619974638274
-0.43500000000000005      -0.41500000000000004     8.825776145701788
-0.42500000000000004      -0.41500000000000004     8.818982756628127
-0.41500000000000004      -0.41500000000000004     8.811254047120187
-0.405                    -0.41500000000000004     8.802608394450138
-0.395                    -0.41500000000000004     8.793071152839376
-0.385                    -0.41500000000000004     8.782671846586625
-0.375                    -0.41500000000000004     8.771447554180932
-0.365                    -0.41500000000000004     8.759443938989053
-0.355                    -0.41500000000000004     8.74671567141505
-0.345                    -0.41500000000000004     8.733326978323046
-0.33499999999999996      -0.41500000000000004     8.71935278944062
-0.32499999999999996      -0.41500000000000004     8.704878597036547
-0.31499999999999995      -0.41500000000000004     8.690000186662322
-0.30499999999999994      -0.41500000000000004     8.674822913394262
-0.29500000000000004      -0.41500000000000004     8.659459828511658
-0.28500000000000003      -0.41500000000000004     8.644029602540286
-0.275                    -0.41500000000000004     8.628653942705638
-0.265                    -0.41500000000000004     8.613453910219928
-0.255                    -0.41500000000000004     8.598546425203772
-0.245                    -0.41500000000000004     8.584040566526927
-0.235                    -0.41500000000000004     8.570034396661192
-0.22499999999999998      -0.41500000000000004     8.556612128478319
-0.21500000000000005      -0.41500000000000004     8.54384262301548
-0.20500000000000004      -0.41500000000000004     8.53177811883881
-0.19500000000000003      -0.41500000000000004     8.520454788482594
-0.18500000000000003      -0.41500000000000004     8.509893055444044
-0.17500000000000002      -0.41500000000000004     8.500099835667685
-0.165                    -0.41500000000000004     8.491069951794834
-0.15500000000000003      -0.41500000000000004     8.482788582416173
-0.14500000000000002      -0.41500000000000004     8.475233254893148
-0.135                    -0.41500000000000004     8.468376460776884
-0.125                    -0.41500000000000004     8.462186770108998
-0.11499999999999999      -0.41500000000000004     8.456631156875709
-0.10499999999999998      -0.41500000000000004     8.451675989221073
-0.09499999999999997      -0.41500000000000004     8.447288144925617
-0.08499999999999999      -0.41500000000000004     8.443435917153186
-0.07499999999999998      -0.41500000000000004     8.44008990704167
-0.06499999999999997      -0.41500000000000004     8.437223047327164
-0.054999999999999966     -0.41500000000000004     8.434811342507857
-0.04499999999999996      -0.41500000000000004     8.432833911649272
-0.03499999999999995      -0.41500000000000004     8.431273176497625
-0.025000000000000022     -0.41500000000000004     8.43011506719644
-0.015000000000000013     -0.41500000000000004     8.42934892680012
-0.0050000000000000044    -0.41500000000000004     8.428967619320378
0.0050000000000000044     -0.41500000000000004     8.42896768517818
0.015000000000000013      -0.41500000000000004     8.429349043409536
0.025000000000000022      -0.41500000000000004     8.430115285127282
0.03500000000000003       -0.41500000000000004     8.431273505388033
0.04500000000000004       -0.41500000000000004     8.432834345481618
0.05500000000000005       -0.41500000000000004     8.43481187974941
0.06499999999999995       -0.41500000000000004     8.437223683442285
0.07499999999999996       -0.41500000000000004     8.440090642366608
0.08499999999999996       -0.41500000000000004     8.443436774844598
0.09499999999999997       -0.41500000000000004     8.447289090851283
0.10499999999999998       -0.41500000000000004     8.451677096882532
0.11499999999999999       -0.41500000000000004     8.456632403844985
0.125                     -0.41500000000000004     8.462188164246639
0.135                     -0.41500000000000004     8.468377920766578
0.14500000000000002       -0.41500000000000004     8.47523491793595
0.15500000000000003       -0.41500000000000004     8.482790276640337
0.16500000000000004       -0.41500000000000004     8.491071860381862
0.17500000000000004       -0.41500000000000004     8.50010185557128
0.18500000000000005       -0.41500000000000004     8.509895163442382
0.19499999999999995       -0.41500000000000004     8.520456965592736
0.20499999999999996       -0.41500000000000004     8.531780363658664
0.21499999999999997       -0.41500000000000004     8.54384486481917
0.22499999999999998       -0.41500000000000004     8.556614429391447
0.235                     -0.41500000000000004     8.570036624008484
0.245                     -0.41500000000000004     8.584042767871006
0.255                     -0.41500000000000004     8.598548557811057
0.265                     -0.41500000000000004     8.61345597766676
0.275                     -0.41500000000000004     8.628655933394827
0.28500000000000003       -0.41500000000000004     8.644031528901746
0.29500000000000004       -0.41500000000000004     8.659461720206815
0.30500000000000005       -0.41500000000000004     8.674824707924644
0.31499999999999995       -0.41500000000000004     8.69000186188719
0.32499999999999996       -0.41500000000000004     8.704880064039392
0.33499999999999996       -0.41500000000000004     8.719354072131274
0.345                     -0.41500000000000004     8.733328121770512
0.355                     -0.41500000000000004     8.74671662887722
0.365                     -0.41500000000000004     8.759444788174005
0.375                     -0.41500000000000004     8.771448277871357
0.385                     -0.41500000000000004     8.782672417802319
0.395                     -0.41500000000000004     8.79307178990451
0.405                     -0.41500000000000004     8.802609178064495
0.41500000000000004       -0.41500000000000004     8.811254067775678
0.42500000000000004       -0.41500000000000004     8.818982684608518
0.43500000000000005       -0.41500000000000004     8.82577617766311
0.44499999999999995       -0.41500000000000004     8.831619675702036
0.45499999999999996       -0.41500000000000004     8.836503674126625
0.46499999999999997       -0.41500000000000004     8.840418438594643
0.475                     -0.41500000000000004     8.843359037235176
0.485                     -0.41500000000000004     8.845321472938359
0.495                     -0.41500000000000004     8.846303238309803
-0.495                    -0.405                   8.713841843653189
-0.485                    -0.405                   8.712739339958123
-0.475                    -0.405                   8.710535243885515
-0.46499999999999997      -0.405                   8.707231417243863
-0.45499999999999996      -0.405                   8.702831593921884
-0.44499999999999995      -0.405                   8.697340105246377
-0.43500000000000005      -0.405                   8.690764703766014
-0.42500000000000004      -0.405                   8.683115626174674
-0.41500000000000004      -0.405                   8.674405693392787
-0.405                    -0.405                   8.664654913084819
-0.395                    -0.405                   8.65388638642871
-0.385                    -0.405                   8.642130863015426
-0.375                    -0.405                   8.629427309192769
-0.365                    -0.405                   8.615824685550683
-0.355                    -0.405                   8.60138089702321
-0.345                    -0.405                   8.586168347252508
-0.33499999999999996      -0.405                   8.570270723059542
-0.32499999999999996      -0.405                   8.553784889981536
-0.31499999999999995      -0.405                   8.536821028371238
-0.30499999999999994      -0.405                   8.519501729682396
-0.29500000000000004      -0.405                   8.501959101654572
-0.28500000000000003      -0.405                   8.484336871972523
-0.275                    -0.405                   8.46677829744592
-0.265                    -0.405                   8.44942924714095
-0.255                    -0.405                   8.432430304896837
-0.245                    -0.405                   8.415912474919889
-0.235                    -0.405                   8.399992740692248
-0.22499999999999998      -0.405                   8.384770531355347
-0.21500000000000005      -0.405                   8.370325412122277
-0.20500000000000004      -0.405                   8.356716132255265
-0.19500000000000003      -0.405                   8.343980948737125
-0.18500000000000003      -0.405                   8.33213906812835
-0.17500000000000002      -0.405                   8.321192924992879
-0.165                    -0.405                   8.31113091887551
-0.15500000000000003      -0.405                   8.301930280339063
-0.14500000000000002      -0.405                   8.293560093884873
-0.135                    -0.405                   8.285983695751515
-0.125                    -0.405                   8.279161150550467
-0.11499999999999999      -0.405                   8.273051113061081
-0.10499999999999998      -0.405                   8.267612287383935
-0.09499999999999997      -0.405                   8.26280475385724
-0.08499999999999999      -0.405                   8.258590775916673
-0.07499999999999998      -0.405                   8.254935483493732
-0.06499999999999997      -0.405                   8.251807311133229
-0.054999999999999966     -0.405                   8.249178373816859
-0.04499999999999996      -0.405                   8.247024576637822
-0.03499999999999995      -0.405                   8.245325759031036
-0.025000000000000022     -0.405                   8.244065799158648
-0.015000000000000013     -0.405                   8.243232566945487
-0.0050000000000000044    -0.405                   8.242818006680151
0.0050000000000000044     -0.405                   8.242818064935094
0.015000000000000013      -0.405                   8.243232750903106
0.025000000000000022      -0.405                   8.244066106610038
0.03500000000000003       -0.405                   8.245326197505666
0.04500000000000004       -0.405                   8.247025140833504
0.05500000000000005       -0.405                   8.249179079688874
0.06499999999999995       -0.405                   8.251808165551154
0.07499999999999996       -0.405                   8.254936480062367
0.08499999999999996       -0.405                   8.258591937103517
0.09499999999999997       -0.405                   8.262806082642198
0.10499999999999998       -0.405                   8.267613784842741
0.11499999999999999       -0.405                   8.273052775162704
0.125                     -0.405                   8.27916300097212
0.135                     -0.405                   8.285985712086813
0.14500000000000002       -0.405                   8.293562277088867
0.15500000000000003       -0.405                   8.301932631395303
0.16500000000000004       -0.405                   8.31113337762082
0.17500000000000004       -0.405                   8.321195490117846
0.18500000000000005       -0.405                   8.332141704699742
0.19499999999999995       -0.405                   8.343983607199016
0.20499999999999996       -0.405                   8.356718770461079
0.21499999999999997       -0.405                   8.370327986651635
0.22499999999999998       -0.405                   8.38477297875948
0.235                     -0.405                   8.399995019864694
0.245                     -0.405                   8.415914547003199
0.255                     -0.405                   8.432432165190788
0.265                     -0.405                   8.449430957006063
0.275                     -0.405                   8.46677993059267
0.28500000000000003       -0.405                   8.484338432326222
0.29500000000000004       -0.405                   8.50196130880638
0.30500000000000005       -0.405                   8.519503500574846
0.31499999999999995       -0.405                   8.53682260975378
0.32499999999999996       -0.405                   8.553786461806032
0.33499999999999996       -0.405                   8.570272159551545
0.345                     -0.405                   8.586169592446042
0.355                     -0.405                   8.601381877046263
0.365                     -0.405                   8.615825590309367
0.375                     -0.405                   8.629428164188955
0.385                     -0.405                   8.642131755947897
0.395                     -0.405                   8.653887573818395
0.405                     -0.405                   8.664656032515266
0.41500000000000004       -0.405                   8.674405981672455
0.42500000000000004       -0.405                   8.683115427945994
0.43500000000000005       -0.405                   8.690764741518525
0.44499999999999995       -0.405                   8.697339995534115
0.45499999999999996       -0.405                   8.702831602132896
0.46499999999999997       -0.405                   8.707231470523286
0.475                     -0.405                   8.710535192747033
0.485                     -0.405                   8.712739309254564
0.495                     -0.405                   8.713841811903588
-0.495                    -0.395                   8.582483121593466
-0.485                    -0.395                   8.581258960417697
-0.475                    -0.395                   8.578811206736512
-0.46499999999999997      -0.395                   8.575141073155265
-0.45499999999999996      -0.395                   8.570251155375244
-0.44499999999999995      -0.395                   8.564144748385612
-0.43500000000000005      -0.395                   8.556827831885718
-0.42500000000000004      -0.395                   8.548309179910596
-0.41500000000000004      -0.395                   8.538599911973082
-0.405                    -0.395                   8.527718838621668
-0.395                    -0.395                   8.51568704662869
-0.385                    -0.395                   8.502535087520409
-0.375                    -0.395                   8.48830337210749
-0.365                    -0.395                   8.473042422023573
-0.355                    -0.395                   8.456813034772141
-0.345                    -0.395                   8.439693634822005
-0.33499999999999996      -0.395                   8.421775758862518
-0.32499999999999996      -0.395                   8.403168196036921
-0.31499999999999995      -0.395                   8.383996314126266
-0.30499999999999994      -0.395                   8.364402821254048
-0.29500000000000004      -0.395                   8.344541677497693
-0.28500000000000003      -0.395                   8.324580651609518
-0.275                    -0.395                   8.304692677354634
-0.265                    -0.395                   8.285053615447124
-0.255                    -0.395                   8.265832208851535
-0.245                    -0.395                   8.247185646576305
-0.235                    -0.395                   8.229253292689693
-0.22499999999999998      -0.395                   8.212151982486366
-0.21500000000000005      -0.395                   8.195973028940038
-0.20500000000000004      -0.395                   8.180781200713904
-0.19500000000000003      -0.395                   8.166615517928904
-0.18500000000000003      -0.395                   8.153491481500595
-0.17500000000000002      -0.395                   8.141404424263488
-0.165                    -0.395                   8.130333306039033
-0.15500000000000003      -0.395                   8.120244642835619
-0.14500000000000002      -0.395                   8.111096195107582
-0.135                    -0.395                   8.102840203664812
-0.125                    -0.395                   8.095426115866458
-0.11499999999999999      -0.395                   8.088802800443869
-0.10499999999999998      -0.395                   8.082920210267385
-0.09499999999999997      -0.395                   8.077730634389544
-0.08499999999999999      -0.395                   8.073189589388885
-0.07499999999999998      -0.395                   8.069256432627306
-0.06499999999999997      -0.395                   8.065894736991575
-0.054999999999999966     -0.395                   8.063072523414867
-0.04499999999999996      -0.395                   8.06076238543987
-0.03499999999999995      -0.395                   8.058941518663627
-0.025000000000000022     -0.395                   8.057591735145083
-0.015000000000000013     -0.395                   8.056699427704226
-0.0050000000000000044    -0.395                   8.056255549796537
0.0050000000000000044     -0.395                   8.056255586675071
0.015000000000000013      -0.395                   8.05669953483811
0.025000000000000022      -0.395                   8.057591913762417
0.03500000000000003       -0.395                   8.058941774663731
0.04500000000000004       -0.395                   8.060762721820291
0.05500000000000005       -0.395                   8.063072945193635
0.06499999999999995       -0.395                   8.065895252821623
0.07499999999999996       -0.395                   8.069257054435386
0.08499999999999996       -0.395                   8.073190329013569
0.09499999999999997       -0.395                   8.077731504682072
0.10499999999999998       -0.395                   8.08292122823235
0.11499999999999999       -0.395                   8.088803981392966
0.125                     -0.395                   8.095427475073432
0.135                     -0.395                   8.10284175792782
0.14500000000000002       -0.395                   8.111097969893367
0.15500000000000003       -0.395                   8.120246653314139
0.16500000000000004       -0.395                   8.130335566608307
0.17500000000000004       -0.395                   8.141406954735343
0.18500000000000005       -0.395                   8.153494305968604
0.19499999999999995       -0.395                   8.16661865318387
0.20499999999999996       -0.395                   8.180784640613053
0.21499999999999997       -0.395                   8.195976733096263
0.22499999999999998       -0.395                   8.212155926126087
0.235                     -0.395                   8.229257386256613
0.245                     -0.395                   8.247189794203042
0.255                     -0.395                   8.265836307912728
0.265                     -0.395                   8.285057545299342
0.275                     -0.395                   8.30469657126585
0.28500000000000003       -0.395                   8.32458246731348
0.29500000000000004       -0.395                   8.34454351343201
0.30500000000000005       -0.395                   8.364404192490657
0.31499999999999995       -0.395                   8.383998198286717
0.32499999999999996       -0.395                   8.40317009344426
0.33499999999999996       -0.395                   8.421777422109107
0.345                     -0.395                   8.439695192809193
0.355                     -0.395                   8.456814242556382
0.365                     -0.395                   8.473043313245196
0.375                     -0.395                   8.488304187657725
0.385                     -0.395                   8.50253574737906
0.395                     -0.395                   8.515687234755827
0.405                     -0.395                   8.527718875842098
0.41500000000000004       -0.395                   8.538600281204303
0.42500000000000004       -0.395                   8.548308970677304
0.43500000000000005       -0.395                   8.556827895987604
0.44499999999999995       -0.395                   8.564144670421532
0.45499999999999996       -0.395                   8.570251154304248
0.46499999999999997       -0.395                   8.57514107535039
0.475                     -0.395                   8.578811146967661
0.485                     -0.395                   8.58125889777676
0.495                     -0.395                   8.582483052262447
-0.495                    -0.385                   8.452348666122527
-0.485                    -0.385                   8.451002289538714
-0.475                    -0.385                   8.44830962979579
-0.46499999999999997      -0.385                   8.444270961340534
-0.45499999999999996      -0.385                   8.43888730655004
-0.44499999999999995      -0.385                   8.432160324304848
-0.43500000000000005      -0.385                   8.424093604073757
-0.42500000000000004      -0.385                   8.414693319166895
-0.41500000000000004      -0.385                   8.403968207635105
-0.405                    -0.385                   8.391933910920097
-0.395                    -0.385                   8.378608760596714
-0.385                    -0.385                   8.36402153075723
-0.375                    -0.385                   8.34821287833845
-0.365                    -0.385                   8.331231725180693
-0.355                    -0.385                   8.313140506092585
-0.345                    -0.385                   8.294020262470442
-0.33499999999999996      -0.385                   8.273972783006169
-0.32499999999999996      -0.385                   8.253117750675646
-0.31499999999999995      -0.385                   8.231598491763986
-0.30499999999999994      -0.385                   8.20957206642837
-0.29500000000000004      -0.385                   8.187224340709118
-0.28500000000000003      -0.385                   8.164749446731468
-0.275                    -0.385                   8.142357338793381
-0.265                    -0.385                   8.120257335080826
-0.255                    -0.385                   8.098654311850202
-0.245                    -0.385                   8.077737990669352
-0.235                    -0.385                   8.057674958474777
-0.22499999999999998      -0.385                   8.038602457468102
-0.21500000000000005      -0.385                   8.020624660467217
-0.20500000000000004      -0.385                   8.00381158513969
-0.19500000000000003      -0.385                   7.988200402840973
-0.18500000000000003      -0.385                   7.973799581280606
-0.17500000000000002      -0.385                   7.960593602509284
-0.165                    -0.385                   7.948547751657542
-0.15500000000000003      -0.385                   7.9376142360952295
-0.14500000000000002      -0.385                   7.927736084206421
-0.135                    -0.385                   7.9188517132941705
-0.125                    -0.385                   7.910897810023993
-0.11499999999999999      -0.385                   7.90381178463276
-0.10499999999999998      -0.385                   7.897533536194702
-0.09499999999999997      -0.385                   7.892006714595051
-0.08499999999999999      -0.385                   7.887179517299136
-0.07499999999999998      -0.385                   7.883005148112422
-0.06499999999999997      -0.385                   7.8794420736449595
-0.054999999999999966     -0.385                   7.876454143741963
-0.04499999999999996      -0.385                   7.874010587077062
-0.03499999999999995      -0.385                   7.87208595320534
-0.025000000000000022     -0.385                   7.870660029686114
-0.015000000000000013     -0.385                   7.869717752480042
-0.0050000000000000044    -0.385                   7.869249127772173
0.0050000000000000044     -0.385                   7.8692491741079005
0.015000000000000013      -0.385                   7.869717891826596
0.025000000000000022      -0.385                   7.870660264049873
0.03500000000000003       -0.385                   7.872086286316901
0.04500000000000004       -0.385                   7.874011023798359
0.05500000000000005       -0.385                   7.876454690317447
0.06499999999999995       -0.385                   7.8794427377033776
0.07499999999999996       -0.385                   7.883005938678241
0.08499999999999996       -0.385                   7.887180443807855
0.09499999999999997       -0.385                   7.892007779974546
0.10499999999999998       -0.385                   7.897534748053285
0.11499999999999999       -0.385                   7.903813165290516
0.125                     -0.385                   7.91089938079827
0.135                     -0.385                   7.918853472681935
0.14500000000000002       -0.385                   7.92773803447614
0.15500000000000003       -0.385                   7.937616392085701
0.16500000000000004       -0.385                   7.948550194634909
0.17500000000000004       -0.385                   7.960596270141424
0.18500000000000005       -0.385                   7.973802587657198
0.19499999999999995       -0.385                   7.988203565636792
0.20499999999999996       -0.385                   8.003814863887463
0.21499999999999997       -0.385                   8.020628316837177
0.22499999999999998       -0.385                   8.03860633673736
0.235                     -0.385                   8.057678982366497
0.245                     -0.385                   8.077742229695307
0.255                     -0.385                   8.098658701257932
0.265                     -0.385                   8.12026152865948
0.275                     -0.385                   8.142361054066455
0.28500000000000003       -0.385                   8.16475219143891
0.29500000000000004       -0.385                   8.1872268649314
0.30500000000000005       -0.385                   8.209573857591932
0.31499999999999995       -0.385                   8.231599095222952
0.32499999999999996       -0.385                   8.25312010405607
0.33499999999999996       -0.385                   8.27397465526937
0.345                     -0.385                   8.294021878169097
0.355                     -0.385                   8.313141865400215
0.365                     -0.385                   8.331232049455695
0.375                     -0.385                   8.348213379747483
0.385                     -0.385                   8.364022563983374
0.395                     -0.385                   8.378609034078233
0.405                     -0.385                   8.391934168287458
0.41500000000000004       -0.385                   8.403968503424869
0.42500000000000004       -0.385                   8.41469324304323
0.43500000000000005       -0.385                   8.424093639398107
0.44499999999999995       -0.385                   8.432160256372475
0.45499999999999996       -0.385                   8.438887275167884
0.46499999999999997       -0.385                   8.444270915033686
0.475                     -0.385                   8.448309533120643
0.485                     -0.385                   8.451002181482828
0.495                     -0.385                   8.452348549043577
-0.495                    -0.375                   8.323560600840672
-0.485                    -0.375                   8.32209194323459
-0.475                    -0.375                   8.319154105007724
-0.46499999999999997      -0.375                   8.314746116047827
-0.45499999999999996      -0.375                   8.308866945526965
-0.44499999999999995      -0.375                   8.301516002137882
-0.43500000000000005      -0.375                   8.292693686530136
-0.42500000000000004      -0.375                   8.282402559092812
-0.41500000000000004      -0.375                   8.270647659024075
-0.405                    -0.375                   8.257440096465702
-0.395                    -0.375                   8.242794184634587
-0.385                    -0.375                   8.226736400896206
-0.375                    -0.375                   8.209299246635249
-0.365                    -0.375                   8.190531379107492
-0.355                    -0.375                   8.170498250207284
-0.345                    -0.375                   8.14928173897505
-0.33499999999999996      -0.375                   8.126986513931335
-0.32499999999999996      -0.375                   8.103742380177177
-0.31499999999999995      -0.375                   8.079706136399441
-0.30499999999999994      -0.375                   8.05506778481638
-0.29500000000000004      -0.375                   8.030032959869375
-0.28500000000000003      -0.375                   8.004836344053562
-0.275                    -0.375                   7.979728361444879
-0.265                    -0.375                   7.9549632821005485
-0.255                    -0.375                   7.930789086278667
-0.245                    -0.375                   7.907436237572312
-0.235                    -0.375                   7.885105184319286
-0.22499999999999998      -0.375                   7.863957691342497
-0.21500000000000005      -0.375                   7.8441116146099805
-0.20500000000000004      -0.375                   7.825640246536174
-0.19500000000000003      -0.375                   7.808575839403145
-0.18500000000000003      -0.375                   7.79291471831713
-0.17500000000000002      -0.375                   7.778624517934768
-0.165                    -0.375                   7.765652339231861
-0.15500000000000003      -0.375                   7.753930846969243
-0.14500000000000002      -0.375                   7.7433847818136625
-0.135                    -0.375                   7.73393542243544
-0.125                    -0.375                   7.72550427313403
-0.11499999999999999      -0.375                   7.718015513379993
-0.10499999999999998      -0.375                   7.711397815706098
-0.09499999999999997      -0.375                   7.705585432120813
-0.08499999999999999      -0.375                   7.70051875826554
-0.07499999999999998      -0.375                   7.69614456347863
-0.06499999999999997      -0.375                   7.692416131183671
-0.054999999999999966     -0.375                   7.689293140950013
-0.04499999999999996      -0.375                   7.6867415188084385
-0.03499999999999995      -0.375                   7.684733249866336
-0.025000000000000022     -0.375                   7.683246189265134
-0.015000000000000013     -0.375                   7.682263891921143
-0.0050000000000000044    -0.375                   7.681775475139419
0.0050000000000000044     -0.375                   7.6817755225110185
0.015000000000000013      -0.375                   7.682264034722664
0.025000000000000022      -0.375                   7.6832464297228436
0.03500000000000003       -0.375                   7.684733591796164
0.04500000000000004       -0.375                   7.686741967432791
0.05500000000000005       -0.375                   7.689293703151848
0.06499999999999995       -0.375                   7.692416815646055
0.07499999999999996       -0.375                   7.696145380946738
0.08499999999999996       -0.375                   7.700519721647114
0.09499999999999997       -0.375                   7.705586561620295
0.10499999999999998       -0.375                   7.711399105662779
0.11499999999999999       -0.375                   7.718016981477984
0.125                     -0.375                   7.725505963244074
0.135                     -0.375                   7.733937381482632
0.14500000000000002       -0.375                   7.743386934176745
0.15500000000000003       -0.375                   7.753933271795203
0.16500000000000004       -0.375                   7.765655035211476
0.17500000000000004       -0.375                   7.778627526311713
0.18500000000000005       -0.375                   7.792917941122206
0.19499999999999995       -0.375                   7.808579490790644
0.20499999999999996       -0.375                   7.825644334450808
0.21499999999999997       -0.375                   7.844115905920776
0.22499999999999998       -0.375                   7.86396225696696
0.235                     -0.375                   7.885110000428326
0.245                     -0.375                   7.907441257169337
0.255                     -0.375                   7.930794189732926
0.265                     -0.375                   7.954968463334724
0.275                     -0.375                   7.979733589501938
0.28500000000000003       -0.375                   8.004840525194972
0.29500000000000004       -0.375                   8.030036123793627
0.30500000000000005       -0.375                   8.055069981736532
0.31499999999999995       -0.375                   8.079710500696525
0.32499999999999996       -0.375                   8.10374482364209
0.33499999999999996       -0.375                   8.126988020677846
0.345                     -0.375                   8.149282915034409
0.355                     -0.375                   8.17049903947049
0.365                     -0.375                   8.190532840345261
0.375                     -0.375                   8.20930001962854
0.385                     -0.375                   8.226736200584277
0.395                     -0.375                   8.242794770462696
0.405                     -0.375                   8.25744038719695
0.41500000000000004       -0.375                   8.270647868978338
0.42500000000000004       -0.375                   8.282402566588202
0.43500000000000005       -0.375                   8.29269367662017
0.44499999999999995       -0.375                   8.301515928545447
0.45499999999999996       -0.375                   8.308866865100075
0.46499999999999997       -0.375                   8.314746010591637
0.475                     -0.375                   8.319153956643587
0.485                     -0.375                   8.32209177815155
0.495                     -0.375                   8.323560425520231
-0.495                    -0.365                   8.196241089105069
-0.485                    -0.365                   8.194650724717924
-0.475                    -0.365                   8.19146870933666
-0.46499999999999997      -0.365                   8.18669251444254
-0.45499999999999996      -0.365                   8.180318542110601
-0.44499999999999995      -0.365                   8.172343339256027
-0.43500000000000005      -0.365                   8.162763167004286
-0.42500000000000004      -0.365                   8.151575933845475
-0.41500000000000004      -0.365                   8.138781558608438
-0.405                    -0.365                   8.124385417639331
-0.395                    -0.365                   8.108394813292927
-0.385                    -0.365                   8.090828945241732
-0.375                    -0.365                   8.071717571760425
-0.365                    -0.365                   8.051100528215443
-0.355                    -0.365                   8.029041633854689
-0.345                    -0.365                   8.00562188319287
-0.33499999999999996      -0.365                   7.980947342745926
-0.32499999999999996      -0.365                   7.955159033143704
-0.31499999999999995      -0.365                   7.928427425189526
-0.30499999999999994      -0.365                   7.900960837047442
-0.29500000000000004      -0.365                   7.873007949593739
-0.28500000000000003      -0.365                   7.844839859908998
-0.275                    -0.365                   7.816759014684987
-0.265                    -0.365                   7.789074884338889
-0.255                    -0.365                   7.76209503745554
-0.245                    -0.365                   7.736102292124828
-0.235                    -0.365                   7.711339951103886
-0.22499999999999998      -0.365                   7.687998853589427
-0.21500000000000005      -0.365                   7.6662113796880025
-0.20500000000000004      -0.365                   7.646051041770905
-0.19500000000000003      -0.365                   7.627538513306369
-0.18500000000000003      -0.365                   7.6106506743976565
-0.17500000000000002      -0.365                   7.595331293163648
-0.165                    -0.365                   7.5815014384697585
-0.15500000000000003      -0.365                   7.569068680158245
-0.14500000000000002      -0.365                   7.5579344424936945
-0.135                    -0.365                   7.547999410763958
-0.125                    -0.365                   7.539167331278438
-0.11499999999999999      -0.365                   7.531347567092528
-0.10499999999999998      -0.365                   7.524456543806687
-0.09499999999999997      -0.365                   7.518418477782209
-0.08499999999999999      -0.365                   7.513165667082533
-0.07499999999999998      -0.365                   7.508638477192724
-0.06499999999999997      -0.365                   7.504785081956639
-0.054999999999999966     -0.365                   7.501561155339414
-0.04499999999999996      -0.365                   7.498929515911465
-0.03499999999999995      -0.365                   7.496859778963496
-0.025000000000000022     -0.365                   7.495328041772062
-0.015000000000000013     -0.365                   7.494316618660503
-0.0050000000000000044    -0.365                   7.493813835892228
0.0050000000000000044     -0.365                   7.49381389221922
0.015000000000000013      -0.365                   7.494316788521278
0.025000000000000022      -0.365                   7.495328327832122
0.03500000000000003       -0.365                   7.4968601857227455
0.04500000000000004       -0.365                   7.498930049500842
0.05500000000000005       -0.365                   7.501561823909316
0.06499999999999995       -0.365                   7.504785895934427
0.07499999999999996       -0.365                   7.50863944885583
0.08499999999999996       -0.365                   7.513166810639552
0.09499999999999997       -0.365                   7.518419807467702
0.10499999999999998       -0.365                   7.5244580870838265
0.11499999999999999       -0.365                   7.5313493432035825
0.125                     -0.365                   7.539169352940271
0.135                     -0.365                   7.548001713420724
0.14500000000000002       -0.365                   7.557937079832501
0.15500000000000003       -0.365                   7.56907164019415
0.16500000000000004       -0.365                   7.581504731613757
0.17500000000000004       -0.365                   7.59533497940558
0.18500000000000005       -0.365                   7.610654735340996
0.19499999999999995       -0.365                   7.627542853909165
0.20499999999999996       -0.365                   7.646055626244932
0.21499999999999997       -0.365                   7.666216185001702
0.22499999999999998       -0.365                   7.688003789639349
0.235                     -0.365                   7.711344799396551
0.245                     -0.365                   7.7361068259567585
0.255                     -0.365                   7.7620988652843055
0.265                     -0.365                   7.789077810847772
0.275                     -0.365                   7.816760680907083
0.28500000000000003       -0.365                   7.844840628478137
0.29500000000000004       -0.365                   7.873009476373292
0.30500000000000005       -0.365                   7.900964856800935
0.31499999999999995       -0.365                   7.928429540446885
0.32499999999999996       -0.365                   7.955161090940047
0.33499999999999996       -0.365                   7.9809484309783665
0.345                     -0.365                   8.005623758816743
0.355                     -0.365                   8.029043508416517
0.365                     -0.365                   8.051101668605803
0.375                     -0.365                   8.071718049692182
0.385                     -0.365                   8.090829991955301
0.395                     -0.365                   8.10839535556912
0.405                     -0.365                   8.124385765447032
0.41500000000000004       -0.365                   8.138781726134786
0.42500000000000004       -0.365                   8.151575927798604
0.43500000000000005       -0.365                   8.162763126556174
0.44499999999999995       -0.365                   8.172343230666913
0.45499999999999996       -0.365                   8.18031840041459
0.46499999999999997       -0.365                   8.18669233865192
0.475                     -0.365                   8.191468495996322
0.485                     -0.365                   8.194650491182077
0.495                     -0.365                   8.196240844815177
-0.495                    -0.355                   8.070511692739863
-0.485                    -0.355                   8.068800988789835
-0.475                    -0.355                   8.065377384190723
-0.46499999999999997      -0.355                   8.060236475916893
-0.45499999999999996      -0.355                   8.05337157961819
-0.44499999999999995      -0.355                   8.044775754929459
-0.43500000000000005      -0.355                   8.034440162814274
-0.42500000000000004      -0.355                   8.022356846330375
-0.41500000000000004      -0.355                   8.008519375441644
-0.405                    -0.355                   7.992923190327931
-0.395                    -0.355                   7.975571226623515
-0.385                    -0.355                   7.95647233542857
-0.375                    -0.355                   7.935643776188002
-0.365                    -0.355                   7.913120007657845
-0.355                    -0.355                   7.8889506432825245
-0.345                    -0.355                   7.863218849746266
-0.33499999999999996      -0.355                   7.836028508781148
-0.32499999999999996      -0.355                   7.8075224848694305
-0.31499999999999995      -0.355                   7.7778853984148135
-0.30499999999999994      -0.355                   7.747348304424216
-0.29500000000000004      -0.355                   7.71619890035786
-0.28500000000000003      -0.355                   7.684757315238956
-0.275                    -0.355                   7.6533890141367396
-0.265                    -0.355                   7.622478512316131
-0.255                    -0.355                   7.592407971469716
-0.245                    -0.355                   7.563530552502538
-0.235                    -0.355                   7.53614520193024
-0.22499999999999998      -0.355                   7.510478624751443
-0.21500000000000005      -0.355                   7.486677144943182
-0.20500000000000004      -0.355                   7.464808712780104
-0.19500000000000003      -0.355                   7.4448729863592495
-0.18500000000000003      -0.355                   7.426816399913323
-0.17500000000000002      -0.355                   7.4105479397927265
-0.165                    -0.355                   7.395953813907588
-0.15500000000000003      -0.355                   7.382909065235289
-0.14500000000000002      -0.355                   7.371286418258417
-0.135                    -0.355                   7.360962175901336
-0.125                    -0.355                   7.351819970103088
-0.11499999999999999      -0.355                   7.343752848093228
-0.10499999999999998      -0.355                   7.336664216616468
-0.09499999999999997      -0.355                   7.330468052956769
-0.08499999999999999      -0.355                   7.325088663145159
-0.07499999999999998      -0.355                   7.320460200394831
-0.06499999999999997      -0.355                   7.316526066912897
-0.054999999999999966     -0.355                   7.313238291844365
-0.04499999999999996      -0.355                   7.3105569377848365
-0.03499999999999995      -0.355                   7.308449566924891
-0.025000000000000022     -0.355                   7.30689078475541
-0.015000000000000013     -0.355                   7.305861870671736
-0.0050000000000000044    -0.355                   7.305350499464543
0.0050000000000000044     -0.355                   7.305350555470117
0.015000000000000013      -0.355                   7.305862039638372
0.025000000000000022      -0.355                   7.306891069552184
0.03500000000000003       -0.355                   7.308449972381384
0.04500000000000004       -0.355                   7.310557470806578
0.05500000000000005       -0.355                   7.313238961398969
0.06499999999999995       -0.355                   7.31652688432426
0.07499999999999996       -0.355                   7.32046117938792
0.08499999999999996       -0.355                   7.325089820018045
0.09499999999999997       -0.355                   7.330469407075532
0.10499999999999998       -0.355                   7.336665790250942
0.11499999999999999       -0.355                   7.343754665764673
0.125                     -0.355                   7.351822060131278
0.135                     -0.355                   7.3609645683085825
0.14500000000000002       -0.355                   7.371289146238905
0.15500000000000003       -0.355                   7.382912157116275
0.16500000000000004       -0.355                   7.395957288707313
0.17500000000000004       -0.355                   7.410551809598177
0.18500000000000005       -0.355                   7.426820655333478
0.19499999999999995       -0.355                   7.444877642279566
0.20499999999999996       -0.355                   7.464813732129476
0.21499999999999997       -0.355                   7.4866824970847485
0.22499999999999998       -0.355                   7.510484218486919
0.235                     -0.355                   7.536150894736571
0.245                     -0.355                   7.563536087127947
0.255                     -0.355                   7.59241284804321
0.265                     -0.355                   7.622482063565588
0.275                     -0.355                   7.653390750546845
0.28500000000000003       -0.355                   7.684758804566115
0.29500000000000004       -0.355                   7.716201506265721
0.30500000000000005       -0.355                   7.747351633960358
0.31499999999999995       -0.355                   7.777887492939953
0.32499999999999996       -0.355                   7.807524981874077
0.33499999999999996       -0.355                   7.836031234237066
0.345                     -0.355                   7.86322231151055
0.355                     -0.355                   7.888952860347167
0.365                     -0.355                   7.9131201381221725
0.375                     -0.355                   7.935644558686203
0.385                     -0.355                   7.956472860896681
0.395                     -0.355                   7.975571484201471
0.405                     -0.355                   7.99292341333183
0.41500000000000004       -0.355                   8.008519497615554
0.42500000000000004       -0.355                   8.022356773665278
0.43500000000000005       -0.355                   8.034440063928917
0.44499999999999995       -0.355                   8.044775586037263
0.45499999999999996       -0.355                   8.053371363307043
0.46499999999999997       -0.355                   8.06023621860039
0.475                     -0.355                   8.065377092579094
0.485                     -0.355                   8.068800675534117
0.495                     -0.355                   8.070511368634518
-0.495                    -0.345                   7.946492578793527
-0.485                    -0.345                   7.944663848405259
-0.475                    -0.345                   7.941003140635372
-0.46499999999999997      -0.345                   7.9355038760371
-0.45499999999999996      -0.345                   7.928155779582379
-0.44499999999999995      -0.345                   7.918947808911721
-0.43500000000000005      -0.345                   7.907865065596177
-0.42500000000000004      -0.345                   7.894892577793954
-0.41500000000000004      -0.345                   7.880015903467052
-0.405                    -0.345                   7.86322054234294
-0.395                    -0.345                   7.844498918163146
-0.385                    -0.345                   7.82384509465229
-0.375                    -0.345                   7.801267169230432
-0.365                    -0.345                   7.776783611934541
-0.355                    -0.345                   7.750434609824432
-0.345                    -0.345                   7.72228932738868
-0.33499999999999996      -0.345                   7.692439101564143
-0.32499999999999996      -0.345                   7.6610271637139835
-0.31499999999999995      -0.345                   7.628249546447435
-0.30499999999999994      -0.345                   7.594361191797141
-0.29500000000000004      -0.345                   7.559682427759051
-0.28500000000000003      -0.345                   7.524600121860205
-0.275                    -0.345                   7.48955862096346
-0.265                    -0.345                   7.455038412521816
-0.255                    -0.345                   7.4215235033429074
-0.245                    -0.345                   7.389461561959322
-0.235                    -0.345                   7.359225997364608
-0.22499999999999998      -0.345                   7.331088056736778
-0.21500000000000005      -0.345                   7.305205997606389
-0.20500000000000004      -0.345                   7.281631382610693
-0.19500000000000003      -0.345                   7.260327747328355
-0.18500000000000003      -0.345                   7.241194786935217
-0.17500000000000002      -0.345                   7.224092164147129
-0.165                    -0.345                   7.208859324341969
-0.15500000000000003      -0.345                   7.195330169428452
-0.14500000000000002      -0.345                   7.1833428598406215
-0.135                    -0.345                   7.172745686456821
-0.125                    -0.345                   7.163400124148706
-0.11499999999999999      -0.345                   7.155182010429755
-0.10499999999999998      -0.345                   7.147981570218038
-0.09499999999999997      -0.345                   7.141702789290881
-0.08499999999999999      -0.345                   7.136262466562913
-0.07499999999999998      -0.345                   7.131589153762241
-0.06499999999999997      -0.345                   7.127622103249944
-0.054999999999999966     -0.345                   7.124310292663868
-0.04499999999999996      -0.345                   7.121611561290677
-0.03499999999999995      -0.345                   7.1194918729825964
-0.025000000000000022     -0.345                   7.117924709489476
-0.015000000000000013     -0.345                   7.116890592493429
-0.0050000000000000044    -0.345                   7.116376730380521
0.0050000000000000044     -0.345                   7.116376785564247
0.015000000000000013      -0.345                   7.116890759048312
0.025000000000000022      -0.345                   7.1179249904504465
0.03500000000000003       -0.345                   7.119492273484173
0.04500000000000004       -0.345                   7.121612088679511
0.05500000000000005       -0.345                   7.1243109566383405
0.06499999999999995       -0.345                   7.127622916065261
0.07499999999999996       -0.345                   7.131590130474743
0.08499999999999996       -0.345                   7.136263625335045
0.09499999999999997       -0.345                   7.141704151741906
0.10499999999999998       -0.345                   7.147983161646517
0.11499999999999999       -0.345                   7.1551838600236835
0.125                     -0.345                   7.163402265416847
0.135                     -0.345                   7.172748156611301
0.14500000000000002       -0.345                   7.183345697932957
0.15500000000000003       -0.345                   7.1953334169452585
0.16500000000000004       -0.345                   7.208863022045061
0.17500000000000004       -0.345                   7.224096346679863
0.18500000000000005       -0.345                   7.241199475195994
0.19499999999999995       -0.345                   7.260332941471915
0.20499999999999996       -0.345                   7.28163706101714
0.21499999999999997       -0.345                   7.305212082553843
0.22499999999999998       -0.345                   7.33109442543554
0.235                     -0.345                   7.359232487005879
0.245                     -0.345                   7.389467989417724
0.255                     -0.345                   7.421529696176376
0.265                     -0.345                   7.455044256830165
0.275                     -0.345                   7.489563892032812
0.28500000000000003       -0.345                   7.524604613801279
0.29500000000000004       -0.345                   7.559686193677098
0.30500000000000005       -0.345                   7.594364943583971
0.31499999999999995       -0.345                   7.628254162009774
0.32499999999999996       -0.345                   7.661030424796391
0.33499999999999996       -0.345                   7.692440333670471
0.345                     -0.345                   7.722289865809081
0.355                     -0.345                   7.7504351065799195
0.365                     -0.345                   7.77678495201898
0.375                     -0.345                   7.801267936838068
0.385                     -0.345                   7.823845486185884
0.395                     -0.345                   7.844499082846784
0.405                     -0.345                   7.863220794891895
0.41500000000000004       -0.345                   7.880015895071137
0.42500000000000004       -0.345                   7.894892454653218
0.43500000000000005       -0.345                   7.907864887004144
0.44499999999999995       -0.345                   7.918947560370251
0.45499999999999996       -0.345                   7.9281554750532255
0.46499999999999997       -0.345                   7.935503525978005
0.475                     -0.345                   7.941002758218282
0.485                     -0.345                   7.944663444328165
0.495                     -0.345                   7.946492164042408
-0.495                    -0.33499999999999996     7.824301574724993
-0.485                    -0.33499999999999996     7.822358222754574
-0.475                    -0.33499999999999996     7.818467095088695
-0.46499999999999997      -0.33499999999999996     7.8126191658626425
-0.45499999999999996      -0.33499999999999996     7.804800106261854
-0.44499999999999995      -0.33499999999999996     7.794994202760611
-0.43500000000000005      -0.33499999999999996     7.783179601982874
-0.42500000000000004      -0.33499999999999996     7.769333132841764
-0.41500000000000004      -0.33499999999999996     7.753430977242967
-0.405                    -0.33499999999999996     7.735446127265983
-0.395                    -0.33499999999999996     7.715358001667034
-0.385                    -0.33499999999999996     7.693145275567228
-0.375                    -0.33499999999999996     7.668798318399556
-0.365                    -0.33499999999999996     7.642316747491745
-0.355                    -0.33499999999999996     7.613722503679118
-0.345                    -0.33499999999999996     7.583062920724921
-0.33499999999999996      -0.33499999999999996     7.550412514533767
-0.32499999999999996      -0.33499999999999996     7.515909152542258
-0.31499999999999995      -0.33499999999999996     7.479742304638558
-0.30499999999999994      -0.33499999999999996     7.442181453146493
-0.29500000000000004      -0.33499999999999996     7.403586225589999
-0.28500000000000003      -0.33499999999999996     7.3644126190303405
-0.275                    -0.33499999999999996     7.325206786865531
-0.265                    -0.33499999999999996     7.286579271476331
-0.255                    -0.33499999999999996     7.249158662995745
-0.245                    -0.33499999999999996     7.213529071660936
-0.235                    -0.33499999999999996     7.180167756780059
-0.22499999999999998      -0.33499999999999996     7.149401283699579
-0.21500000000000005      -0.33499999999999996     7.121392081812015
-0.20500000000000004      -0.33499999999999996     7.096154706215042
-0.19500000000000003      -0.33499999999999996     7.073590614148284
-0.18500000000000003      -0.33499999999999996     7.053527983688214
-0.17500000000000002      -0.33499999999999996     7.0357568302537965
-0.165                    -0.33499999999999996     7.0200551846829695
-0.15500000000000003      -0.33499999999999996     7.006206169696377
-0.14500000000000002      -0.33499999999999996     6.994007754698748
-0.135                    -0.33499999999999996     6.9832773869154225
-0.125                    -0.33499999999999996     6.973853390646799
-0.11499999999999999      -0.33499999999999996     6.96559451361073
-0.10499999999999998      -0.33499999999999996     6.95837852909739
-0.09499999999999997      -0.33499999999999996     6.952100451050189
-0.08499999999999999      -0.33499999999999996     6.946670680647524
-0.07499999999999998      -0.33499999999999996     6.942013254035353
-0.06499999999999997      -0.33499999999999996     6.938064271458997
-0.054999999999999966     -0.33499999999999996     6.934770537436513
-0.04499999999999996      -0.33499999999999996     6.932088414696302
-0.03499999999999995      -0.33499999999999996     6.929982881685702
-0.025000000000000022     -0.33499999999999996     6.928426778348498
-0.015000000000000013     -0.33499999999999996     6.927400224345741
-0.0050000000000000044    -0.33499999999999996     6.9268901957430264
0.0050000000000000044     -0.33499999999999996     6.926890249107875
0.015000000000000013      -0.33499999999999996     6.927400385473101
0.025000000000000022      -0.33499999999999996     6.928427050369206
0.03500000000000003       -0.33499999999999996     6.92998326992441
0.04500000000000004       -0.33499999999999996     6.932088926818437
0.05500000000000005       -0.33499999999999996     6.9347711836333925
0.06499999999999995       -0.33499999999999996     6.938065064686383
0.07499999999999996       -0.33499999999999996     6.942014210366178
0.08499999999999996       -0.33499999999999996     6.946671819735343
0.09499999999999997       -0.33499999999999996     6.952101796619436
0.10499999999999998       -0.33499999999999996     6.958380109436036
0.11499999999999999       -0.33499999999999996     6.965596362048531
0.125                     -0.33499999999999996     6.97385554597606
0.135                     -0.33499999999999996     6.983279893657847
0.14500000000000002       -0.33499999999999996     6.994010663288981
0.15500000000000003       -0.33499999999999996     7.0062095366966775
0.16500000000000004       -0.33499999999999996     7.020059068665272
0.17500000000000004       -0.33499999999999996     7.035761288463628
0.18500000000000005       -0.33499999999999996     7.053533063017933
0.19499999999999995       -0.33499999999999996     7.073596339792442
0.20499999999999996       -0.33499999999999996     7.096161067723354
0.21499999999999997       -0.33499999999999996     7.121399016653866
0.22499999999999998       -0.33499999999999996     7.149408666589679
0.235                     -0.33499999999999996     7.18017540054652
0.245                     -0.33499999999999996     7.213536726431449
0.255                     -0.33499999999999996     7.249166053758453
0.265                     -0.33499999999999996     7.286586141016407
0.275                     -0.33499999999999996     7.325212877422463
0.28500000000000003       -0.33499999999999996     7.3644179647337875
0.29500000000000004       -0.33499999999999996     7.403590647133494
0.30500000000000005       -0.33499999999999996     7.442184387018291
0.31499999999999995       -0.33499999999999996     7.479743160761322
0.32499999999999996       -0.33499999999999996     7.515908926183007
0.33499999999999996       -0.33499999999999996     7.550414845355123
0.345                     -0.33499999999999996     7.583063669608116
0.355                     -0.33499999999999996     7.613723340343598
0.365                     -0.33499999999999996     7.642318581789304
0.375                     -0.33499999999999996     7.668799177272373
0.385                     -0.33499999999999996     7.6931453941792505
0.395                     -0.33499999999999996     7.715357982277876
0.405                     -0.33499999999999996     7.735446294709111
0.41500000000000004       -0.33499999999999996     7.753430842902045
0.42500000000000004       -0.33499999999999996     7.769332974960273
0.43500000000000005       -0.33499999999999996     7.783179319422724
0.44499999999999995       -0.33499999999999996     7.794993857838711
0.45499999999999996       -0.33499999999999996     7.804799699639779
0.46499999999999997       -0.33499999999999996     7.812618711660077
0.475                     -0.33499999999999996     7.818466610399588
0.485                     -0.33499999999999996     7.8223577170013865
0.495                     -0.33499999999999996     7.824301058694583
-0.495                    -0.32499999999999996     7.70405307937763
-0.485                    -0.32499999999999996     7.701999732937445
-0.475                    -0.32499999999999996     7.697887336185092
-0.46499999999999997      -0.32499999999999996     7.691704195313308
-0.45499999999999996      -0.32499999999999996     7.683431539268992
-0.44499999999999995      -0.32499999999999996     7.6730485006084255
-0.43500000000000005      -0.32499999999999996     7.660525494502999
-0.42500000000000004      -0.32499999999999996     7.645830083793541
-0.41500000000000004      -0.32499999999999996     7.628927817780607
-0.405                    -0.32499999999999996     7.609777026695078
-0.395                    -0.32499999999999996     7.58834201130507
-0.385                    -0.32499999999999996     7.5645825551870605
-0.375                    -0.32499999999999996     7.538465972716668
-0.365                    -0.32499999999999996     7.509970978009086
-0.355                    -0.32499999999999996     7.4790849268290245
-0.345                    -0.32499999999999996     7.445829929111275
-0.33499999999999996      -0.32499999999999996     7.410254592454665
-0.32499999999999996      -0.32499999999999996     7.3724658748348
-0.31499999999999995      -0.32499999999999996     7.332639993130941
-0.30499999999999994      -0.32499999999999996     7.291046008644019
-0.29500000000000004      -0.32499999999999996     7.248077138155375
-0.28500000000000003      -0.32499999999999996     7.2042633119952715
-0.275                    -0.32499999999999996     7.160281794224451
-0.265                    -0.32499999999999996     7.116915617886665
-0.255                    -0.32499999999999996     7.075001285653716
-0.245                    -0.32499999999999996     7.0353240731345625
-0.235                    -0.32499999999999996     6.998510551178406
-0.22499999999999998      -0.32499999999999996     6.964955829817547
-0.21500000000000005      -0.32499999999999996     6.934808856186022
-0.20500000000000004      -0.32499999999999996     6.908010854979998
-0.19500000000000003      -0.32499999999999996     6.884360521745203
-0.18500000000000003      -0.32499999999999996     6.863579249175548
-0.17500000000000002      -0.32499999999999996     6.845361509233723
-0.165                    -0.32499999999999996     6.8294072368548155
-0.15500000000000003      -0.32499999999999996     6.815439362422526
-0.14500000000000002      -0.32499999999999996     6.803211272829592
-0.135                    -0.32499999999999996     6.79250831242093
-0.125                    -0.32499999999999996     6.783146176753328
-0.11499999999999999      -0.32499999999999996     6.774967944952249
-0.10499999999999998      -0.32499999999999996     6.767840723169512
-0.09499999999999997      -0.32499999999999996     6.761652394689308
-0.08499999999999999      -0.32499999999999996     6.75630869805954
-0.07499999999999998      -0.32499999999999996     6.751730706925899
-0.06499999999999997      -0.32499999999999996     6.747852713135456
-0.054999999999999966     -0.32499999999999996     6.744620480394428
-0.04499999999999996      -0.32499999999999996     6.741989826129679
-0.03499999999999995      -0.32499999999999996     6.739925488787735
-0.025000000000000022     -0.32499999999999996     6.738400241635627
-0.015000000000000013     -0.32499999999999996     6.73739422087558
-0.0050000000000000044    -0.32499999999999996     6.736894443117063
0.0050000000000000044     -0.32499999999999996     6.736894493636885
0.015000000000000013      -0.32499999999999996     6.7373943734653405
0.025000000000000022      -0.32499999999999996     6.7384004994243165
0.03500000000000003       -0.32499999999999996     6.739925857143796
0.04500000000000004       -0.32499999999999996     6.7419903128541225
0.05500000000000005       -0.32499999999999996     6.744621095945557
0.06499999999999995       -0.32499999999999996     6.747853470824946
0.07499999999999996       -0.32499999999999996     6.751731623369347
0.08499999999999996       -0.32499999999999996     6.7563097939096926
0.09499999999999997       -0.32499999999999996     6.761653695324563
0.10499999999999998       -0.32499999999999996     6.767842259415125
0.11499999999999999       -0.32499999999999996     6.774969754169758
0.125                     -0.32499999999999996     6.783148303868051
0.135                     -0.32499999999999996     6.792510810783695
0.14500000000000002       -0.32499999999999996     6.8032142050353475
0.15500000000000003       -0.32499999999999996     6.81544280069219
0.16500000000000004       -0.32499999999999996     6.829411262836007
0.17500000000000004       -0.32499999999999996     6.84536621005858
0.18500000000000005       -0.32499999999999996     6.863584708501451
0.19499999999999995       -0.32499999999999996     6.884366802764262
0.20499999999999996       -0.32499999999999996     6.908017976511545
0.21499999999999997       -0.32499999999999996     6.934816764176513
0.22499999999999998       -0.32499999999999996     6.96496436273319
0.235                     -0.32499999999999996     6.99851940222006
0.245                     -0.32499999999999996     7.035332798343839
0.255                     -0.32499999999999996     7.075009425103796
0.265                     -0.32499999999999996     7.116922678225174
0.275                     -0.32499999999999996     7.1602880826085995
0.28500000000000003       -0.32499999999999996     7.2042685972679195
0.29500000000000004       -0.32499999999999996     7.248081258377833
0.30500000000000005       -0.32499999999999996     7.2910493351585774
0.31499999999999995       -0.32499999999999996     7.332643571400014
0.32499999999999996       -0.32499999999999996     7.3724666516905835
0.33499999999999996       -0.32499999999999996     7.4102559115222375
0.345                     -0.32499999999999996     7.44583023329785
0.355                     -0.32499999999999996     7.479085841424343
0.365                     -0.32499999999999996     7.509970888055798
0.375                     -0.32499999999999996     7.5384669448070865
0.385                     -0.32499999999999996     7.564582128713016
0.395                     -0.32499999999999996     7.58834181073287
0.405                     -0.32499999999999996     7.609776964323824
0.41500000000000004       -0.32499999999999996     7.628927569812698
0.42500000000000004       -0.32499999999999996     7.64582986303105
0.43500000000000005       -0.32499999999999996     7.660525083519899
0.44499999999999995       -0.32499999999999996     7.673048040927464
0.45499999999999996       -0.32499999999999996     7.683431016075297
0.46499999999999997       -0.32499999999999996     7.691703626016439
0.475                     -0.32499999999999996     7.697886738257737
0.485                     -0.32499999999999996     7.701999115068221
0.495                     -0.32499999999999996     7.704052451833245
-0.495                    -0.31499999999999995     7.585856845121999
-0.485                    -0.31499999999999995     7.58369945985723
-0.475                    -0.31499999999999995     7.579377634098769
-0.46499999999999997      -0.31499999999999995     7.572876850961038
-0.45499999999999996      -0.31499999999999995     7.564173619811472
-0.44499999999999995      -0.31499999999999995     7.553241561713566
-0.43500000000000005      -0.31499999999999995     7.540042773215442
-0.42500000000000004      -0.31499999999999995     7.5245346832020985
-0.41500000000000004      -0.31499999999999995     7.506671168493005
-0.405                    -0.31499999999999995     7.4863939586828225
-0.395                    -0.31499999999999995     7.463650177926365
-0.385                    -0.31499999999999995     7.438378080122414
-0.375                    -0.31499999999999995     7.410516654619542
-0.365                    -0.31499999999999995     7.380013471333206
-0.355                    -0.31499999999999995     7.346824228172653
-0.345                    -0.31499999999999995     7.310924272121946
-0.33499999999999996      -0.31499999999999995     7.272320692868766
-0.32499999999999996      -0.31499999999999995     7.231075058292076
-0.31499999999999995      -0.31499999999999995     7.1873219994119575
-0.30499999999999994      -0.31499999999999995     7.141305040205649
-0.29500000000000004      -0.31499999999999995     7.093433703097461
-0.28500000000000003      -0.31499999999999995     7.04430765834229
-0.275                    -0.31499999999999995     6.994749312650207
-0.265                    -0.31499999999999995     6.94579012522128
-0.255                    -0.31499999999999995     6.898580158266763
-0.245                    -0.31499999999999995     6.854217539841665
-0.235                    -0.31499999999999995     6.81355465548324
-0.22499999999999998      -0.31499999999999995     6.7770688116848286
-0.21500000000000005      -0.31499999999999995     6.744852952293792
-0.20500000000000004      -0.31499999999999995     6.716705708405766
-0.19500000000000003      -0.31499999999999995     6.692255553863293
-0.18500000000000003      -0.31499999999999995     6.671066266275972
-0.17500000000000002      -0.31499999999999995     6.652704879854012
-0.165                    -0.31499999999999995     6.636776413062909
-0.15500000000000003      -0.31499999999999995     6.622936740405982
-0.14500000000000002      -0.31499999999999995     6.610893580105595
-0.135                    -0.31499999999999995     6.600402040713982
-0.125                    -0.31499999999999995     6.591258305888666
-0.11499999999999999      -0.31499999999999995     6.583293221131981
-0.10499999999999998      -0.31499999999999995     6.576366513160964
-0.09499999999999997      -0.31499999999999995     6.570361871951855
-0.08499999999999999      -0.31499999999999995     6.56518289807296
-0.07499999999999998      -0.31499999999999995     6.560749817933756
-0.06499999999999997      -0.31499999999999995     6.556996857747214
-0.054999999999999966     -0.31499999999999995     6.553870154202938
-0.04499999999999996      -0.31499999999999995     6.55132610783726
-0.03499999999999995      -0.31499999999999995     6.549330099567792
-0.025000000000000022     -0.31499999999999995     6.54785550496643
-0.015000000000000013     -0.31499999999999995     6.546882957103189
-0.0050000000000000044    -0.31499999999999995     6.546399823396734
0.0050000000000000044     -0.31499999999999995     6.54639987004228
0.015000000000000013      -0.31499999999999995     6.5468830980354875
0.025000000000000022      -0.31499999999999995     6.547855743174616
0.03500000000000003       -0.31499999999999995     6.549330440249498
0.04500000000000004       -0.31499999999999995     6.551326558711741
0.05500000000000005       -0.31499999999999995     6.55387072584985
0.06499999999999995       -0.31499999999999995     6.556997563359207
0.07499999999999996       -0.31499999999999995     6.560750673890182
0.08499999999999996       -0.31499999999999995     6.565183925314169
0.09499999999999997       -0.31499999999999995     6.5703630969350115
0.10499999999999998       -0.31499999999999995     6.576367968028946
0.11499999999999999       -0.31499999999999995     6.583294946218998
0.125                     -0.31499999999999995     6.591260350938115
0.135                     -0.31499999999999995     6.600404466109433
0.14500000000000002       -0.31499999999999995     6.61089645878964
0.15500000000000003       -0.31499999999999995     6.6229401625833475
0.16500000000000004       -0.31499999999999995     6.636780486726017
0.17500000000000004       -0.31499999999999995     6.6527097296154345
0.18500000000000005       -0.31499999999999995     6.6710720227492875
0.19499999999999995       -0.31499999999999995     6.692262345668766
0.20499999999999996       -0.31499999999999995     6.716713628976535
0.21499999999999997       -0.31499999999999995     6.7448619954060085
0.22499999999999998       -0.31499999999999995     6.777078825382117
0.235                     -0.31499999999999995     6.8135652804868885
0.245                     -0.31499999999999995     6.854228215587909
0.255                     -0.31499999999999995     6.898590271426832
0.265                     -0.31499999999999995     6.945799067449375
0.275                     -0.31499999999999995     6.994756856213528
0.28500000000000003       -0.31499999999999995     7.044313939974239
0.29500000000000004       -0.31499999999999995     7.093438815122664
0.30500000000000005       -0.31499999999999995     7.141308659124395
0.31499999999999995       -0.31499999999999995     7.187324596655787
0.32499999999999996       -0.31499999999999995     7.231077293826999
0.33499999999999996       -0.31499999999999995     7.272322216441689
0.345                     -0.31499999999999995     7.310924466242197
0.355                     -0.31499999999999995     7.346825206304775
0.365                     -0.31499999999999995     7.38001371250452
0.375                     -0.31499999999999995     7.410517047478141
0.385                     -0.31499999999999995     7.438379008026068
0.395                     -0.31499999999999995     7.463649899127206
0.405                     -0.31499999999999995     7.486394006971413
0.41500000000000004       -0.31499999999999995     7.506670783801237
0.42500000000000004       -0.31499999999999995     7.524534383760187
0.43500000000000005       -0.31499999999999995     7.54004220079123
0.44499999999999995       -0.31499999999999995     7.553240969483583
0.45499999999999996       -0.31499999999999995     7.564172966438359
0.46499999999999997       -0.31499999999999995     7.572876156482932
0.475                     -0.31499999999999995     7.579376912300508
0.485                     -0.31499999999999995     7.5836987200345884
0.495                     -0.31499999999999995     7.585856096428586
-0.495                    -0.30499999999999994     7.4698166554286844
-0.485                    -0.30499999999999994     7.467562588309368
-0.475                    -0.30499999999999994     7.463046016995037
-0.46499999999999997      -0.30499999999999994     7.456249530735402
-0.45499999999999996      -0.30499999999999994     7.447144786484542
-0.44499999999999995      -0.30499999999999994     7.4356996999982545
-0.43500000000000005      -0.30499999999999994     7.42186772452073
-0.42500000000000004      -0.30499999999999994     7.405595570249373
-0.41500000000000004      -0.30499999999999994     7.386824786934837
-0.405                    -0.30499999999999994     7.365479165723716
-0.395                    -0.30499999999999994     7.341487805717144
-0.385                    -0.30499999999999994     7.3147617973504655
-0.375                    -0.30499999999999994     7.285211910323057
-0.365                    -0.30499999999999994     7.252747516111471
-0.355                    -0.30499999999999994     7.217278656742296
-0.345                    -0.30499999999999994     7.178729493723383
-0.33499999999999996      -0.30499999999999994     7.137042665466637
-0.32499999999999996      -0.30499999999999994     7.092208107589968
-0.31499999999999995      -0.30499999999999994     7.044286071782899
-0.30499999999999994      -0.30499999999999994     6.9934746616775785
-0.29500000000000004      -0.30499999999999994     6.940107560979504
-0.28500000000000003      -0.30499999999999994     6.884838310060451
-0.275                    -0.30499999999999994     6.828646063898278
-0.265                    -0.30499999999999994     6.772898684900987
-0.255                    -0.30499999999999994     6.7192412822327245
-0.245                    -0.30499999999999994     6.669304344746794
-0.235                    -0.30499999999999994     6.624311988023907
-0.22499999999999998      -0.30499999999999994     6.584825941020752
-0.21500000000000005      -0.30499999999999994     6.550774761649406
-0.20500000000000004      -0.30499999999999994     6.521676927924705
-0.19500000000000003      -0.30499999999999994     6.496881092825014
-0.18500000000000003      -0.30499999999999994     6.475726738167497
-0.17500000000000002      -0.30499999999999994     6.457621452017129
-0.165                    -0.30499999999999994     6.44206467456843
-0.15500000000000003      -0.30499999999999994     6.428645670017151
-0.14500000000000002      -0.30499999999999994     6.417031810139409
-0.135                    -0.30499999999999994     6.40695472057025
-0.125                    -0.30499999999999994     6.398197706820191
-0.11499999999999999      -0.30499999999999994     6.3905852500950635
-0.10499999999999998      -0.30499999999999994     6.383974677243304
-0.09499999999999997      -0.30499999999999994     6.37824952396496
-0.08499999999999999      -0.30499999999999994     6.373314542680536
-0.07499999999999998      -0.30499999999999994     6.369091734740765
-0.06499999999999997      -0.30499999999999994     6.365517335437878
-0.054999999999999966     -0.30499999999999994     6.362539490178115
-0.04499999999999996      -0.30499999999999994     6.360116454988118
-0.03499999999999995      -0.30499999999999994     6.358215237076504
-0.025000000000000022     -0.30499999999999994     6.356810545814055
-0.015000000000000013     -0.30499999999999994     6.355884025805053
-0.0050000000000000044    -0.30499999999999994     6.355423732455614
0.0050000000000000044     -0.30499999999999994     6.355423774826692
0.015000000000000013      -0.30499999999999994     6.35588415394882
0.025000000000000022      -0.30499999999999994     6.356810760861943
0.03500000000000003       -0.30499999999999994     6.358215545982208
0.04500000000000004       -0.30499999999999994     6.360116861795829
0.05500000000000005       -0.30499999999999994     6.362540006672481
0.06499999999999995       -0.30499999999999994     6.365517977923925
0.07499999999999996       -0.30499999999999994     6.369092516165418
0.08499999999999996       -0.30499999999999994     6.373315486383428
0.09499999999999997       -0.30499999999999994     6.378250649383704
0.10499999999999998       -0.30499999999999994     6.383976018357188
0.11499999999999999       -0.30499999999999994     6.390586856745838
0.125                     -0.30499999999999994     6.398199626864519
0.135                     -0.30499999999999994     6.406957027776131
0.14500000000000002       -0.30499999999999994     6.41703456952706
0.15500000000000003       -0.30499999999999994     6.428649011918451
0.16500000000000004       -0.30499999999999994     6.442068711715031
0.17500000000000004       -0.30499999999999994     6.457626383448642
0.18500000000000005       -0.30499999999999994     6.475732730609612
0.19499999999999995       -0.30499999999999994     6.4968883728166364
0.20499999999999996       -0.30499999999999994     6.52168569885008
0.21499999999999997       -0.30499999999999994     6.550785159864655
0.22499999999999998       -0.30499999999999994     6.584837756049581
0.235                     -0.30499999999999994     6.624324750296883
0.245                     -0.30499999999999994     6.669317174458366
0.255                     -0.30499999999999994     6.719253154868618
0.265                     -0.30499999999999994     6.772908940633488
0.275                     -0.30499999999999994     6.828654238044919
0.28500000000000003       -0.30499999999999994     6.884843996346012
0.29500000000000004       -0.30499999999999994     6.940112213098089
0.30500000000000005       -0.30499999999999994     6.993477705481308
0.31499999999999995       -0.30499999999999994     7.044288763882252
0.32499999999999996       -0.30499999999999994     7.092211052871073
0.33499999999999996       -0.30499999999999994     7.137043438307669
0.345                     -0.30499999999999994     7.178730620591863
0.355                     -0.30499999999999994     7.2172771103262985
0.365                     -0.30499999999999994     7.252746176777442
0.375                     -0.30499999999999994     7.285213259310305
0.385                     -0.30499999999999994     7.3147623370687125
0.395                     -0.30499999999999994     7.341488699484331
0.405                     -0.30499999999999994     7.365478953604917
0.41500000000000004       -0.30499999999999994     7.386824288959106
0.42500000000000004       -0.30499999999999994     7.405595142492343
0.43500000000000005       -0.30499999999999994     7.421866969664779
0.44499999999999995       -0.30499999999999994     7.435698962493221
0.45499999999999996       -0.30499999999999994     7.447143987907955
0.46499999999999997       -0.30499999999999994     7.456248701769778
0.475                     -0.30499999999999994     7.463045161600508
0.485                     -0.30499999999999994     7.4675617175378886
0.495                     -0.30499999999999994     7.469815776726781
-0.495                    -0.29500000000000004     7.356028931159573
-0.485                    -0.29500000000000004     7.353686971400492
-0.475                    -0.29500000000000004     7.348993249806975
-0.46499999999999997      -0.29500000000000004     7.341927491147324
-0.45499999999999996      -0.29500000000000004     7.3324565370566885
-0.44499999999999995      -0.29500000000000004     7.3205426093555
-0.43500000000000005      -0.29500000000000004     7.306130499569347
-0.42500000000000004      -0.29500000000000004     7.289156069390357
-0.41500000000000004      -0.29500000000000004     7.2695481631816286
-0.405                    -0.29500000000000004     7.247212448032966
-0.395                    -0.29500000000000004     7.222058532318991
-0.385                    -0.29500000000000004     7.193969912232744
-0.375                    -0.29500000000000004     7.162822911112842
-0.365                    -0.29500000000000004     7.128485555666083
-0.355                    -0.29500000000000004     7.090819459443612
-0.345                    -0.29500000000000004     7.049679192222507
-0.33499999999999996      -0.29500000000000004     7.004923475062613
-0.32499999999999996      -0.29500000000000004     6.956446771023177
-0.31499999999999995      -0.29500000000000004     6.9041883079359465
-0.30499999999999994      -0.29500000000000004     6.84820485288023
-0.29500000000000004      -0.29500000000000004     6.788719406597796
-0.28500000000000003      -0.29500000000000004     6.72633510908552
-0.275                    -0.29500000000000004     6.662129676271686
-0.265                    -0.29500000000000004     6.597918808045007
-0.255                    -0.29500000000000004     6.53613698756314
-0.245                    -0.29500000000000004     6.479375588713743
-0.235                    -0.29500000000000004     6.429504817037486
-0.22499999999999998      -0.29500000000000004     6.387124851165476
-0.21500000000000005      -0.29500000000000004     6.351749548412284
-0.20500000000000004      -0.29500000000000004     6.322367531726197
-0.19500000000000003      -0.29500000000000004     6.297889836796754
-0.18500000000000003      -0.29500000000000004     6.2773611794836555
-0.17500000000000002      -0.29500000000000004     6.260008519321273
-0.165                    -0.29500000000000004     6.245229572285924
-0.15500000000000003      -0.29500000000000004     6.232560385593644
-0.14500000000000002      -0.29500000000000004     6.221641471875556
-0.135                    -0.29500000000000004     6.2121933329506
-0.125                    -0.29500000000000004     6.203996985017316
-0.11499999999999999      -0.29500000000000004     6.196878638809656
-0.10499999999999998      -0.29500000000000004     6.190699846343103
-0.09499999999999997      -0.29500000000000004     6.185348786017677
-0.08499999999999999      -0.29500000000000004     6.18073537210716
-0.07499999999999998      -0.29500000000000004     6.176786277380588
-0.06499999999999997      -0.29500000000000004     6.173442031199738
-0.054999999999999966     -0.29500000000000004     6.170654595956992
-0.04499999999999996      -0.29500000000000004     6.168385434601715
-0.03499999999999995      -0.29500000000000004     6.166604217615166
-0.025000000000000022     -0.29500000000000004     6.165287711667019
-0.015000000000000013     -0.29500000000000004     6.164419115977587
-0.0050000000000000044    -0.29500000000000004     6.163987525701982
0.0050000000000000044     -0.29500000000000004     6.163987549174801
0.015000000000000013      -0.29500000000000004     6.164419180503806
0.025000000000000022      -0.29500000000000004     6.165287799736086
0.03500000000000003       -0.29500000000000004     6.16660435666166
0.04500000000000004       -0.29500000000000004     6.168385644666859
0.05500000000000005       -0.29500000000000004     6.170654820642398
0.06499999999999995       -0.29500000000000004     6.1734422953068115
0.07499999999999996       -0.29500000000000004     6.1767866127856585
0.08499999999999996       -0.29500000000000004     6.180735725554888
0.09499999999999997       -0.29500000000000004     6.185349285529783
0.10499999999999998       -0.29500000000000004     6.190700374382921
0.11499999999999999       -0.29500000000000004     6.196879312545946
0.125                     -0.29500000000000004     6.2039976561000385
0.135                     -0.29500000000000004     6.212194145417933
0.14500000000000002       -0.29500000000000004     6.221642510945204
0.15500000000000003       -0.29500000000000004     6.232561532155799
0.16500000000000004       -0.29500000000000004     6.245231176089845
0.17500000000000004       -0.29500000000000004     6.260009522964138
0.18500000000000005       -0.29500000000000004     6.277363012339231
0.19499999999999995       -0.29500000000000004     6.297892311304267
0.20499999999999996       -0.29500000000000004     6.322370397593244
0.21499999999999997       -0.29500000000000004     6.351754774747397
0.22499999999999998       -0.29500000000000004     6.387134384844725
0.235                     -0.29500000000000004     6.4295214246530366
0.245                     -0.29500000000000004     6.479401145191106
0.255                     -0.29500000000000004     6.536167741476195
0.265                     -0.29500000000000004     6.597947096277572
0.275                     -0.29500000000000004     6.662153516977947
0.28500000000000003       -0.29500000000000004     6.726340638611502
0.29500000000000004       -0.29500000000000004     6.788722796543688
0.30500000000000005       -0.29500000000000004     6.848207606427073
0.31499999999999995       -0.29500000000000004     6.904190004218503
0.32499999999999996       -0.29500000000000004     6.956448805630721
0.33499999999999996       -0.29500000000000004     7.004923670090401
0.345                     -0.29500000000000004     7.04968021834987
0.355                     -0.29500000000000004     7.090820470362935
0.365                     -0.29500000000000004     7.128488138828448
0.375                     -0.29500000000000004     7.162821092121673
0.385                     -0.29500000000000004     7.193970693507872
0.395                     -0.29500000000000004     7.222058522140071
0.405                     -0.29500000000000004     7.247211646800603
0.41500000000000004       -0.29500000000000004     7.269547544927443
0.42500000000000004       -0.29500000000000004     7.289155486714389
0.43500000000000005       -0.29500000000000004     7.306129554403999
0.44499999999999995       -0.29500000000000004     7.3205417099111605
0.45499999999999996       -0.29500000000000004     7.332455585503036
0.46499999999999997       -0.29500000000000004     7.3419265185840805
0.475                     -0.29500000000000004     7.3489922526335425
0.485                     -0.29500000000000004     7.3536859616291546
0.495                     -0.29500000000000004     7.3560279145111185
-0.495                    -0.28500000000000003     7.244581307280197
-0.485                    -0.28500000000000003     7.242161658217554
-0.475                    -0.28500000000000003     7.237311261454433
-0.46499999999999997      -0.28500000000000003     7.230007117665744
-0.45499999999999996      -0.28500000000000003     7.220211475312703
-0.44499999999999995      -0.28500000000000003     7.2078811178603
-0.43500000000000005      -0.28500000000000003     7.192952472215011
-0.42500000000000004      -0.28500000000000003     7.175350957380068
-0.41500000000000004      -0.28500000000000003     7.154992706559096
-0.405                    -0.28500000000000003     7.13176643105175
-0.395                    -0.28500000000000003     7.105559966587631
-0.385                    -0.28500000000000003     7.076229887459003
-0.375                    -0.28500000000000003     7.043622707193526
-0.365                    -0.28500000000000003     7.00755212838483
-0.355                    -0.28500000000000003     6.967833899464205
-0.345                    -0.28500000000000003     6.924244514543783
-0.33499999999999996      -0.28500000000000003     6.876535690473254
-0.32499999999999996      -0.28500000000000003     6.824483125599197
-0.31499999999999995      -0.28500000000000003     6.767856323318433
-0.30499999999999994      -0.28500000000000003     6.706481477769371
-0.29500000000000004      -0.28500000000000003     6.640345065047847
-0.28500000000000003      -0.28500000000000003     6.569770674344619
-0.275                    -0.28500000000000003     6.495777809078824
-0.265                    -0.28500000000000003     6.420557102862108
-0.255                    -0.28500000000000003     6.347883600014943
-0.245                    -0.28500000000000003     6.282296872376014
-0.235                    -0.28500000000000003     6.226984753011562
-0.22499999999999998      -0.28500000000000003     6.1823067670481535
-0.21500000000000005      -0.28500000000000003     6.146704080177731
-0.20500000000000004      -0.28500000000000003     6.118165640473997
-0.19500000000000003      -0.28500000000000003     6.094974889360727
-0.18500000000000003      -0.28500000000000003     6.075842417856095
-0.17500000000000002      -0.28500000000000003     6.0598407041994475
-0.165                    -0.28500000000000003     6.046300553358022
-0.15500000000000003      -0.28500000000000003     6.03473667530632
-0.14500000000000002      -0.28500000000000003     6.024789326692227
-0.135                    -0.28500000000000003     6.0161875069955375
-0.125                    -0.28500000000000003     6.008723808849448
-0.11499999999999999      -0.28500000000000003     6.002237287741242
-0.10499999999999998      -0.28500000000000003     5.996600733479042
-0.09499999999999997      -0.28500000000000003     5.991713539637003
-0.08499999999999999      -0.28500000000000003     5.98749437909757
-0.07499999999999998      -0.28500000000000003     5.983878052582232
-0.06499999999999997      -0.28500000000000003     5.980811766526676
-0.054999999999999966     -0.28500000000000003     5.978253073469309
-0.04499999999999996      -0.28500000000000003     5.976168032128925
-0.03499999999999995      -0.28500000000000003     5.974529860342772
-0.025000000000000022     -0.28500000000000003     5.97331823319568
-0.015000000000000013     -0.28500000000000003     5.972518491336593
-0.0050000000000000044    -0.28500000000000003     5.972120964995792
0.0050000000000000044     -0.28500000000000003     5.972120992789389
0.015000000000000013      -0.28500000000000003     5.972518548968242
0.025000000000000022      -0.28500000000000003     5.97331840668177
0.03500000000000003       -0.28500000000000003     5.974530027862627
0.04500000000000004       -0.28500000000000003     5.976168279244204
0.05500000000000005       -0.28500000000000003     5.978253445848804
0.06499999999999995       -0.28500000000000003     5.980812246173272
0.07499999999999996       -0.28500000000000003     5.983878587496473
0.08499999999999996       -0.28500000000000003     5.987495032509428
0.09499999999999997       -0.28500000000000003     5.9917142867575235
0.10499999999999998       -0.28500000000000003     5.996601753625013
0.11499999999999999       -0.28500000000000003     6.002238286458038
0.125                     -0.28500000000000003     6.008725199371957
0.135                     -0.28500000000000003     6.016189191904432
0.14500000000000002       -0.28500000000000003     6.02479148825622
0.15500000000000003       -0.28500000000000003     6.034739442863572
0.16500000000000004       -0.28500000000000003     6.046303822329582
0.17500000000000004       -0.28500000000000003     6.059844555652356
0.18500000000000005       -0.28500000000000003     6.075847445003452
0.19499999999999995       -0.28500000000000003     6.09498088605116
0.20499999999999996       -0.28500000000000003     6.118174569255251
0.21499999999999997       -0.28500000000000003     6.146716910775526
0.22499999999999998       -0.28500000000000003     6.182325878988705
0.235                     -0.28500000000000003     6.227006735308419
0.245                     -0.28500000000000003     6.2823199420304
0.255                     -0.28500000000000003     6.3479004759645195
0.265                     -0.28500000000000003     6.420574874641724
0.275                     -0.28500000000000003     6.495784245644048
0.28500000000000003       -0.28500000000000003     6.569775865909071
0.29500000000000004       -0.28500000000000003     6.6403502922968585
0.30500000000000005       -0.28500000000000003     6.70648342147937
0.31499999999999995       -0.28500000000000003     6.767857168834818
0.32499999999999996       -0.28500000000000003     6.824483983612811
0.33499999999999996       -0.28500000000000003     6.876535259121376
0.345                     -0.28500000000000003     6.92424482371996
0.355                     -0.28500000000000003     6.9678368571932765
0.365                     -0.28500000000000003     7.0075580334234235
0.375                     -0.28500000000000003     7.043619238986532
0.385                     -0.28500000000000003     7.076231126119428
0.395                     -0.28500000000000003     7.105560784827377
0.405                     -0.28500000000000003     7.131766479898025
0.41500000000000004       -0.28500000000000003     7.154991945948681
0.42500000000000004       -0.28500000000000003     7.175350214833517
0.43500000000000005       -0.28500000000000003     7.192951353023035
0.44499999999999995       -0.28500000000000003     7.207880041109173
0.45499999999999996       -0.28500000000000003     7.2202103673959055
0.46499999999999997       -0.28500000000000003     7.230005993340458
0.475                     -0.28500000000000003     7.237310115861995
0.485                     -0.28500000000000003     7.242160502427941
0.495                     -0.28500000000000003     7.244580145788104
-0.495                    -0.275                   7.135551228554041
-0.485                    -0.275                   7.133065435852621
-0.475                    -0.275                   7.128081576903404
-0.46499999999999997      -0.275                   7.120574182310765
-0.45499999999999996      -0.275                   7.110501322472597
-0.44499999999999995      -0.275                   7.097814835281032
-0.43500000000000005      -0.275                   7.082443472464107
-0.42500000000000004      -0.275                   7.064303134888015
-0.41500000000000004      -0.275                   7.043298246745382
-0.405                    -0.275                   7.019301303157112
-0.395                    -0.275                   6.99218360989151
-0.385                    -0.275                   6.961767769842155
-0.375                    -0.275                   6.927876358801457
-0.365                    -0.275                   6.890274601577564
-0.355                    -0.275                   6.848720959615023
-0.345                    -0.275                   6.802916786794821
-0.33499999999999996      -0.275                   6.752499350396306
-0.32499999999999996      -0.275                   6.697110204471339
-0.31499999999999995      -0.275                   6.63629531147082
-0.30499999999999994      -0.275                   6.569568169938725
-0.29500000000000004      -0.275                   6.496513820677878
-0.28500000000000003      -0.275                   6.416832105065037
-0.275                    -0.275                   6.330921022435408
-0.265                    -0.275                   6.240851760571265
-0.255                    -0.275                   6.152277490161343
-0.245                    -0.275                   6.074405619040082
-0.235                    -0.275                   6.013511640169907
-0.22499999999999998      -0.275                   5.968383318936862
-0.21500000000000005      -0.275                   5.934664913607128
-0.20500000000000004      -0.275                   5.908696520433651
-0.19500000000000003      -0.275                   5.888061600434141
-0.18500000000000003      -0.275                   5.871238095430131
-0.17500000000000002      -0.275                   5.857242027719151
-0.165                    -0.275                   5.845416830314068
-0.15500000000000003      -0.275                   5.835312024243106
-0.14500000000000002      -0.275                   5.826602622610463
-0.135                    -0.275                   5.819050972645367
-0.125                    -0.275                   5.812479532323413
-0.11499999999999999      -0.275                   5.806750066100389
-0.10499999999999998      -0.275                   5.801755820981938
-0.09499999999999997      -0.275                   5.797412665993139
-0.08499999999999999      -0.275                   5.793652585938561
-0.07499999999999998      -0.275                   5.790421376110249
-0.06499999999999997      -0.275                   5.787675326403354
-0.054999999999999966     -0.275                   5.785379077108034
-0.04499999999999996      -0.275                   5.783504594512242
-0.03499999999999995      -0.275                   5.782029824157021
-0.025000000000000022     -0.275                   5.780937744952111
-0.015000000000000013     -0.275                   5.780216311176664
-0.0050000000000000044    -0.275                   5.779857499839659
0.0050000000000000044     -0.275                   5.7798575370473815
0.015000000000000013      -0.275                   5.780216365876959
0.025000000000000022      -0.275                   5.780937851229569
0.03500000000000003       -0.275                   5.78202996332183
0.04500000000000004       -0.275                   5.783504793204064
0.05500000000000005       -0.275                   5.785379339511293
0.06499999999999995       -0.275                   5.787675678869805
0.07499999999999996       -0.275                   5.790421847216581
0.08499999999999996       -0.275                   5.793653266194042
0.09499999999999997       -0.275                   5.797413335265789
0.10499999999999998       -0.275                   5.801756703536606
0.11499999999999999       -0.275                   5.806750794125977
0.125                     -0.275                   5.812480293797092
0.135                     -0.275                   5.8190525324264035
0.14500000000000002       -0.275                   5.826604127217821
0.15500000000000003       -0.275                   5.835314213012818
0.16500000000000004       -0.275                   5.845419996112199
0.17500000000000004       -0.275                   5.857244841320453
0.18500000000000005       -0.275                   5.871242824899177
0.19499999999999995       -0.275                   5.88806791666488
0.20499999999999996       -0.275                   5.908706815965649
0.21499999999999997       -0.275                   5.934677806543567
0.22499999999999998       -0.275                   5.968403271099533
0.235                     -0.275                   6.013545096688745
0.245                     -0.275                   6.074435706976687
0.255                     -0.275                   6.152300938087644
0.265                     -0.275                   6.240861821886908
0.275                     -0.275                   6.330926975215503
0.28500000000000003       -0.275                   6.416836896336985
0.29500000000000004       -0.275                   6.496499387884894
0.30500000000000005       -0.275                   6.569568684966189
0.31499999999999995       -0.275                   6.636295146101658
0.32499999999999996       -0.275                   6.697110395347455
0.33499999999999996       -0.275                   6.752498416527998
0.345                     -0.275                   6.802916236156926
0.355                     -0.275                   6.848721728576348
0.365                     -0.275                   6.890279090617779
0.375                     -0.275                   6.9278721265502226
0.385                     -0.275                   6.96176749325772
0.395                     -0.275                   6.992181346920502
0.405                     -0.275                   7.019301231616487
0.41500000000000004       -0.275                   7.043297330124399
0.42500000000000004       -0.275                   7.064302198981455
0.43500000000000005       -0.275                   7.082442201538824
0.44499999999999995       -0.275                   7.097813576633412
0.45499999999999996       -0.275                   7.110500053610919
0.46499999999999997       -0.275                   7.120572899708537
0.475                     -0.275                   7.128080277272652
0.485                     -0.275                   7.133064128232615
0.495                     -0.275                   7.135549916446837
-0.495                    -0.265                   7.029004617105586
-0.485                    -0.265                   7.026465442389749
-0.475                    -0.265                   7.0213738167795245
-0.46499999999999997      -0.265                   7.013702162886772
-0.45499999999999996      -0.265                   7.003404977873316
-0.44499999999999995      -0.265                   6.990429863902177
-0.43500000000000005      -0.265                   6.974698994878998
-0.42500000000000004      -0.265                   6.9561201772019565
-0.41500000000000004      -0.265                   6.934587623342373
-0.405                    -0.265                   6.909959892816479
-0.395                    -0.265                   6.882091179990021
-0.385                    -0.265                   6.8507819398529755
-0.375                    -0.265                   6.8158257018081265
-0.365                    -0.265                   6.776947889033371
-0.355                    -0.265                   6.733854096106307
-0.345                    -0.265                   6.686176725446289
-0.33499999999999996      -0.265                   6.63344191538861
-0.32499999999999996      -0.265                   6.575156531348267
-0.31499999999999995      -0.265                   6.510634706707041
-0.30499999999999994      -0.265                   6.439023181525694
-0.29500000000000004      -0.265                   6.359375911331096
-0.28500000000000003      -0.265                   6.270385787916532
-0.275                    -0.265                   6.170837860837468
-0.265                    -0.265                   6.060521045592852
-0.255                    -0.265                   5.945451753918087
-0.245                    -0.265                   5.847906012889183
-0.235                    -0.265                   5.78386806492391
-0.22499999999999998      -0.265                   5.74325047520285
-0.21500000000000005      -0.265                   5.715099993760879
-0.20500000000000004      -0.265                   5.69403384117797
-0.19500000000000003      -0.265                   5.6774258990047395
-0.18500000000000003      -0.265                   5.663857919650765
-0.17500000000000002      -0.265                   5.652502551522926
-0.165                    -0.265                   5.642835160907128
-0.15500000000000003      -0.265                   5.634504927124416
-0.14500000000000002      -0.265                   5.627266674028494
-0.135                    -0.265                   5.620942085091187
-0.125                    -0.265                   5.615397300113323
-0.11499999999999999      -0.265                   5.610530979810664
-0.10499999999999998      -0.265                   5.6062630969998155
-0.09499999999999997      -0.265                   5.602530949754619
-0.08499999999999999      -0.265                   5.599283752078674
-0.07499999999999998      -0.265                   5.59648118244404
-0.06499999999999997      -0.265                   5.5940901758290265
-0.054999999999999966     -0.265                   5.592084397804659
-0.04499999999999996      -0.265                   5.590442409011046
-0.03499999999999995      -0.265                   5.589147638035011
-0.025000000000000022     -0.265                   5.588187318086083
-0.015000000000000013     -0.265                   5.587552093714358
-0.0050000000000000044    -0.265                   5.58723595863847
0.0050000000000000044     -0.265                   5.587235954728618
0.015000000000000013      -0.265                   5.587552111568696
0.025000000000000022      -0.265                   5.5881874147859545
0.03500000000000003       -0.265                   5.589147762468458
0.04500000000000004       -0.265                   5.590442583514493
0.05500000000000005       -0.265                   5.592084533669511
0.06499999999999995       -0.265                   5.594090454847228
0.07499999999999996       -0.265                   5.596481426130782
0.08499999999999996       -0.265                   5.599284049509646
0.09499999999999997       -0.265                   5.60253125142102
0.10499999999999998       -0.265                   5.606263595767564
0.11499999999999999       -0.265                   5.610531520080406
0.125                     -0.265                   5.6153980661114895
0.135                     -0.265                   5.620942868575044
0.14500000000000002       -0.265                   5.627267883253848
0.15500000000000003       -0.265                   5.634506500429742
0.16500000000000004       -0.265                   5.642837000531281
0.17500000000000004       -0.265                   5.652504899987637
0.18500000000000005       -0.265                   5.663860969237998
0.19499999999999995       -0.265                   5.677429993272268
0.20499999999999996       -0.265                   5.6940416861557654
0.21499999999999997       -0.265                   5.715111541828359
0.22499999999999998       -0.265                   5.743271391066271
0.235                     -0.265                   5.783930152583539
0.245                     -0.265                   5.847934915406878
0.255                     -0.265                   5.945515580051922
0.265                     -0.265                   6.060528693043118
0.275                     -0.265                   6.1708408230179135
0.28500000000000003       -0.265                   6.270386153494235
0.29500000000000004       -0.265                   6.359356971702044
0.30500000000000005       -0.265                   6.439021903081322
0.31499999999999995       -0.265                   6.510633238764405
0.32499999999999996       -0.265                   6.575155622211566
0.33499999999999996       -0.265                   6.633440271403194
0.345                     -0.265                   6.686175407994333
0.355                     -0.265                   6.733853237378003
0.365                     -0.265                   6.776948507822542
0.375                     -0.265                   6.81582283272329
0.385                     -0.265                   6.850780374263828
0.395                     -0.265                   6.882089008793356
0.405                     -0.265                   6.909959436496743
0.41500000000000004       -0.265                   6.93458647809933
0.42500000000000004       -0.265                   6.956118989292559
0.43500000000000005       -0.265                   6.974697580112207
0.44499999999999995       -0.265                   6.990428424775694
0.45499999999999996       -0.265                   7.003403541651085
0.46499999999999997       -0.265                   7.013700717054061
0.475                     -0.265                   7.021372358521892
0.485                     -0.265                   7.026463978367605
0.495                     -0.265                   7.029003149797166
-0.495                    -0.255                   6.9249946659083115
-0.485                    -0.255                   6.922415908336471
-0.475                    -0.255                   6.917244330621128
-0.46499999999999997      -0.255                   6.909450703961426
-0.45499999999999996      -0.255                   6.898986722098041
-0.44499999999999995      -0.255                   6.885796664622019
-0.43500000000000005      -0.255                   6.869797574153092
-0.42500000000000004      -0.255                   6.8508909787142125
-0.41500000000000004      -0.255                   6.82896302234999
-0.405                    -0.255                   6.803861467866993
-0.395                    -0.255                   6.775427219764425
-0.385                    -0.255                   6.743442855483723
-0.375                    -0.255                   6.707680131678411
-0.365                    -0.255                   6.66783285480085
-0.355                    -0.255                   6.623565214258972
-0.345                    -0.255                   6.57445479111812
-0.33499999999999996      -0.255                   6.519938690586101
-0.32499999999999996      -0.255                   6.45941340888678
-0.31499999999999995      -0.255                   6.391999977911212
-0.30499999999999994      -0.255                   6.316519482887327
-0.29500000000000004      -0.255                   6.231516724635611
-0.28500000000000003      -0.255                   6.134603658145697
-0.275                    -0.255                   6.022250077031193
-0.265                    -0.255                   5.888258873714527
-0.255                    -0.255                   5.721434866076195
-0.245                    -0.255                   5.580658976882185
-0.235                    -0.255                   5.532134387878552
-0.22499999999999998      -0.255                   5.506605791111943
-0.21500000000000005      -0.255                   5.488861111519565
-0.20500000000000004      -0.255                   5.475104842940293
-0.19500000000000003      -0.255                   5.463838815621663
-0.18500000000000003      -0.255                   5.454316020912054
-0.17500000000000002      -0.255                   5.446104846614517
-0.165                    -0.255                   5.438934070060315
-0.15500000000000003      -0.255                   5.432618348963877
-0.14500000000000002      -0.255                   5.42702574676424
-0.135                    -0.255                   5.422058375051773
-0.125                    -0.255                   5.417641345427595
-0.11499999999999999      -0.255                   5.413716577168531
-0.10499999999999998      -0.255                   5.410237139272775
-0.09499999999999997      -0.255                   5.407165861348137
-0.08499999999999999      -0.255                   5.40447194911501
-0.07499999999999998      -0.255                   5.402130527741016
-0.06499999999999997      -0.255                   5.400121010852589
-0.054999999999999966     -0.255                   5.398426655718108
-0.04499999999999996      -0.255                   5.397033876169289
-0.03499999999999995      -0.255                   5.395931934231058
-0.025000000000000022     -0.255                   5.395112448582358
-0.015000000000000013     -0.255                   5.3945694249803235
-0.0050000000000000044    -0.255                   5.3942989069720735
0.0050000000000000044     -0.255                   5.3942989202801686
0.015000000000000013      -0.255                   5.394569518410293
0.025000000000000022      -0.255                   5.395112552414478
0.03500000000000003       -0.255                   5.39593199948442
0.04500000000000004       -0.255                   5.397033982118121
0.05500000000000005       -0.255                   5.398426809372372
0.06499999999999995       -0.255                   5.400121198344061
0.07499999999999996       -0.255                   5.4021307237821725
0.08499999999999996       -0.255                   5.404472299416765
0.09499999999999997       -0.255                   5.407166125570741
0.10499999999999998       -0.255                   5.410237650497853
0.11499999999999999       -0.255                   5.4137169415016615
0.125                     -0.255                   5.417642051316316
0.135                     -0.255                   5.422059049255532
0.14500000000000002       -0.255                   5.427026603955813
0.15500000000000003       -0.255                   5.4326196044405
0.16500000000000004       -0.255                   5.4389359115527345
0.17500000000000004       -0.255                   5.446106863410257
0.18500000000000005       -0.255                   5.454319997667298
0.19499999999999995       -0.255                   5.463843608821771
0.20499999999999996       -0.255                   5.475114957627156
0.21499999999999997       -0.255                   5.488881075765336
0.22499999999999998       -0.255                   5.506658151759003
0.235                     -0.255                   5.53238344989993
0.245                     -0.255                   5.582086944261713
0.255                     -0.255                   5.721395678499389
0.265                     -0.255                   5.888253658022
0.275                     -0.255                   6.022244430525222
0.28500000000000003       -0.255                   6.134595903889758
0.29500000000000004       -0.255                   6.231499480741846
0.30500000000000005       -0.255                   6.316516091737965
0.31499999999999995       -0.255                   6.391997137367056
0.32499999999999996       -0.255                   6.459411206317954
0.33499999999999996       -0.255                   6.5199363815168505
0.345                     -0.255                   6.5744528854032716
0.355                     -0.255                   6.623563402486401
0.365                     -0.255                   6.667832250764662
0.375                     -0.255                   6.707677592101971
0.385                     -0.255                   6.743440857423675
0.395                     -0.255                   6.775425009454106
0.405                     -0.255                   6.803860514813898
0.41500000000000004       -0.255                   6.828961629975559
0.42500000000000004       -0.255                   6.850889515109138
0.43500000000000005       -0.255                   6.869795995571726
0.44499999999999995       -0.255                   6.885795056323903
0.45499999999999996       -0.255                   6.898985116569817
0.46499999999999997       -0.255                   6.909449091898117
0.475                     -0.255                   6.917242710651201
0.485                     -0.255                   6.922414284600265
0.495                     -0.255                   6.924993039998069
-0.495                    -0.245                   6.823560809491737
-0.485                    -0.245                   6.820957082025853
-0.475                    -0.245                   6.815735028320481
-0.46499999999999997      -0.245                   6.807864297232418
-0.45499999999999996      -0.245                   6.79729467956546
-0.44499999999999995      -0.245                   6.783968215371718
-0.43500000000000005      -0.245                   6.767798495392285
-0.42500000000000004      -0.245                   6.748682891753883
-0.41500000000000004      -0.245                   6.726502184361237
-0.405                    -0.245                   6.701097090062273
-0.395                    -0.245                   6.672299803125243
-0.385                    -0.245                   6.63988144046796
-0.375                    -0.245                   6.603600752425428
-0.365                    -0.245                   6.5631312166455285
-0.355                    -0.245                   6.518111723933706
-0.345                    -0.245                   6.468087821359052
-0.33499999999999996      -0.245                   6.412444449653896
-0.32499999999999996      -0.245                   6.350515378089756
-0.31499999999999995      -0.245                   6.281315344515447
-0.30499999999999994      -0.245                   6.203491161850928
-0.29500000000000004      -0.245                   6.1153206959487765
-0.28500000000000003      -0.245                   6.013882273158418
-0.275                    -0.245                   5.894504660621604
-0.265                    -0.245                   5.7477507400589865
-0.255                    -0.245                   5.550698355970226
-0.245                    -0.245                   5.407103953667513
-0.235                    -0.245                   5.391585835902698
-0.22499999999999998      -0.245                   5.378834200448688
-0.21500000000000005      -0.245                   5.368137501098039
-0.20500000000000004      -0.245                   5.358910086502031
-0.19500000000000003      -0.245                   5.350812275724442
-0.18500000000000003      -0.245                   5.343627060247721
-0.17500000000000002      -0.245                   5.3372056485914054
-0.165                    -0.245                   5.331440387656449
-0.15500000000000003      -0.245                   5.326250219012943
-0.14500000000000002      -0.245                   5.3215721751582095
-0.135                    -0.245                   5.317356179761445
-0.125                    -0.245                   5.313561678823536
-0.11499999999999999      -0.245                   5.310155353306628
-0.10499999999999998      -0.245                   5.307109566785471
-0.09499999999999997      -0.245                   5.304401203603958
-0.08499999999999999      -0.245                   5.302010877518896
-0.07499999999999998      -0.245                   5.29992229608207
-0.06499999999999997      -0.245                   5.29812181664545
-0.054999999999999966     -0.245                   5.296598084424454
-0.04499999999999996      -0.245                   5.295341772492579
-0.03499999999999995      -0.245                   5.294345372846168
-0.025000000000000022     -0.245                   5.29360304726654
-0.015000000000000013     -0.245                   5.293110505998126
-0.0050000000000000044    -0.245                   5.292864933647851
0.0050000000000000044     -0.245                   5.29286493518602
0.015000000000000013      -0.245                   5.293110509718929
0.025000000000000022      -0.245                   5.293603053998812
0.03500000000000003       -0.245                   5.2943453838039645
0.04500000000000004       -0.245                   5.295341785780723
0.05500000000000005       -0.245                   5.296598100770017
0.06499999999999995       -0.245                   5.298121836101441
0.07499999999999996       -0.245                   5.299922319432938
0.08499999999999996       -0.245                   5.302010902691468
0.09499999999999997       -0.245                   5.304401235131843
0.10499999999999998       -0.245                   5.307109600182477
0.11499999999999999       -0.245                   5.310155396618639
0.125                     -0.245                   5.313561724942451
0.135                     -0.245                   5.317356238198293
0.14500000000000002       -0.245                   5.321572244597693
0.15500000000000003       -0.245                   5.326250303954853
0.16500000000000004       -0.245                   5.331440493871836
0.17500000000000004       -0.245                   5.337205788719707
0.18500000000000005       -0.245                   5.343627237929078
0.19499999999999995       -0.245                   5.35081253044416
0.20499999999999996       -0.245                   5.358910352598104
0.21499999999999997       -0.245                   5.368137813498392
0.22499999999999998       -0.245                   5.3788357729771406
0.235                     -0.245                   5.391594852112602
0.245                     -0.245                   5.4071057759077625
0.255                     -0.245                   5.548981698971667
0.265                     -0.245                   5.747736689976927
0.275                     -0.245                   5.894479972993142
0.28500000000000003       -0.245                   6.013873608144546
0.29500000000000004       -0.245                   6.115311086580338
0.30500000000000005       -0.245                   6.203486128707619
0.31499999999999995       -0.245                   6.281311363848319
0.32499999999999996       -0.245                   6.350512159777819
0.33499999999999996       -0.245                   6.412441555280621
0.345                     -0.245                   6.46808542434897
0.355                     -0.245                   6.518109305875149
0.365                     -0.245                   6.563129701471438
0.375                     -0.245                   6.603598166362052
0.385                     -0.245                   6.639879607129858
0.395                     -0.245                   6.672297597429238
0.405                     -0.245                   6.701095604767697
0.41500000000000004       -0.245                   6.726500566512454
0.42500000000000004       -0.245                   6.748681111008486
0.43500000000000005       -0.245                   6.767796757274579
0.44499999999999995       -0.245                   6.783966434616659
0.45499999999999996       -0.245                   6.7972929031237905
0.46499999999999997       -0.245                   6.807862517358802
0.475                     -0.245                   6.815733244875119
0.485                     -0.245                   6.820955296433824
0.495                     -0.245                   6.823559022700815
-0.495                    -0.235                   6.7247279165422285
-0.485                    -0.235                   6.722114387214223
-0.475                    -0.235                   6.71687246510294
-0.46499999999999997      -0.235                   6.708971249415436
-0.45499999999999996      -0.235                   6.698359608636767
-0.44499999999999995      -0.235                   6.684978519852046
-0.43500000000000005      -0.235                   6.6687399591248475
-0.42500000000000004      -0.235                   6.649539479603057
-0.41500000000000004      -0.235                   6.627255467719608
-0.405                    -0.235                   6.6017257644977105
-0.395                    -0.235                   6.572778944932827
-0.385                    -0.235                   6.540182489757111
-0.375                    -0.235                   6.5036901334936035
-0.365                    -0.235                   6.462970344649539
-0.355                    -0.235                   6.417654716409189
-0.345                    -0.235                   6.367283214927705
-0.33499999999999996      -0.235                   6.31123374000642
-0.32499999999999996      -0.235                   6.248836826641443
-0.31499999999999995      -0.235                   6.179110971176912
-0.30499999999999994      -0.235                   6.100733851244454
-0.29500000000000004      -0.235                   6.012064189456405
-0.28500000000000003      -0.235                   5.9104936513530255
-0.275                    -0.235                   5.792274964762951
-0.265                    -0.235                   5.651866171042364
-0.255                    -0.235                   5.484009319772704
-0.245                    -0.235                   5.3861414772335525
-0.235                    -0.235                   5.375202174134952
-0.22499999999999998      -0.235                   5.364694263614101
-0.21500000000000005      -0.235                   5.355213131641393
-0.20500000000000004      -0.235                   5.346737335309409
-0.19500000000000003      -0.235                   5.339148529425905
-0.18500000000000003      -0.235                   5.332329720446849
-0.17500000000000002      -0.235                   5.32618354750158
-0.165                    -0.235                   5.3206315544996565
-0.15500000000000003      -0.235                   5.315610506357013
-0.14500000000000002      -0.235                   5.311068959291733
-0.135                    -0.235                   5.306964620658033
-0.125                    -0.235                   5.303262379973314
-0.11499999999999999      -0.235                   5.299932850132452
-0.10499999999999998      -0.235                   5.296951282132017
-0.09499999999999997      -0.235                   5.29429674709182
-0.08499999999999999      -0.235                   5.291951516295191
-0.07499999999999998      -0.235                   5.289900585441687
-0.06499999999999997      -0.235                   5.288131307605584
-0.054999999999999966     -0.235                   5.2866331084008324
-0.04499999999999996      -0.235                   5.28539726483966
-0.03499999999999995      -0.235                   5.284416734434251
-0.025000000000000022     -0.235                   5.283686024676603
-0.015000000000000013     -0.235                   5.283201095444683
-0.0050000000000000044    -0.235                   5.282959290084456
0.0050000000000000044     -0.235                   5.282959291126864
0.015000000000000013      -0.235                   5.283201098535767
0.025000000000000022      -0.235                   5.283686029855637
0.03500000000000003       -0.235                   5.2844167417071475
0.04500000000000004       -0.235                   5.285397274064115
0.05500000000000005       -0.235                   5.28663311950796
0.06499999999999995       -0.235                   5.288131320560183
0.07499999999999996       -0.235                   5.289900600179779
0.08499999999999996       -0.235                   5.291951532764217
0.09499999999999997       -0.235                   5.294296765401686
0.10499999999999998       -0.235                   5.296951302332702
0.11499999999999999       -0.235                   5.299932872493877
0.125                     -0.235                   5.303262404529035
0.135                     -0.235                   5.306964647675246
0.14500000000000002       -0.235                   5.311068988166703
0.15500000000000003       -0.235                   5.315610535200464
0.16500000000000004       -0.235                   5.32063157811443
0.17500000000000004       -0.235                   5.326183550750774
0.18500000000000005       -0.235                   5.332329669454241
0.19499999999999995       -0.235                   5.339148338674164
0.20499999999999996       -0.235                   5.3467368374459525
0.21499999999999997       -0.235                   5.355212179972607
0.22499999999999998       -0.235                   5.36469497264258
0.235                     -0.235                   5.375199995276918
0.245                     -0.235                   5.38612983151192
0.255                     -0.235                   5.4837658680244274
0.265                     -0.235                   5.651821793037494
0.275                     -0.235                   5.7922638346851745
0.28500000000000003       -0.235                   5.910479737820069
0.29500000000000004       -0.235                   6.012062054563777
0.30500000000000005       -0.235                   6.1007277683671255
0.31499999999999995       -0.235                   6.179106269852362
0.32499999999999996       -0.235                   6.248832971316008
0.33499999999999996       -0.235                   6.311230419651478
0.345                     -0.235                   6.3672803928467125
0.355                     -0.235                   6.417652001439381
0.365                     -0.235                   6.462968270337164
0.375                     -0.235                   6.503687798357395
0.385                     -0.235                   6.540180543709867
0.395                     -0.235                   6.572776779292389
0.405                     -0.235                   6.601723774269689
0.41500000000000004       -0.235                   6.627253544637821
0.42500000000000004       -0.235                   6.64953747911369
0.43500000000000005       -0.235                   6.668738065601525
0.44499999999999995       -0.235                   6.684976560842309
0.45499999999999996       -0.235                   6.698357661745489
0.46499999999999997       -0.235                   6.708969301340574
0.475                     -0.235                   6.7168705173084104
0.485                     -0.235                   6.722112438658402
0.495                     -0.235                   6.724725967589767
-0.495                    -0.22499999999999998     6.6285057388346384
-0.485                    -0.22499999999999998     6.6258978502554555
-0.475                    -0.22499999999999998     6.620667223226633
-0.46499999999999997      -0.22499999999999998     6.612782992719863
-0.45499999999999996      -0.22499999999999998     6.6021941109910856
-0.44499999999999995      -0.22499999999999998     6.588841696938732
-0.43500000000000005      -0.22499999999999998     6.57263798007025
-0.42500000000000004      -0.22499999999999998     6.553479045075844
-0.41500000000000004      -0.22499999999999998     6.5312440566153995
-0.405                    -0.22499999999999998     6.505772081075522
-0.395                    -0.22499999999999998     6.476893265566133
-0.385                    -0.22499999999999998     6.4443790738998015
-0.375                    -0.22499999999999998     6.407987529225616
-0.365                    -0.22499999999999998     6.367395576364626
-0.355                    -0.22499999999999998     6.322246141469911
-0.345                    -0.22499999999999998     6.272099551755168
-0.33499999999999996      -0.22499999999999998     6.21636951525845
-0.32499999999999996      -0.22499999999999998     6.154438492133558
-0.31499999999999995      -0.22499999999999998     6.085426285815661
-0.30499999999999994      -0.22499999999999998     6.0082092841102845
-0.29500000000000004      -0.22499999999999998     5.9214822408352035
-0.28500000000000003      -0.22499999999999998     5.823428998694071
-0.275                    -0.22499999999999998     5.711989215977528
-0.265                    -0.22499999999999998     5.585362985351506
-0.255                    -0.22499999999999998     5.44437845256894
-0.245                    -0.22499999999999998     5.366451246094058
-0.235                    -0.22499999999999998     5.358028244136756
-0.22499999999999998      -0.22499999999999998     5.349442263596497
-0.21500000000000005      -0.22499999999999998     5.341260717424303
-0.20500000000000004      -0.22499999999999998     5.333673167667126
-0.19500000000000003      -0.22499999999999998     5.326714711059932
-0.18500000000000003      -0.22499999999999998     5.320360629630951
-0.17500000000000002      -0.22499999999999998     5.314568219907819
-0.165                    -0.22499999999999998     5.309292586756281
-0.15500000000000003      -0.22499999999999998     5.304491953303
-0.14500000000000002      -0.22499999999999998     5.300129065989415
-0.135                    -0.22499999999999998     5.296171393938646
-0.125                    -0.22499999999999998     5.292590725117828
-0.11499999999999999      -0.22499999999999998     5.289362679252424
-0.10499999999999998      -0.22499999999999998     5.286466216194592
-0.09499999999999997      -0.22499999999999998     5.283883202601173
-0.08499999999999999      -0.22499999999999998     5.281598045986838
-0.07499999999999998      -0.22499999999999998     5.279597391583853
-0.06499999999999997      -0.22499999999999998     5.277869874548157
-0.054999999999999966     -0.22499999999999998     5.276405919145508
-0.04499999999999996      -0.22499999999999998     5.275197577501814
-0.03499999999999995      -0.22499999999999998     5.2742384016137045
-0.025000000000000022     -0.22499999999999998     5.273523343551078
-0.015000000000000013     -0.22499999999999998     5.273048679859507
-0.0050000000000000044    -0.22499999999999998     5.27281195733452
0.0050000000000000044     -0.22499999999999998     5.272811957971116
0.015000000000000013      -0.22499999999999998     5.273048681747858
0.025000000000000022      -0.22499999999999998     5.273523346642518
0.03500000000000003       -0.22499999999999998     5.274238405805448
0.04500000000000004       -0.22499999999999998     5.2751975826142665
0.05500000000000005       -0.22499999999999998     5.276405924964276
0.06499999999999995       -0.22499999999999998     5.27786988082174
0.07499999999999996       -0.22499999999999998     5.279597398008233
0.08499999999999996       -0.22499999999999998     5.281598052206622
0.09499999999999997       -0.22499999999999998     5.283883208224793
0.10499999999999998       -0.22499999999999998     5.286466220732329
0.11499999999999999       -0.22499999999999998     5.289362682119932
0.125                     -0.22499999999999998     5.292590725644962
0.135                     -0.22499999999999998     5.296171391645833
0.14500000000000002       -0.22499999999999998     5.300129059618653
0.15500000000000003       -0.22499999999999998     5.304491938384672
0.16500000000000004       -0.22499999999999998     5.309292564282335
0.17500000000000004       -0.22499999999999998     5.314568197576158
0.18500000000000005       -0.22499999999999998     5.3203606877982486
0.19499999999999995       -0.22499999999999998     5.326714968018513
0.20499999999999996       -0.22499999999999998     5.333673511775088
0.21499999999999997       -0.22499999999999998     5.341261177181563
0.22499999999999998       -0.22499999999999998     5.349442556254381
0.235                     -0.22499999999999998     5.358024477141087
0.245                     -0.22499999999999998     5.366447710478309
0.255                     -0.22499999999999998     5.44433125053467
0.265                     -0.22499999999999998     5.585341619363416
0.275                     -0.22499999999999998     5.711975189932822
0.28500000000000003       -0.22499999999999998     5.823419701011793
0.29500000000000004       -0.22499999999999998     5.921484872250446
0.30500000000000005       -0.22499999999999998     6.00820296152606
0.31499999999999995       -0.22499999999999998     6.08542130728052
0.32499999999999996       -0.22499999999999998     6.15443433502647
0.33499999999999996       -0.22499999999999998     6.216365928529681
0.345                     -0.22499999999999998     6.2720964199738685
0.355                     -0.22499999999999998     6.3222432919674665
0.365                     -0.22499999999999998     6.367392978709673
0.375                     -0.22499999999999998     6.407985138778967
0.385                     -0.22499999999999998     6.444377034665899
0.395                     -0.22499999999999998     6.476891192739206
0.405                     -0.22499999999999998     6.5057696441618384
0.41500000000000004       -0.22499999999999998     6.531241903183063
0.42500000000000004       -0.22499999999999998     6.553476788558774
0.43500000000000005       -0.22499999999999998     6.572635918425676
0.44499999999999995       -0.22499999999999998     6.588839561413025
0.45499999999999996       -0.22499999999999998     6.6021919953657875
0.46499999999999997       -0.22499999999999998     6.612780877660711
0.475                     -0.22499999999999998     6.620665111024644
0.485                     -0.22499999999999998     6.625895738488514
0.495                     -0.22499999999999998     6.628503627260723
-0.495                    -0.21500000000000005     6.534888637913423
-0.485                    -0.21500000000000005     6.532301819954344
-0.475                    -0.21500000000000005     6.527113617696386
-0.46499999999999997      -0.21500000000000005     6.519293770073897
-0.45499999999999996      -0.21500000000000005     6.508792285448245
-0.44499999999999995      -0.21500000000000005     6.495551575234206
-0.43500000000000005      -0.21500000000000005     6.479485951522477
-0.42500000000000004      -0.21500000000000005     6.460494374554088
-0.41500000000000004      -0.21500000000000005     6.438459297815829
-0.405                    -0.21500000000000005     6.413225537346577
-0.395                    -0.21500000000000005     6.384629268628283
-0.385                    -0.21500000000000005     6.352452812543606
-0.375                    -0.21500000000000005     6.3164668991573
-0.365                    -0.21500000000000005     6.276369088039052
-0.355                    -0.21500000000000005     6.231828994584899
-0.345                    -0.21500000000000005     6.182448270999142
-0.33499999999999996      -0.21500000000000005     6.127709054821501
-0.32499999999999996      -0.21500000000000005     6.067083982091445
-0.31499999999999995      -0.21500000000000005     5.99985400023286
-0.30499999999999994      -0.21500000000000005     5.925172658437999
-0.29500000000000004      -0.21500000000000005     5.8421490158011755
-0.28500000000000003      -0.21500000000000005     5.74976457509956
-0.275                    -0.21500000000000005     5.647214148679716
-0.265                    -0.21500000000000005     5.534475929054989
-0.255                    -0.21500000000000005     5.413424799306309
-0.245                    -0.21500000000000005     5.347824803783542
-0.235                    -0.21500000000000005     5.340910474993961
-0.22499999999999998      -0.21500000000000005     5.333743681563304
-0.21500000000000005      -0.21500000000000005     5.326692741199223
-0.20500000000000004      -0.21500000000000005     5.319973099242727
-0.19500000000000003      -0.21500000000000005     5.313674448151414
-0.18500000000000003      -0.21500000000000005     5.307829305411304
-0.17500000000000002      -0.21500000000000005     5.302436091174678
-0.165                    -0.21500000000000005     5.297478924810408
-0.15500000000000003      -0.21500000000000005     5.292936021468518
-0.14500000000000002      -0.21500000000000005     5.288784340051349
-0.135                    -0.21500000000000005     5.285001517362407
-0.125                    -0.21500000000000005     5.28156676481926
-0.11499999999999999      -0.21500000000000005     5.27846120854157
-0.10499999999999998      -0.21500000000000005     5.275667952536457
-0.09499999999999997      -0.21500000000000005     5.273172025986652
-0.08499999999999999      -0.21500000000000005     5.270960275782026
-0.07499999999999998      -0.21500000000000005     5.269021244102421
-0.06499999999999997      -0.21500000000000005     5.2673450485022295
-0.054999999999999966     -0.21500000000000005     5.265923272693542
-0.04499999999999996      -0.21500000000000005     5.264748871488834
-0.03499999999999995      -0.21500000000000005     5.2638160908314395
-0.025000000000000022     -0.21500000000000005     5.263120402726482
-0.015000000000000013     -0.21500000000000005     5.26265845441825
-0.0050000000000000044    -0.21500000000000005     5.262428031078634
0.0050000000000000044     -0.21500000000000005     5.262428031334283
0.015000000000000013      -0.21500000000000005     5.262658455150802
0.025000000000000022      -0.21500000000000005     5.2631204038316515
0.03500000000000003       -0.21500000000000005     5.263816092125854
0.04500000000000004       -0.21500000000000005     5.264748872702554
0.05500000000000005       -0.21500000000000005     5.265923273471718
0.06499999999999995       -0.21500000000000005     5.267345048398905
0.07499999999999996       -0.21500000000000005     5.2690212425646745
0.08499999999999996       -0.21500000000000005     5.270960272128116
0.09499999999999997       -0.21500000000000005     5.273172019379219
0.10499999999999998       -0.21500000000000005     5.275667941917561
0.11499999999999999       -0.21500000000000005     5.278461192754119
0.125                     -0.21500000000000005     5.281566742310113
0.135                     -0.21500000000000005     5.2850014853571095
0.14500000000000002       -0.21500000000000005     5.288784296243676
0.15500000000000003       -0.21500000000000005     5.292935960791418
0.16500000000000004       -0.21500000000000005     5.297478836873995
0.17500000000000004       -0.21500000000000005     5.302435940833324
0.18500000000000005       -0.21500000000000005     5.307828914458661
0.19499999999999995       -0.21500000000000005     5.313673646167993
0.20499999999999996       -0.21500000000000005     5.319971555787979
0.21499999999999997       -0.21500000000000005     5.326691705786785
0.22499999999999998       -0.21500000000000005     5.333741541066481
0.235                     -0.21500000000000005     5.340909607256981
0.245                     -0.21500000000000005     5.347822967707201
0.255                     -0.21500000000000005     5.4134089916207415
0.265                     -0.21500000000000005     5.534469265166106
0.275                     -0.21500000000000005     5.647203271099123
0.28500000000000003       -0.21500000000000005     5.749754845473214
0.29500000000000004       -0.21500000000000005     5.842154599440811
0.30500000000000005       -0.21500000000000005     5.925166596928191
0.31499999999999995       -0.21500000000000005     5.999849084854266
0.32499999999999996       -0.21500000000000005     6.067079768420519
0.33499999999999996       -0.21500000000000005     6.127705345835437
0.345                     -0.21500000000000005     6.182444960657005
0.355                     -0.21500000000000005     6.2318260004330375
0.365                     -0.21500000000000005     6.276366150204029
0.375                     -0.21500000000000005     6.3164646778642
0.385                     -0.21500000000000005     6.352450812944153
0.395                     -0.21500000000000005     6.3846272629003895
0.405                     -0.21500000000000005     6.41322266592261
0.41500000000000004       -0.21500000000000005     6.438456971608097
0.42500000000000004       -0.21500000000000005     6.46049186821508
0.43500000000000005       -0.21500000000000005     6.479483733772428
0.44499999999999995       -0.21500000000000005     6.49554927588388
0.45499999999999996       -0.21500000000000005     6.508790003865995
0.46499999999999997       -0.21500000000000005     6.5192914903474435
0.475                     -0.21500000000000005     6.527111341872012
0.485                     -0.21500000000000005     6.53229954536159
0.495                     -0.21500000000000005     6.534886363857373
-0.495                    -0.20500000000000004     6.443855596310133
-0.485                    -0.20500000000000004     6.441304987103149
-0.475                    -0.20500000000000004     6.436189733950722
-0.46499999999999997      -0.20500000000000004     6.428480702077524
-0.45499999999999996      -0.20500000000000004     6.418129841527123
-0.44499999999999995      -0.20500000000000004     6.405081910066512
-0.43500000000000005      -0.20500000000000004     6.3892549540516255
-0.42500000000000004      -0.20500000000000004     6.370552643359739
-0.41500000000000004      -0.20500000000000004     6.348863698273293
-0.405                    -0.20500000000000004     6.324041636287499
-0.395                    -0.20500000000000004     6.295932949411542
-0.385                    -0.20500000000000004     6.264336593524376
-0.375                    -0.20500000000000004     6.229042093738297
-0.365                    -0.20500000000000004     6.189777020362718
-0.355                    -0.20500000000000004     6.1462489815969725
-0.345                    -0.20500000000000004     6.098114212422261
-0.33499999999999996      -0.20500000000000004     6.044941676132132
-0.32499999999999996      -0.20500000000000004     5.986311535881672
-0.31499999999999995      -0.20500000000000004     5.921684016133954
-0.30499999999999994      -0.20500000000000004     5.850488144202011
-0.29500000000000004      -0.20500000000000004     5.772199746023141
-0.28500000000000003      -0.20500000000000004     5.6863761397096555
-0.275                    -0.20500000000000004     5.592917739901714
-0.265                    -0.20500000000000004     5.492441053028335
-0.255                    -0.20500000000000004     5.38667399810806
-0.245                    -0.20500000000000004     5.329896689013064
-0.235                    -0.20500000000000004     5.324016730063498
-0.22499999999999998      -0.20500000000000004     5.317899198365033
-0.21500000000000005      -0.20500000000000004     5.311782787771316
-0.20500000000000004      -0.20500000000000004     5.305843480165579
-0.19500000000000003      -0.20500000000000004     5.300178669381641
-0.18500000000000003      -0.20500000000000004     5.294847100534887
-0.17500000000000002      -0.20500000000000004     5.2898702328107445
-0.165                    -0.20500000000000004     5.285253314114742
-0.15500000000000003      -0.20500000000000004     5.280990998747846
-0.14500000000000002      -0.20500000000000004     5.277072639021383
-0.135                    -0.20500000000000004     5.273485201762531
-0.125                    -0.20500000000000004     5.270215019836016
-0.11499999999999999      -0.20500000000000004     5.2672486602378426
-0.10499999999999998      -0.20500000000000004     5.264573425092548
-0.09499999999999997      -0.20500000000000004     5.262177609454769
-0.08499999999999999      -0.20500000000000004     5.260050617846732
-0.07499999999999998      -0.20500000000000004     5.25818300558002
-0.06499999999999997      -0.20500000000000004     5.2565664786132675
-0.054999999999999966     -0.20500000000000004     5.255193872551231
-0.04499999999999996      -0.20500000000000004     5.254059122780241
-0.03499999999999995      -0.20500000000000004     5.253157232646942
-0.025000000000000022     -0.20500000000000004     5.252484243714174
-0.015000000000000013     -0.20500000000000004     5.252037210376929
-0.0050000000000000044    -0.20500000000000004     5.251814180108838
0.0050000000000000044     -0.20500000000000004     5.251814180018774
0.015000000000000013      -0.20500000000000004     5.252037210057913
0.025000000000000022      -0.20500000000000004     5.252484243017707
0.03500000000000003       -0.20500000000000004     5.253157231319168
0.04500000000000004       -0.20500000000000004     5.25405912045459
0.05500000000000005       -0.20500000000000004     5.255193868739801
0.06499999999999995       -0.20500000000000004     5.256566472693345
0.07499999999999996       -0.20500000000000004     5.2581829967729945
0.08499999999999996       -0.20500000000000004     5.260050605181095
0.09499999999999997       -0.20500000000000004     5.262177591712408
0.10499999999999998       -0.20500000000000004     5.264573400724326
0.11499999999999999       -0.20500000000000004     5.267248627407673
0.125                     -0.20500000000000004     5.2702149765607915
0.135                     -0.20500000000000004     5.27348514458816
0.14500000000000002       -0.20500000000000004     5.277072565539081
0.15500000000000003       -0.20500000000000004     5.280990920186228
0.16500000000000004       -0.20500000000000004     5.285253210658551
0.17500000000000004       -0.20500000000000004     5.289870143737979
0.18500000000000005       -0.20500000000000004     5.294847165539881
0.19499999999999995       -0.20500000000000004     5.3001796276382915
0.20499999999999996       -0.20500000000000004     5.305843764418915
0.21499999999999997       -0.20500000000000004     5.311783438361903
0.22499999999999998       -0.20500000000000004     5.317897478301029
0.235                     -0.20500000000000004     5.32401602673925
0.245                     -0.20500000000000004     5.329895196674174
0.255                     -0.20500000000000004     5.386665655977762
0.265                     -0.20500000000000004     5.492432962132058
0.275                     -0.20500000000000004     5.5929125742076025
0.28500000000000003       -0.20500000000000004     5.686370882348798
0.29500000000000004       -0.20500000000000004     5.77220326514278
0.30500000000000005       -0.20500000000000004     5.850482730971536
0.31499999999999995       -0.20500000000000004     5.921679373581024
0.32499999999999996       -0.20500000000000004     5.9863074205365
0.33499999999999996       -0.20500000000000004     6.044937962681945
0.345                     -0.20500000000000004     6.0981108258199175
0.355                     -0.20500000000000004     6.146245949913954
0.365                     -0.20500000000000004     6.189773871598954
0.375                     -0.20500000000000004     6.2290398292843445
0.385                     -0.20500000000000004     6.264334677881147
0.395                     -0.20500000000000004     6.295931011687081
0.405                     -0.20500000000000004     6.324038392849434
0.41500000000000004       -0.20500000000000004     6.348861024426352
0.42500000000000004       -0.20500000000000004     6.370550059777727
0.43500000000000005       -0.20500000000000004     6.389252555960667
0.44499999999999995       -0.20500000000000004     6.405079444256439
0.45499999999999996       -0.20500000000000004     6.4181273967291395
0.46499999999999997       -0.20500000000000004     6.428478259909781
0.475                     -0.20500000000000004     6.43618729578951
0.485                     -0.20500000000000004     6.441302550435495
0.495                     -0.20500000000000004     6.443853160258487
-0.495                    -0.19500000000000003     6.355370505212222
-0.485                    -0.19500000000000003     6.352870694427631
-0.475                    -0.19500000000000003     6.347857784889182
-0.46499999999999997      -0.19500000000000003     6.340304219443664
-0.45499999999999996      -0.19500000000000003     6.3301646484315555
-0.44499999999999995      -0.19500000000000003     6.317387076000525
-0.43500000000000005      -0.19500000000000003     6.301894614425277
-0.42500000000000004      -0.19500000000000003     6.283597462939311
-0.41500000000000004      -0.19500000000000003     6.262392297031315
-0.405                    -0.19500000000000003     6.238144434110802
-0.395                    -0.19500000000000003     6.210713548351311
-0.385                    -0.19500000000000003     6.179919301103777
-0.375                    -0.19500000000000003     6.145574559595524
-0.365                    -0.19500000000000003     6.107442317606014
-0.355                    -0.19500000000000003     6.065274534746914
-0.345                    -0.19500000000000003     6.018787718765772
-0.33499999999999996      -0.19500000000000003     5.967642633171367
-0.32499999999999996      -0.19500000000000003     5.9115266090817356
-0.31499999999999995      -0.19500000000000003     5.850066782497148
-0.30499999999999994      -0.19500000000000003     5.782921924416427
-0.29500000000000004      -0.19500000000000003     5.70983879236157
-0.28500000000000003      -0.19500000000000003     5.6307369584095825
-0.275                    -0.19500000000000003     5.545845311335635
-0.265                    -0.19500000000000003     5.455920914268791
-0.255                    -0.19500000000000003     5.362397184476647
-0.245                    -0.19500000000000003     5.31245826341227
-0.235                    -0.19500000000000003     5.3073515204728015
-0.22499999999999998      -0.19500000000000003     5.302041647132372
-0.21500000000000005      -0.19500000000000003     5.296688479632533
-0.20500000000000004      -0.19500000000000003     5.291427253801149
-0.19500000000000003      -0.19500000000000003     5.286343790030966
-0.18500000000000003      -0.19500000000000003     5.2815038441337006
-0.17500000000000002      -0.19500000000000003     5.276939773261355
-0.165                    -0.19500000000000003     5.272669797349362
-0.15500000000000003      -0.19500000000000003     5.2686996718041454
-0.14500000000000002      -0.19500000000000003     5.265028222988348
-0.135                    -0.19500000000000003     5.2616502884114675
-0.125                    -0.19500000000000003     5.258558425348516
-0.11499999999999999      -0.19500000000000003     5.255744183121637
-0.10499999999999998      -0.19500000000000003     5.253198836966957
-0.09499999999999997      -0.19500000000000003     5.25091384833264
-0.08499999999999999      -0.19500000000000003     5.248881150380199
-0.07499999999999998      -0.19500000000000003     5.2470933199258685
-0.06499999999999997      -0.19500000000000003     5.24554367791349
-0.054999999999999966     -0.19500000000000003     5.2442263456598255
-0.04499999999999996      -0.19500000000000003     5.2431362736925795
-0.03499999999999995      -0.19500000000000003     5.2422692544268426
-0.025000000000000022     -0.19500000000000003     5.241621925696937
-0.015000000000000013     -0.19500000000000003     5.241191769690255
-0.0050000000000000044    -0.19500000000000003     5.24097711017098
0.0050000000000000044     -0.19500000000000003     5.240977109783102
0.015000000000000013      -0.19500000000000003     5.241191768465151
0.025000000000000022      -0.19500000000000003     5.241621923448312
0.03500000000000003       -0.19500000000000003     5.242269250838094
0.04500000000000004       -0.19500000000000003     5.243136268307959
0.05500000000000005       -0.19500000000000003     5.244226337871814
0.06499999999999995       -0.19500000000000003     5.2455436669442035
0.07499999999999996       -0.19500000000000003     5.247093304799231
0.08499999999999996       -0.19500000000000003     5.248881129886204
0.09499999999999997       -0.19500000000000003     5.250913820933313
0.10499999999999998       -0.19500000000000003     5.25319880077708
0.11499999999999999       -0.19500000000000003     5.255744135807152
0.125                     -0.19500000000000003     5.2585583643412175
0.135                     -0.19500000000000003     5.2616502114199575
0.14500000000000002       -0.19500000000000003     5.265028123646486
0.15500000000000003       -0.19500000000000003     5.268699523584418
0.16500000000000004       -0.19500000000000003     5.272669625596865
0.17500000000000004       -0.19500000000000003     5.276939529104665
0.18500000000000005       -0.19500000000000003     5.281503438189768
0.19499999999999995       -0.19500000000000003     5.286343663415819
0.20499999999999996       -0.19500000000000003     5.291426141473925
0.21499999999999997       -0.19500000000000003     5.296688398339118
0.22499999999999998       -0.19500000000000003     5.302040181307635
0.235                     -0.19500000000000003     5.307350679857332
0.245                     -0.19500000000000003     5.312457038133335
0.255                     -0.19500000000000003     5.3623914968645945
0.265                     -0.19500000000000003     5.455918378055986
0.275                     -0.19500000000000003     5.545842085850221
0.28500000000000003       -0.19500000000000003     5.630731467372528
0.29500000000000004       -0.19500000000000003     5.709842706172864
0.30500000000000005       -0.19500000000000003     5.782917118428816
0.31499999999999995       -0.19500000000000003     5.85006250610998
0.32499999999999996       -0.19500000000000003     5.911522678300039
0.33499999999999996       -0.19500000000000003     5.967638998531877
0.345                     -0.19500000000000003     6.0187843180561025
0.355                     -0.19500000000000003     6.065271424928863
0.365                     -0.19500000000000003     6.107439234051025
0.375                     -0.19500000000000003     6.14557226143211
0.385                     -0.19500000000000003     6.179917354824251
0.395                     -0.19500000000000003     6.210711690423897
0.405                     -0.19500000000000003     6.238140874249414
0.41500000000000004       -0.19500000000000003     6.262389485913671
0.42500000000000004       -0.19500000000000003     6.2835946255911574
0.43500000000000005       -0.19500000000000003     6.301892046388044
0.44499999999999995       -0.19500000000000003     6.317384448508408
0.45499999999999996       -0.19500000000000003     6.330162043951775
0.46499999999999997       -0.19500000000000003     6.340301616837444
0.475                     -0.19500000000000003     6.347855185718984
0.485                     -0.19500000000000003     6.352868096515646
0.495                     -0.19500000000000003     6.35536790773538
-0.495                    -0.18500000000000003     6.269382706748015
-0.485                    -0.18500000000000003     6.266947512738984
-0.475                    -0.18500000000000003     6.2620647576091
-0.46499999999999997      -0.18500000000000003     6.254708824619239
-0.45499999999999996      -0.18500000000000003     6.24483766912544
-0.44499999999999995      -0.18500000000000003     6.232403240878648
-0.43500000000000005      -0.18500000000000003     6.2173347774087295
-0.42500000000000004      -0.18500000000000003     6.199550311246772
-0.41500000000000004      -0.18500000000000003     6.178955715166791
-0.405                    -0.18500000000000003     6.155430289176112
-0.395                    -0.18500000000000003     6.1288487207786035
-0.385                    -0.18500000000000003     6.099053742107132
-0.375                    -0.18500000000000003     6.065883962436185
-0.365                    -0.18500000000000003     6.02914017665344
-0.355                    -0.18500000000000003     5.988619786100129
-0.345                    -0.18500000000000003     5.944099667069855
-0.33499999999999996      -0.18500000000000003     5.895327063785906
-0.32499999999999996      -0.18500000000000003     5.8420849313931145
-0.31499999999999995      -0.18500000000000003     5.784139488443861
-0.30499999999999994      -0.18500000000000003     5.721321379949239
-0.29500000000000004      -0.18500000000000003     5.653559592691467
-0.28500000000000003      -0.18500000000000003     5.580970334135896
-0.275                    -0.18500000000000003     5.5039138899823605
-0.265                    -0.18500000000000003     5.423127013480425
-0.255                    -0.18500000000000003     5.339750603443341
-0.245                    -0.18500000000000003     5.295380521181734
-0.235                    -0.18500000000000003     5.290885777271414
-0.22499999999999998      -0.18500000000000003     5.286221703379704
-0.21500000000000005      -0.18500000000000003     5.281500059319187
-0.20500000000000004      -0.18500000000000003     5.276823413492289
-0.19500000000000003      -0.18500000000000003     5.272263414428621
-0.18500000000000003      -0.18500000000000003     5.26788113208574
-0.17500000000000002      -0.18500000000000003     5.263714417651034
-0.165                    -0.18500000000000003     5.2597861116386255
-0.15500000000000003      -0.18500000000000003     5.256109653807199
-0.14500000000000002      -0.18500000000000003     5.252690624701195
-0.135                    -0.18500000000000003     5.249529727579933
-0.125                    -0.18500000000000003     5.246624661304
-0.11499999999999999      -0.18500000000000003     5.243971263292958
-0.10499999999999998      -0.18500000000000003     5.241564330839001
-0.09499999999999997      -0.18500000000000003     5.239398215060394
-0.08499999999999999      -0.18500000000000003     5.237467210879621
-0.07499999999999998      -0.18500000000000003     5.235765818829882
-0.06499999999999997      -0.18500000000000003     5.234288920181657
-0.054999999999999966     -0.18500000000000003     5.233031893635739
-0.04499999999999996      -0.18500000000000003     5.231990692424367
-0.03499999999999995      -0.18500000000000003     5.231161894558433
-0.025000000000000022     -0.18500000000000003     5.230542735187332
-0.015000000000000013     -0.18500000000000003     5.2301311270166355
-0.0050000000000000044    -0.18500000000000003     5.229925672750639
0.0050000000000000044     -0.18500000000000003     5.229925672126386
0.015000000000000013      -0.18500000000000003     5.230131125071688
0.025000000000000022      -0.18500000000000003     5.230542731703282
0.03500000000000003       -0.18500000000000003     5.2311618891650475
0.04500000000000004       -0.18500000000000003     5.231990684590228
0.05500000000000005       -0.18500000000000003     5.2330318826545446
0.06499999999999995       -0.18500000000000003     5.234288905152007
0.07499999999999996       -0.18500000000000003     5.235765798630614
0.08499999999999996       -0.18500000000000003     5.237467183889612
0.09499999999999997       -0.18500000000000003     5.239398178976147
0.10499999999999998       -0.18500000000000003     5.241564282853893
0.11499999999999999       -0.18500000000000003     5.243971199145166
0.125                     -0.18500000000000003     5.246624573899529
0.135                     -0.18500000000000003     5.249529604737649
0.14500000000000002       -0.18500000000000003     5.252690467323264
0.15500000000000003       -0.18500000000000003     5.256109472654743
0.16500000000000004       -0.18500000000000003     5.259785811916148
0.17500000000000004       -0.18500000000000003     5.26371375037179
0.18500000000000005       -0.18500000000000003     5.267880615156102
0.19499999999999995       -0.18500000000000003     5.2722632368562365
0.20499999999999996       -0.18500000000000003     5.276822648765939
0.21499999999999997       -0.18500000000000003     5.281499669755232
0.22499999999999998       -0.18500000000000003     5.286220709514381
0.235                     -0.18500000000000003     5.290884949723783
0.245                     -0.18500000000000003     5.295379466373153
0.255                     -0.18500000000000003     5.339749048269901
0.265                     -0.18500000000000003     5.42312485986332
0.275                     -0.18500000000000003     5.5039100328574335
0.28500000000000003       -0.18500000000000003     5.580964987997689
0.29500000000000004       -0.18500000000000003     5.653561989860535
0.30500000000000005       -0.18500000000000003     5.721317192276126
0.31499999999999995       -0.18500000000000003     5.784135594146648
0.32499999999999996       -0.18500000000000003     5.842081226742437
0.33499999999999996       -0.18500000000000003     5.895323554967196
0.345                     -0.18500000000000003     5.94409630651769
0.355                     -0.18500000000000003     5.98861663374017
0.365                     -0.18500000000000003     6.029137067851015
0.375                     -0.18500000000000003     6.065881723086032
0.385                     -0.18500000000000003     6.099051783056723
0.395                     -0.18500000000000003     6.128846914414608
0.405                     -0.18500000000000003     6.155426452913588
0.41500000000000004       -0.18500000000000003     6.1789526970935835
0.42500000000000004       -0.18500000000000003     6.19954727588225
0.43500000000000005       -0.18500000000000003     6.217332069761278
0.44499999999999995       -0.18500000000000003     6.23240046521205
0.45499999999999996       -0.18500000000000003     6.244834908263824
0.46499999999999997       -0.18500000000000003     6.254706063536012
0.475                     -0.18500000000000003     6.2620619985682335
0.485                     -0.18500000000000003     6.266944754218406
0.495                     -0.18500000000000003     6.269379948243131
-0.495                    -0.17500000000000002     6.185827757600267
-0.485                    -0.17500000000000002     6.183470046820665
-0.475                    -0.17500000000000002     6.178743307262529
-0.46499999999999997      -0.17500000000000002     6.171624127942815
-0.45499999999999996      -0.17500000000000002     6.162074204130267
-0.44499999999999995      -0.17500000000000002     6.150049921230561
-0.43500000000000005      -0.17500000000000002     6.135487385315011
-0.42500000000000004      -0.17500000000000002     6.118313096744567
-0.41500000000000004      -0.17500000000000002     6.098443445665081
-0.405                    -0.17500000000000002     6.0757722646549
-0.395                    -0.17500000000000002     6.050190510153888
-0.385                    -0.17500000000000002     6.021564779432804
-0.375                    -0.17500000000000002     5.989759599968284
-0.365                    -0.17500000000000002     5.9546135040552866
-0.355                    -0.17500000000000002     5.915967064381117
-0.345                    -0.17500000000000002     5.873652848457366
-0.33499999999999996      -0.17500000000000002     5.827493706501091
-0.32499999999999996      -0.17500000000000002     5.777351580967929
-0.31499999999999995      -0.17500000000000002     5.723100068520068
-0.30499999999999994      -0.17500000000000002     5.664689084924934
-0.29500000000000004      -0.17500000000000002     5.6021591495543435
-0.28500000000000003      -0.17500000000000002     5.535725833887911
-0.275                    -0.17500000000000002     5.465783561391814
-0.265                    -0.17500000000000002     5.392990975050094
-0.255                    -0.17500000000000002     5.31825848196261
-0.245                    -0.17500000000000002     5.278578028511495
-0.235                    -0.17500000000000002     5.274587537118105
-0.22499999999999998      -0.17500000000000002     5.270456675010393
-0.21500000000000005      -0.17500000000000002     5.266266665744983
-0.20500000000000004      -0.17500000000000002     5.262095946180053
-0.19500000000000003      -0.17500000000000002     5.25800283849509
-0.18500000000000003      -0.17500000000000002     5.254041496422575
-0.17500000000000002      -0.17500000000000002     5.250249128818669
-0.165                    -0.17500000000000002     5.246649999271067
-0.15500000000000003      -0.17500000000000002     5.243261930028659
-0.14500000000000002      -0.17500000000000002     5.24009463885368
-0.135                    -0.17500000000000002     5.237153208662975
-0.125                    -0.17500000000000002     5.234439237342201
-0.11499999999999999      -0.17500000000000002     5.231951955778008
-0.10499999999999998      -0.17500000000000002     5.2296891313832266
-0.09499999999999997      -0.17500000000000002     5.227647623565997
-0.08499999999999999      -0.17500000000000002     5.225823831669608
-0.07499999999999998      -0.17500000000000002     5.224214007798227
-0.06499999999999997      -0.17500000000000002     5.222814479538528
-0.054999999999999966     -0.17500000000000002     5.221621808039901
-0.04499999999999996      -0.17500000000000002     5.220632900322504
-0.03499999999999995      -0.17500000000000002     5.2198450885164185
-0.025000000000000022     -0.17500000000000002     5.219256185247409
-0.015000000000000013     -0.17500000000000002     5.218864521663957
-0.0050000000000000044    -0.17500000000000002     5.218668972592103
0.0050000000000000044     -0.17500000000000002     5.218668971803347
0.015000000000000013      -0.17500000000000002     5.218864519216637
0.025000000000000022      -0.17500000000000002     5.219256180896419
0.03500000000000003       -0.17500000000000002     5.219845081846685
0.04500000000000004       -0.17500000000000002     5.220632890739077
0.05500000000000005       -0.17500000000000002     5.22162179475489
0.06499999999999995       -0.17500000000000002     5.222814461549936
0.07499999999999996       -0.17500000000000002     5.22421398389257
0.08499999999999996       -0.17500000000000002     5.225823800519429
0.09499999999999997       -0.17500000000000002     5.227647583722534
0.10499999999999998       -0.17500000000000002     5.229689080696022
0.11499999999999999       -0.17500000000000002     5.231951892260176
0.125                     -0.17500000000000002     5.2344391593805
0.135                     -0.17500000000000002     5.2371531323967275
0.14500000000000002       -0.17500000000000002     5.240094555262368
0.15500000000000003       -0.17500000000000002     5.243261836162335
0.16500000000000004       -0.17500000000000002     5.246649888409199
0.17500000000000004       -0.17500000000000002     5.250248936988783
0.18500000000000005       -0.17500000000000002     5.254041323816817
0.19499999999999995       -0.17500000000000002     5.258002380217402
0.20499999999999996       -0.17500000000000002     5.262095340837585
0.21499999999999997       -0.17500000000000002     5.266266149421872
0.22499999999999998       -0.17500000000000002     5.270455924479155
0.235                     -0.17500000000000002     5.274586782068954
0.245                     -0.17500000000000002     5.278577159384541
0.255                     -0.17500000000000002     5.318255823596431
0.265                     -0.17500000000000002     5.392989583251526
0.275                     -0.17500000000000002     5.465780788383653
0.28500000000000003       -0.17500000000000002     5.535722575563653
0.29500000000000004       -0.17500000000000002     5.602160549230119
0.30500000000000005       -0.17500000000000002     5.6646854138004015
0.31499999999999995       -0.17500000000000002     5.72309652744472
0.32499999999999996       -0.17500000000000002     5.777348111028852
0.33499999999999996       -0.17500000000000002     5.827490336035757
0.345                     -0.17500000000000002     5.873649553054301
0.355                     -0.17500000000000002     5.91596392993921
0.365                     -0.17500000000000002     5.954610347767872
0.375                     -0.17500000000000002     5.989757390829558
0.385                     -0.17500000000000002     6.021562720669047
0.395                     -0.17500000000000002     6.050188708409663
0.405                     -0.17500000000000002     6.075768208759421
0.41500000000000004       -0.17500000000000002     6.0984403118985355
0.42500000000000004       -0.17500000000000002     6.118309874660921
0.43500000000000005       -0.17500000000000002     6.135484521726272
0.44499999999999995       -0.17500000000000002     6.150047004895739
0.45499999999999996       -0.17500000000000002     6.162071289588315
0.46499999999999997       -0.17500000000000002     6.171621209749429
0.475                     -0.17500000000000002     6.178740389123697
0.485                     -0.17500000000000002     6.183467127892772
0.495                     -0.17500000000000002     6.185824838050731
-0.495                    -0.165                   6.104628372323499
-0.485                    -0.165                   6.102359925846172
-0.475                    -0.165                   6.097812845339751
-0.46499999999999997      -0.165                   6.090966091611552
-0.45499999999999996      -0.165                   6.081785362057669
-0.44499999999999995      -0.165                   6.0702317608213825
-0.43500000000000005      -0.165                   6.0562486276575
-0.42500000000000004      -0.165                   6.039771428132826
-0.41500000000000004      -0.165                   6.02072719798711
-0.405                    -0.165                   5.999024794439962
-0.395                    -0.165                   5.974571432547763
-0.385                    -0.165                   5.947256976892496
-0.375                    -0.165                   5.916971050875492
-0.365                    -0.165                   5.883587457655024
-0.355                    -0.165                   5.846985445043505
-0.345                    -0.165                   5.807046185809869
-0.33499999999999996      -0.165                   5.7636549681402
-0.32499999999999996      -0.165                   5.716735360516476
-0.31499999999999995      -0.165                   5.666239211800582
-0.30499999999999994      -0.165                   5.612194331020898
-0.29500000000000004      -0.165                   5.554705343402201
-0.28500000000000003      -0.165                   5.49402795454483
-0.275                    -0.165                   5.430547653358203
-0.265                    -0.165                   5.364833781797951
-0.255                    -0.165                   5.297621234852003
-0.245                    -0.165                   5.261991160933583
-0.235                    -0.165                   5.258428554721307
-0.22499999999999998      -0.165                   5.2547494795394805
-0.21500000000000005      -0.165                   5.251014900827729
-0.20500000000000004      -0.165                   5.24728567302957
-0.19500000000000003      -0.165                   5.243609187352686
-0.18500000000000003      -0.165                   5.240031860264517
-0.17500000000000002      -0.165                   5.236587609644863
-0.165                    -0.165                   5.2333012320521295
-0.15500000000000003      -0.165                   5.230191682218843
-0.14500000000000002      -0.165                   5.227271457255036
-0.135                    -0.165                   5.224548207910502
-0.125                    -0.165                   5.2220262394262935
-0.11499999999999999      -0.165                   5.219707481898783
-0.10499999999999998      -0.165                   5.217592036467089
-0.09499999999999997      -0.165                   5.2156788368329945
-0.08499999999999999      -0.165                   5.213966081874319
-0.07499999999999998      -0.165                   5.2124515585227895
-0.06499999999999997      -0.165                   5.2111328860878015
-0.054999999999999966     -0.165                   5.210007698609437
-0.04499999999999996      -0.165                   5.209073779708151
-0.03499999999999995      -0.165                   5.208329161753696
-0.025000000000000022     -0.165                   5.207772197903334
-0.015000000000000013     -0.165                   5.207401613338503
-0.0050000000000000044    -0.165                   5.207216540205468
0.0050000000000000044     -0.165                   5.2072165393327765
0.015000000000000013      -0.165                   5.207401610632558
0.025000000000000022      -0.165                   5.207772193098519
0.03500000000000003       -0.165                   5.208329154400841
0.04500000000000004       -0.165                   5.2090737691652915
0.05500000000000005       -0.165                   5.210007684037741
0.06499999999999995       -0.165                   5.211132866450173
0.07499999999999996       -0.165                   5.212451532618121
0.08499999999999996       -0.165                   5.21396604842837
0.09499999999999997       -0.165                   5.215678794692222
0.10499999999999998       -0.165                   5.217591985297918
0.11499999999999999       -0.165                   5.219707420608355
0.125                     -0.165                   5.22202616087756
0.135                     -0.165                   5.22454808748675
0.14500000000000002       -0.165                   5.227271345344894
0.15500000000000003       -0.165                   5.230191613953699
0.16500000000000004       -0.165                   5.233300970227787
0.17500000000000004       -0.165                   5.236587204384684
0.18500000000000005       -0.165                   5.2400315652947596
0.19499999999999995       -0.165                   5.243608697558188
0.20499999999999996       -0.165                   5.247285155465173
0.21499999999999997       -0.165                   5.251014381806574
0.22499999999999998       -0.165                   5.254748842681397
0.235                     -0.165                   5.258427877186765
0.245                     -0.165                   5.261990406922864
0.255                     -0.165                   5.297619293779795
0.265                     -0.165                   5.364831361633082
0.275                     -0.165                   5.430545014335939
0.28500000000000003       -0.165                   5.4940247727518985
0.29500000000000004       -0.165                   5.554706623912322
0.30500000000000005       -0.165                   5.612191089468602
0.31499999999999995       -0.165                   5.666235975822381
0.32499999999999996       -0.165                   5.716732108425118
0.33499999999999996       -0.165                   5.763651736948615
0.345                     -0.165                   5.807042971512212
0.355                     -0.165                   5.846982298311444
0.365                     -0.165                   5.883584255232253
0.375                     -0.165                   5.916968895522854
0.385                     -0.165                   5.94725482818612
0.395                     -0.165                   5.974569592864416
0.405                     -0.165                   5.999020526301027
0.41500000000000004       -0.165                   6.020723978797484
0.42500000000000004       -0.165                   6.039768061964582
0.43500000000000005       -0.165                   6.056245634452445
0.44499999999999995       -0.165                   6.070228702562487
0.45499999999999996       -0.165                   6.081782295902316
0.46499999999999997       -0.165                   6.09096301671812
0.475                     -0.165                   6.097809768182991
0.485                     -0.165                   6.102356846058453
0.495                     -0.165                   6.104625291077614
-0.495                    -0.15500000000000003     6.025695499914607
-0.485                    -0.15500000000000003     6.023526928299771
-0.475                    -0.15500000000000003     6.019180764408952
-0.46499999999999997      -0.15500000000000003     6.01263841192902
-0.45499999999999996      -0.15500000000000003     6.0038696703908565
-0.44499999999999995      -0.15500000000000003     5.992840452060407
-0.43500000000000005      -0.15500000000000003     5.979501416549698
-0.42500000000000004      -0.15500000000000003     5.963797010065893
-0.41500000000000004      -0.15500000000000003     5.945664779888185
-0.405                    -0.15500000000000003     5.9250282629381585
-0.395                    -0.15500000000000003     5.901810243257971
-0.385                    -0.15500000000000003     5.875922466147262
-0.375                    -0.15500000000000003     5.847277746595821
-0.365                    -0.15500000000000003     5.815780776685499
-0.355                    -0.15500000000000003     5.781344898785325
-0.345                    -0.15500000000000003     5.7438912767801025
-0.33499999999999996      -0.15500000000000003     5.703354591115591
-0.32499999999999996      -0.15500000000000003     5.6597042981902765
-0.31499999999999995      -0.15500000000000003     5.612946567349159
-0.30499999999999994      -0.15500000000000003     5.563157037508734
-0.29500000000000004      -0.15500000000000003     5.510473613675993
-0.28500000000000003      -0.15500000000000003     5.455159606021742
-0.275                    -0.15500000000000003     5.397572285879889
-0.265                    -0.15500000000000003     5.338199744641228
-0.255                    -0.15500000000000003     5.2776413321989395
-0.245                    -0.15500000000000003     5.245576503748623
-0.235                    -0.15500000000000003     5.242385271150436
-0.22499999999999998      -0.15500000000000003     5.239097102433791
-0.21500000000000005      -0.15500000000000003     5.235758997049674
-0.20500000000000004      -0.15500000000000003     5.232418928659686
-0.19500000000000003      -0.15500000000000003     5.229115464170232
-0.18500000000000003      -0.15500000000000003     5.225887982715164
-0.17500000000000002      -0.15500000000000003     5.222766763193977
-0.165                    -0.15500000000000003     5.219775062035588
-0.15500000000000003      -0.15500000000000003     5.216932463465119
-0.14500000000000002      -0.15500000000000003     5.214251723428529
-0.135                    -0.15500000000000003     5.211742445293707
-0.125                    -0.15500000000000003     5.209410745404181
-0.11499999999999999      -0.15500000000000003     5.20726042454685
-0.10499999999999998      -0.15500000000000003     5.205293411447515
-0.09499999999999997      -0.15500000000000003     5.203510302886915
-0.08499999999999999      -0.15500000000000003     5.201910776058695
-0.07499999999999998      -0.15500000000000003     5.200493910993065
-0.06499999999999997      -0.15500000000000003     5.199258438234064
-0.054999999999999966     -0.15500000000000003     5.198202930991661
-0.04499999999999996      -0.15500000000000003     5.1973259510646805
-0.03499999999999995      -0.15500000000000003     5.196626159486262
-0.025000000000000022     -0.15500000000000003     5.196102398975797
-0.015000000000000013     -0.15500000000000003     5.195753753956553
-0.0050000000000000044    -0.15500000000000003     5.195579592254394
0.0050000000000000044     -0.15500000000000003     5.195579591385538
0.015000000000000013      -0.15500000000000003     5.195753751257224
0.025000000000000022      -0.15500000000000003     5.196102394163916
0.03500000000000003       -0.15500000000000003     5.196626152081928
0.04500000000000004       -0.15500000000000003     5.197325940377225
0.05500000000000005       -0.15500000000000003     5.1982029160819865
0.06499999999999995       -0.15500000000000003     5.199258417899344
0.07499999999999996       -0.15500000000000003     5.200493883468718
0.08499999999999996       -0.15500000000000003     5.201910738907987
0.09499999999999997       -0.15500000000000003     5.203510252717964
0.10499999999999998       -0.15500000000000003     5.205293345805589
0.11499999999999999       -0.15500000000000003     5.207260337356302
0.125                     -0.15500000000000003     5.209410635116457
0.135                     -0.15500000000000003     5.211742327478298
0.14500000000000002       -0.15500000000000003     5.214251693086977
0.15500000000000003       -0.15500000000000003     5.216932388994264
0.16500000000000004       -0.15500000000000003     5.2197747905473015
0.17500000000000004       -0.15500000000000003     5.222766357228326
0.18500000000000005       -0.15500000000000003     5.225887698177358
0.19499999999999995       -0.15500000000000003     5.229115051873844
0.20499999999999996       -0.15500000000000003     5.232418476370842
0.21499999999999997       -0.15500000000000003     5.235758513929593
0.22499999999999998       -0.15500000000000003     5.2390965444247035
0.235                     -0.15500000000000003     5.24238466778454
0.245                     -0.15500000000000003     5.245575847619371
0.255                     -0.15500000000000003     5.277639754871458
0.265                     -0.15500000000000003     5.338198254204118
0.275                     -0.15500000000000003     5.397570328997472
0.28500000000000003       -0.15500000000000003     5.455157793535384
0.29500000000000004       -0.15500000000000003     5.510473979180913
0.30500000000000005       -0.15500000000000003     5.563154116053508
0.31499999999999995       -0.15500000000000003     5.612943580953975
0.32499999999999996       -0.15500000000000003     5.659701234303683
0.33499999999999996       -0.15500000000000003     5.703351483960603
0.345                     -0.15500000000000003     5.743888140235339
0.355                     -0.15500000000000003     5.781341778125913
0.365                     -0.15500000000000003     5.815777592024436
0.375                     -0.15500000000000003     5.847275488735071
0.385                     -0.15500000000000003     5.87592017883715
0.395                     -0.15500000000000003     5.901808358030779
0.405                     -0.15500000000000003     5.925023872439522
0.41500000000000004       -0.15500000000000003     5.945661356460676
0.42500000000000004       -0.15500000000000003     5.963793546586771
0.43500000000000005       -0.15500000000000003     5.979498300253324
0.44499999999999995       -0.15500000000000003     5.992837241533195
0.45499999999999996       -0.15500000000000003     6.0038664518862275
0.46499999999999997       -0.15500000000000003     6.012635179989108
0.475                     -0.15500000000000003     6.019177527260724
0.485                     -0.15500000000000003     6.0235236863356505
0.495                     -0.15500000000000003     6.025692255487343
-0.495                    -0.14500000000000002     5.948929485868657
-0.485                    -0.14500000000000002     5.946870190438918
-0.475                    -0.14500000000000002     5.942743741728303
-0.46499999999999997      -0.14500000000000002     5.936533972419924
-0.45499999999999996      -0.14500000000000002     5.928214740631521
-0.44499999999999995      -0.14500000000000002     5.9177566919966305
-0.43500000000000005      -0.14500000000000002     5.905117666380263
-0.42500000000000004      -0.14500000000000002     5.890250571626302
-0.41500000000000004      -0.14500000000000002     5.873103379188268
-0.405                    -0.14500000000000002     5.853613113583357
-0.395                    -0.14500000000000002     5.831717097346282
-0.385                    -0.14500000000000002     5.807346812551711
-0.375                    -0.14500000000000002     5.780435580139919
-0.365                    -0.14500000000000002     5.750914705052476
-0.355                    -0.14500000000000002     5.718725906749019
-0.345                    -0.14500000000000002     5.6838222394008024
-0.33499999999999996      -0.14500000000000002     5.646175901934948
-0.32499999999999996      -0.14500000000000002     5.605789123698985
-0.31499999999999995      -0.14500000000000002     5.562703934560323
-0.30499999999999994      -0.14500000000000002     5.517022966041963
-0.29500000000000004      -0.14500000000000002     5.468897728233149
-0.28500000000000003      -0.14500000000000002     5.418583113061072
-0.275                    -0.14500000000000002     5.3664000817982975
-0.265                    -0.14500000000000002     5.3127685027309255
-0.255                    -0.14500000000000002     5.258179479049721
-0.245                    -0.14500000000000002     5.22930144454017
-0.235                    -0.14500000000000002     5.226438343131542
-0.22499999999999998      -0.14500000000000002     5.223494287678132
-0.21500000000000005      -0.14500000000000002     5.22050630897303
-0.20500000000000004      -0.14500000000000002     5.21751279183994
-0.19500000000000003      -0.14500000000000002     5.2145453046679116
-0.18500000000000003      -0.14500000000000002     5.211637119581433
-0.17500000000000002      -0.14500000000000002     5.208814737067635
-0.165                    -0.14500000000000002     5.206099435017288
-0.15500000000000003      -0.14500000000000002     5.203510142399279
-0.14500000000000002      -0.14500000000000002     5.201059357984118
-0.135                    -0.14500000000000002     5.198757815991787
-0.125                    -0.14500000000000002     5.196612708122101
-0.11499999999999999      -0.14500000000000002     5.19462902862116
-0.10499999999999998      -0.14500000000000002     5.1928099848744
-0.09499999999999997      -0.14500000000000002     5.19115740261757
-0.08499999999999999      -0.14500000000000002     5.1896721183538315
-0.07499999999999998      -0.14500000000000002     5.188354257500522
-0.06499999999999997      -0.14500000000000002     5.187203473393063
-0.054999999999999966     -0.14500000000000002     5.186219134200294
-0.04499999999999996      -0.14500000000000002     5.185400471124442
-0.03499999999999995      -0.14500000000000002     5.184746692793508
-0.025000000000000022     -0.14500000000000002     5.184257072531435
-0.015000000000000013     -0.14500000000000002     5.183931013049397
-0.0050000000000000044    -0.14500000000000002     5.183768092051174
0.0050000000000000044     -0.14500000000000002     5.183768091277766
0.015000000000000013      -0.14500000000000002     5.183931010633885
0.025000000000000022      -0.14500000000000002     5.184257068190277
0.03500000000000003       -0.14500000000000002     5.18474668604831
0.04500000000000004       -0.14500000000000002     5.1854004612903015
0.05500000000000005       -0.14500000000000002     5.186219120426461
0.06499999999999995       -0.14500000000000002     5.18720345455369
0.07499999999999996       -0.14500000000000002     5.188354232554022
0.08499999999999996       -0.14500000000000002     5.189672085863323
0.09499999999999997       -0.14500000000000002     5.191157361486924
0.10499999999999998       -0.14500000000000002     5.1928099319426995
0.11499999999999999       -0.14500000000000002     5.194628964694381
0.125                     -0.14500000000000002     5.196612612947854
0.135                     -0.14500000000000002     5.198757653547067
0.14500000000000002       -0.14500000000000002     5.201059188916816
0.15500000000000003       -0.14500000000000002     5.203509896894423
0.16500000000000004       -0.14500000000000002     5.206099232604461
0.17500000000000004       -0.14500000000000002     5.20881438189259
0.18500000000000005       -0.14500000000000002     5.211636859986696
0.19499999999999995       -0.14500000000000002     5.2145449427306865
0.20499999999999996       -0.14500000000000002     5.217512392642544
0.21499999999999997       -0.14500000000000002     5.2205058724136535
0.22499999999999998       -0.14500000000000002     5.223493793293818
0.235                     -0.14500000000000002     5.226437809447771
0.245                     -0.14500000000000002     5.22930087378688
0.255                     -0.14500000000000002     5.258178136901107
0.265                     -0.14500000000000002     5.312766545927201
0.275                     -0.14500000000000002     5.366399583782644
0.28500000000000003       -0.14500000000000002     5.4185810392173455
0.29500000000000004       -0.14500000000000002     5.468897712410026
0.30500000000000005       -0.14500000000000002     5.517020306273812
0.31499999999999995       -0.14500000000000002     5.562701148350518
0.32499999999999996       -0.14500000000000002     5.605786213821117
0.33499999999999996       -0.14500000000000002     5.646172902361252
0.345                     -0.14500000000000002     5.683819173114859
0.355                     -0.14500000000000002     5.718722811039564
0.365                     -0.14500000000000002     5.750911507954682
0.375                     -0.14500000000000002     5.7804332484203345
0.385                     -0.14500000000000002     5.807344367326282
0.395                     -0.14500000000000002     5.831715147135637
0.405                     -0.14500000000000002     5.853608597870539
0.41500000000000004       -0.14500000000000002     5.87309985875889
0.42500000000000004       -0.14500000000000002     5.890247026780134
0.43500000000000005       -0.14500000000000002     5.905114373268449
0.44499999999999995       -0.14500000000000002     5.917753328471685
0.45499999999999996       -0.14500000000000002     5.928211367384233
0.46499999999999997       -0.14500000000000002     5.936530582094153
0.475                     -0.14500000000000002     5.942740342364529
0.485                     -0.14500000000000002     5.94686678394147
0.495                     -0.14500000000000002     5.94892607577623
-0.495                    -0.135                   5.874221273774255
-0.485                    -0.135                   5.872279449825479
-0.475                    -0.135                   5.8683890684558415
-0.46499999999999997      -0.135                   5.862536305206395
-0.45499999999999996      -0.135                   5.854698914518548
-0.44499999999999995      -0.135                   5.844852057186559
-0.43500000000000005      -0.135                   5.83296034453893
-0.42500000000000004      -0.135                   5.818984776051751
-0.41500000000000004      -0.135                   5.802882640197244
-0.405                    -0.135                   5.784603513232882
-0.395                    -0.135                   5.764097704082821
-0.385                    -0.135                   5.7413139512849884
-0.375                    -0.135                   5.716203101728344
-0.365                    -0.135                   5.688718797236999
-0.355                    -0.135                   5.658825329161236
-0.345                    -0.135                   5.626500506188338
-0.33499999999999996      -0.135                   5.591743912640515
-0.32499999999999996      -0.135                   5.554580129009361
-0.31499999999999995      -0.135                   5.515073378275023
-0.30499999999999994      -0.135                   5.473339277990499
-0.29500000000000004      -0.135                   5.429530929658652
-0.28500000000000003      -0.135                   5.383886847154913
-0.275                    -0.135                   5.336692349244911
-0.265                    -0.135                   5.28830460977497
-0.255                    -0.135                   5.239134166009082
-0.245                    -0.135                   5.213140829988756
-0.235                    -0.135                   5.2105719087926055
-0.22499999999999998      -0.135                   5.207935180713936
-0.21500000000000005      -0.135                   5.205260338827083
-0.20500000000000004      -0.135                   5.202578491462616
-0.19500000000000003      -0.135                   5.199915655672218
-0.18500000000000003      -0.135                   5.197299926080253
-0.17500000000000002      -0.135                   5.194754262310502
-0.165                    -0.135                   5.192297836645575
-0.15500000000000003      -0.135                   5.189948228480652
-0.14500000000000002      -0.135                   5.187717518632936
-0.135                    -0.135                   5.18561646630881
-0.125                    -0.135                   5.1836531206857925
-0.11499999999999999      -0.135                   5.181832894597193
-0.10499999999999998      -0.135                   5.180160002773579
-0.09499999999999997      -0.135                   5.178637147860761
-0.08499999999999999      -0.135                   5.17726600806571
-0.07499999999999998      -0.135                   5.176047520808015
-0.06499999999999997      -0.135                   5.174982074575641
-0.054999999999999966     -0.135                   5.174069686003292
-0.04499999999999996      -0.135                   5.173310141748841
-0.03499999999999995      -0.135                   5.172703111198071
-0.025000000000000022     -0.135                   5.172248233997065
-0.015000000000000013     -0.135                   5.171945185863798
-0.0050000000000000044    -0.135                   5.17179372553748
0.0050000000000000044     -0.135                   5.171793724957667
0.015000000000000013      -0.135                   5.171945184020377
0.025000000000000022      -0.135                   5.1722482305678055
0.03500000000000003       -0.135                   5.172703105626519
0.04500000000000004       -0.135                   5.17331013321349
0.05500000000000005       -0.135                   5.174069673431743
0.06499999999999995       -0.135                   5.174982056368362
0.07499999999999996       -0.135                   5.176047494385516
0.08499999999999996       -0.135                   5.177265970636005
0.09499999999999997       -0.135                   5.178637095432829
0.10499999999999998       -0.135                   5.180159929893298
0.11499999999999999       -0.135                   5.181832774162784
0.125                     -0.135                   5.183652895578945
0.135                     -0.135                   5.1856162797413194
0.14500000000000002       -0.135                   5.187717415992307
0.15500000000000003       -0.135                   5.189948063915178
0.16500000000000004       -0.135                   5.192297649535079
0.17500000000000004       -0.135                   5.194753984677703
0.18500000000000005       -0.135                   5.1972996811260135
0.19499999999999995       -0.135                   5.199915337902979
0.20499999999999996       -0.135                   5.202578136122425
0.21499999999999997       -0.135                   5.205259946943424
0.22499999999999998       -0.135                   5.207934745914422
0.235                     -0.135                   5.21057143840574
0.245                     -0.135                   5.21314032841152
0.255                     -0.135                   5.23913299092574
0.265                     -0.135                   5.288303525217338
0.275                     -0.135                   5.336690674049774
0.28500000000000003       -0.135                   5.383885153112198
0.29500000000000004       -0.135                   5.429530550914115
0.30500000000000005       -0.135                   5.47333680119219
0.31499999999999995       -0.135                   5.515070747155227
0.32499999999999996       -0.135                   5.554577340624312
0.33499999999999996       -0.135                   5.591740997473495
0.345                     -0.135                   5.626497491067976
0.355                     -0.135                   5.6588222400755335
0.365                     -0.135                   5.68871558612242
0.375                     -0.135                   5.716200739595723
0.385                     -0.135                   5.741311348892727
0.395                     -0.135                   5.764095668657003
0.405                     -0.135                   5.784598880769713
0.41500000000000004       -0.135                   5.802878937228354
0.42500000000000004       -0.135                   5.818981089311186
0.43500000000000005       -0.135                   5.832956934596278
0.44499999999999995       -0.135                   5.844848549321847
0.45499999999999996       -0.135                   5.8546953840236995
0.46499999999999997       -0.135                   5.862532753795156
0.475                     -0.135                   5.868385503261664
0.485                     -0.135                   5.872275875273696
0.495                     -0.135                   5.874217694408711
-0.495                    -0.125                   5.801453604830269
-0.485                    -0.125                   5.7996362805646315
-0.475                    -0.125                   5.795995956774762
-0.46499999999999997      -0.125                   5.7905210106189395
-0.45499999999999996      -0.125                   5.783192835103631
-0.44499999999999995      -0.125                   5.773990787199137
-0.43500000000000005      -0.125                   5.762885712248146
-0.42500000000000004      -0.125                   5.749845998060454
-0.41500000000000004      -0.125                   5.734837263386029
-0.405                    -0.125                   5.717820305359627
-0.395                    -0.125                   5.698756656055352
-0.385                    -0.125                   5.67760980354711
-0.375                    -0.125                   5.654345318990066
-0.365                    -0.125                   5.628934325474312
-0.355                    -0.125                   5.60135925006104
-0.345                    -0.125                   5.571616156072716
-0.33499999999999996      -0.125                   5.539723751559949
-0.32499999999999996      -0.125                   5.505720986718072
-0.31499999999999995      -0.125                   5.469684418725285
-0.30499999999999994      -0.125                   5.431733447473022
-0.29500000000000004      -0.125                   5.3920156938681885
-0.28500000000000003      -0.125                   5.350749805092351
-0.275                    -0.125                   5.308186157427709
-0.265                    -0.125                   5.264631630760521
-0.255                    -0.125                   5.220428894613441
-0.245                    -0.125                   5.197074832853177
-0.235                    -0.125                   5.194772905166225
-0.22499999999999998      -0.125                   5.1924140587271665
-0.21500000000000005      -0.125                   5.190022435938996
-0.20500000000000004      -0.125                   5.187623516348702
-0.19500000000000003      -0.125                   5.185238879431183
-0.18500000000000003      -0.125                   5.182892260838474
-0.17500000000000002      -0.125                   5.1806034647949515
-0.165                    -0.125                   5.178389526517848
-0.15500000000000003      -0.125                   5.176266458789517
-0.14500000000000002      -0.125                   5.174245604151443
-0.135                    -0.125                   5.172337488999821
-0.125                    -0.125                   5.170550390263589
-0.11499999999999999      -0.125                   5.168889727310951
-0.10499999999999998      -0.125                   5.16736035583998
-0.09499999999999997      -0.125                   5.16596555781179
-0.08499999999999999      -0.125                   5.1647076491933825
-0.07499999999999998      -0.125                   5.1635881623817195
-0.06499999999999997      -0.125                   5.162608046348174
-0.054999999999999966     -0.125                   5.161767825903248
-0.04499999999999996      -0.125                   5.161067732710241
-0.03499999999999995      -0.125                   5.160507810578332
-0.025000000000000022     -0.125                   5.160088000421155
-0.015000000000000013     -0.125                   5.159808204467246
-0.0050000000000000044    -0.125                   5.1596683325925605
0.0050000000000000044     -0.125                   5.159668332300055
0.015000000000000013      -0.125                   5.15980820353039
0.025000000000000022      -0.125                   5.160087998636965
0.03500000000000003       -0.125                   5.1605078076432385
0.04500000000000004       -0.125                   5.161067728084262
0.05500000000000005       -0.125                   5.1617678190497625
0.06499999999999995       -0.125                   5.16260803702722
0.07499999999999996       -0.125                   5.163588150648417
0.08499999999999996       -0.125                   5.164707638384509
0.09499999999999997       -0.125                   5.165965549550336
0.10499999999999998       -0.125                   5.167360351502457
0.11499999999999999       -0.125                   5.1688897083602425
0.125                     -0.125                   5.170550384284307
0.135                     -0.125                   5.17233751641337
0.14500000000000002       -0.125                   5.174245446419727
0.15500000000000003       -0.125                   5.176266315985796
0.16500000000000004       -0.125                   5.178389353429855
0.17500000000000004       -0.125                   5.1806032375415345
0.18500000000000005       -0.125                   5.182892036224469
0.19499999999999995       -0.125                   5.1852386009607905
0.20499999999999996       -0.125                   5.1876232046681565
0.21499999999999997       -0.125                   5.190022089500999
0.22499999999999998       -0.125                   5.192413676975915
0.235                     -0.125                   5.194772492455754
0.245                     -0.125                   5.197074393965504
0.255                     -0.125                   5.22042803766995
0.265                     -0.125                   5.264630308157792
0.275                     -0.125                   5.3081849435845205
0.28500000000000003       -0.125                   5.350747733675023
0.29500000000000004       -0.125                   5.392015365844058
0.30500000000000005       -0.125                   5.431731112196834
0.31499999999999995       -0.125                   5.469681904442323
0.32499999999999996       -0.125                   5.505718288220865
0.33499999999999996       -0.125                   5.539720896648785
0.345                     -0.125                   5.571613172022086
0.355                     -0.125                   5.601356170090476
0.365                     -0.125                   5.62893113578133
0.375                     -0.125                   5.654342731395415
0.385                     -0.125                   5.677607064691831
0.395                     -0.125                   5.69875453567674
0.405                     -0.125                   5.717815554473689
0.41500000000000004       -0.125                   5.7348334840680275
0.42500000000000004       -0.125                   5.749842138224697
0.43500000000000005       -0.125                   5.762882146312788
0.44499999999999995       -0.125                   5.773987132179913
0.45499999999999996       -0.125                   5.783189143622673
0.46499999999999997       -0.125                   5.790517292830608
0.475                     -0.125                   5.795992221243339
0.485                     -0.125                   5.799632533188668
0.495                     -0.125                   5.801449851373905
-0.495                    -0.11499999999999999     5.73050217974687
-0.485                    -0.11499999999999999     5.72881528370379
-0.475                    -0.11499999999999999     5.725436788847797
-0.46499999999999997      -0.11499999999999999     5.720357088983119
-0.45499999999999996      -0.11499999999999999     5.713560896137054
-0.44499999999999995      -0.11499999999999999     5.705031369475523
-0.43500000000000005      -0.11499999999999999     5.694744981879203
-0.42500000000000004      -0.11499999999999999     5.682676526158882
-0.41500000000000004      -0.11499999999999999     5.668799251717899
-0.405                    -0.11499999999999999     5.653083329838077
-0.395                    -0.11499999999999999     5.63549999000743
-0.385                    -0.11499999999999999     5.61602482831566
-0.375                    -0.11499999999999999     5.594635192653532
-0.365                    -0.11499999999999999     5.5713164374240405
-0.355                    -0.11499999999999999     5.546063938398945
-0.345                    -0.11499999999999999     5.518887106842555
-0.33499999999999996      -0.11499999999999999     5.489817233998585
-0.32499999999999996      -0.11499999999999999     5.458901616566475
-0.31499999999999995      -0.11499999999999999     5.42622216568887
-0.30499999999999994      -0.11499999999999999     5.391896100212474
-0.29500000000000004      -0.11499999999999999     5.35606185718161
-0.28500000000000003      -0.11499999999999999     5.3189160321748306
-0.275                    -0.11499999999999999     5.28067886222657
-0.265                    -0.11499999999999999     5.241611496758992
-0.255                    -0.11499999999999999     5.202004425832433
-0.245                    -0.11499999999999999     5.181087546761964
-0.235                    -0.11499999999999999     5.179030505652566
-0.22499999999999998      -0.11499999999999999     5.176925633027429
-0.21500000000000005      -0.11499999999999999     5.174792764346657
-0.20500000000000004      -0.11499999999999999     5.1726529414335864
-0.19500000000000003      -0.11499999999999999     5.170524155455583
-0.18500000000000003      -0.11499999999999999     5.1684264749373785
-0.17500000000000002      -0.11499999999999999     5.166376935115947
-0.165                    -0.11499999999999999     5.164390515603821
-0.15500000000000003      -0.11499999999999999     5.162481600297198
-0.14500000000000002      -0.11499999999999999     5.1606606055362665
-0.135                    -0.11499999999999999     5.158937553849215
-0.125                    -0.11499999999999999     5.1573203107322785
-0.11499999999999999      -0.11499999999999999     5.155814539826734
-0.10499999999999998      -0.11499999999999999     5.154425347001618
-0.09499999999999997      -0.11499999999999999     5.153156346106331
-0.08499999999999999      -0.11499999999999999     5.1520101934882465
-0.07499999999999998      -0.11499999999999999     5.150988800184945
-0.06499999999999997      -0.11499999999999999     5.150093525320693
-0.054999999999999966     -0.11499999999999999     5.149325275064606
-0.04499999999999996      -0.11499999999999999     5.148684616205721
-0.03499999999999995      -0.11499999999999999     5.1481718833141885
-0.025000000000000022     -0.11499999999999999     5.147787254171947
-0.015000000000000013     -0.11499999999999999     5.1475308113238984
-0.0050000000000000044    -0.11499999999999999     5.147402585779576
0.0050000000000000044     -0.11499999999999999     5.1474025859339285
0.015000000000000013      -0.11499999999999999     5.147530811669237
0.025000000000000022      -0.11499999999999999     5.147787254529801
0.03500000000000003       -0.11499999999999999     5.148171883484748
0.04500000000000004       -0.11499999999999999     5.148684616175795
0.05500000000000005       -0.11499999999999999     5.149325273594742
0.06499999999999995       -0.11499999999999999     5.150093520161568
0.07499999999999996       -0.11499999999999999     5.1509887914039485
0.08499999999999996       -0.11499999999999999     5.152010188239773
0.09499999999999997       -0.11499999999999999     5.1531563667978375
0.10499999999999998       -0.11499999999999999     5.154425383342482
0.11499999999999999       -0.11499999999999999     5.1558144933768
0.125                     -0.11499999999999999     5.157320250145409
0.135                     -0.11499999999999999     5.158937503912716
0.14500000000000002       -0.11499999999999999     5.160660481932348
0.15500000000000003       -0.11499999999999999     5.16248147037499
0.16500000000000004       -0.11499999999999999     5.164390365392684
0.17500000000000004       -0.11499999999999999     5.166376745062905
0.18500000000000005       -0.11499999999999999     5.168426275297588
0.19499999999999995       -0.11499999999999999     5.170523914714296
0.20499999999999996       -0.11499999999999999     5.172652670102483
0.21499999999999997       -0.11499999999999999     5.174792462165952
0.22499999999999998       -0.11499999999999999     5.176925300628864
0.235                     -0.11499999999999999     5.17903014601894
0.245                     -0.11499999999999999     5.18108716489664
0.255                     -0.11499999999999999     5.202003544235042
0.265                     -0.11499999999999999     5.241610563725412
0.275                     -0.11499999999999999     5.280677467098702
0.28500000000000003       -0.11499999999999999     5.31891472964244
0.29500000000000004       -0.11499999999999999     5.356061319590186
0.30500000000000005       -0.11499999999999999     5.391893874486522
0.31499999999999995       -0.11499999999999999     5.426219734724336
0.32499999999999996       -0.11499999999999999     5.458898979144512
0.33499999999999996       -0.11499999999999999     5.4898144159828925
0.345                     -0.11499999999999999     5.5188841340937165
0.355                     -0.11499999999999999     5.54606083729351
0.365                     -0.11499999999999999     5.571313188262512
0.375                     -0.11499999999999999     5.5946325405952
0.385                     -0.11499999999999999     5.616021969008257
0.395                     -0.11499999999999999     5.635497747619903
0.405                     -0.11499999999999999     5.653078470683884
0.41500000000000004       -0.11499999999999999     5.668795309248528
0.42500000000000004       -0.11499999999999999     5.682672577938437
0.43500000000000005       -0.11499999999999999     5.69474126442145
0.44499999999999995       -0.11499999999999999     5.705027563179296
0.45499999999999996       -0.11499999999999999     5.713557038402106
0.46499999999999997       -0.11499999999999999     5.720353198640533
0.475                     -0.11499999999999999     5.725432876834754
0.485                     -0.11499999999999999     5.728811357455583
0.495                     -0.11499999999999999     5.730498246120238
-0.495                    -0.10499999999999998     5.661236754565572
-0.485                    -0.10499999999999998     5.659685204133904
-0.475                    -0.10499999999999998     5.656578273715373
-0.46499999999999997      -0.10499999999999998     5.651908163913796
-0.45499999999999996      -0.10499999999999998     5.645662542778229
-0.44499999999999995      -0.10499999999999998     5.637827934641823
-0.43500000000000005      -0.10499999999999998     5.628385736838437
-0.42500000000000004      -0.10499999999999998     5.6173163835443365
-0.41500000000000004      -0.10499999999999998     5.6045994907804815
-0.405                    -0.10499999999999998     5.590213220828474
-0.395                    -0.10499999999999998     5.574136801968082
-0.385                    -0.10499999999999998     5.556355579658743
-0.375                    -0.10499999999999998     5.536856123530093
-0.365                    -0.10499999999999998     5.51563442490842
-0.355                    -0.10499999999999998     5.4926952936799625
-0.345                    -0.10499999999999998     5.468057095838017
-0.33499999999999996      -0.10499999999999998     5.441758658722539
-0.32499999999999996      -0.10499999999999998     5.413851183426083
-0.31499999999999995      -0.10499999999999998     5.384417060648513
-0.30499999999999994      -0.10499999999999998     5.353567561514042
-0.29500000000000004      -0.10499999999999998     5.321429789410697
-0.28500000000000003      -0.10499999999999998     5.288178918310157
-0.275                    -0.10499999999999998     5.254006110456708
-0.265                    -0.10499999999999998     5.219136001370995
-0.255                    -0.10499999999999998     5.183813288487464
-0.245                    -0.10499999999999998     5.165166005020309
-0.235                    -0.10499999999999998     5.163335671361368
-0.22499999999999998      -0.10499999999999998     5.1614651513241725
-0.21500000000000005      -0.10499999999999998     5.159570859725249
-0.20500000000000004      -0.10499999999999998     5.157670272991092
-0.19500000000000003      -0.10499999999999998     5.155778441604283
-0.18500000000000003      -0.10499999999999998     5.153912337613244
-0.17500000000000002      -0.10499999999999998     5.152086571248849
-0.165                    -0.10499999999999998     5.150314209989393
-0.15500000000000003      -0.10499999999999998     5.148608025315657
-0.14500000000000002      -0.10499999999999998     5.1469774641186
-0.135                    -0.10499999999999998     5.145431764021014
-0.125                    -0.10499999999999998     5.143978437167745
-0.11499999999999999      -0.10499999999999998     5.142622964713517
-0.10499999999999998      -0.10499999999999998     5.1413704965348135
-0.09499999999999997      -0.10499999999999998     5.14022466084692
-0.08499999999999999      -0.10499999999999998     5.139188325909361
-0.07499999999999998      -0.10499999999999998     5.13826367648918
-0.06499999999999997      -0.10499999999999998     5.13745234966345
-0.054999999999999966     -0.10499999999999998     5.136755508264617
-0.04499999999999996      -0.10499999999999998     5.136173957165075
-0.03499999999999995      -0.10499999999999998     5.135708241099183
-0.025000000000000022     -0.10499999999999998     5.135358713443539
-0.015000000000000013     -0.10499999999999998     5.13512559415641
-0.0050000000000000044    -0.10499999999999998     5.135009007065666
0.0050000000000000044     -0.10499999999999998     5.135009007296418
0.015000000000000013      -0.10499999999999998     5.135125594612876
0.025000000000000022      -0.10499999999999998     5.135358713105657
0.03500000000000003       -0.10499999999999998     5.13570823852149
0.04500000000000004       -0.10499999999999998     5.136173952482706
0.05500000000000005       -0.10499999999999998     5.1367555015625825
0.06499999999999995       -0.10499999999999998     5.137452339468692
0.07499999999999996       -0.10499999999999998     5.138263663412209
0.08499999999999996       -0.10499999999999998     5.139188300769696
0.09499999999999997       -0.10499999999999998     5.140224636330539
0.10499999999999998       -0.10499999999999998     5.1413704441114305
0.11499999999999999       -0.10499999999999998     5.142622893139894
0.125                     -0.10499999999999998     5.143978362230458
0.135                     -0.10499999999999998     5.145431709929934
0.14500000000000002       -0.10499999999999998     5.146977350869037
0.15500000000000003       -0.10499999999999998     5.148607918937512
0.16500000000000004       -0.10499999999999998     5.150314083762088
0.17500000000000004       -0.10499999999999998     5.152086415756276
0.18500000000000005       -0.10499999999999998     5.153912165216101
0.19499999999999995       -0.10499999999999998     5.1557782370909715
0.20499999999999996       -0.10499999999999998     5.157670041099544
0.21499999999999997       -0.10499999999999998     5.159570600392882
0.22499999999999998       -0.10499999999999998     5.16146486540827
0.235                     -0.10499999999999998     5.163335360900555
0.245                     -0.10499999999999998     5.165165670673798
0.255                     -0.10499999999999998     5.183812753351114
0.265                     -0.10499999999999998     5.219135116201607
0.275                     -0.10499999999999998     5.254005614964039
0.28500000000000003       -0.10499999999999998     5.288177601678266
0.29500000000000004       -0.10499999999999998     5.321429172887613
0.30500000000000005       -0.10499999999999998     5.353565413741394
0.31499999999999995       -0.10499999999999998     5.384414682960449
0.32499999999999996       -0.10499999999999998     5.413848580887164
0.33499999999999996       -0.10499999999999998     5.441755854939059
0.345                     -0.10499999999999998     5.468054114362069
0.355                     -0.10499999999999998     5.492692154311322
0.365                     -0.10499999999999998     5.515631056674999
0.375                     -0.10499999999999998     5.536853467746577
0.385                     -0.10499999999999998     5.556352598058887
0.395                     -0.10499999999999998     5.574134425032401
0.405                     -0.10499999999999998     5.590208231561059
0.41500000000000004       -0.10499999999999998     5.6045953966309625
0.42500000000000004       -0.10499999999999998     5.617312286501993
0.43500000000000005       -0.10499999999999998     5.628381845730812
0.44499999999999995       -0.10499999999999998     5.637823969063543
0.45499999999999996       -0.10499999999999998     5.645658510796765
0.46499999999999997       -0.10499999999999998     5.651904093125566
0.475                     -0.10499999999999998     5.656574178285474
0.485                     -0.10499999999999998     5.659681091638683
0.495                     -0.10499999999999998     5.661232633399112
-0.495                    -0.09499999999999997     5.593522149300515
-0.485                    -0.09499999999999997     5.592109953003168
-0.475                    -0.09499999999999997     5.589282498043427
-0.46499999999999997      -0.09499999999999997     5.585033568491705
-0.45499999999999996      -0.09499999999999997     5.579353406492108
-0.44499999999999995      -0.09499999999999997     5.572231449298245
-0.43500000000000005      -0.09499999999999997     5.563653305393876
-0.42500000000000004      -0.09499999999999997     5.553604234692079
-0.41500000000000004      -0.09499999999999997     5.542069051845125
-0.405                    -0.09499999999999997     5.529032619609054
-0.395                    -0.09499999999999997     5.514480451317497
-0.385                    -0.09499999999999997     5.498405547376483
-0.375                    -0.09499999999999997     5.480801519417483
-0.365                    -0.09499999999999997     5.461671682639733
-0.355                    -0.09499999999999997     5.441027656098596
-0.345                    -0.09499999999999997     5.418893079798597
-0.33499999999999996      -0.09499999999999997     5.395310480602734
-0.32499999999999996      -0.09499999999999997     5.370331720841434
-0.31499999999999995      -0.09499999999999997     5.344036303781555
-0.30499999999999994      -0.09499999999999997     5.316527222552536
-0.29500000000000004      -0.09499999999999997     5.28791913568708
-0.28500000000000003      -0.09499999999999997     5.258366532444106
-0.275                    -0.09499999999999997     5.228035093139423
-0.265                    -0.09499999999999997     5.197116224529924
-0.255                    -0.09499999999999997     5.165817573762867
-0.245                    -0.09499999999999997     5.149299484590726
-0.235                    -0.09499999999999997     5.147680796965211
-0.22499999999999998      -0.09499999999999997     5.1460284057746835
-0.21500000000000005      -0.09499999999999997     5.144355951631567
-0.20500000000000004      -0.09499999999999997     5.142677992603706
-0.19500000000000003      -0.09499999999999997     5.1410071345869515
-0.18500000000000003      -0.09499999999999997     5.139357714943175
-0.17500000000000002      -0.09499999999999997     5.137742216235024
-0.165                    -0.09499999999999997     5.136171955244417
-0.15500000000000003      -0.09499999999999997     5.134658152747099
-0.14500000000000002      -0.09499999999999997     5.133209252387993
-0.135                    -0.09499999999999997     5.131833617706059
-0.125                    -0.09499999999999997     5.130538239698558
-0.11499999999999999      -0.09499999999999997     5.12932826510023
-0.10499999999999998      -0.09499999999999997     5.128208701063438
-0.09499999999999997      -0.09499999999999997     5.127183081735563
-0.08499999999999999      -0.09499999999999997     5.126254369635325
-0.07499999999999998      -0.09499999999999997     5.12542489647097
-0.06499999999999997      -0.09499999999999997     5.12469639424765
-0.054999999999999966     -0.09499999999999997     5.124070176266887
-0.04499999999999996      -0.09499999999999997     5.123547201244972
-0.03499999999999995      -0.09499999999999997     5.12312815096878
-0.025000000000000022     -0.09499999999999997     5.122813513308465
-0.015000000000000013     -0.09499999999999997     5.122603599462165
-0.0050000000000000044    -0.09499999999999997     5.122498598937566
0.0050000000000000044     -0.09499999999999997     5.122498600475701
0.015000000000000013      -0.09499999999999997     5.122603604135598
0.025000000000000022      -0.09499999999999997     5.122813521348535
0.03500000000000003       -0.09499999999999997     5.123128162362636
0.04500000000000004       -0.09499999999999997     5.123547212501734
0.05500000000000005       -0.09499999999999997     5.124070193058442
0.06499999999999995       -0.09499999999999997     5.124696421842922
0.07499999999999996       -0.09499999999999997     5.1254249040109725
0.08499999999999996       -0.09499999999999997     5.126254359592249
0.09499999999999997       -0.09499999999999997     5.1271830605057485
0.10499999999999998       -0.09499999999999997     5.12820865031321
0.11499999999999999       -0.09499999999999997     5.129328224263243
0.125                     -0.09499999999999997     5.130538172855171
0.135                     -0.09499999999999997     5.13183357963099
0.14500000000000002       -0.09499999999999997     5.1332091643140005
0.15500000000000003       -0.09499999999999997     5.134658071213321
0.16500000000000004       -0.09499999999999997     5.1361718557238545
0.17500000000000004       -0.09499999999999997     5.137742092444195
0.18500000000000005       -0.09499999999999997     5.1393575724711305
0.19499999999999995       -0.09499999999999997     5.141006966065948
0.20499999999999996       -0.09499999999999997     5.142677799536926
0.21499999999999997       -0.09499999999999997     5.144355734018831
0.22499999999999998       -0.09499999999999997     5.146028164291501
0.235                     -0.09499999999999997     5.147680533039913
0.245                     -0.09499999999999997     5.149299200502454
0.255                     -0.09499999999999997     5.165817010844944
0.265                     -0.09499999999999997     5.197115442647128
0.275                     -0.09499999999999997     5.228034203434288
0.28500000000000003       -0.09499999999999997     5.258365232179239
0.29500000000000004       -0.09499999999999997     5.287918365984588
0.30500000000000005       -0.09499999999999997     5.316525108710343
0.31499999999999995       -0.09499999999999997     5.344033953228776
0.32499999999999996       -0.09499999999999997     5.370329129440478
0.33499999999999996       -0.09499999999999997     5.395307669469789
0.345                     -0.09499999999999997     5.418890070762116
0.355                     -0.09499999999999997     5.441024468451174
0.365                     -0.09499999999999997     5.461668289269745
0.375                     -0.09499999999999997     5.480798638773113
0.385                     -0.09499999999999997     5.498402435965967
0.395                     -0.09499999999999997     5.5144779277430525
0.405                     -0.09499999999999997     5.52902754697697
0.41500000000000004       -0.09499999999999997     5.542064862173327
0.42500000000000004       -0.09499999999999997     5.553599957127112
0.43500000000000005       -0.09499999999999997     5.563649245887512
0.44499999999999995       -0.09499999999999997     5.57222731272323
0.45499999999999996       -0.09499999999999997     5.579349191395915
0.46499999999999997       -0.09499999999999997     5.5850293087349385
0.475                     -0.09499999999999997     5.589278210776566
0.485                     -0.09499999999999997     5.592105645585063
0.495                     -0.09499999999999997     5.593517831931423
-0.495                    -0.08499999999999999     5.527219155478955
-0.485                    -0.08499999999999999     5.525949522531555
-0.475                    -0.08499999999999999     5.523407854131664
-0.46499999999999997      -0.08499999999999999     5.519589292085736
-0.45499999999999996      -0.08499999999999999     5.514486272721233
-0.44499999999999995      -0.08499999999999999     5.50809069636599
-0.43500000000000005      -0.08499999999999999     5.500391713822032
-0.42500000000000004      -0.08499999999999999     5.491378503557245
-0.41500000000000004      -0.08499999999999999     5.481040187856728
-0.405                    -0.08499999999999999     5.4693669284558295
-0.395                    -0.08499999999999999     5.456349118886224
-0.385                    -0.08499999999999999     5.44198546584108
-0.375                    -0.08499999999999999     5.426274594610923
-0.365                    -0.08499999999999999     5.409224966892483
-0.355                    -0.08499999999999999     5.39085211824601
-0.345                    -0.08499999999999999     5.371182443167877
-0.33499999999999996      -0.08499999999999999     5.3502591968954505
-0.32499999999999996      -0.08499999999999999     5.328132551000518
-0.31499999999999995      -0.08499999999999999     5.304876818389599
-0.30499999999999994      -0.08499999999999999     5.2805853136480305
-0.29500000000000004      -0.08499999999999999     5.255359895053493
-0.28500000000000003      -0.08499999999999999     5.2293353098969675
-0.275                    -0.08499999999999999     5.202654008371935
-0.265                    -0.08499999999999999     5.175479145364032
-0.255                    -0.08499999999999999     5.147985450899666
-0.245                    -0.08499999999999999     5.133479008579987
-0.235                    -0.08499999999999999     5.132059431735909
-0.22499999999999998      -0.08499999999999999     5.130611698066404
-0.21500000000000005      -0.08499999999999999     5.129147149666454
-0.20500000000000004      -0.08499999999999999     5.1276779116523645
-0.19500000000000003      -0.08499999999999999     5.126214527251527
-0.18500000000000003      -0.08499999999999999     5.124769068428242
-0.17500000000000002      -0.08499999999999999     5.123352142878356
-0.165                    -0.08499999999999999     5.1219734707746625
-0.15500000000000003      -0.08499999999999999     5.120642804704643
-0.14500000000000002      -0.08499999999999999     5.119367579921208
-0.135                    -0.08499999999999999     5.118155271225263
-0.125                    -0.08499999999999999     5.117012206243556
-0.11499999999999999      -0.08499999999999999     5.1159431495879435
-0.10499999999999998      -0.08499999999999999     5.114952797070091
-0.09499999999999997      -0.08499999999999999     5.114044493787382
-0.08499999999999999      -0.08499999999999999     5.113221060977098
-0.07499999999999998      -0.08499999999999999     5.112484979195486
-0.06499999999999997      -0.08499999999999999     5.111837995533836
-0.054999999999999966     -0.08499999999999999     5.111281433808874
-0.04499999999999996      -0.08499999999999999     5.110816338421126
-0.03499999999999995      -0.08499999999999999     5.110443492906751
-0.025000000000000022     -0.08499999999999999     5.110163435429016
-0.015000000000000013     -0.08499999999999999     5.10997654131117
-0.0050000000000000044    -0.08499999999999999     5.109883040188548
0.0050000000000000044     -0.08499999999999999     5.109883042148139
0.015000000000000013      -0.08499999999999999     5.1099765475653705
0.025000000000000022      -0.08499999999999999     5.110163446039005
0.03500000000000003       -0.08499999999999999     5.110443506419273
0.04500000000000004       -0.08499999999999999     5.1108163532471265
0.05500000000000005       -0.08499999999999999     5.111281439042464
0.06499999999999995       -0.08499999999999999     5.111837994079246
0.07499999999999996       -0.08499999999999999     5.112485007023533
0.08499999999999996       -0.08499999999999999     5.113221076416344
0.09499999999999997       -0.08499999999999999     5.114044490996527
0.10499999999999998       -0.08499999999999999     5.114952787407944
0.11499999999999999       -0.08499999999999999     5.115943137868764
0.125                     -0.08499999999999999     5.117012175313196
0.135                     -0.08499999999999999     5.1181552506309345
0.14500000000000002       -0.08499999999999999     5.119367526352206
0.15500000000000003       -0.08499999999999999     5.120642749344101
0.16500000000000004       -0.08499999999999999     5.1219733993209955
0.17500000000000004       -0.08499999999999999     5.12335205121303
0.18500000000000005       -0.08499999999999999     5.1247689580758005
0.19499999999999995       -0.08499999999999999     5.126214394861146
0.20499999999999996       -0.08499999999999999     5.12767775719432
0.21499999999999997       -0.08499999999999999     5.129146973005482
0.22499999999999998       -0.08499999999999999     5.130611499565551
0.235                     -0.08499999999999999     5.132059212332404
0.245                     -0.08499999999999999     5.133478770071205
0.255                     -0.08499999999999999     5.14798489221816
0.265                     -0.08499999999999999     5.175478266603903
0.275                     -0.08499999999999999     5.202653182469469
0.28500000000000003       -0.08499999999999999     5.2293338563279494
0.29500000000000004       -0.08499999999999999     5.2553590096093155
0.30500000000000005       -0.08499999999999999     5.280583231509937
0.31499999999999995       -0.08499999999999999     5.304874473814292
0.32499999999999996       -0.08499999999999999     5.328129949370877
0.33499999999999996       -0.08499999999999999     5.3502563580649145
0.345                     -0.08499999999999999     5.371179387428324
0.355                     -0.08499999999999999     5.390848865034325
0.365                     -0.08499999999999999     5.409221510498409
0.375                     -0.08499999999999999     5.426271532802617
0.385                     -0.08499999999999999     5.441982206067459
0.395                     -0.08499999999999999     5.456346432653742
0.405                     -0.08499999999999999     5.469361698519098
0.41500000000000004       -0.08499999999999999     5.481035859442574
0.42500000000000004       -0.08499999999999999     5.491374060443142
0.43500000000000005       -0.08499999999999999     5.500387470563202
0.44499999999999995       -0.08499999999999999     5.508086370147652
0.45499999999999996       -0.08499999999999999     5.514481864272609
0.46499999999999997       -0.08499999999999999     5.51958483411988
0.475                     -0.08499999999999999     5.523403364835668
0.485                     -0.08499999999999999     5.5259450102271614
0.495                     -0.08499999999999999     5.527214631960153
-0.495                    -0.07499999999999998     5.4621853351592735
-0.485                    -0.07499999999999998     5.461060786616631
-0.475                    -0.07499999999999998     5.458809842548104
-0.46499999999999997      -0.07499999999999998     5.455428784421165
-0.45499999999999996      -0.07499999999999998     5.450911878121002
-0.44499999999999995      -0.07499999999999998     5.445253056329811
-0.43500000000000005      -0.07499999999999998     5.438444346420854
-0.42500000000000004      -0.07499999999999998     5.430478137998164
-0.41500000000000004      -0.07499999999999998     5.421346932342004
-0.405                    -0.07499999999999998     5.411044835381203
-0.395                    -0.07499999999999998     5.399566038935978
-0.385                    -0.07499999999999998     5.386913206751467
-0.375                    -0.07499999999999998     5.373088358733943
-0.365                    -0.07499999999999998     5.358103027065788
-0.355                    -0.07499999999999998     5.34197464130716
-0.345                    -0.07499999999999998     5.324730241716619
-0.33499999999999996      -0.07499999999999998     5.3064115997539645
-0.32499999999999996      -0.07499999999999998     5.287065503679181
-0.31499999999999995      -0.07499999999999998     5.26675951827363
-0.30499999999999994      -0.07499999999999998     5.245576484749256
-0.29500000000000004      -0.07499999999999998     5.223605394162446
-0.28500000000000003      -0.07499999999999998     5.200962459747627
-0.275                    -0.07499999999999998     5.177768970303814
-0.265                    -0.07499999999999998     5.154162582549711
-0.255                    -0.07499999999999998     5.1302902038329785
-0.245                    -0.07499999999999998     5.117696961136119
-0.235                    -0.07499999999999998     5.1164660570740885
-0.22499999999999998      -0.07499999999999998     5.115211786614812
-0.21500000000000005      -0.07499999999999998     5.113943549015545
-0.20500000000000004      -0.07499999999999998     5.112671403951551
-0.19500000000000003      -0.07499999999999998     5.111404126852956
-0.18500000000000003      -0.07499999999999998     5.110151818418165
-0.17500000000000002      -0.07499999999999998     5.108923421566771
-0.165                    -0.07499999999999998     5.107727199232072
-0.15500000000000003      -0.07499999999999998     5.106571524254855
-0.14500000000000002      -0.07499999999999998     5.105462846739836
-0.135                    -0.07499999999999998     5.104407735248285
-0.125                    -0.07499999999999998     5.10341179818661
-0.11499999999999999      -0.07499999999999998     5.1024793498225565
-0.10499999999999998      -0.07499999999999998     5.101614657999604
-0.09499999999999997      -0.07499999999999998     5.100820842035983
-0.08499999999999999      -0.07499999999999998     5.100100654268466
-0.07499999999999998      -0.07499999999999998     5.099456268778038
-0.06499999999999997      -0.07499999999999998     5.0988894866529275
-0.054999999999999966     -0.07499999999999998     5.098401634568419
-0.04499999999999996      -0.07499999999999998     5.097993707433228
-0.03499999999999995      -0.07499999999999998     5.097666531138517
-0.025000000000000022     -0.07499999999999998     5.097420689220982
-0.015000000000000013     -0.07499999999999998     5.0972565905161735
-0.0050000000000000044    -0.07499999999999998     5.097174480524889
0.0050000000000000044     -0.07499999999999998     5.09717448268517
0.015000000000000013      -0.07499999999999998     5.097256598291154
0.025000000000000022      -0.07499999999999998     5.097420705107148
0.03500000000000003       -0.07499999999999998     5.097666549323849
0.04500000000000004       -0.07499999999999998     5.09799372890093
0.05500000000000005       -0.07499999999999998     5.098401665078496
0.06499999999999995       -0.07499999999999998     5.098889574437045
0.07499999999999996       -0.07499999999999998     5.09945636657836
0.08499999999999996       -0.07499999999999998     5.100100650054964
0.09499999999999997       -0.07499999999999998     5.100820825616959
0.10499999999999998       -0.07499999999999998     5.101614672263494
0.11499999999999999       -0.07499999999999998     5.102479358150427
0.125                     -0.07499999999999998     5.103411799713597
0.135                     -0.07499999999999998     5.104407735111368
0.14500000000000002       -0.07499999999999998     5.105462826318816
0.15500000000000003       -0.07499999999999998     5.106571496705568
0.16500000000000004       -0.07499999999999998     5.10772715738814
0.17500000000000004       -0.07499999999999998     5.108923362622684
0.18500000000000005       -0.07499999999999998     5.11015174195865
0.19499999999999995       -0.07499999999999998     5.111404031072188
0.20499999999999996       -0.07499999999999998     5.112671288197655
0.21499999999999997       -0.07499999999999998     5.11394341291441
0.22499999999999998       -0.07499999999999998     5.115211630164379
0.235                     -0.07499999999999998     5.116465880676795
0.245                     -0.07499999999999998     5.117696763880549
0.255                     -0.07499999999999998     5.130289782870486
0.265                     -0.07499999999999998     5.154161790810667
0.275                     -0.07499999999999998     5.177767904214115
0.28500000000000003       -0.07499999999999998     5.200961072627821
0.29500000000000004       -0.07499999999999998     5.223604416997618
0.30500000000000005       -0.07499999999999998     5.245574399574379
0.31499999999999995       -0.07499999999999998     5.266757159555868
0.32499999999999996       -0.07499999999999998     5.287062871865256
0.33499999999999996       -0.07499999999999998     5.306408713731255
0.345                     -0.07499999999999998     5.324727120668398
0.355                     -0.07499999999999998     5.341971303823131
0.365                     -0.07499999999999998     5.3580994546002865
0.375                     -0.07499999999999998     5.373085208568342
0.385                     -0.07499999999999998     5.386909788475595
0.395                     -0.07499999999999998     5.399563167754711
0.405                     -0.07499999999999998     5.411039507852966
0.41500000000000004       -0.07499999999999998     5.421342429613578
0.42500000000000004       -0.07499999999999998     5.430473526013516
0.43500000000000005       -0.07499999999999998     5.43843990687901
0.44499999999999995       -0.07499999999999998     5.445248523778291
0.45499999999999996       -0.07499999999999998     5.450907264251851
0.46499999999999997       -0.07499999999999998     5.455424117415158
0.475                     -0.07499999999999998     5.458805139604879
0.485                     -0.07499999999999998     5.461056058180172
0.495                     -0.07499999999999998     5.462180594277454
-0.495                    -0.06499999999999997     5.398275709661705
-0.485                    -0.06499999999999997     5.39729818643289
-0.475                    -0.06499999999999997     5.395341751165462
-0.46499999999999997      -0.06499999999999997     5.392403620944163
-0.45499999999999996      -0.06499999999999997     5.388479552674223
-0.44499999999999995      -0.06499999999999997     5.38356512036287
-0.43500000000000005      -0.06499999999999997     5.377654665063226
-0.42500000000000004      -0.06499999999999997     5.370742966886586
-0.41500000000000004      -0.06499999999999997     5.362825199210076
-0.405                    -0.06499999999999997     5.353898434500467
-0.395                    -0.06499999999999997     5.3439594035823195
-0.385                    -0.06499999999999997     5.333013393322253
-0.375                    -0.06499999999999997     5.32106442633148
-0.365                    -0.06499999999999997     5.30812544013532
-0.355                    -0.06499999999999997     5.294214149332749
-0.345                    -0.06499999999999997     5.27935660296761
-0.33499999999999996      -0.06499999999999997     5.263591441075533
-0.32499999999999996      -0.06499999999999997     5.246960859895442
-0.31499999999999995      -0.06499999999999997     5.229524634366931
-0.30499999999999994      -0.06499999999999997     5.2113547105142315
-0.29500000000000004      -0.06499999999999997     5.192527464098672
-0.28500000000000003      -0.06499999999999997     5.173141363319232
-0.275                    -0.06499999999999997     5.153298590600179
-0.265                    -0.06499999999999997     5.1331137337745
-0.255                    -0.06499999999999997     5.1127090209979364
-0.245                    -0.06499999999999997     5.101946800687511
-0.235                    -0.06499999999999997     5.100895907880739
-0.22499999999999998      -0.06499999999999997     5.099825828316609
-0.21500000000000005      -0.06499999999999997     5.0987442873850775
-0.20500000000000004      -0.06499999999999997     5.097659559171921
-0.19500000000000003      -0.06499999999999997     5.096578879304294
-0.18500000000000003      -0.06499999999999997     5.095510610440698
-0.17500000000000002      -0.06499999999999997     5.0944622022560475
-0.165                    -0.06499999999999997     5.093440582565377
-0.15500000000000003      -0.06499999999999997     5.09245282899489
-0.14500000000000002      -0.06499999999999997     5.091504440362313
-0.135                    -0.06499999999999997     5.090601073037409
-0.125                    -0.06499999999999997     5.089747597263942
-0.11499999999999999      -0.06499999999999997     5.0889478081775925
-0.10499999999999998      -0.06499999999999997     5.088205496876153
-0.09499999999999997      -0.06499999999999997     5.087523477935577
-0.08499999999999999      -0.06499999999999997     5.086904176445059
-0.07499999999999998      -0.06499999999999997     5.086349765915847
-0.06499999999999997      -0.06499999999999997     5.085861672695276
-0.054999999999999966     -0.06499999999999997     5.085441403681929
-0.04499999999999996      -0.06499999999999997     5.0850898068455
-0.03499999999999995      -0.06499999999999997     5.084807696600308
-0.025000000000000022     -0.06499999999999997     5.084595670180215
-0.015000000000000013     -0.06499999999999997     5.084454107426854
-0.0050000000000000044    -0.06499999999999997     5.084383268181385
0.0050000000000000044     -0.06499999999999997     5.0843832731392755
0.015000000000000013      -0.06499999999999997     5.084454121329183
0.025000000000000022      -0.06499999999999997     5.084595690346697
0.03500000000000003       -0.06499999999999997     5.084807728343109
0.04500000000000004       -0.06499999999999997     5.085089835656552
0.05500000000000005       -0.06499999999999997     5.085441434768112
0.06499999999999995       -0.06499999999999997     5.085861761019161
0.07499999999999996       -0.06499999999999997     5.08634979091787
0.08499999999999996       -0.06499999999999997     5.086904230940322
0.09499999999999997       -0.06499999999999997     5.087523471926215
0.10499999999999998       -0.06499999999999997     5.088205531990985
0.11499999999999999       -0.06499999999999997     5.088947840512687
0.125                     -0.06499999999999997     5.089747624006511
0.135                     -0.06499999999999997     5.090601096887649
0.14500000000000002       -0.06499999999999997     5.0915044510667125
0.15500000000000003       -0.06499999999999997     5.0924528310301715
0.16500000000000004       -0.06499999999999997     5.0934405719980855
0.17500000000000004       -0.06499999999999997     5.0944621770078475
0.18500000000000005       -0.06499999999999997     5.095510569319935
0.19499999999999995       -0.06499999999999997     5.096578820884142
0.20499999999999996       -0.06499999999999997     5.097659482504428
0.21499999999999997       -0.06499999999999997     5.098744191824801
0.22499999999999998       -0.06499999999999997     5.099825713511343
0.235                     -0.06499999999999997     5.100895773801881
0.245                     -0.06499999999999997     5.10194664712852
0.255                     -0.06499999999999997     5.11270863910275
0.265                     -0.06499999999999997     5.133112969467283
0.275                     -0.06499999999999997     5.153297416691065
0.28500000000000003       -0.06499999999999997     5.173139911770157
0.29500000000000004       -0.06499999999999997     5.192526307918509
0.30500000000000005       -0.06499999999999997     5.2113526117474205
0.31499999999999995       -0.06499999999999997     5.229522243212511
0.32499999999999996       -0.06499999999999997     5.246958178974438
0.33499999999999996       -0.06499999999999997     5.263588488884286
0.345                     -0.06499999999999997     5.279353398224039
0.355                     -0.06499999999999997     5.294210711826189
0.365                     -0.06499999999999997     5.308121771047181
0.375                     -0.06499999999999997     5.32106105528029
0.385                     -0.06499999999999997     5.333009807619062
0.395                     -0.06499999999999997     5.343956336952646
0.405                     -0.06499999999999997     5.353892907941383
0.41500000000000004       -0.06499999999999997     5.362820530490339
0.42500000000000004       -0.06499999999999997     5.370738177999656
0.43500000000000005       -0.06499999999999997     5.377650005829622
0.44499999999999995       -0.06499999999999997     5.383560369262846
0.45499999999999996       -0.06499999999999997     5.388474720315788
0.46499999999999997       -0.06499999999999997     5.392398731942177
0.475                     -0.06499999999999997     5.395336821560097
0.485                     -0.06499999999999997     5.397293229378667
0.495                     -0.06499999999999997     5.398270738971233
-0.495                    -0.054999999999999966    5.335343340950721
-0.485                    -0.054999999999999966    5.334514305019293
-0.475                    -0.054999999999999966    5.3328552142583625
-0.46499999999999997      -0.054999999999999966    5.330364038326172
-0.45499999999999996      -0.054999999999999966    5.327037719469199
-0.44499999999999995      -0.054999999999999966    5.322873122876651
-0.43500000000000005      -0.054999999999999966    5.317866349824435
-0.42500000000000004      -0.054999999999999966    5.31201408121986
-0.41500000000000004      -0.054999999999999966    5.305313336832619
-0.405                    -0.054999999999999966    5.297763178053825
-0.395                    -0.054999999999999966    5.289362098638143
-0.385                    -0.054999999999999966    5.280116809982739
-0.375                    -0.054999999999999966    5.270032177654281
-0.365                    -0.054999999999999966    5.259121217223313
-0.355                    -0.054999999999999966    5.247400665688238
-0.345                    -0.054999999999999966    5.234894329219149
-0.33499999999999996      -0.054999999999999966    5.22163649839263
-0.32499999999999996      -0.054999999999999966    5.207663919439178
-0.31499999999999995      -0.054999999999999966    5.193027890693662
-0.30499999999999994      -0.054999999999999966    5.1777892753377355
-0.29500000000000004      -0.054999999999999966    5.16201198589596
-0.28500000000000003      -0.054999999999999966    5.145777974950765
-0.275                    -0.054999999999999966    5.1291713371017105
-0.265                    -0.054999999999999966    5.112286041329574
-0.255                    -0.054999999999999966    5.095221896112762
-0.245                    -0.054999999999999966    5.086222837185356
-0.235                    -0.054999999999999966    5.085344827034095
-0.22499999999999998      -0.054999999999999966    5.084451320592231
-0.21500000000000005      -0.054999999999999966    5.083548572439985
-0.20500000000000004      -0.054999999999999966    5.082643284421454
-0.19500000000000003      -0.054999999999999966    5.081741328302615
-0.18500000000000003      -0.054999999999999966    5.0808495122496975
-0.17500000000000002      -0.054999999999999966    5.079973930877273
-0.165                    -0.054999999999999966    5.079120280584853
-0.15500000000000003      -0.054999999999999966    5.078294419809669
-0.14500000000000002      -0.054999999999999966    5.077500931358703
-0.135                    -0.054999999999999966    5.076744566120167
-0.125                    -0.054999999999999966    5.076029444966914
-0.11499999999999999      -0.054999999999999966    5.075358811377047
-0.10499999999999998      -0.054999999999999966    5.074735929817808
-0.09499999999999997      -0.054999999999999966    5.074163234627554
-0.08499999999999999      -0.054999999999999966    5.0736428815603425
-0.07499999999999998      -0.054999999999999966    5.073176781296814
-0.06499999999999997      -0.054999999999999966    5.07276623156357
-0.054999999999999966     -0.054999999999999966    5.0724124969606885
-0.04499999999999996      -0.054999999999999966    5.072116492230865
-0.03499999999999995      -0.054999999999999966    5.07187889812507
-0.025000000000000022     -0.054999999999999966    5.071700287686879
-0.015000000000000013     -0.054999999999999966    5.071581024657139
-0.0050000000000000044    -0.054999999999999966    5.071521334661692
0.0050000000000000044     -0.054999999999999966    5.07152133431973
0.015000000000000013      -0.054999999999999966    5.071581024649374
0.025000000000000022      -0.054999999999999966    5.071700289482531
0.03500000000000003       -0.054999999999999966    5.0718788894306135
0.04500000000000004       -0.054999999999999966    5.07211643628067
0.05500000000000005       -0.054999999999999966    5.072412454653826
0.06499999999999995       -0.054999999999999966    5.072766299059969
0.07499999999999996       -0.054999999999999966    5.0731768389670275
0.08499999999999996       -0.054999999999999966    5.073642946013007
0.09499999999999997       -0.054999999999999966    5.074163276898634
0.10499999999999998       -0.054999999999999966    5.074735985894683
0.11499999999999999       -0.054999999999999966    5.0753588671174725
0.125                     -0.054999999999999966    5.07602949804789
0.135                     -0.054999999999999966    5.076744616201535
0.14500000000000002       -0.054999999999999966    5.077500972783181
0.15500000000000003       -0.054999999999999966    5.0782944530053316
0.16500000000000004       -0.054999999999999966    5.079120302991333
0.17500000000000004       -0.054999999999999966    5.079973940614182
0.18500000000000005       -0.054999999999999966    5.080849507801615
0.19499999999999995       -0.054999999999999966    5.081741308214817
0.20499999999999996       -0.054999999999999966    5.082643247501155
0.21499999999999997       -0.054999999999999966    5.083548517756472
0.22499999999999998       -0.054999999999999966    5.0844512474571655
0.235                     -0.054999999999999966    5.085344735047112
0.245                     -0.054999999999999966    5.08622272667692
0.255                     -0.054999999999999966    5.095221510800828
0.265                     -0.054999999999999966    5.112285389659649
0.275                     -0.054999999999999966    5.129170251974243
0.28500000000000003       -0.054999999999999966    5.145776584762652
0.29500000000000004       -0.054999999999999966    5.162010849180566
0.30500000000000005       -0.054999999999999966    5.17778714344453
0.31499999999999995       -0.054999999999999966    5.19302544926088
0.32499999999999996       -0.054999999999999966    5.207661170968306
0.33499999999999996       -0.054999999999999966    5.221633461269547
0.345                     -0.054999999999999966    5.2348910222787275
0.355                     -0.054999999999999966    5.247397108888756
0.365                     -0.054999999999999966    5.259117411963525
0.375                     -0.054999999999999966    5.2700286386380455
0.385                     -0.054999999999999966    5.2801130370704605
0.395                     -0.054999999999999966    5.289358836041956
0.405                     -0.054999999999999966    5.297757525372777
0.41500000000000004       -0.054999999999999966    5.305308457002301
0.42500000000000004       -0.054999999999999966    5.312009079784808
0.43500000000000005       -0.054999999999999966    5.317861467974171
0.44499999999999995       -0.054999999999999966    5.322868141657473
0.45499999999999996       -0.054999999999999966    5.327032655000306
0.46499999999999997       -0.054999999999999966    5.330358912080669
0.475                     -0.054999999999999966    5.3328500444890565
0.485                     -0.054999999999999966    5.334509105647373
0.495                     -0.054999999999999966    5.33533812682273
-0.495                    -0.04499999999999996     5.273239812327757
-0.485                    -0.04499999999999996     5.2725603382818935
-0.475                    -0.04499999999999996     5.271200664361007
-0.46499999999999997      -0.04499999999999996     5.269159353349869
-0.45499999999999996      -0.04499999999999996     5.26643426843461
-0.44499999999999995      -0.04499999999999996     5.263023264777791
-0.43500000000000005      -0.04499999999999996     5.258923783587899
-0.42500000000000004      -0.04499999999999996     5.254133770421412
-0.41500000000000004      -0.04499999999999996     5.248651621049684
-0.405                    -0.04499999999999996     5.242477678644632
-0.395                    -0.04499999999999996     5.235611288692827
-0.385                    -0.04499999999999996     5.228059704702019
-0.375                    -0.04499999999999996     5.219827733915753
-0.365                    -0.04499999999999996     5.210927417812979
-0.355                    -0.04499999999999996     5.201373539887494
-0.345                    -0.04499999999999996     5.19118671853549
-0.33499999999999996      -0.04499999999999996     5.180396002832918
-0.32499999999999996      -0.04499999999999996     5.169032087297346
-0.31499999999999995      -0.04499999999999996     5.1571373479035945
-0.30499999999999994      -0.04499999999999996     5.144761508364832
-0.29500000000000004      -0.04499999999999996     5.1319564043476085
-0.28500000000000003      -0.04499999999999996     5.118788068871522
-0.275                    -0.04499999999999996     5.1053236117849625
-0.265                    -0.04499999999999996     5.091638322148583
-0.255                    -0.04499999999999996     5.077811226277694
-0.245                    -0.04499999999999996     5.0705200499945855
-0.235                    -0.04499999999999996     5.069809144840102
-0.22499999999999998      -0.04499999999999996     5.069086046197691
-0.21500000000000005      -0.04499999999999996     5.068355691228339
-0.20500000000000004      -0.04499999999999996     5.067623371370766
-0.19500000000000003      -0.04499999999999996     5.066893729268646
-0.18500000000000003      -0.04499999999999996     5.0661721612636
-0.17500000000000002      -0.04499999999999996     5.065463516586658
-0.165                    -0.04499999999999996     5.064772345475247
-0.15500000000000003      -0.04499999999999996     5.064103352334526
-0.14500000000000002      -0.04499999999999996     5.06346023722517
-0.135                    -0.04499999999999996     5.062846858580204
-0.125                    -0.04499999999999996     5.062266584759856
-0.11499999999999999      -0.04499999999999996     5.061722084922085
-0.10499999999999998      -0.04499999999999996     5.061216064233737
-0.09499999999999997      -0.04499999999999996     5.060750552208306
-0.08499999999999999      -0.04499999999999996     5.060327370542074
-0.07499999999999998      -0.04499999999999996     5.059948131720635
-0.06499999999999997      -0.04499999999999996     5.059613954346292
-0.054999999999999966     -0.04499999999999996     5.059325898195042
-0.04499999999999996      -0.04499999999999996     5.059084856343505
-0.03499999999999995      -0.04499999999999996     5.058891299117665
-0.025000000000000022     -0.04499999999999996     5.058745752433579
-0.015000000000000013     -0.04499999999999996     5.058648544556489
-0.0050000000000000044    -0.04499999999999996     5.05859989395761
0.0050000000000000044     -0.04499999999999996     5.058599906902469
0.015000000000000013      -0.04499999999999996     5.058648579284975
0.025000000000000022      -0.04499999999999996     5.058745808797539
0.03500000000000003       -0.04499999999999996     5.058891380599266
0.04500000000000004       -0.04499999999999996     5.059084956333588
0.05500000000000005       -0.04499999999999996     5.059325961477435
0.06499999999999995       -0.04499999999999996     5.059613957518984
0.07499999999999996       -0.04499999999999996     5.059948202414824
0.08499999999999996       -0.04499999999999996     5.060327447423028
0.09499999999999997       -0.04499999999999996     5.060750622210473
0.10499999999999998       -0.04499999999999996     5.0612161448572595
0.11499999999999999       -0.04499999999999996     5.061722166104535
0.125                     -0.04499999999999996     5.062266665070462
0.135                     -0.04499999999999996     5.062846937157016
0.14500000000000002       -0.04499999999999996     5.0634603101503615
0.15500000000000003       -0.04499999999999996     5.064103418399206
0.16500000000000004       -0.04499999999999996     5.064772402591773
0.17500000000000004       -0.04499999999999996     5.065463562845832
0.18500000000000005       -0.04499999999999996     5.066172194923855
0.19499999999999995       -0.04499999999999996     5.066893748708452
0.20499999999999996       -0.04499999999999996     5.067623375143151
0.21499999999999997       -0.04499999999999996     5.068355678099946
0.22499999999999998       -0.04499999999999996     5.069086015134708
0.235                     -0.04499999999999996     5.06980909505364
0.245                     -0.04499999999999996     5.070519981267429
0.255                     -0.04499999999999996     5.07781086704483
0.265                     -0.04499999999999996     5.091637655198048
0.275                     -0.04499999999999996     5.105322543923526
0.28500000000000003       -0.04499999999999996     5.118786607742453
0.29500000000000004       -0.04499999999999996     5.131955169265809
0.30500000000000005       -0.04499999999999996     5.144759330008994
0.31499999999999995       -0.04499999999999996     5.157134838527249
0.32499999999999996       -0.04499999999999996     5.169029252956135
0.33499999999999996       -0.04499999999999996     5.180392861923108
0.345                     -0.04499999999999996     5.191183290241741
0.355                     -0.04499999999999996     5.201369844668216
0.365                     -0.04499999999999996     5.210923460596591
0.375                     -0.04499999999999996     5.21982401107217
0.385                     -0.04499999999999996     5.228055734907269
0.395                     -0.04499999999999996     5.235607813418876
0.405                     -0.04499999999999996     5.242471799253955
0.41500000000000004       -0.04499999999999996     5.2486465367085335
0.42500000000000004       -0.04499999999999996     5.254128562255262
0.43500000000000005       -0.04499999999999996     5.258918661698116
0.44499999999999995       -0.04499999999999996     5.263018040797725
0.45499999999999996       -0.04499999999999996     5.2664289570237575
0.46499999999999997       -0.04499999999999996     5.2691539751858185
0.475                     -0.04499999999999996     5.271195239618663
0.485                     -0.04499999999999996     5.27255488177342
0.495                     -0.04499999999999996     5.273234340018329
-0.495                    -0.03499999999999995     5.211815617958082
-0.485                    -0.03499999999999995     5.211286472824717
-0.475                    -0.03499999999999995     5.210227685698358
-0.46499999999999997      -0.03499999999999995     5.20863827915336
-0.45499999999999996      -0.03499999999999995     5.206516819327592
-0.44499999999999995      -0.03499999999999995     5.203861898387576
-0.43500000000000005      -0.03499999999999995     5.200671911062812
-0.42500000000000004      -0.03499999999999995     5.196945750278532
-0.41500000000000004      -0.03499999999999995     5.192682553179274
-0.405                    -0.03499999999999995     5.1878833411711485
-0.395                    -0.03499999999999995     5.18254783230277
-0.385                    -0.03499999999999995     5.176683004108377
-0.375                    -0.03499999999999995     5.170292904053948
-0.365                    -0.03499999999999995     5.163387799355154
-0.355                    -0.03499999999999995     5.1559797833675445
-0.345                    -0.03499999999999995     5.148085587633754
-0.33499999999999996      -0.03499999999999995     5.139728377899892
-0.32499999999999996      -0.03499999999999995     5.13093238090297
-0.31499999999999995      -0.03499999999999995     5.121730767309147
-0.30499999999999994      -0.03499999999999995     5.112162136614216
-0.29500000000000004      -0.03499999999999995     5.102266473103056
-0.28500000000000003      -0.03499999999999995     5.0920945577022385
-0.275                    -0.03499999999999995     5.081697683759131
-0.265                    -0.03499999999999995     5.071133086034917
-0.255                    -0.03499999999999995     5.06046098015908
-0.245                    -0.03499999999999995     5.054833943371618
-0.235                    -0.03499999999999995     5.054285577687367
-0.22499999999999998      -0.03499999999999995     5.053728021687099
-0.21500000000000005      -0.03499999999999995     5.053165008572382
-0.20500000000000004      -0.03499999999999995     5.052600540309567
-0.19500000000000003      -0.03499999999999995     5.052038131848966
-0.18500000000000003      -0.03499999999999995     5.051481876338979
-0.17500000000000002      -0.03499999999999995     5.050935462590631
-0.165                    -0.03499999999999995     5.050402362284634
-0.15500000000000003      -0.03499999999999995     5.049886179261749
-0.14500000000000002      -0.03499999999999995     5.049389759807534
-0.135                    -0.03499999999999995     5.048916085089695
-0.125                    -0.03499999999999995     5.0484677708638594
-0.11499999999999999      -0.03499999999999995     5.048046900738605
-0.10499999999999998      -0.03499999999999995     5.047655598064624
-0.09499999999999997      -0.03499999999999995     5.047295462617978
-0.08499999999999999      -0.03499999999999995     5.046967941858788
-0.07499999999999998      -0.03499999999999995     5.046674325401139
-0.06499999999999997      -0.03499999999999995     5.046415508802593
-0.054999999999999966     -0.03499999999999995     5.046192346154683
-0.04499999999999996      -0.03499999999999995     5.046005485481809
-0.03499999999999995      -0.03499999999999995     5.045855426406365
-0.025000000000000022     -0.03499999999999995     5.045742521824321
-0.015000000000000013     -0.03499999999999995     5.045667145436582
-0.0050000000000000044    -0.03499999999999995     5.045629430194897
0.0050000000000000044     -0.03499999999999995     5.045629439036422
0.015000000000000013      -0.03499999999999995     5.045667187906584
0.025000000000000022      -0.03499999999999995     5.045742606780228
0.03500000000000003       -0.03499999999999995     5.045855463272607
0.04500000000000004       -0.03499999999999995     5.046005534755298
0.05500000000000005       -0.03499999999999995     5.0461924032682735
0.06499999999999995       -0.03499999999999995     5.046415540340461
0.07499999999999996       -0.03499999999999995     5.046674405956374
0.08499999999999996       -0.03499999999999995     5.046968039915696
0.09499999999999997       -0.03499999999999995     5.04729555832538
0.10499999999999998       -0.03499999999999995     5.047655703557463
0.11499999999999999       -0.03499999999999995     5.048047009162718
0.125                     -0.03499999999999995     5.048467880249275
0.135                     -0.03499999999999995     5.048916194207894
0.14500000000000002       -0.03499999999999995     5.049389865702021
0.15500000000000003       -0.03499999999999995     5.049886280099385
0.16500000000000004       -0.03499999999999995     5.050402455979011
0.17500000000000004       -0.03499999999999995     5.050935547111083
0.18500000000000005       -0.03499999999999995     5.051481949733073
0.19499999999999995       -0.03499999999999995     5.052038192263652
0.20499999999999996       -0.03499999999999995     5.052600586020878
0.21499999999999997       -0.03499999999999995     5.053165038025809
0.22499999999999998       -0.03499999999999995     5.053728033488591
0.235                     -0.03499999999999995     5.054285570631801
0.245                     -0.03499999999999995     5.054833916297643
0.255                     -0.03499999999999995     5.0604606887568835
0.265                     -0.03499999999999995     5.07113243442742
0.275                     -0.03499999999999995     5.081696599876036
0.28500000000000003       -0.03499999999999995     5.092093122955533
0.29500000000000004       -0.03499999999999995     5.102265119979606
0.30500000000000005       -0.03499999999999995     5.112159892965571
0.31499999999999995       -0.03499999999999995     5.12172817279131
0.32499999999999996       -0.03499999999999995     5.130929442302603
0.33499999999999996       -0.03499999999999995     5.139725113993307
0.345                     -0.03499999999999995     5.148082018290105
0.355                     -0.03499999999999995     5.155975930026615
0.365                     -0.03499999999999995     5.163383669999032
0.375                     -0.03499999999999995     5.1702889806494685
0.385                     -0.03499999999999995     5.176678819655391
0.395                     -0.03499999999999995     5.182544124722148
0.405                     -0.03499999999999995     5.187877287116835
0.41500000000000004       -0.03499999999999995     5.192677229992311
0.42500000000000004       -0.03499999999999995     5.196940284368805
0.43500000000000005       -0.03499999999999995     5.200666531032401
0.44499999999999995       -0.03499999999999995     5.203856416478538
0.45499999999999996       -0.03499999999999995     5.20651124417847
0.46499999999999997       -0.03499999999999995     5.2086326329611925
0.475                     -0.03499999999999995     5.210221989895661
0.485                     -0.03499999999999995     5.211280743318409
0.495                     -0.03499999999999995     5.211809871680763
-0.495                    -0.025000000000000022    5.150920472826144
-0.485                    -0.025000000000000022    5.150542182769075
-0.475                    -0.025000000000000022    5.149785284100224
-0.46499999999999997      -0.025000000000000022    5.148649154525247
-0.45499999999999996      -0.025000000000000022    5.14713289239087
-0.44499999999999995      -0.025000000000000022    5.145235628349489
-0.43500000000000005      -0.025000000000000022    5.142956417441911
-0.42500000000000004      -0.025000000000000022    5.140294771179015
-0.41500000000000004      -0.025000000000000022    5.137250232635793
-0.405                    -0.025000000000000022    5.1338240150374155
-0.395                    -0.025000000000000022    5.130015707959583
-0.385                    -0.025000000000000022    5.12583149155376
-0.375                    -0.025000000000000022    5.121274126268598
-0.365                    -0.025000000000000022    5.116351510607281
-0.355                    -0.025000000000000022    5.111072511869818
-0.345                    -0.025000000000000022    5.105449475205737
-0.33499999999999996      -0.025000000000000022    5.0994992350813595
-0.32499999999999996      -0.025000000000000022    5.093239270456898
-0.31499999999999995      -0.025000000000000022    5.086693372431381
-0.30499999999999994      -0.025000000000000022    5.079889065813614
-0.29500000000000004      -0.025000000000000022    5.072854586219281
-0.28500000000000003      -0.025000000000000022    5.065626286974035
-0.275                    -0.025000000000000022    5.058239958935726
-0.265                    -0.025000000000000022    5.050735943887789
-0.255                    -0.025000000000000022    5.043156577369698
-0.245                    -0.025000000000000022    5.039160421491282
-0.235                    -0.025000000000000022    5.0387711410486435
-0.22499999999999998      -0.025000000000000022    5.038375449492995
-0.21500000000000005      -0.025000000000000022    5.03797595870672
-0.20500000000000004      -0.025000000000000022    5.037575468688986
-0.19500000000000003      -0.025000000000000022    5.037176440494589
-0.18500000000000003      -0.025000000000000022    5.0367817437980555
-0.17500000000000002      -0.025000000000000022    5.036393970170607
-0.165                    -0.025000000000000022    5.036015563866982
-0.15500000000000003      -0.025000000000000022    5.035649069635227
-0.14500000000000002      -0.025000000000000022    5.0352965033748385
-0.135                    -0.025000000000000022    5.034959983145483
-0.125                    -0.025000000000000022    5.034641374333128
-0.11499999999999999      -0.025000000000000022    5.034342168591358
-0.10499999999999998      -0.025000000000000022    5.034063891738041
-0.09499999999999997      -0.025000000000000022    5.033807696929315
-0.08499999999999999      -0.025000000000000022    5.03357463432085
-0.07499999999999998      -0.025000000000000022    5.033365640772487
-0.06499999999999997      -0.025000000000000022    5.033181370420694
-0.054999999999999966     -0.025000000000000022    5.033022451524811
-0.04499999999999996      -0.025000000000000022    5.0328893714565925
-0.03499999999999995      -0.025000000000000022    5.032782476602454
-0.025000000000000022     -0.025000000000000022    5.032702111550113
-0.015000000000000013     -0.025000000000000022    5.032648480419938
-0.0050000000000000044    -0.025000000000000022    5.032621632314675
0.0050000000000000044     -0.025000000000000022    5.032621646317101
0.015000000000000013      -0.025000000000000022    5.032648532412429
0.025000000000000022      -0.025000000000000022    5.032702194796521
0.03500000000000003       -0.025000000000000022    5.032782531591741
0.04500000000000004       -0.025000000000000022    5.032889422272956
0.05500000000000005       -0.025000000000000022    5.033022524917481
0.06499999999999995       -0.025000000000000022    5.033181441320154
0.07499999999999996       -0.025000000000000022    5.0333657428670415
0.08499999999999996       -0.025000000000000022    5.033574752401921
0.09499999999999997       -0.025000000000000022    5.03380781847141
0.10499999999999998       -0.025000000000000022    5.034064023530772
0.11499999999999999       -0.025000000000000022    5.034342305712098
0.125                     -0.025000000000000022    5.034641514598956
0.135                     -0.025000000000000022    5.034960124905077
0.14500000000000002       -0.025000000000000022    5.035296644152767
0.15500000000000003       -0.025000000000000022    5.035649207284973
0.16500000000000004       -0.025000000000000022    5.036015696169448
0.17500000000000004       -0.025000000000000022    5.036394094907221
0.18500000000000005       -0.025000000000000022    5.03678185878399
0.19499999999999995       -0.025000000000000022    5.037176543609148
0.20499999999999996       -0.025000000000000022    5.037575557904741
0.21499999999999997       -0.025000000000000022    5.037976032129347
0.22499999999999998       -0.025000000000000022    5.038375505361893
0.235                     -0.025000000000000022    5.038771177771694
0.245                     -0.025000000000000022    5.039160437827156
0.255                     -0.025000000000000022    5.043156292377789
0.265                     -0.025000000000000022    5.050735293244231
0.275                     -0.025000000000000022    5.058238901099369
0.28500000000000003       -0.025000000000000022    5.065624773669256
0.29500000000000004       -0.025000000000000022    5.07285321961563
0.30500000000000005       -0.025000000000000022    5.0798867393936895
0.31499999999999995       -0.025000000000000022    5.086690675572
0.32499999999999996       -0.025000000000000022    5.0932362088039085
0.33499999999999996       -0.025000000000000022    5.099495828289271
0.345                     -0.025000000000000022    5.105445744207464
0.355                     -0.025000000000000022    5.111068479259499
0.365                     -0.025000000000000022    5.11634718610239
0.375                     -0.025000000000000022    5.121269984163521
0.385                     -0.025000000000000022    5.1258270742320775
0.395                     -0.025000000000000022    5.130011752341296
0.405                     -0.025000000000000022    5.13381769371647
0.41500000000000004       -0.025000000000000022    5.137244676040611
0.42500000000000004       -0.025000000000000022    5.140289043253434
0.43500000000000005       -0.025000000000000022    5.142950792603172
0.44499999999999995       -0.025000000000000022    5.145229871243705
0.45499999999999996       -0.025000000000000022    5.1471270352082765
0.46499999999999997       -0.025000000000000022    5.148643223178282
0.475                     -0.025000000000000022    5.149779300308914
0.485                     -0.025000000000000022    5.150536163416408
0.495                     -0.025000000000000022    5.15091443582762
-0.495                    -0.015000000000000013    5.090403556170889
-0.485                    -0.015000000000000013    5.090176459070406
-0.475                    -0.015000000000000013    5.08972208839847
-0.46499999999999997      -0.015000000000000013    5.089040101133815
-0.45499999999999996      -0.015000000000000013    5.088130004987398
-0.44499999999999995      -0.015000000000000013    5.086991331399224
-0.43500000000000005      -0.015000000000000013    5.085623615944887
-0.42500000000000004      -0.015000000000000013    5.0840266444386035
-0.41500000000000004      -0.015000000000000013    5.082200208817039
-0.405                    -0.015000000000000013    5.080145424569239
-0.395                    -0.015000000000000013    5.077861332242222
-0.385                    -0.015000000000000013    5.07535295932208
-0.375                    -0.015000000000000013    5.072621417620439
-0.365                    -0.015000000000000013    5.069671832873767
-0.355                    -0.015000000000000013    5.06650948327327
-0.345                    -0.015000000000000013    5.0631419937429145
-0.33499999999999996      -0.015000000000000013    5.059579573529766
-0.32499999999999996      -0.015000000000000013    5.055832775614163
-0.31499999999999995      -0.015000000000000013    5.05191590933948
-0.30499999999999994      -0.015000000000000013    5.047845466635358
-0.29500000000000004      -0.015000000000000013    5.043638243348808
-0.28500000000000003      -0.015000000000000013    5.039316140452007
-0.275                    -0.015000000000000013    5.034900207295112
-0.265                    -0.015000000000000013    5.030414515589186
-0.255                    -0.015000000000000013    5.025884200509945
-0.245                    -0.015000000000000013    5.0234956869049965
-0.235                    -0.015000000000000013    5.023263073192398
-0.22499999999999998      -0.015000000000000013    5.0230266731974496
-0.21500000000000005      -0.015000000000000013    5.022788032810519
-0.20500000000000004      -0.015000000000000013    5.022548809253911
-0.19500000000000003      -0.015000000000000013    5.0223104598191
-0.18500000000000003      -0.015000000000000013    5.0220746852006055
-0.17500000000000002      -0.015000000000000013    5.021843023338526
-0.165                    -0.015000000000000013    5.021616926763804
-0.15500000000000003      -0.015000000000000013    5.021397910608254
-0.14500000000000002      -0.015000000000000013    5.021187177485862
-0.135                    -0.015000000000000013    5.020985993532005
-0.125                    -0.015000000000000013    5.020795476523789
-0.11499999999999999      -0.015000000000000013    5.020616522657318
-0.10499999999999998      -0.015000000000000013    5.020450050698178
-0.09499999999999997      -0.015000000000000013    5.020296756335678
-0.08499999999999999      -0.015000000000000013    5.020157276654523
-0.07499999999999998      -0.015000000000000013    5.020032178557397
-0.06499999999999997      -0.015000000000000013    5.019921861302113
-0.054999999999999966     -0.015000000000000013    5.0198267069184235
-0.04499999999999996      -0.015000000000000013    5.019747022148211
-0.03499999999999995      -0.015000000000000013    5.019683000210259
-0.025000000000000022     -0.015000000000000013    5.01963487058163
-0.015000000000000013     -0.015000000000000013    5.019602725275384
-0.0050000000000000044    -0.015000000000000013    5.019586594571956
0.0050000000000000044     -0.015000000000000013    5.019586612731287
0.015000000000000013      -0.015000000000000013    5.019602728202508
0.025000000000000022      -0.015000000000000013    5.0196348878080626
0.03500000000000003       -0.015000000000000013    5.019683066375992
0.04500000000000004       -0.015000000000000013    5.019747081074725
0.05500000000000005       -0.015000000000000013    5.019826801909812
0.06499999999999995       -0.015000000000000013    5.019921962501058
0.07499999999999996       -0.015000000000000013    5.020032303315986
0.08499999999999996       -0.015000000000000013    5.020157416971115
0.09499999999999997       -0.015000000000000013    5.0202969048828825
0.10499999999999998       -0.015000000000000013    5.0204502104007585
0.11499999999999999       -0.015000000000000013    5.020616690150773
0.125                     -0.015000000000000013    5.020795649567087
0.135                     -0.015000000000000013    5.0209861701237015
0.14500000000000002       -0.015000000000000013    5.021187355303469
0.15500000000000003       -0.015000000000000013    5.021398087287175
0.16500000000000004       -0.015000000000000013    5.02161709989787
0.17500000000000004       -0.015000000000000013    5.021843190482371
0.18500000000000005       -0.015000000000000013    5.022074843904289
0.19499999999999995       -0.015000000000000013    5.022310607662984
0.20499999999999996       -0.015000000000000013    5.022548943878723
0.21499999999999997       -0.015000000000000013    5.022788151959227
0.22499999999999998       -0.015000000000000013    5.023026774726729
0.235                     -0.015000000000000013    5.023263155117469
0.245                     -0.015000000000000013    5.023495747682325
0.255                     -0.015000000000000013    5.025883941022121
0.265                     -0.015000000000000013    5.030413858476925
0.275                     -0.015000000000000013    5.0348991036548
0.28500000000000003       -0.015000000000000013    5.039314632678828
0.29500000000000004       -0.015000000000000013    5.043636761060929
0.30500000000000005       -0.015000000000000013    5.047843046477803
0.31499999999999995       -0.015000000000000013    5.051913092314258
0.32499999999999996       -0.015000000000000013    5.055829571235416
0.33499999999999996       -0.015000000000000013    5.05957600289977
0.345                     -0.015000000000000013    5.063138079273269
0.355                     -0.015000000000000013    5.066505249060829
0.365                     -0.015000000000000013    5.069667290650378
0.375                     -0.015000000000000013    5.072617037363816
0.385                     -0.015000000000000013    5.07534828898425
0.395                     -0.015000000000000013    5.077857103366973
0.405                     -0.015000000000000013    5.080138835454706
0.41500000000000004       -0.015000000000000013    5.0821943738588375
0.42500000000000004       -0.015000000000000013    5.084020670705432
0.43500000000000005       -0.015000000000000013    5.085617673181751
0.44499999999999995       -0.015000000000000013    5.0869852760545475
0.45499999999999996       -0.015000000000000013    5.088123846861565
0.46499999999999997       -0.015000000000000013    5.089033866274748
0.475                     -0.015000000000000013    5.089715798490298
0.485                     -0.015000000000000013    5.090170132141383
0.495                     -0.015000000000000013    5.090397210823695
-0.495                    -0.0050000000000000044   5.0301137024397775
-0.485                    -0.0050000000000000044   5.030037985810309
-0.475                    -0.0050000000000000044   5.029886496100604
-0.46499999999999997      -0.0050000000000000044   5.029659124647784
-0.45499999999999996      -0.0050000000000000044   5.029355712791126
-0.44499999999999995      -0.0050000000000000044   5.028976109404074
-0.43500000000000005      -0.0050000000000000044   5.028520178040626
-0.42500000000000004      -0.0050000000000000044   5.02798795625457
-0.41500000000000004      -0.0050000000000000044   5.027379218933182
-0.405                    -0.0050000000000000044   5.026694713356174
-0.395                    -0.0050000000000000044   5.025932884001785
-0.385                    -0.0050000000000000044   5.025097351933014
-0.375                    -0.0050000000000000044   5.024187337248741
-0.365                    -0.0050000000000000044   5.023204964740184
-0.355                    -0.0050000000000000044   5.022151713550577
-0.345                    -0.0050000000000000044   5.021030297378386
-0.33499999999999996      -0.0050000000000000044   5.019844133912235
-0.32499999999999996      -0.0050000000000000044   5.01859675159659
-0.31499999999999995      -0.0050000000000000044   5.017292925405449
-0.30499999999999994      -0.0050000000000000044   5.015938151421759
-0.29500000000000004      -0.0050000000000000044   5.01453786578186
-0.28500000000000003      -0.0050000000000000044   5.013099781038738
-0.275                    -0.0050000000000000044   5.011630465729317
-0.265                    -0.0050000000000000044   5.0101380041630525
-0.255                    -0.0050000000000000044   5.008630803209731
-0.245                    -0.0050000000000000044   5.007836145333161
-0.235                    -0.0050000000000000044   5.007758766352978
-0.22499999999999998      -0.0050000000000000044   5.007680135329543
-0.21500000000000005      -0.0050000000000000044   5.0076007640815385
-0.20500000000000004      -0.0050000000000000044   5.007521201309262
-0.19500000000000003      -0.0050000000000000044   5.007441929630338
-0.18500000000000003      -0.0050000000000000044   5.007363512507492
-0.17500000000000002      -0.0050000000000000044   5.007286459817308
-0.165                    -0.0050000000000000044   5.007211253449469
-0.15500000000000003      -0.0050000000000000044   5.007138396532116
-0.14500000000000002      -0.0050000000000000044   5.007068288786006
-0.135                    -0.0050000000000000044   5.007001351538967
-0.125                    -0.0050000000000000044   5.00693795701036
-0.11499999999999999      -0.0050000000000000044   5.0068784042673595
-0.10499999999999998      -0.0050000000000000044   5.006823000066969
-0.09499999999999997      -0.0050000000000000044   5.006771976957484
-0.08499999999999999      -0.0050000000000000044   5.006725548007743
-0.07499999999999998      -0.0050000000000000044   5.0066839039114175
-0.06499999999999997      -0.0050000000000000044   5.006647177374667
-0.054999999999999966     -0.0050000000000000044   5.006615498715347
-0.04499999999999996      -0.0050000000000000044   5.006588970334602
-0.03499999999999995      -0.0050000000000000044   5.006567653117732
-0.025000000000000022     -0.0050000000000000044   5.006551635767801
-0.015000000000000013     -0.0050000000000000044   5.006540917219731
-0.0050000000000000044    -0.0050000000000000044   5.006535497593755
0.0050000000000000044     -0.0050000000000000044   5.0065354986824735
0.015000000000000013      -0.0050000000000000044   5.006540930682056
0.025000000000000022      -0.0050000000000000044   5.006551674885701
0.03500000000000003       -0.0050000000000000044   5.006567727610918
0.04500000000000004       -0.0050000000000000044   5.006589050671549
0.05500000000000005       -0.0050000000000000044   5.006615609855252
0.06499999999999995       -0.0050000000000000044   5.006647301986357
0.07499999999999996       -0.0050000000000000044   5.006684050451634
0.08499999999999996       -0.0050000000000000044   5.006725712052678
0.09499999999999997       -0.0050000000000000044   5.00677215341682
0.10499999999999998       -0.0050000000000000044   5.006823189444217
0.11499999999999999       -0.0050000000000000044   5.006878604028682
0.125                     -0.0050000000000000044   5.006938164892165
0.135                     -0.0050000000000000044   5.007001565248731
0.14500000000000002       -0.0050000000000000044   5.007068505998663
0.15500000000000003       -0.0050000000000000044   5.007138614657076
0.16500000000000004       -0.0050000000000000044   5.007211469867123
0.17500000000000004       -0.0050000000000000044   5.007286671823657
0.18500000000000005       -0.0050000000000000044   5.007363717354367
0.19499999999999995       -0.0050000000000000044   5.00744212456599
0.20499999999999996       -0.0050000000000000044   5.007521383610449
0.21499999999999997       -0.0050000000000000044   5.007600931098877
0.22499999999999998       -0.0050000000000000044   5.007680284508503
0.235                     -0.0050000000000000044   5.007758895280331
0.245                     -0.0050000000000000044   5.0078362518389765
0.255                     -0.0050000000000000044   5.0086305800080435
0.265                     -0.0050000000000000044   5.01013735860561
0.275                     -0.0050000000000000044   5.011629332090357
0.28500000000000003       -0.0050000000000000044   5.013098249591564
0.29500000000000004       -0.0050000000000000044   5.014536218826093
0.30500000000000005       -0.0050000000000000044   5.015935618722887
0.31499999999999995       -0.0050000000000000044   5.017289968771828
0.32499999999999996       -0.0050000000000000044   5.018593383390802
0.33499999999999996       -0.0050000000000000044   5.019840377020354
0.345                     -0.0050000000000000044   5.0210261760778225
0.355                     -0.0050000000000000044   5.022147253820814
0.365                     -0.0050000000000000044   5.023200180573959
0.375                     -0.0050000000000000044   5.024182697592615
0.385                     -0.0050000000000000044   5.025092409575956
0.395                     -0.0050000000000000044   5.02592836837279
0.405                     -0.0050000000000000044   5.026687872540055
0.41500000000000004       -0.0050000000000000044   5.027373059443732
0.42500000000000004       -0.0050000000000000044   5.0279816544420495
0.43500000000000005       -0.0050000000000000044   5.028513930010826
0.44499999999999995       -0.0050000000000000044   5.028969737115566
0.45499999999999996       -0.0050000000000000044   5.0293492346489
0.46499999999999997       -0.0050000000000000044   5.029652566906407
0.475                     -0.0050000000000000044   5.029879881392216
0.485                     -0.0050000000000000044   5.030031332778371
0.495                     -0.0050000000000000044   5.03010703035036
-0.495                    0.0050000000000000044    4.969899554403903
-0.485                    0.0050000000000000044    4.969975278233663
-0.475                    0.0050000000000000044    4.970126782108459
-0.46499999999999997      0.0050000000000000044    4.970354176725293
-0.45499999999999996      0.0050000000000000044    4.9706576113437535
-0.44499999999999995      0.0050000000000000044    4.971037225518808
-0.43500000000000005      0.0050000000000000044    4.971493197323978
-0.42500000000000004      0.0050000000000000044    4.972025655751758
-0.41500000000000004      0.0050000000000000044    4.972634424307975
-0.405                    0.0050000000000000044    4.973319872875429
-0.395                    0.0050000000000000044    4.974079631460028
-0.385                    0.0050000000000000044    4.974915908485073
-0.375                    0.0050000000000000044    4.97582596316141
-0.365                    0.0050000000000000044    4.976808840865359
-0.355                    0.0050000000000000044    4.977862150193983
-0.345                    0.0050000000000000044    4.9789836323427235
-0.33499999999999996      0.0050000000000000044    4.980169859616588
-0.32499999999999996      0.0050000000000000044    4.981417304448787
-0.31499999999999995      0.0050000000000000044    4.9827211914117475
-0.30499999999999994      0.0050000000000000044    4.9840760343665895
-0.29500000000000004      0.0050000000000000044    4.985475884684004
-0.28500000000000003      0.0050000000000000044    4.986914430960687
-0.275                    0.0050000000000000044    4.988383861178412
-0.265                    0.0050000000000000044    4.989876386078766
-0.255                    0.0050000000000000044    4.9913837000089645
-0.245                    0.0050000000000000044    4.992178321428353
-0.235                    0.0050000000000000044    4.992255703169408
-0.22499999999999998      0.0050000000000000044    4.992334337038527
-0.21500000000000005      0.0050000000000000044    4.992413711405321
-0.20500000000000004      0.0050000000000000044    4.99249327767135
-0.19500000000000003      0.0050000000000000044    4.992572553318814
-0.18500000000000003      0.0050000000000000044    4.992650975008389
-0.17500000000000002      0.0050000000000000044    4.992728032978265
-0.165                    0.0050000000000000044    4.992803245448812
-0.15500000000000003      0.0050000000000000044    4.992876109401964
-0.14500000000000002      0.0050000000000000044    4.992946225144642
-0.135                    0.0050000000000000044    4.993013171660937
-0.125                    0.0050000000000000044    4.9930765763064135
-0.11499999999999999      0.0050000000000000044    4.993136140566217
-0.10499999999999998      0.0050000000000000044    4.993191557707533
-0.09499999999999997      0.0050000000000000044    4.993242595588286
-0.08499999999999999      0.0050000000000000044    4.993289038423198
-0.07499999999999998      0.0050000000000000044    4.993330700185906
-0.06499999999999997      0.0050000000000000044    4.993367443307373
-0.054999999999999966     0.0050000000000000044    4.993399142362482
-0.04499999999999996      0.0050000000000000044    4.993425685283328
-0.03499999999999995      0.0050000000000000044    4.993447016347264
-0.025000000000000022     0.0050000000000000044    4.993463082320295
-0.015000000000000013     0.0050000000000000044    4.993473826564499
-0.0050000000000000044    0.0050000000000000044    4.993479255722555
0.0050000000000000044     0.0050000000000000044    4.993479261624964
0.015000000000000013      0.0050000000000000044    4.993473848122802
0.025000000000000022      0.0050000000000000044    4.993463128188614
0.03500000000000003       0.0050000000000000044    4.993447109561188
0.04500000000000004       0.0050000000000000044    4.993425792170931
0.05500000000000005       0.0050000000000000044    4.993399269749413
0.06499999999999995       0.0050000000000000044    4.993367590851377
0.07499999999999996       0.0050000000000000044    4.993330869848467
0.08499999999999996       0.0050000000000000044    4.993289227966834
0.09499999999999997       0.0050000000000000044    4.993242800869278
0.10499999999999998       0.0050000000000000044    4.993191778633323
0.11499999999999999       0.0050000000000000044    4.993136374686278
0.125                     0.0050000000000000044    4.99307682126334
0.135                     0.0050000000000000044    4.993013424898868
0.14500000000000002       0.0050000000000000044    4.992946484301647
0.15500000000000003       0.0050000000000000044    4.992876371613284
0.16500000000000004       0.0050000000000000044    4.9928035078620825
0.17500000000000004       0.0050000000000000044    4.992728292599797
0.18500000000000005       0.0050000000000000044    4.992651228756875
0.19499999999999995       0.0050000000000000044    4.992572798073965
0.20499999999999996       0.0050000000000000044    4.9924935103086945
0.21499999999999997       0.0050000000000000044    4.9924139288467675
0.22499999999999998       0.0050000000000000044    4.99233453628451
0.235                     0.0050000000000000044    4.992255881352168
0.245                     0.0050000000000000044    4.99217847602383
0.255                     0.0050000000000000044    4.991383506009776
0.265                     0.0050000000000000044    4.989875733670712
0.275                     0.0050000000000000044    4.988382724717283
0.28500000000000003       0.0050000000000000044    4.986912842288219
0.29500000000000004       0.0050000000000000044    4.985474190767967
0.30500000000000005       0.0050000000000000044    4.984073366147728
0.31499999999999995       0.0050000000000000044    4.982718073978494
0.32499999999999996       0.0050000000000000044    4.981413749530947
0.33499999999999996       0.0050000000000000044    4.980165892168998
0.345                     0.0050000000000000044    4.978979278932717
0.355                     0.0050000000000000044    4.977857439121313
0.365                     0.0050000000000000044    4.976803788708131
0.375                     0.0050000000000000044    4.975821040620227
0.385                     0.0050000000000000044    4.974910671312865
0.395                     0.0050000000000000044    4.974074820261372
0.405                     0.0050000000000000044    4.973312687785494
0.41500000000000004       0.0050000000000000044    4.972627996626473
0.42500000000000004       0.0050000000000000044    4.972019033744578
0.43500000000000005       0.0050000000000000044    4.971486614600864
0.44499999999999995       0.0050000000000000044    4.971030516049304
0.45499999999999996       0.0050000000000000044    4.970650793266035
0.46499999999999997       0.0050000000000000044    4.970347276069608
0.475                     0.0050000000000000044    4.970119823139792
0.485                     0.0050000000000000044    4.969968279918534
0.495                     0.0050000000000000044    4.9698925365431545
-0.495                    0.015000000000000013     4.909609693454915
-0.485                    0.015000000000000013     4.909836797842145
-0.475                    0.015000000000000013     4.910291182870578
-0.46499999999999997      0.015000000000000013     4.910973193474875
-0.45499999999999996      0.015000000000000013     4.911883312461576
-0.44499999999999995      0.015000000000000013     4.913021995578651
-0.43500000000000005      0.015000000000000013     4.914389759055374
-0.42500000000000004      0.015000000000000013     4.9159869754039045
-0.41500000000000004      0.015000000000000013     4.917813418542165
-0.405                    0.015000000000000013     4.9198691538366335
-0.395                    0.015000000000000013     4.922151179544081
-0.385                    0.015000000000000013     4.924660296982921
-0.375                    0.015000000000000013     4.927391878608311
-0.365                    0.015000000000000013     4.930341972221934
-0.355                    0.015000000000000013     4.933504380657313
-0.345                    0.015000000000000013     4.936871936798458
-0.33499999999999996      0.015000000000000013     4.9404344213190425
-0.32499999999999996      0.015000000000000013     4.944181282117515
-0.31499999999999995      0.015000000000000013     4.948098209513677
-0.30499999999999994      0.015000000000000013     4.952168721680055
-0.29500000000000004      0.015000000000000013     4.956375450997562
-0.28500000000000003      0.015000000000000013     4.960698110159821
-0.275                    0.015000000000000013     4.965114168681497
-0.265                    0.015000000000000013     4.969599869250903
-0.255                    0.015000000000000013     4.974130322819423
-0.245                    0.015000000000000013     4.976518779604069
-0.235                    0.015000000000000013     4.976751396135493
-0.22499999999999998      0.015000000000000013     4.97698779890054
-0.21500000000000005      0.015000000000000013     4.977226442307964
-0.20500000000000004      0.015000000000000013     4.977465669247746
-0.19500000000000003      0.015000000000000013     4.977704022534045
-0.18500000000000003      0.015000000000000013     4.9779398016017735
-0.17500000000000002      0.015000000000000013     4.978171468630498
-0.165                    0.015000000000000013     4.978397571203189
-0.15500000000000003      0.015000000000000013     4.978616594302198
-0.14500000000000002      0.015000000000000013     4.978827335317374
-0.135                    0.015000000000000013     4.979028528532045
-0.125                    0.015000000000000013     4.979219055566626
-0.11499999999999999      0.015000000000000013     4.979398020888397
-0.10499999999999998      0.015000000000000013     4.979564505905626
-0.09499999999999997      0.015000000000000013     4.979717816054162
-0.08499999999999999      0.015000000000000013     4.979857308218186
-0.07499999999999998      0.015000000000000013     4.979982425301928
-0.06499999999999997      0.015000000000000013     4.980092762407658
-0.054999999999999966     0.015000000000000013     4.980187936574129
-0.04499999999999996      0.015000000000000013     4.980267632915493
-0.03499999999999995      0.015000000000000013     4.98033160576859
-0.025000000000000022     0.015000000000000013     4.9803798563766275
-0.015000000000000013     0.015000000000000013     4.980412025737568
-0.0050000000000000044    0.015000000000000013     4.980428145601619
0.0050000000000000044     0.015000000000000013     4.980428167387682
0.015000000000000013      0.015000000000000013     4.980412027698972
0.025000000000000022      0.015000000000000013     4.9803798999304805
0.03500000000000003       0.015000000000000013     4.980331775933313
0.04500000000000004       0.015000000000000013     4.980267762462851
0.05500000000000005       0.015000000000000013     4.98018807836043
0.06499999999999995       0.015000000000000013     4.980092932709986
0.07499999999999996       0.015000000000000013     4.979982617989925
0.08499999999999996       0.015000000000000013     4.979857525284398
0.09499999999999997       0.015000000000000013     4.979718051221229
0.10499999999999998       0.015000000000000013     4.979564760347133
0.11499999999999999       0.015000000000000013     4.979398291628061
0.125                     0.015000000000000013     4.979219340042625
0.135                     0.015000000000000013     4.9790288238645
0.14500000000000002       0.015000000000000013     4.978827639183751
0.15500000000000003       0.015000000000000013     4.978616903489826
0.16500000000000004       0.015000000000000013     4.9783978826161155
0.17500000000000004       0.015000000000000013     4.978171778951997
0.18500000000000005       0.015000000000000013     4.9779401073801814
0.19499999999999995       0.015000000000000013     4.977704320239158
0.20499999999999996       0.015000000000000013     4.977465955310139
0.21499999999999997       0.015000000000000013     4.977226713176412
0.22499999999999998       0.015000000000000013     4.97698805108687
0.235                     0.015000000000000013     4.976751626276991
0.245                     0.015000000000000013     4.976518984715522
0.255                     0.015000000000000013     4.9741301608756014
0.265                     0.015000000000000013     4.969599225759167
0.275                     0.015000000000000013     4.965112903155083
0.28500000000000003       0.015000000000000013     4.960696391004486
0.29500000000000004       0.015000000000000013     4.956373687478205
0.30500000000000005       0.015000000000000013     4.952165901447219
0.31499999999999995       0.015000000000000013     4.948094908540339
0.32499999999999996       0.015000000000000013     4.94417751549543
0.33499999999999996       0.015000000000000013     4.940430216707124
0.345                     0.015000000000000013     4.936867323645904
0.355                     0.015000000000000013     4.933499390111292
0.365                     0.015000000000000013     4.930336623826284
0.375                     0.015000000000000013     4.927386647631954
0.385                     0.015000000000000013     4.924654737911517
0.395                     0.015000000000000013     4.922146039334193
0.405                     0.015000000000000013     4.919861624500396
0.41500000000000004       0.015000000000000013     4.917806590955069
0.42500000000000004       0.015000000000000013     4.915980002955153
0.43500000000000005       0.015000000000000013     4.914382816698589
0.44499999999999995       0.015000000000000013     4.913014927701562
0.45499999999999996       0.015000000000000013     4.911876133027289
0.46499999999999997       0.015000000000000013     4.910965929550858
0.475                     0.015000000000000013     4.910283859575674
0.485                     0.015000000000000013     4.909829434557509
0.495                     0.015000000000000013     4.90960231030968
-0.495                    0.025000000000000022     4.84909276227682
-0.485                    0.025000000000000022     4.849471059802684
-0.475                    0.025000000000000022     4.850227972996592
-0.46499999999999997      0.025000000000000022     4.851364126532913
-0.45499999999999996      0.025000000000000022     4.852880412073906
-0.44499999999999995      0.025000000000000022     4.854777683423559
-0.43500000000000005      0.025000000000000022     4.857056911439916
-0.42500000000000004      0.025000000000000022     4.859718853408962
-0.41500000000000004      0.025000000000000022     4.862763427222429
-0.405                    0.025000000000000022     4.866190570315362
-0.395                    0.025000000000000022     4.8699967897107825
-0.385                    0.025000000000000022     4.8741817555315174
-0.375                    0.025000000000000022     4.8787391618057985
-0.365                    0.025000000000000022     4.883662293583536
-0.355                    0.025000000000000022     4.888941352532457
-0.345                    0.025000000000000022     4.894564457097637
-0.33499999999999996      0.025000000000000022     4.9005147625523495
-0.32499999999999996      0.025000000000000022     4.906774790742136
-0.31499999999999995      0.025000000000000022     4.913320749986302
-0.30499999999999994      0.025000000000000022     4.920125121973028
-0.29500000000000004      0.025000000000000022     4.9271590334136635
-0.28500000000000003      0.025000000000000022     4.934387953420792
-0.275                    0.025000000000000022     4.941774421129154
-0.265                    0.025000000000000022     4.94927849839055
-0.255                    0.025000000000000022     4.956857949633687
-0.245                    0.025000000000000022     4.96085404477698
-0.235                    0.025000000000000022     4.961243327936308
-0.22499999999999998      0.025000000000000022     4.961639022085795
-0.21500000000000005      0.025000000000000022     4.962038515687116
-0.20500000000000004      0.025000000000000022     4.962439008860876
-0.19500000000000003      0.025000000000000022     4.962838040666979
-0.18500000000000003      0.025000000000000022     4.963232741574295
-0.17500000000000002      0.025000000000000022     4.963620520127443
-0.165                    0.025000000000000022     4.963998932230699
-0.15500000000000003      0.025000000000000022     4.964365433182019
-0.14500000000000002      0.025000000000000022     4.9647180071491555
-0.135                    0.025000000000000022     4.965054536622276
-0.125                    0.025000000000000022     4.9653731552300115
-0.11499999999999999      0.025000000000000022     4.965672372438755
-0.10499999999999998      0.025000000000000022     4.965950662452489
-0.09499999999999997      0.025000000000000022     4.966206874942141
-0.08499999999999999      0.025000000000000022     4.966439947461598
-0.07499999999999998      0.025000000000000022     4.966648963543058
-0.06499999999999997      0.025000000000000022     4.966833259933313
-0.054999999999999966     0.025000000000000022     4.966992195531776
-0.04499999999999996      0.025000000000000022     4.967125196024027
-0.03499999999999995      0.025000000000000022     4.9672320742665415
-0.025000000000000022     0.025000000000000022     4.967312504110891
-0.015000000000000013     0.025000000000000022     4.967366194027941
-0.0050000000000000044    0.025000000000000022     4.967393098930686
0.0050000000000000044     0.025000000000000022     4.967393126678135
0.015000000000000013      0.025000000000000022     4.967366289239958
0.025000000000000022      0.025000000000000022     4.9673126701446835
0.03500000000000003       0.025000000000000022     4.967232313477781
0.04500000000000004       0.025000000000000022     4.967125428576539
0.05500000000000005       0.025000000000000022     4.966992351039352
0.06499999999999995       0.025000000000000022     4.966833449009636
0.07499999999999996       0.025000000000000022     4.966649180398243
0.08499999999999996       0.025000000000000022     4.96644019395877
0.09499999999999997       0.025000000000000022     4.966207141446374
0.10499999999999998       0.025000000000000022     4.965950952573926
0.11499999999999999       0.025000000000000022     4.965672682210484
0.125                     0.025000000000000022     4.9653734818874735
0.135                     0.025000000000000022     4.965054876784896
0.14500000000000002       0.025000000000000022     4.964718358738503
0.15500000000000003       0.025000000000000022     4.964365792546442
0.16500000000000004       0.025000000000000022     4.963999295966645
0.17500000000000004       0.025000000000000022     4.96362088461266
0.18500000000000005       0.025000000000000022     4.96323310292069
0.19499999999999995       0.025000000000000022     4.962838394899295
0.20499999999999996       0.025000000000000022     4.962439351911104
0.21499999999999997       0.025000000000000022     4.96203884347666
0.22499999999999998       0.025000000000000022     4.961639330582779
0.235                     0.025000000000000022     4.961243613226348
0.245                     0.025000000000000022     4.960854303395903
0.255                     0.025000000000000022     4.956857805165315
0.265                     0.025000000000000022     4.949277803110276
0.275                     0.025000000000000022     4.941773117284667
0.28500000000000003       0.025000000000000022     4.934386140120001
0.29500000000000004       0.025000000000000022     4.9271571220591355
0.30500000000000005       0.025000000000000022     4.920122137443444
0.31499999999999995       0.025000000000000022     4.913317240667896
0.32499999999999996       0.025000000000000022     4.9067707846241575
0.33499999999999996       0.025000000000000022     4.90051029126229
0.345                     0.025000000000000022     4.894559553701643
0.355                     0.025000000000000022     4.888936051620154
0.365                     0.025000000000000022     4.883656618049561
0.375                     0.025000000000000022     4.878733595876717
0.385                     0.025000000000000022     4.874175848822923
0.395                     0.025000000000000022     4.86999129430499
0.405                     0.025000000000000022     4.8661826970817454
0.41500000000000004       0.025000000000000022     4.8627562225849355
0.42500000000000004       0.025000000000000022     4.85971148863726
0.43500000000000005       0.025000000000000022     4.857049599891765
0.44499999999999995       0.025000000000000022     4.854770234566628
0.45499999999999996       0.025000000000000022     4.852872848783845
0.46499999999999997       0.025000000000000022     4.851356478532344
0.475                     0.025000000000000022     4.850220265040056
0.485                     0.025000000000000022     4.849463311517691
0.495                     0.025000000000000022     4.849084994024824
-0.495                    0.03500000000000003      4.78819759513978
-0.485                    0.03500000000000003      4.788726748000643
-0.475                    0.03500000000000003      4.789785550368343
-0.46499999999999997      0.03500000000000003      4.791374981542166
-0.45499999999999996      0.03500000000000003      4.793496465987245
-0.44499999999999995      0.03500000000000003      4.796151398796519
-0.43500000000000005      0.03500000000000003      4.799341436682189
-0.42500000000000004      0.03500000000000003      4.803067840471551
-0.41500000000000004      0.03500000000000003      4.807331053070686
-0.405                    0.03500000000000003      4.812131241710173
-0.395                    0.03500000000000003      4.817464636310932
-0.385                    0.03500000000000003      4.823330228329953
-0.375                    0.03500000000000003      4.829720371912363
-0.365                    0.03500000000000003      4.8366260036655895
-0.355                    0.03500000000000003      4.844034081961754
-0.345                    0.03500000000000003      4.851928347608502
-0.33499999999999996      0.03500000000000003      4.86028562431116
-0.32499999999999996      0.03500000000000003      4.869081686067388
-0.31499999999999995      0.03500000000000003      4.87828336147821
-0.30499999999999994      0.03500000000000003      4.887852061370707
-0.29500000000000004      0.03500000000000003      4.8977472862925975
-0.28500000000000003      0.03500000000000003      4.90791972714484
-0.275                    0.03500000000000003      4.918316706468239
-0.265                    0.03500000000000003      4.92888130530037
-0.255                    0.03500000000000003      4.939553513459877
-0.245                    0.03500000000000003      4.945180523016837
-0.235                    0.03500000000000003      4.945728890839129
-0.22499999999999998      0.03500000000000003      4.946286449153344
-0.21500000000000005      0.03500000000000003      4.946849464763124
-0.20500000000000004      0.03500000000000003      4.947413935827891
-0.19500000000000003      0.03500000000000003      4.947976347525591
-0.18500000000000003      0.03500000000000003      4.9485326068814715
-0.17500000000000002      0.03500000000000003      4.949079025159793
-0.165                    0.03500000000000003      4.949612130978551
-0.15500000000000003      0.03500000000000003      4.950128320435902
-0.14500000000000002      0.03500000000000003      4.950624747277019
-0.135                    0.03500000000000003      4.9510984311580915
-0.125                    0.03500000000000003      4.951546754869932
-0.11499999999999999      0.03500000000000003      4.951967636527821
-0.10499999999999998      0.03500000000000003      4.952358952311812
-0.09499999999999997      0.03500000000000003      4.952719107319775
-0.08499999999999999      0.03500000000000003      4.953046636009843
-0.07499999999999998      0.03500000000000003      4.953340279045466
-0.06499999999999997      0.03500000000000003      4.953599143478822
-0.054999999999999966     0.03500000000000003      4.953822291984882
-0.04499999999999996      0.03500000000000003      4.9540091864099844
-0.03499999999999995      0.03500000000000003      4.954159322426514
-0.025000000000000022     0.03500000000000003      4.954272183282183
-0.015000000000000013     0.03500000000000003      4.9543475786008795
-0.0050000000000000044    0.03500000000000003      4.954385320310898
0.0050000000000000044     0.03500000000000003      4.954385333519807
0.015000000000000013      0.03500000000000003      4.954347623619187
0.025000000000000022      0.03500000000000003      4.954272256606293
0.03500000000000003       0.03500000000000003      4.95415937264864
0.04500000000000004       0.03500000000000003      4.954009327648908
0.05500000000000005       0.03500000000000003      4.95382247748354
0.06499999999999995       0.03500000000000003      4.953599340839219
0.07499999999999996       0.03500000000000003      4.953340520155548
0.08499999999999996       0.03500000000000003      4.953046914606839
0.09499999999999997       0.03500000000000003      4.952719407205209
0.10499999999999998       0.03500000000000003      4.9523592804941625
0.11499999999999999       0.03500000000000003      4.951967987923981
0.125                     0.03500000000000003      4.951547126471539
0.135                     0.03500000000000003      4.951098819088162
0.14500000000000002       0.03500000000000003      4.950625149873142
0.15500000000000003       0.03500000000000003      4.950128733416342
0.16500000000000004       0.03500000000000003      4.9496125507217705
0.17500000000000004       0.03500000000000003      4.9490794476973825
0.18500000000000005       0.03500000000000003      4.948533027788263
0.19499999999999995       0.03500000000000003      4.947976762361684
0.20499999999999996       0.03500000000000003      4.94741433995719
0.21499999999999997       0.03500000000000003      4.946849853514346
0.22499999999999998       0.03500000000000003      4.946286817883732
0.235                     0.03500000000000003      4.94572923501799
0.245                     0.03500000000000003      4.945180838344682
0.255                     0.03500000000000003      4.939553396936589
0.265                     0.03500000000000003      4.928880626491845
0.275                     0.03500000000000003      4.9183153297931765
0.28500000000000003       0.03500000000000003      4.907917758601053
0.29500000000000004       0.03500000000000003      4.8977452151934635
0.30500000000000005       0.03500000000000003      4.887848864365408
0.31499999999999995       0.03500000000000003      4.878279613902638
0.32499999999999996       0.03500000000000003      4.869077408784757
0.33499999999999996       0.03500000000000003      4.860280853223688
0.345                     0.03500000000000003      4.851923120024353
0.355                     0.03500000000000003      4.8440284365432955
0.365                     0.03500000000000003      4.836619967041091
0.375                     0.03500000000000003      4.829714441176754
0.385                     0.03500000000000003      4.823323945755751
0.395                     0.03500000000000003      4.81745876339337
0.405                     0.03500000000000003      4.8121229220227395
0.41500000000000004       0.03500000000000003      4.80732346330937
0.42500000000000004       0.03500000000000003      4.803060075694513
0.43500000000000005       0.03500000000000003      4.799333714583963
0.44499999999999995       0.03500000000000003      4.796143542768023
0.45499999999999996       0.03500000000000003      4.793488496487961
0.46499999999999997       0.03500000000000003      4.791366928051534
0.475                     0.03500000000000003      4.789777436923492
0.485                     0.03500000000000003      4.788718594554513
0.495                     0.03500000000000003      4.788189421856819
-0.495                    0.04500000000000004      4.726773371019055
-0.485                    0.04500000000000004      4.727452853148075
-0.475                    0.04500000000000004      4.728812543010882
-0.46499999999999997      0.04500000000000004      4.730853879733859
-0.45499999999999996      0.04500000000000004      4.733578990970906
-0.44499999999999995      0.04500000000000004      4.736990010274008
-0.43500000000000005      0.04500000000000004      4.741089536580947
-0.42500000000000004      0.04500000000000004      4.7458797909245485
-0.41500000000000004      0.04500000000000004      4.751361978994371
-0.405                    0.04500000000000004      4.757536914573207
-0.395                    0.04500000000000004      4.7644011517779425
-0.385                    0.04500000000000004      4.771953508779307
-0.375                    0.04500000000000004      4.780185525998796
-0.365                    0.04500000000000004      4.789086383862862
-0.355                    0.04500000000000004      4.798640327041139
-0.345                    0.04500000000000004      4.808827221153015
-0.33499999999999996      0.04500000000000004      4.819618006197501
-0.32499999999999996      0.04500000000000004      4.830981988324538
-0.31499999999999995      0.04500000000000004      4.842876790755534
-0.30499999999999994      0.04500000000000004      4.855252695802449
-0.29500000000000004      0.04500000000000004      4.8680572794540495
-0.28500000000000003      0.04500000000000004      4.881226254645355
-0.275                    0.04500000000000004      4.894690743050058
-0.265                    0.04500000000000004      4.908376077533105
-0.255                    0.04500000000000004      4.922203287217656
-0.245                    0.04500000000000004      4.929494415721244
-0.235                    0.04500000000000004      4.93020532311593
-0.22499999999999998      0.04500000000000004      4.9309284237305375
-0.21500000000000005      0.04500000000000004      4.931658780751402
-0.20500000000000004      0.04500000000000004      4.9323911029124945
-0.19500000000000003      0.04500000000000004      4.933120747724008
-0.18500000000000003      0.04500000000000004      4.933842319078265
-0.17500000000000002      0.04500000000000004      4.934550967704672
-0.165                    0.04500000000000004      4.935242143903144
-0.15500000000000003      0.04500000000000004      4.935911143161046
-0.14500000000000002      0.04500000000000004      4.936554265290032
-0.135                    0.04500000000000004      4.93716765278335
-0.125                    0.04500000000000004      4.937747936317721
-0.11499999999999999      0.04500000000000004      4.938292446997724
-0.10499999999999998      0.04500000000000004      4.938798480168881
-0.09499999999999997      0.04500000000000004      4.939264015284721
-0.08499999999999999      0.04500000000000004      4.93968720186442
-0.07499999999999998      0.04500000000000004      4.9400664656895525
-0.06499999999999997      0.04500000000000004      4.940400713382975
-0.054999999999999966     0.04500000000000004      4.940688716790252
-0.04499999999999996      0.04500000000000004      4.94092975353972
-0.03499999999999995      0.04500000000000004      4.941123345008789
-0.025000000000000022     0.04500000000000004      4.941268934374803
-0.015000000000000013     0.04500000000000004      4.941366167217154
-0.0050000000000000044    0.04500000000000004      4.941414850662257
0.0050000000000000044     0.04500000000000004      4.941414874190774
0.015000000000000013      0.04500000000000004      4.9413662422104725
0.025000000000000022      0.04500000000000004      4.941269052167308
0.03500000000000003       0.04500000000000004      4.941123511064287
0.04500000000000004       0.04500000000000004      4.940929967207099
0.05500000000000005       0.04500000000000004      4.940688939220904
0.06499999999999995       0.04500000000000004      4.940400930590451
0.07499999999999996       0.04500000000000004      4.940066735916897
0.08499999999999996       0.04500000000000004      4.93968751194011
0.09499999999999997       0.04500000000000004      4.9392643493405854
0.10499999999999998       0.04500000000000004      4.938798849255457
0.11499999999999999       0.04500000000000004      4.938292842906401
0.125                     0.04500000000000004      4.937748355357304
0.135                     0.04500000000000004      4.937168091766665
0.14500000000000002       0.04500000000000004      4.936554722468087
0.15500000000000003       0.04500000000000004      4.935911613544615
0.16500000000000004       0.04500000000000004      4.935242623774712
0.17500000000000004       0.04500000000000004      4.934551452649677
0.18500000000000005       0.04500000000000004      4.93384280403969
0.19499999999999995       0.04500000000000004      4.933121227801034
0.20499999999999996       0.04500000000000004      4.932391572807527
0.21499999999999997       0.04500000000000004      4.931659235119085
0.22499999999999998       0.04500000000000004      4.930928857233947
0.235                     0.04500000000000004      4.930205730548252
0.245                     0.04500000000000004      4.929494792557335
0.255                     0.04500000000000004      4.922203177002066
0.265                     0.04500000000000004      4.908375381475836
0.275                     0.04500000000000004      4.894689266918463
0.28500000000000003       0.04500000000000004      4.881224154325998
0.29500000000000004       0.04500000000000004      4.86805509872091
0.30500000000000005       0.04500000000000004      4.855249272743391
0.31499999999999995       0.04500000000000004      4.8428727712964275
0.32499999999999996       0.04500000000000004      4.830977403907208
0.33499999999999996       0.04500000000000004      4.819612897907355
0.345                     0.04500000000000004      4.8088216313625995
0.355                     0.04500000000000004      4.7986342992148145
0.365                     0.04500000000000004      4.7890799488257265
0.375                     0.04500000000000004      4.780179196437697
0.385                     0.04500000000000004      4.771946818436738
0.395                     0.04500000000000004      4.76439487038089
0.405                     0.04500000000000004      4.757528182019308
0.41500000000000004       0.04500000000000004      4.751353976941965
0.42500000000000004       0.04500000000000004      4.745871570383128
0.43500000000000005       0.04500000000000004      4.741081389406131
0.44499999999999995       0.04500000000000004      4.736981723781042
0.45499999999999996       0.04500000000000004      4.73357059365482
0.46499999999999997       0.04500000000000004      4.7308453990475545
0.475                     0.04500000000000004      4.728804003537088
0.485                     0.04500000000000004      4.727444274467658
0.495                     0.04500000000000004      4.726764772921354
-0.495                    0.05500000000000005      4.664669804544075
-0.485                    0.05500000000000005      4.665498849002707
-0.475                    0.05500000000000005      4.667157956612715
-0.46499999999999997      0.05500000000000005      4.669649159457203
-0.45499999999999996      0.05500000000000005      4.672975506535969
-0.44499999999999995      0.05500000000000005      4.677140121776227
-0.43500000000000005      0.05500000000000005      4.682146942219145
-0.42500000000000004      0.05500000000000005      4.687999461602709
-0.41500000000000004      0.05500000000000005      4.694700241324056
-0.405                    0.05500000000000005      4.7022514164448745
-0.395                    0.05500000000000005      4.710650305636136
-0.385                    0.05500000000000005      4.719896380293734
-0.375                    0.05500000000000005      4.72998106207334
-0.365                    0.05500000000000005      4.740892583032237
-0.355                    0.05500000000000005      4.752613203779538
-0.345                    0.05500000000000005      4.765119616843896
-0.33499999999999996      0.05500000000000005      4.778377520247358
-0.32499999999999996      0.05500000000000005      4.792350168366642
-0.31499999999999995      0.05500000000000005      4.806986261940162
-0.30499999999999994      0.05500000000000005      4.822224952369586
-0.29500000000000004      0.05500000000000005      4.838001653860056
-0.28500000000000003      0.05500000000000005      4.8542363222405145
-0.275                    0.05500000000000005      4.870842941995652
-0.265                    0.05500000000000005      4.887728321223071
-0.255                    0.05500000000000005      4.904792618295726
-0.245                    0.05500000000000005      4.913791628142718
-0.235                    0.05500000000000005      4.914669640433174
-0.22499999999999998      0.05500000000000005      4.9155631483449715
-0.21500000000000005      0.05500000000000005      4.9164658979411255
-0.20500000000000004      0.05500000000000005      4.917371187590744
-0.19500000000000003      0.05500000000000005      4.918273145711155
-0.18500000000000003      0.05500000000000005      4.91916496446065
-0.17500000000000002      0.05500000000000005      4.920040549014518
-0.165                    0.05500000000000005      4.920894203794439
-0.15500000000000003      0.05500000000000005      4.921720070345684
-0.14500000000000002      0.05500000000000005      4.922513565492305
-0.135                    0.05500000000000005      4.9232699388979215
-0.125                    0.05500000000000005      4.923985069844711
-0.11499999999999999      0.05500000000000005      4.924655714240272
-0.10499999999999998      0.05500000000000005      4.925278606904154
-0.09499999999999997      0.05500000000000005      4.925851330055469
-0.08499999999999999      0.05500000000000005      4.926371683179974
-0.07499999999999998      0.05500000000000005      4.9268378156991215
-0.06499999999999997      0.05500000000000005      4.927248410932892
-0.054999999999999966     0.05500000000000005      4.927602182493131
-0.04499999999999996      0.05500000000000005      4.927898216282085
-0.03499999999999995      0.05500000000000005      4.928135780046119
-0.025000000000000022     0.05500000000000005      4.928314396297278
-0.015000000000000013     0.05500000000000005      4.928433685021767
-0.0050000000000000044    0.05500000000000005      4.928493398418763
0.0050000000000000044     0.05500000000000005      4.928493418789775
0.015000000000000013      0.05500000000000005      4.928433746529474
0.025000000000000022      0.05500000000000005      4.928314498530143
0.03500000000000003       0.05500000000000005      4.9281359058117715
0.04500000000000004       0.05500000000000005      4.927898329459309
0.05500000000000005       0.05500000000000005      4.927602351980931
0.06499999999999995       0.05500000000000005      4.927248633188638
0.07499999999999996       0.05500000000000005      4.926838110017179
0.08499999999999996       0.05500000000000005      4.926372028084211
0.09499999999999997       0.05500000000000005      4.925851699843115
0.10499999999999998       0.05500000000000005      4.925279019684022
0.11499999999999999       0.05500000000000005      4.924656156260608
0.125                     0.05500000000000005      4.923985539744921
0.135                     0.05500000000000005      4.923270432422309
0.14500000000000002       0.05500000000000005      4.9225140811667245
0.15500000000000003       0.05500000000000005      4.9217206022721465
0.16500000000000004       0.05500000000000005      4.9208947483562255
0.17500000000000004       0.05500000000000005      4.920041101227948
0.18500000000000005       0.05500000000000005      4.9191655185444745
0.19499999999999995       0.05500000000000005      4.918273696302047
0.20499999999999996       0.05500000000000005      4.917371728617162
0.21499999999999997       0.05500000000000005      4.916466423280751
0.22499999999999998       0.05500000000000005      4.915563651847826
0.235                     0.05500000000000005      4.9146701160657145
0.245                     0.05500000000000005      4.913792070606542
0.255                     0.05500000000000005      4.904792542214304
0.265                     0.05500000000000005      4.887727593072983
0.275                     0.05500000000000005      4.870841549661336
0.28500000000000003       0.05500000000000005      4.854234074681936
0.29500000000000004       0.05500000000000005      4.837999305362512
0.30500000000000005       0.05500000000000005      4.822221254430993
0.31499999999999995       0.05500000000000005      4.806981931840268
0.32499999999999996       0.05500000000000005      4.792345235603174
0.33499999999999996       0.05500000000000005      4.7783720322468985
0.345                     0.05500000000000005      4.765113622033281
0.355                     0.05500000000000005      4.7526067512977805
0.365                     0.05500000000000005      4.740885708511831
0.375                     0.05500000000000005      4.729974295885479
0.385                     0.05500000000000005      4.719889246478174
0.395                     0.05500000000000005      4.710643582004963
0.405                     0.05500000000000005      4.702242162258293
0.41500000000000004       0.05500000000000005      4.694691769763077
0.42500000000000004       0.05500000000000005      4.687990831866502
0.43500000000000005       0.05500000000000005      4.682138317857349
0.44499999999999995       0.05500000000000005      4.677131380298777
0.45499999999999996       0.05500000000000005      4.672966659939836
0.46499999999999997       0.05500000000000005      4.669640229948644
0.475                     0.05500000000000005      4.667148970823938
0.485                     0.05500000000000005      4.665489825400572
0.495                     0.05500000000000005      4.664660762275307
-0.495                    0.06499999999999995      4.601737389436448
-0.485                    0.06499999999999995      4.6027149217257
-0.475                    0.06499999999999995      4.604671374916002
-0.46499999999999997      0.06499999999999995      4.607609533390571
-0.45499999999999996      0.06499999999999995      4.611533632147439
-0.44499999999999995      0.06499999999999995      4.616448085316233
-0.43500000000000005      0.06499999999999995      4.622358597776398
-0.42500000000000004      0.06499999999999995      4.629270560849157
-0.41500000000000004      0.06499999999999995      4.637188345268312
-0.405                    0.06499999999999995      4.646116150129267
-0.395                    0.06499999999999995      4.656052961834991
-0.385                    0.06499999999999995      4.6669997692094825
-0.375                    0.06499999999999995      4.678948789091898
-0.365                    0.06499999999999995      4.691888358706539
-0.355                    0.06499999999999995      4.705799723904274
-0.345                    0.06499999999999995      4.720657351926203
-0.33499999999999996      0.06499999999999995      4.736422590647628
-0.32499999999999996      0.06499999999999995      4.753053244378291
-0.31499999999999995      0.06499999999999995      4.770489537081907
-0.30499999999999994      0.06499999999999995      4.788659535813098
-0.29500000000000004      0.06499999999999995      4.807486170927327
-0.28500000000000003      0.06499999999999995      4.826872984966127
-0.275                    0.06499999999999995      4.846715903942176
-0.265                    0.06499999999999995      4.866900674987423
-0.255                    0.06499999999999995      4.887305515704445
-0.245                    0.06499999999999995      4.898067665492748
-0.235                    0.06499999999999995      4.899118559328787
-0.22499999999999998      0.06499999999999995      4.900188639656709
-0.21500000000000005      0.06499999999999995      4.90127018122073
-0.20500000000000004      0.06499999999999995      4.902354910181363
-0.19500000000000003      0.06499999999999995      4.903435591128023
-0.18500000000000003      0.06499999999999995      4.904503861845277
-0.17500000000000002      0.06499999999999995      4.905552272296967
-0.165                    0.06499999999999995      4.90657389558351
-0.15500000000000003      0.06499999999999995      4.907561654574927
-0.14500000000000002      0.06499999999999995      4.908510049697527
-0.135                    0.06499999999999995      4.909413423650428
-0.125                    0.06499999999999995      4.910266912111712
-0.11499999999999999      0.06499999999999995      4.9110667069451175
-0.10499999999999998      0.06499999999999995      4.911809024197624
-0.09499999999999997      0.06499999999999995      4.912491090817815
-0.08499999999999999      0.06499999999999995      4.91311038689064
-0.07499999999999998      0.06499999999999995      4.91366483296778
-0.06499999999999997      0.06499999999999995      4.914152963167778
-0.054999999999999966     0.06499999999999995      4.91457322332073
-0.04499999999999996      0.06499999999999995      4.914924843457564
-0.03499999999999995      0.06499999999999995      4.915206966997515
-0.025000000000000022     0.06499999999999995      4.9154190198344345
-0.015000000000000013     0.06499999999999995      4.91556060457714
-0.0050000000000000044    0.06499999999999995      4.915631470004184
0.0050000000000000044     0.06499999999999995      4.915631492990289
0.015000000000000013      0.06499999999999995      4.915560672359325
0.025000000000000022      0.06499999999999995      4.915419130825525
0.03500000000000003       0.06499999999999995      4.915207121893457
0.04500000000000004       0.06499999999999995      4.9149250329815235
0.05500000000000005       0.06499999999999995      4.914573459605875
0.06499999999999995       0.06499999999999995      4.914153221517962
0.07499999999999996       0.06499999999999995      4.913665147486562
0.08499999999999996       0.06499999999999995      4.913110762025512
0.09499999999999997       0.06499999999999995      4.91249148546416
0.10499999999999998       0.06499999999999995      4.911809489464268
0.11499999999999999       0.06499999999999995      4.911067200733891
0.125                     0.06499999999999995      4.910267434658683
0.135                     0.06499999999999995      4.9094139756132575
0.14500000000000002       0.06499999999999995      4.908510628205221
0.15500000000000003       0.06499999999999995      4.907562252593865
0.16500000000000004       0.06499999999999995      4.90657450991581
0.17500000000000004       0.06499999999999995      4.905552897159645
0.18500000000000005       0.06499999999999995      4.90450449076075
0.19499999999999995       0.06499999999999995      4.903436218231039
0.20499999999999996       0.06499999999999995      4.902355528488096
0.21499999999999997       0.06499999999999995      4.901270783706222
0.22499999999999998       0.06499999999999995      4.900189219213651
0.235                     0.06499999999999995      4.899119108932881
0.245                     0.06499999999999995      4.898068178892488
0.255                     0.06499999999999995      4.887305462491129
0.265                     0.06499999999999995      4.866899817541288
0.275                     0.06499999999999995      4.846714133813174
0.28500000000000003       0.06499999999999995      4.8268705084012185
0.29500000000000004       0.06499999999999995      4.80748362736902
0.30500000000000005       0.06499999999999995      4.788655533372149
0.31499999999999995       0.06499999999999995      4.7704848512402895
0.32499999999999996       0.06499999999999995      4.753047915729781
0.33499999999999996       0.06499999999999995      4.7364166743132206
0.345                     0.06499999999999995      4.720650903627479
0.355                     0.06499999999999995      4.705792799508426
0.365                     0.06499999999999995      4.69188099939731
0.375                     0.06499999999999995      4.678941544477719
0.385                     0.06499999999999995      4.666992152473011
0.395                     0.06499999999999995      4.6560457644253885
0.405                     0.06499999999999995      4.646106429440333
0.41500000000000004       0.06499999999999995      4.637179355523248
0.42500000000000004       0.06499999999999995      4.629261393479835
0.43500000000000005       0.06499999999999995      4.622349487451586
0.44499999999999995       0.06499999999999995      4.616438865554107
0.45499999999999996       0.06499999999999995      4.611524313595419
0.46499999999999997       0.06499999999999995      4.607600134193211
0.475                     0.06499999999999995      4.6046619232293775
0.485                     0.06499999999999995      4.602705434226462
0.495                     0.06499999999999995      4.6017278843988
-0.495                    0.07499999999999996      4.537827708465784
-0.485                    0.07499999999999996      4.538952266690412
-0.475                    0.07499999999999996      4.541203229891462
-0.46499999999999997      0.07499999999999996      4.544584317796545
-0.45499999999999996      0.07499999999999996      4.5491012579520085
-0.44499999999999995      0.07499999999999996      4.554760102192931
-0.43500000000000005      0.07499999999999996      4.561568839246142
-0.42500000000000004      0.07499999999999996      4.569535371934149
-0.41500000000000004      0.07499999999999996      4.578666623674485
-0.405                    0.07499999999999996      4.5889697525566895
-0.395                    0.07499999999999996      4.600446277525988
-0.385                    0.07499999999999996      4.613099922590999
-0.375                    0.07499999999999996      4.626924828612975
-0.365                    0.07499999999999996      4.641910770559357
-0.355                    0.07499999999999996      4.658039237489899
-0.345                    0.07499999999999996      4.675283724782851
-0.33499999999999996      0.07499999999999996      4.693602449424852
-0.32499999999999996      0.07499999999999996      4.712948622421577
-0.31499999999999995      0.07499999999999996      4.733254677785443
-0.30499999999999994      0.07499999999999996      4.754437789384653
-0.29500000000000004      0.07499999999999996      4.776408103690151
-0.28500000000000003      0.07499999999999996      4.799051918297714
-0.275                    0.07499999999999996      4.822245278790965
-0.265                    0.07499999999999996      4.845851803431426
-0.255                    0.07499999999999996      4.869724347844446
-0.245                    0.07499999999999996      4.882317505843856
-0.235                    0.07499999999999996      4.883548410187228
-0.22499999999999998      0.07499999999999996      4.884802680533584
-0.21500000000000005      0.07499999999999996      4.886070917715035
-0.20500000000000004      0.07499999999999996      4.887343062385345
-0.19500000000000003      0.07499999999999996      4.888610339379456
-0.18500000000000003      0.07499999999999996      4.889862648548834
-0.17500000000000002      0.07499999999999996      4.891091046799721
-0.165                    0.07499999999999996      4.892287271307989
-0.15500000000000003      0.07499999999999996      4.893442951329582
-0.14500000000000002      0.07499999999999996      4.894551635659886
-0.135                    0.07499999999999996      4.895606751491643
-0.125                    0.07499999999999996      4.896602704072873
-0.11499999999999999      0.07499999999999996      4.897535161707931
-0.10499999999999998      0.07499999999999996      4.898399856782721
-0.09499999999999997      0.07499999999999996      4.899193784116728
-0.08499999999999999      0.07499999999999996      4.899913914556822
-0.07499999999999998      0.07499999999999996      4.900558192214032
-0.06499999999999997      0.07499999999999996      4.901125005199958
-0.054999999999999966     0.07499999999999996      4.9016129555321815
-0.04499999999999996      0.07499999999999996      4.902020921511022
-0.03499999999999995      0.07499999999999996      4.902348120926694
-0.025000000000000022     0.07499999999999996      4.902593986404972
-0.015000000000000013     0.07499999999999996      4.9027581153521975
-0.0050000000000000044    0.07499999999999996      4.902840253254241
0.0050000000000000044     0.07499999999999996      4.90284027913364
0.015000000000000013      0.07499999999999996      4.9027581937001905
0.025000000000000022      0.07499999999999996      4.902594119089832
0.03500000000000003       0.07499999999999996      4.902348304518346
0.04500000000000004       0.07499999999999996      4.902021153759359
0.05500000000000005       0.07499999999999996      4.901613249106765
0.06499999999999995       0.07499999999999996      4.901125440367107
0.07499999999999996       0.07499999999999996      4.9005586807625985
0.08499999999999996       0.07499999999999996      4.899914314864168
0.09499999999999997       0.07499999999999996      4.899194165749441
0.10499999999999998       0.07499999999999996      4.8984003666153
0.11499999999999999       0.07499999999999996      4.897535704577472
0.125                     0.07499999999999996      4.896603282303535
0.135                     0.07499999999999996      4.895607365621899
0.14500000000000002       0.07499999999999996      4.894552281540695
0.15500000000000003       0.07499999999999996      4.893443620375728
0.16500000000000004       0.07499999999999996      4.89228796102233
0.17500000000000004       0.07499999999999996      4.8910917502168365
0.18500000000000005       0.07499999999999996      4.889863358736345
0.19499999999999995       0.07499999999999996      4.888611049826471
0.20499999999999996       0.07499999999999996      4.887343765033655
0.21499999999999997       0.07499999999999996      4.886071604483543
0.22499999999999998       0.07499999999999996      4.884803343186652
0.235                     0.07499999999999996      4.883549040567632
0.245                     0.07499999999999996      4.882318096362442
0.255                     0.07499999999999996      4.869724350133804
0.265                     0.07499999999999996      4.845850984725734
0.275                     0.07499999999999996      4.822243613227921
0.28500000000000003       0.07499999999999996      4.799049213638097
0.29500000000000004       0.07499999999999996      4.77640534986275
0.30500000000000005       0.07499999999999996      4.754433433314514
0.31499999999999995       0.07499999999999996      4.733249583590385
0.32499999999999996       0.07499999999999996      4.712942842537748
0.33499999999999996       0.07499999999999996      4.693596048769574
0.345                     0.07499999999999996      4.675276767874403
0.355                     0.07499999999999996      4.658031787822679
0.365                     0.07499999999999996      4.6419028760617564
0.375                     0.07499999999999996      4.626917060797583
0.385                     0.07499999999999996      4.613091779498439
0.395                     0.07499999999999996      4.600438564180021
0.405                     0.07499999999999996      4.588959447013904
0.41500000000000004       0.07499999999999996      4.578657132491005
0.42500000000000004       0.07499999999999996      4.569525684370136
0.43500000000000005       0.07499999999999996      4.561559241908425
0.44499999999999995       0.07499999999999996      4.554750380384447
0.45499999999999996       0.07499999999999996      4.5490914436332455
0.46499999999999997       0.07499999999999996      4.544574429368034
0.475                     0.07499999999999996      4.5411932936833495
0.485                     0.07499999999999996      4.538942297407694
0.495                     0.07499999999999996      4.53781772319641
-0.495                    0.08499999999999996      4.472793822977824
-0.485                    0.08499999999999996      4.47406346630711
-0.475                    0.08499999999999996      4.4766051553380874
-0.46499999999999997      0.08499999999999996      4.480423748868318
-0.45499999999999996      0.08499999999999996      4.485526806566842
-0.44499999999999995      0.08499999999999996      4.4919224139718015
-0.43500000000000005      0.08499999999999996      4.499621461891316
-0.42500000000000004      0.08499999999999996      4.508634948313659
-0.41500000000000004      0.08499999999999996      4.518973263674039
-0.405                    0.08499999999999996      4.530647653617459
-0.395                    0.08499999999999996      4.543663130471842
-0.385                    0.08499999999999996      4.558027623254815
-0.375                    0.08499999999999996      4.573738562237214
-0.365                    0.08499999999999996      4.590788833376146
-0.355                    0.08499999999999996      4.609161767076436
-0.345                    0.08499999999999996      4.628831538736637
-0.33499999999999996      0.08499999999999996      4.649754875272613
-0.32499999999999996      0.08499999999999996      4.6718816038570825
-0.31499999999999995      0.08499999999999996      4.695137410521394
-0.30499999999999994      0.08499999999999996      4.719428997335244
-0.29500000000000004      0.08499999999999996      4.744653592940729
-0.28500000000000003      0.08499999999999996      4.770679112570501
-0.275                    0.08499999999999996      4.797360428897578
-0.265                    0.08499999999999996      4.824535337335603
-0.255                    0.08499999999999996      4.852029131753428
-0.245                    0.08499999999999996      4.866535459355882
-0.235                    0.08499999999999996      4.867955036140662
-0.22499999999999998      0.08499999999999996      4.869402768567694
-0.21500000000000005      0.08499999999999996      4.870867315182497
-0.20500000000000004      0.08499999999999996      4.872336551343396
-0.19500000000000003      0.08499999999999996      4.873799934158707
-0.18500000000000003      0.08499999999999996      4.8752453920467165
-0.17500000000000002      0.08499999999999996      4.876662318712312
-0.165                    0.08499999999999996      4.878040990645886
-0.15500000000000003      0.08499999999999996      4.879371661490813
-0.14500000000000002      0.08499999999999996      4.8806468929494
-0.135                    0.08499999999999996      4.881859202656166
-0.125                    0.08499999999999996      4.8830022937829956
-0.11499999999999999      0.08499999999999996      4.884071357429195
-0.10499999999999998      0.08499999999999996      4.885061741423194
-0.09499999999999997      0.08499999999999996      4.885970024024502
-0.08499999999999999      0.08499999999999996      4.8867933955787
-0.07499999999999998      0.08499999999999996      4.887529585774155
-0.06499999999999997      0.08499999999999996      4.888176619388422
-0.054999999999999966     0.08499999999999996      4.888733193239077
-0.04499999999999996      0.08499999999999996      4.889198293609879
-0.03499999999999995      0.08499999999999996      4.889571158809796
-0.025000000000000022     0.08499999999999996      4.889851239213058
-0.015000000000000013     0.08499999999999996      4.890038159837997
-0.0050000000000000044    0.08499999999999996      4.890131688874644
0.0050000000000000044     0.08499999999999996      4.890131716051782
0.015000000000000013      0.08499999999999996      4.890038241211242
0.025000000000000022      0.08499999999999996      4.889851374114419
0.03500000000000003       0.08499999999999996      4.889571345072525
0.04500000000000004       0.08499999999999996      4.889198524944586
0.05500000000000005       0.08499999999999996      4.8887334655982135
0.06499999999999995       0.08499999999999996      4.888176936410636
0.07499999999999996       0.08499999999999996      4.8875299712260345
0.08499999999999996       0.08499999999999996      4.8867939340065165
0.09499999999999997       0.08499999999999996      4.885970542739543
0.10499999999999998       0.08499999999999996      4.885062267323433
0.11499999999999999       0.08499999999999996      4.884071951534803
0.125                     0.08499999999999996      4.88300292635254
0.135                     0.08499999999999996      4.881859884069059
0.14500000000000002       0.08499999999999996      4.88064761248323
0.15500000000000003       0.08499999999999996      4.879372406664291
0.16500000000000004       0.08499999999999996      4.878041761915727
0.17500000000000004       0.08499999999999996      4.876663107059777
0.18500000000000005       0.08499999999999996      4.875246190802022
0.19499999999999995       0.08499999999999996      4.873800735743616
0.20499999999999996       0.08499999999999996      4.872337346460575
0.21499999999999997       0.08499999999999996      4.870868094509942
0.22499999999999998       0.08499999999999996      4.869403522502956
0.235                     0.08499999999999996      4.867955755181993
0.245                     0.08499999999999996      4.866536135020438
0.255                     0.08499999999999996      4.852029108659112
0.265                     0.08499999999999996      4.824534451475618
0.275                     0.08499999999999996      4.7973583069922405
0.28500000000000003       0.08499999999999996      4.770676148509105
0.29500000000000004       0.08499999999999996      4.744650553946416
0.30500000000000005       0.08499999999999996      4.719424221585563
0.31499999999999995       0.08499999999999996      4.695131844461845
0.32499999999999996       0.08499999999999996      4.67187530761907
0.33499999999999996       0.08499999999999996      4.64974792544807
0.345                     0.08499999999999996      4.628824010260624
0.355                     0.08499999999999996      4.609153732880751
0.365                     0.08499999999999996      4.590780343129493
0.375                     0.08499999999999996      4.573730222980087
0.385                     0.08499999999999996      4.558018912268285
0.395                     0.08499999999999996      4.543654883307938
0.405                     0.08499999999999996      4.5306367574925135
0.41500000000000004       0.08499999999999996      4.518963210607858
0.42500000000000004       0.08499999999999996      4.508624758434635
0.43500000000000005       0.08499999999999996      4.499611293890371
0.44499999999999995       0.08499999999999996      4.491912162696994
0.45499999999999996       0.08499999999999996      4.485516474118361
0.46499999999999997       0.08499999999999996      4.480413353003789
0.475                     0.08499999999999996      4.47659471730236
0.485                     0.08499999999999996      4.474052998862236
0.495                     0.08499999999999996      4.472783341572349
-0.495                    0.09499999999999997      4.406490753591416
-0.485                    0.09499999999999997      4.4079029610518266
-0.475                    0.09499999999999997      4.410730438308278
-0.46499999999999997      0.09499999999999997      4.414979400817591
-0.45499999999999996      0.09499999999999997      4.420659606379835
-0.44499999999999995      0.09499999999999997      4.427781600775036
-0.43500000000000005      0.09499999999999997      4.436359794488586
-0.42500000000000004      0.09499999999999997      4.446409174063786
-0.41500000000000004      0.09499999999999997      4.457944414670689
-0.405                    0.09499999999999997      4.470981950298567
-0.395                    0.09499999999999997      4.485531751002999
-0.385                    0.09499999999999997      4.501607483280402
-0.375                    0.09499999999999997      4.519211611476206
-0.365                    0.09499999999999997      4.538342124261902
-0.355                    0.09499999999999997      4.558986238177888
-0.345                    0.09499999999999997      4.581120922129042
-0.33499999999999996      0.09499999999999997      4.604703621398055
-0.32499999999999996      0.09499999999999997      4.629682471465507
-0.31499999999999995      0.09499999999999997      4.6559779683411495
-0.30499999999999994      0.09499999999999997      4.68348714115642
-0.29500000000000004      0.09499999999999997      4.712094245200335
-0.28500000000000003      0.09499999999999997      4.7416479816716866
-0.275                    0.09499999999999997      4.771979438127514
-0.265                    0.09499999999999997      4.802898034161604
-0.255                    0.09499999999999997      4.83419699822762
-0.245                    0.09499999999999997      4.8507149860218455
-0.235                    0.09499999999999997      4.852333672526935
-0.22499999999999998      0.09499999999999997      4.853986060886251
-0.21500000000000005      0.09499999999999997      4.855658511431408
-0.20500000000000004      0.09499999999999997      4.857336466761643
-0.19500000000000003      0.09499999999999997      4.8590073213999165
-0.18500000000000003      0.09499999999999997      4.860656737354411
-0.17500000000000002      0.09499999999999997      4.862272238189124
-0.165                    0.09499999999999997      4.863842495719792
-0.15500000000000003      0.09499999999999997      4.865356303483936
-0.14500000000000002      0.09499999999999997      4.866805209993049
-0.135                    0.09499999999999997      4.868180845633102
-0.125                    0.09499999999999997      4.869476258739326
-0.11499999999999999      0.09499999999999997      4.870686237556581
-0.10499999999999998      0.09499999999999997      4.871805852140748
-0.09499999999999997      0.09499999999999997      4.872831431107379
-0.08499999999999999      0.09499999999999997      4.873760150210364
-0.07499999999999998      0.09499999999999997      4.8745896491719325
-0.06499999999999997      0.09499999999999997      4.875318160335325
-0.054999999999999966     0.09499999999999997      4.875944412270552
-0.04499999999999996      0.09499999999999997      4.876467416092465
-0.03499999999999995      0.09499999999999997      4.876886487841917
-0.025000000000000022     0.09499999999999997      4.877201152052256
-0.015000000000000013     0.09499999999999997      4.877411094322873
-0.0050000000000000044    0.09499999999999997      4.877516124871974
0.0050000000000000044     0.09499999999999997      4.87751615465588
0.015000000000000013      0.09499999999999997      4.877411183639079
0.025000000000000022      0.09499999999999997      4.877201300996502
0.03500000000000003       0.09499999999999997      4.876886695752807
0.04500000000000004       0.09499999999999997      4.876467683875785
0.05500000000000005       0.09499999999999997      4.875944738934988
0.06499999999999995       0.09499999999999997      4.875318554273046
0.07499999999999996       0.09499999999999997      4.874590091113522
0.08499999999999996       0.09499999999999997      4.873760654587547
0.09499999999999997       0.09499999999999997      4.872831982925957
0.10499999999999998       0.09499999999999997      4.871806394989954
0.11499999999999999       0.09499999999999997      4.870686892439457
0.125                     0.09499999999999997      4.869476947735753
0.135                     0.09499999999999997      4.868181593382455
0.14500000000000002       0.09499999999999997      4.8668060066132455
0.15500000000000003       0.09499999999999997      4.865357129270453
0.16500000000000004       0.09499999999999997      4.863843354975853
0.17500000000000004       0.09499999999999997      4.862273118464148
0.18500000000000005       0.09499999999999997      4.860657633082067
0.19499999999999995       0.09499999999999997      4.859008223037759
0.20499999999999996       0.09499999999999997      4.857337363733879
0.21499999999999997       0.09499999999999997      4.855659392968635
0.22499999999999998       0.09499999999999997      4.853986915654083
0.235                     0.09499999999999997      4.852334489302105
0.245                     0.09499999999999997      4.850715754751089
0.255                     0.09499999999999997      4.834196953924293
0.265                     0.09499999999999997      4.802897161093055
0.275                     0.09499999999999997      4.7719772407796
0.28500000000000003       0.09499999999999997      4.741644688571123
0.29500000000000004       0.09499999999999997      4.712090962863449
0.30500000000000005       0.09499999999999997      4.683481870232491
0.31499999999999995       0.09499999999999997      4.655971854430201
0.32499999999999996       0.09499999999999997      4.629675582061733
0.33499999999999996       0.09499999999999997      4.604696047013789
0.345                     0.09499999999999997      4.58111274993571
0.355                     0.09499999999999997      4.558977551734553
0.365                     0.09499999999999997      4.538332975549028
0.375                     0.09499999999999997      4.519202644998936
0.385                     0.09499999999999997      4.501598169085056
0.395                     0.09499999999999997      4.48552290188528
0.405                     0.09499999999999997      4.470970387592954
0.41500000000000004       0.09499999999999997      4.457933712720806
0.42500000000000004       0.09499999999999997      4.446398369021812
0.43500000000000005       0.09499999999999997      4.436349068304505
0.44499999999999995       0.09499999999999997      4.427770800512044
0.45499999999999996       0.09499999999999997      4.420648736754513
0.46499999999999997       0.09499999999999997      4.414968481228948
0.475                     0.09499999999999997      4.41071948261875
0.485                     0.09499999999999997      4.407891981053471
0.495                     0.09499999999999997      4.406479762176366
-0.495                    0.10499999999999998      4.3387760615842526
-0.485                    0.10499999999999998      4.340327624033352
-0.475                    0.10499999999999998      4.343434578413389
-0.46499999999999997      0.10499999999999998      4.348104724148586
-0.45499999999999996      0.10499999999999998      4.3543503928871905
-0.44499999999999995      0.10499999999999998      4.362185043864659
-0.43500000000000005      0.10499999999999998      4.371627314597097
-0.42500000000000004      0.10499999999999998      4.382696963394505
-0.41500000000000004      0.10499999999999998      4.3954138978488615
-0.405                    0.10499999999999998      4.4098013151648345
-0.395                    0.10499999999999998      4.425875338190011
-0.385                    0.10499999999999998      4.443657374138704
-0.375                    0.10499999999999998      4.463156817125459
-0.365                    0.10499999999999998      4.48437944015626
-0.355                    0.10499999999999998      4.507318614300095
-0.345                    0.10499999999999998      4.531956933055676
-0.33499999999999996      0.10499999999999998      4.558255481399429
-0.32499999999999996      0.10499999999999998      4.586163057050093
-0.31499999999999995      0.10499999999999998      4.615597266745155
-0.30499999999999994      0.10499999999999998      4.6464468604331435
-0.29500000000000004      0.10499999999999998      4.678583456516792
-0.28500000000000003      0.10499999999999998      4.71183561693736
-0.275                    0.10499999999999998      4.746008248181873
-0.265                    0.10499999999999998      4.780878598256795
-0.255                    0.10499999999999998      4.816201221036535
-0.245                    0.10499999999999998      4.834848471707759
-0.235                    0.10499999999999998      4.836678801039805
-0.22499999999999998      0.10499999999999998      4.8385493161426405
-0.21500000000000005      0.10499999999999998      4.840443601729753
-0.20500000000000004      0.10499999999999998      4.842344182517614
-0.19500000000000003      0.10499999999999998      4.844236008391609
-0.18500000000000003      0.10499999999999998      4.846102104522238
-0.17500000000000002      0.10499999999999998      4.847927875738237
-0.165                    0.10499999999999998      4.849700229400293
-0.15500000000000003      0.10499999999999998      4.851406419593431
-0.14500000000000002      0.10499999999999998      4.8530369843292425
-0.135                    0.10499999999999998      4.854582701797023
-0.125                    0.10499999999999998      4.85603606952605
-0.11499999999999999      0.10499999999999998      4.857391499462729
-0.10499999999999998      0.10499999999999998      4.858643972427062
-0.09499999999999997      0.10499999999999998      4.859789893711024
-0.08499999999999999      0.10499999999999998      4.860826234261992
-0.07499999999999998      0.10499999999999998      4.861750870963895
-0.06499999999999997      0.10499999999999998      4.862562205557945
-0.054999999999999966     0.10499999999999998      4.863259066223138
-0.04499999999999996      0.10499999999999998      4.863840642837368
-0.03499999999999995      0.10499999999999998      4.864306386879125
-0.025000000000000022     0.10499999999999998      4.86465594288212
-0.015000000000000013     0.10499999999999998      4.8648890917183145
-0.0050000000000000044    0.10499999999999998      4.865005709576709
0.0050000000000000044     0.10499999999999998      4.865005741177074
0.015000000000000013      0.10499999999999998      4.864889186452282
0.025000000000000022      0.10499999999999998      4.864656100575002
0.03500000000000003       0.10499999999999998      4.8643066073095955
0.04500000000000004       0.10499999999999998      4.863840925881173
0.05500000000000005       0.10499999999999998      4.863259412279509
0.06499999999999995       0.10499999999999998      4.8625626092433745
0.07499999999999996       0.10499999999999998      4.861751324543823
0.08499999999999996       0.10499999999999998      4.860826723506692
0.09499999999999997       0.10499999999999998      4.8597904349058965
0.10499999999999998       0.10499999999999998      4.858644643248842
0.11499999999999999       0.10499999999999998      4.857392246615642
0.125                     0.10499999999999998      4.856036789830109
0.135                     0.10499999999999998      4.8545835063874145
0.14500000000000002       0.10499999999999998      4.85303785392924
0.15500000000000003       0.10499999999999998      4.8514073309878105
0.16500000000000004       0.10499999999999998      4.849701183486808
0.17500000000000004       0.10499999999999998      4.84792885559916
0.18500000000000005       0.10499999999999998      4.846103106782067
0.19499999999999995       0.10499999999999998      4.844237020292614
0.20499999999999996       0.10499999999999998      4.842345192233387
0.21499999999999997       0.10499999999999998      4.840444596834995
0.22499999999999998       0.10499999999999998      4.838550283010178
0.235                     0.10499999999999998      4.836679726400053
0.245                     0.10499999999999998      4.834849342883031
0.255                     0.10499999999999998      4.816201205917594
0.265                     0.10499999999999998      4.780877348892195
0.275                     0.10499999999999998      4.746005705654699
0.28500000000000003       0.10499999999999998      4.711831951490419
0.29500000000000004       0.10499999999999998      4.6785798993970955
0.30500000000000005       0.10499999999999998      4.646441016840422
0.31499999999999995       0.10499999999999998      4.615590514802968
0.32499999999999996       0.10499999999999998      4.5861554835772465
0.33499999999999996       0.10499999999999998      4.558247194673015
0.345                     0.10499999999999998      4.531948033670705
0.355                     0.10499999999999998      4.50730919827344
0.365                     0.10499999999999998      4.484369545280508
0.375                     0.10499999999999998      4.463147235798592
0.385                     0.10499999999999998      4.443647421928636
0.395                     0.10499999999999998      4.425865853559635
0.405                     0.10499999999999998      4.409789119056985
0.41500000000000004       0.10499999999999998      4.395402627597234
0.42500000000000004       0.10499999999999998      4.382685544555202
0.43500000000000005       0.10499999999999998      4.371615988901344
0.44499999999999995       0.10499999999999998      4.36217367556347
0.45499999999999996       0.10499999999999998      4.354338969899914
0.46499999999999997       0.10499999999999998      4.348093264830018
0.475                     0.10499999999999998      4.343423091991435
0.485                     0.10499999999999998      4.340316119591542
0.495                     0.10499999999999998      4.338764548836455
-0.495                    0.11499999999999999      4.26951053763229
-0.485                    0.11499999999999999      4.271197446606844
-0.475                    0.11499999999999999      4.274575967120202
-0.46499999999999997      0.11499999999999999      4.279655706262228
-0.45499999999999996      0.11499999999999999      4.286451949453501
-0.44499999999999995      0.11499999999999999      4.29498152362012
-0.43500000000000005      0.11499999999999999      4.305267969383602
-0.42500000000000004      0.11499999999999999      4.317336737736446
-0.41500000000000004      0.11499999999999999      4.3312141045114725
-0.405                    0.11499999999999999      4.346931175616955
-0.395                    0.11499999999999999      4.364512091379449
-0.385                    0.11499999999999999      4.383988041880103
-0.375                    0.11499999999999999      4.405377693425321
-0.365                    0.11499999999999999      4.428697422547046
-0.355                    0.11499999999999999      4.453949985242061
-0.345                    0.11499999999999999      4.481126956880898
-0.33499999999999996      0.11499999999999999      4.510196953816026
-0.32499999999999996      0.11499999999999999      4.541112685678124
-0.31499999999999995      0.11499999999999999      4.573792233863328
-0.30499999999999994      0.11499999999999999      4.608118410510856
-0.29500000000000004      0.11499999999999999      4.64395121754831
-0.28500000000000003      0.11499999999999999      4.681098343470818
-0.275                    0.11499999999999999      4.719335622300288
-0.265                    0.11499999999999999      4.758403332953743
-0.255                    0.11499999999999999      4.798010360800409
-0.245                    0.11499999999999999      4.818926935036382
-0.235                    0.11499999999999999      4.820983971146181
-0.22499999999999998      0.11499999999999999      4.82308883630183
-0.21500000000000005      0.11499999999999999      4.825221695758934
-0.20500000000000004      0.11499999999999999      4.827361510225222
-0.19500000000000003      0.11499999999999999      4.829490288059102
-0.18500000000000003      0.11499999999999999      4.83158795509152
-0.17500000000000002      0.11499999999999999      4.833637503467817
-0.165                    0.11499999999999999      4.835623911484783
-0.15500000000000003      0.11499999999999999      4.837532832673417
-0.14500000000000002      0.11499999999999999      4.839353825239619
-0.135                    0.11499999999999999      4.841076867963695
-0.125                    0.11499999999999999      4.842694126349954
-0.11499999999999999      0.11499999999999999      4.844199894974517
-0.10499999999999998      0.11499999999999999      4.8455890904385095
-0.09499999999999997      0.11499999999999999      4.846858082790354
-0.08499999999999999      0.11499999999999999      4.848004290978986
-0.07499999999999998      0.11499999999999999      4.849025710574828
-0.06499999999999997      0.11499999999999999      4.849921009876596
-0.054999999999999966     0.11499999999999999      4.850689286588609
-0.04499999999999996      0.11499999999999999      4.851329971870828
-0.03499999999999995      0.11499999999999999      4.851842732793058
-0.025000000000000022     0.11499999999999999      4.852227391344719
-0.015000000000000013     0.11499999999999999      4.852483865126937
-0.0050000000000000044    0.11499999999999999      4.852612123147706
0.0050000000000000044     0.11499999999999999      4.852612157001121
0.015000000000000013      0.11499999999999999      4.852483966769412
0.025000000000000022      0.11499999999999999      4.852227560935943
0.03500000000000003       0.11499999999999999      4.851842970654598
0.04500000000000004       0.11499999999999999      4.851330278440379
0.05500000000000005       0.11499999999999999      4.850689662477975
0.06499999999999995       0.11499999999999999      4.84992145574401
0.07499999999999996       0.11499999999999999      4.849026226133523
0.08499999999999996       0.11499999999999999      4.848004880155779
0.09499999999999997       0.11499999999999999      4.846858773634371
0.10499999999999998       0.11499999999999999      4.845589830123019
0.11499999999999999       0.11499999999999999      4.844200696807262
0.125                     0.11499999999999999      4.842694985661498
0.135                     0.11499999999999999      4.841077775877168
0.14500000000000002       0.11499999999999999      4.8393547659327565
0.15500000000000003       0.11499999999999999      4.837533838543958
0.16500000000000004       0.11499999999999999      4.835624967691259
0.17500000000000004       0.11499999999999999      4.833638591886877
0.18500000000000005       0.11499999999999999      4.831589074083056
0.19499999999999995       0.11499999999999999      4.829491421753959
0.20499999999999996       0.11499999999999999      4.827362645224646
0.21499999999999997       0.11499999999999999      4.825222817903625
0.22499999999999998       0.11499999999999999      4.823089928684636
0.235                     0.11499999999999999      4.820985018191789
0.245                     0.11499999999999999      4.818927920418538
0.255                     0.11499999999999999      4.798010282518833
0.265                     0.11499999999999999      4.758401708102663
0.275                     0.11499999999999999      4.7193329933881065
0.28500000000000003       0.11499999999999999      4.681094369821983
0.29500000000000004       0.11499999999999999      4.643947267693187
0.30500000000000005       0.11499999999999999      4.608111887104746
0.31499999999999995       0.11499999999999999      4.573784733135125
0.32499999999999996       0.11499999999999999      4.54110431949027
0.33499999999999996       0.11499999999999999      4.51018785265533
0.345                     0.11499999999999999      4.481117234576206
0.355                     0.11499999999999999      4.453939752135598
0.365                     0.11499999999999999      4.4286867164641075
0.375                     0.11499999999999999      4.405367401491084
0.385                     0.11499999999999999      4.383977401525427
0.395                     0.11499999999999999      4.3645019033151975
0.405                     0.11499999999999999      4.346918233516747
0.41500000000000004       0.11499999999999999      4.3312021347844984
0.42500000000000004       0.11499999999999999      4.317324672535374
0.43500000000000005       0.11499999999999999      4.305256065695242
0.44499999999999995       0.11499999999999999      4.294969570843557
0.45499999999999996       0.11499999999999999      4.286439960071471
0.46499999999999997       0.11499999999999999      4.2796436950499395
0.475                     0.11499999999999999      4.274563940052125
0.485                     0.11499999999999999      4.271185408912807
0.495                     0.11499999999999999      4.269498495343928
-0.495                    0.125                    4.198559000840148
-0.485                    0.125                    4.200376338994149
-0.475                    0.125                    4.204016690112392
-0.46499999999999997      0.125                    4.20949167916553
-0.45499999999999996      0.125                    4.216819908144742
-0.44499999999999995      0.125                    4.226022010089352
-0.43500000000000005      0.125                    4.237127146094359
-0.42500000000000004      0.125                    4.250167218861778
-0.41500000000000004      0.125                    4.265175971620952
-0.405                    0.125                    4.2821941599462
-0.395                    0.125                    4.301255353511717
-0.385                    0.125                    4.322402973619834
-0.375                    0.125                    4.3456676253697655
-0.365                    0.125                    4.371079460607364
-0.355                    0.125                    4.398654692110062
-0.345                    0.125                    4.428397950802507
-0.33499999999999996      0.125                    4.460290494666687
-0.32499999999999996      0.125                    4.494293394071966
-0.31499999999999995      0.125                    4.530330074659135
-0.30499999999999994      0.125                    4.568281180355042
-0.29500000000000004      0.125                    4.6079971896275564
-0.28500000000000003      0.125                    4.649264491380814
-0.275                    0.125                    4.691828192376482
-0.265                    0.125                    4.7353832789902
-0.255                    0.125                    4.779585904930618
-0.245                    0.125                    4.802939658174646
-0.235                    0.125                    4.805241578369999
-0.22499999999999998      0.125                    4.807600413993396
-0.21500000000000005      0.125                    4.809992023022472
-0.20500000000000004      0.125                    4.812390931644913
-0.19500000000000003      0.125                    4.8147755579268425
-0.18500000000000003      0.125                    4.817122154830428
-0.17500000000000002      0.125                    4.8194109629631665
-0.165                    0.125                    4.821624885218507
-0.15500000000000003      0.125                    4.823747958561155
-0.14500000000000002      0.125                    4.825768798441288
-0.135                    0.125                    4.827676788361267
-0.125                    0.125                    4.82946400688802
-0.11499999999999999      0.125                    4.831124684625707
-0.10499999999999998      0.125                    4.832654069278355
-0.09499999999999997      0.125                    4.834048892225486
-0.08499999999999999      0.125                    4.835306812290783
-0.07499999999999998      0.125                    4.836426326098777
-0.06499999999999997      0.125                    4.837406469375367
-0.054999999999999966     0.125                    4.838246717393941
-0.04499999999999996      0.125                    4.838946839280769
-0.03499999999999995      0.125                    4.8395067912160945
-0.025000000000000022     0.125                    4.839926632459097
-0.015000000000000013     0.125                    4.8402064609537065
-0.0050000000000000044    0.125                    4.840346366962362
0.0050000000000000044     0.125                    4.840346403008469
0.015000000000000013      0.125                    4.840206569178408
0.025000000000000022      0.125                    4.839926813141796
0.03500000000000003       0.125                    4.839507044896869
0.04500000000000004       0.125                    4.838947166806708
0.05500000000000005       0.125                    4.838247119730563
0.06499999999999995       0.125                    4.83740694749138
0.07499999999999996       0.125                    4.8364268822361325
0.08499999999999996       0.125                    4.83530744663322
0.09499999999999997       0.125                    4.834049601650497
0.10499999999999998       0.125                    4.83265487162713
0.11499999999999999       0.125                    4.831125556549573
0.125                     0.125                    4.829464949466579
0.135                     0.125                    4.827677897282462
0.14500000000000002       0.125                    4.825769852574877
0.15500000000000003       0.125                    4.823749066261444
0.16500000000000004       0.125                    4.82162604959662
0.17500000000000004       0.125                    4.819412171665965
0.18500000000000005       0.125                    4.817123402629366
0.19499999999999995       0.125                    4.8147768260662165
0.20499999999999996       0.125                    4.812392206670036
0.21499999999999997       0.125                    4.809993288256611
0.22499999999999998       0.125                    4.8076016480138986
0.235                     0.125                    4.805242762763537
0.245                     0.125                    4.802940772235681
0.255                     0.125                    4.779585838710807
0.265                     0.125                    4.73538158057077
0.275                     0.125                    4.691824888681127
0.28500000000000003       0.125                    4.649260263386946
0.29500000000000004       0.125                    4.607992808705257
0.30500000000000005       0.125                    4.568273830258283
0.31499999999999995       0.125                    4.530321688554693
0.32499999999999996       0.125                    4.494284104975758
0.33499999999999996       0.125                    4.460280460478732
0.345                     0.125                    4.428387296636765
0.355                     0.125                    4.398643546673559
0.365                     0.125                    4.371067909856998
0.375                     0.125                    4.34565649334409
0.385                     0.125                    4.322391597013765
0.395                     0.125                    4.3012444102986285
0.405                     0.125                    4.282180511399423
0.41500000000000004       0.125                    4.265163397062606
0.42500000000000004       0.125                    4.250154534698943
0.43500000000000005       0.125                    4.237114581044529
0.44499999999999995       0.125                    4.226009454408127
0.45499999999999996       0.125                    4.216807341140002
0.46499999999999997       0.125                    4.209479107839544
0.475                     0.125                    4.204004116195056
0.485                     0.125                    4.200363762936191
0.495                     0.125                    4.198546424517469
-0.495                    0.135                    4.125791206301136
-0.485                    0.135                    4.127733045099067
-0.475                    0.135                    4.131623455835465
-0.46499999999999997      0.135                    4.137476265088656
-0.45499999999999996      0.135                    4.145313712739382
-0.44499999999999995      0.135                    4.155160632312625
-0.43500000000000005      0.135                    4.167052413452875
-0.42500000000000004      0.135                    4.181028320077087
-0.41500000000000004      0.135                    4.197130569775458
-0.405                    0.135                    4.215410875226377
-0.395                    0.135                    4.235914251956499
-0.385                    0.135                    4.258698713159912
-0.375                    0.135                    4.283809633480154
-0.365                    0.135                    4.311295015676936
-0.355                    0.135                    4.341188663982357
-0.345                    0.135                    4.37351365108818
-0.33499999999999996      0.135                    4.408270404649587
-0.32499999999999996      0.135                    4.4454343501061855
-0.31499999999999995      0.135                    4.4849412338767864
-0.30499999999999994      0.135                    4.52667547244208
-0.29500000000000004      0.135                    4.570481835233042
-0.28500000000000003      0.135                    4.616127628140514
-0.275                    0.135                    4.663322230606628
-0.265                    0.135                    4.711709696458442
-0.255                    0.135                    4.760880763829707
-0.245                    0.135                    4.7868736755695185
-0.235                    0.135                    4.789442584384534
-0.22499999999999998      0.135                    4.792079297574217
-0.21500000000000005      0.135                    4.794754118953201
-0.20500000000000004      0.135                    4.7974359529453725
-0.19500000000000003      0.135                    4.800098776749236
-0.18500000000000003      0.135                    4.802714467391712
-0.17500000000000002      0.135                    4.805260162625003
-0.165                    0.135                    4.8077165448667385
-0.15500000000000003      0.135                    4.8100661703966905
-0.14500000000000002      0.135                    4.812296769998105
-0.135                    0.135                    4.814397994143466
-0.125                    0.135                    4.816361406939551
-0.11499999999999999      0.135                    4.81818155514542
-0.10499999999999998      0.135                    4.8198544268966765
-0.09499999999999997      0.135                    4.821377296730839
-0.08499999999999999      0.135                    4.822748454450005
-0.07499999999999998      0.135                    4.8239669614761125
-0.06499999999999997      0.135                    4.825032429540101
-0.054999999999999966     0.135                    4.825944843101507
-0.04499999999999996      0.135                    4.826704415075398
-0.03499999999999995      0.135                    4.827311475634674
-0.025000000000000022     0.135                    4.827766384867786
-0.015000000000000013     0.135                    4.828069466912078
-0.0050000000000000044    0.135                    4.828220962978631
0.0050000000000000044     0.135                    4.828221001104311
0.015000000000000013      0.135                    4.828069581370805
0.025000000000000022      0.135                    4.827766575905793
0.03500000000000003       0.135                    4.827311743629164
0.04500000000000004       0.135                    4.826704760437452
0.05500000000000005       0.135                    4.825945265988377
0.06499999999999995       0.135                    4.825032929856826
0.07499999999999996       0.135                    4.823967538930388
0.08499999999999996       0.135                    4.822749109958435
0.09499999999999997       0.135                    4.8213780283904155
0.10499999999999998       0.135                    4.8198552344857655
0.11499999999999999       0.135                    4.818182412995395
0.125                     0.135                    4.8163622628721185
0.135                     0.135                    4.814398995433225
0.14500000000000002       0.135                    4.812297975512065
0.15500000000000003       0.135                    4.810067379387118
0.16500000000000004       0.135                    4.80771784059038
0.17500000000000004       0.135                    4.8052614940314875
0.18500000000000005       0.135                    4.8027158572598845
0.19499999999999995       0.135                    4.800100193176015
0.20499999999999996       0.135                    4.7974373858248605
0.21499999999999997       0.135                    4.794755546793463
0.22499999999999998       0.135                    4.792080692953915
0.235                     0.135                    4.789443925430309
0.245                     0.135                    4.786874936714394
0.255                     0.135                    4.760880650409712
0.265                     0.135                    4.711708562526357
0.275                     0.135                    4.663318784769273
0.28500000000000003       0.135                    4.616122562729624
0.29500000000000004       0.135                    4.5704768999992815
0.30500000000000005       0.135                    4.526667135523658
0.31499999999999995       0.135                    4.484931796451163
0.32499999999999996       0.135                    4.445423982975641
0.33499999999999996       0.135                    4.408259299199337
0.345                     0.135                    4.373501943581209
0.355                     0.135                    4.341176486587851
0.365                     0.135                    4.311282491415709
0.375                     0.135                    4.283797648159405
0.385                     0.135                    4.258686555445325
0.395                     0.135                    4.235902494869097
0.405                     0.135                    4.215396465000246
0.41500000000000004       0.135                    4.197117242089305
0.42500000000000004       0.135                    4.181014970238744
0.43500000000000005       0.135                    4.167039208914783
0.44499999999999995       0.135                    4.155147464726315
0.45499999999999996       0.135                    4.14530056158465
0.46499999999999997       0.135                    4.137463129798976
0.475                     0.135                    4.131610332969374
0.485                     0.135                    4.127719929899576
0.495                     0.135                    4.125778095777994
-0.495                    0.14500000000000002      4.051082853768023
-0.485                    0.14500000000000002      4.053142164994869
-0.475                    0.14500000000000002      4.057268644958078
-0.46499999999999997      0.14500000000000002      4.063478464025668
-0.45499999999999996      0.14500000000000002      4.071797755485407
-0.44499999999999995      0.14500000000000002      4.082255874360946
-0.43500000000000005      0.14500000000000002      4.094894966159015
-0.42500000000000004      0.14500000000000002      4.1097623902233815
-0.41500000000000004      0.14500000000000002      4.126909708073507
-0.405                    0.14500000000000002      4.146401201786061
-0.395                    0.14500000000000002      4.168294790563922
-0.385                    0.14500000000000002      4.192665729745784
-0.375                    0.14500000000000002      4.219577120106372
-0.365                    0.14500000000000002      4.249099159666812
-0.355                    0.14500000000000002      4.281288106398152
-0.345                    0.14500000000000002      4.316191973665302
-0.33499999999999996      0.14500000000000002      4.353838501014537
-0.32499999999999996      0.14500000000000002      4.394225476773548
-0.31499999999999995      0.14500000000000002      4.437310827467209
-0.30499999999999994      0.14500000000000002      4.482991962792449
-0.29500000000000004      0.14500000000000002      4.531114727891923
-0.28500000000000003      0.14500000000000002      4.581431723924589
-0.275                    0.14500000000000002      4.633614258511757
-0.265                    0.14500000000000002      4.687246746627692
-0.255                    0.14500000000000002      4.7418355630755435
-0.245                    0.14500000000000002      4.770713080767254
-0.235                    0.14500000000000002      4.773576162494111
-0.22499999999999998      0.14500000000000002      4.7765201992626505
-0.21500000000000005      0.14500000000000002      4.779508147608022
-0.20500000000000004      0.14500000000000002      4.7825016488774565
-0.19500000000000003      0.14500000000000002      4.785469124565765
-0.18500000000000003      0.14500000000000002      4.788377239459428
-0.17500000000000002      0.14500000000000002      4.791199715099914
-0.165                    0.14500000000000002      4.793914916557095
-0.15500000000000003      0.14500000000000002      4.796504302099121
-0.14500000000000002      0.14500000000000002      4.798955025584356
-0.135                    0.14500000000000002      4.801256548586414
-0.125                    0.14500000000000002      4.8034016630737115
-0.11499999999999999      0.14500000000000002      4.805385342939649
-0.10499999999999998      0.14500000000000002      4.807204405491259
-0.09499999999999997      0.14500000000000002      4.808857007242678
-0.08499999999999999      0.14500000000000002      4.810342313063666
-0.07499999999999998      0.14500000000000002      4.811660197189662
-0.06499999999999997      0.14500000000000002      4.812811007060065
-0.054999999999999966     0.14500000000000002      4.813795373836835
-0.04499999999999996      0.14500000000000002      4.814614066505311
-0.03499999999999995      0.14500000000000002      4.8152678764460495
-0.025000000000000022     0.14500000000000002      4.815757530269745
-0.015000000000000013     0.14500000000000002      4.816083625241587
-0.0050000000000000044    0.14500000000000002      4.816246583657155
0.0050000000000000044     0.14500000000000002      4.816246623797916
0.015000000000000013      0.14500000000000002      4.816083745792905
0.025000000000000022      0.14500000000000002      4.81575773161331
0.03500000000000003       0.14500000000000002      4.815268159195695
0.04500000000000004       0.14500000000000002      4.814614431448204
0.05500000000000005       0.14500000000000002      4.813795822040723
0.06499999999999995       0.14500000000000002      4.812811539722796
0.07499999999999996       0.14500000000000002      4.81166081596109
0.08499999999999996       0.14500000000000002      4.810343019284112
0.09499999999999997       0.14500000000000002      4.808857804218382
0.10499999999999998       0.14500000000000002      4.807205295629728
0.11499999999999999       0.14500000000000002      4.805386326927415
0.125                     0.14500000000000002      4.803402723229473
0.135                     0.14500000000000002      4.801257697231241
0.14500000000000002       0.14500000000000002      4.79895631139748
0.15500000000000003       0.14500000000000002      4.796505547461927
0.16500000000000004       0.14500000000000002      4.793916349351857
0.17500000000000004       0.14500000000000002      4.791201148552749
0.18500000000000005       0.14500000000000002      4.788378797122171
0.19499999999999995       0.14500000000000002      4.785470709279686
0.20499999999999996       0.14500000000000002      4.782503260777404
0.21499999999999997       0.14500000000000002      4.7795097617454525
0.22499999999999998       0.14500000000000002      4.7765217803973075
0.235                     0.14500000000000002      4.77357768481822
0.245                     0.14500000000000002      4.770714512287474
0.255                     0.14500000000000002      4.74183522340608
0.265                     0.14500000000000002      4.6872443312597705
0.275                     0.14500000000000002      4.633610001416927
0.28500000000000003       0.14500000000000002      4.581425434956396
0.29500000000000004       0.14500000000000002      4.531109475828023
0.30500000000000005       0.14500000000000002      4.482982400560745
0.31499999999999995       0.14500000000000002      4.437300135799067
0.32499999999999996       0.14500000000000002      4.394213847859569
0.33499999999999996       0.14500000000000002      4.353826164356808
0.345                     0.14500000000000002      4.316179078550324
0.355                     0.14500000000000002      4.281274797578759
0.365                     0.14500000000000002      4.249085510383367
0.375                     0.14500000000000002      4.219564205138379
0.385                     0.14500000000000002      4.192652730830146
0.395                     0.14500000000000002      4.168282163983271
0.405                     0.14500000000000002      4.14638599257223
0.41500000000000004       0.14500000000000002      4.126895650356561
0.42500000000000004       0.14500000000000002      4.10974833827709
0.43500000000000005       0.14500000000000002      4.094881127817621
0.44499999999999995       0.14500000000000002      4.082242092890945
0.45499999999999996       0.14500000000000002      4.071784019591947
0.46499999999999997       0.14500000000000002      4.063464765757849
0.475                     0.14500000000000002      4.057254975854039
0.485                     0.14500000000000002      4.053128514839117
0.495                     0.14500000000000002      4.051069213814055
-0.495                    0.15500000000000003      3.97431668349885
-0.485                    0.15500000000000003      3.9764852718043566
-0.475                    0.15500000000000003      3.9808314689238484
-0.46499999999999997      0.15500000000000003      3.987373874120053
-0.45499999999999996      0.15500000000000003      3.9961426782476144
-0.44499999999999995      0.15500000000000003      4.007171973049745
-0.43500000000000005      0.15500000000000003      4.020511042945275
-0.42500000000000004      0.15500000000000003      4.036215958330477
-0.41500000000000004      0.15500000000000003      4.054348123483628
-0.405                    0.15500000000000003      4.07498593166264
-0.395                    0.15500000000000003      4.098201584186095
-0.385                    0.15500000000000003      4.124089938317319
-0.375                    0.15500000000000003      4.152734951862719
-0.365                    0.15500000000000003      4.184233071955684
-0.355                    0.15500000000000003      4.218669110832388
-0.345                    0.15500000000000003      4.256122996251222
-0.33499999999999996      0.15500000000000003      4.296659913333442
-0.32499999999999996      0.15500000000000003      4.340310449902699
-0.31499999999999995      0.15500000000000003      4.387068385541479
-0.30499999999999994      0.15500000000000003      4.43685814407695
-0.29500000000000004      0.15500000000000003      4.48953855253139
-0.28500000000000003      0.15500000000000003      4.544855213030934
-0.275                    0.15500000000000003      4.602443548239029
-0.265                    0.15500000000000003      4.66181506894237
-0.255                    0.15500000000000003      4.722374044293227
-0.245                    0.15500000000000003      4.754438052951837
-0.235                    0.15500000000000003      4.757629249190488
-0.22499999999999998      0.15500000000000003      4.760917397744793
-0.21500000000000005      0.15500000000000003      4.7642554592361135
-0.20500000000000004      0.15500000000000003      4.7675955102518
-0.19500000000000003      0.15500000000000003      4.770898962321195
-0.18500000000000003      0.15500000000000003      4.774126343048308
-0.17500000000000002      0.15500000000000003      4.777247680246981
-0.165                    0.15500000000000003      4.780239297654002
-0.15500000000000003      0.15500000000000003      4.783081738310998
-0.14500000000000002      0.15500000000000003      4.7857624738781075
-0.135                    0.15500000000000003      4.788271867814837
-0.125                    0.15500000000000003      4.790603594200691
-0.11499999999999999      0.15500000000000003      4.792753928503326
-0.10499999999999998      0.15500000000000003      4.794720955391767
-0.09499999999999997      0.15500000000000003      4.7965040818589815
-0.08499999999999999      0.15500000000000003      4.798103630579009
-0.07499999999999998      0.15500000000000003      4.799520520019886
-0.06499999999999997      0.15500000000000003      4.800756019181537
-0.054999999999999966     0.15500000000000003      4.801811555066257
-0.04499999999999996      0.15500000000000003      4.8026885658828835
-0.03499999999999995      0.15500000000000003      4.8033883904220485
-0.025000000000000022     0.15500000000000003      4.803912185911251
-0.015000000000000013     0.15500000000000003      4.804260867933962
-0.0050000000000000044    0.15500000000000003      4.804435068692231
0.0050000000000000044     0.15500000000000003      4.804435110717973
0.015000000000000013      0.15500000000000003      4.804260994172392
0.025000000000000022      0.15500000000000003      4.803912396842116
0.03500000000000003       0.15500000000000003      4.803388686840777
0.04500000000000004       0.15500000000000003      4.80268894891046
0.05500000000000005       0.15500000000000003      4.8018120260742965
0.06499999999999995       0.15500000000000003      4.800756579702951
0.07499999999999996       0.15500000000000003      4.799521171937733
0.08499999999999996       0.15500000000000003      4.798104376290956
0.09499999999999997       0.15500000000000003      4.796504923640083
0.10499999999999998       0.15500000000000003      4.794721893709001
0.11499999999999999       0.15500000000000003      4.792754966529209
0.125                     0.15500000000000003      4.790604729521335
0.135                     0.15500000000000003      4.788273119298145
0.14500000000000002       0.15500000000000003      4.785763946336367
0.15500000000000003       0.15500000000000003      4.78308331114675
0.16500000000000004       0.15500000000000003      4.780240845996687
0.17500000000000004       0.15500000000000003      4.7772492539282725
0.18500000000000005       0.15500000000000003      4.774128088197354
0.19499999999999995       0.15500000000000003      4.770900731109511
0.20499999999999996       0.15500000000000003      4.76759732577581
0.21499999999999997       0.15500000000000003      4.764257286704386
0.22499999999999998       0.15500000000000003      4.7609191949348535
0.235                     0.15500000000000003      4.757630984447841
0.245                     0.15500000000000003      4.754439675433297
0.255                     0.15500000000000003      4.7223735721070215
0.265                     0.15500000000000003      4.661812819989579
0.275                     0.15500000000000003      4.602437390662871
0.28500000000000003       0.15500000000000003      4.54484808262153
0.29500000000000004       0.15500000000000003      4.489532252589875
0.30500000000000005       0.15500000000000003      4.436847093736961
0.31499999999999995       0.15500000000000003      4.387056189489872
0.32499999999999996       0.15500000000000003      4.340297342509838
0.33499999999999996       0.15500000000000003      4.296646163831104
0.345                     0.15500000000000003      4.256108765767063
0.355                     0.15500000000000003      4.218654574778963
0.365                     0.15500000000000003      4.184218300260998
0.375                     0.15500000000000003      4.152720940560637
0.385                     0.15500000000000003      4.124076062353739
0.395                     0.15500000000000003      4.098188024338601
0.405                     0.15500000000000003      4.074969912048267
0.41500000000000004       0.15500000000000003      4.05433338531035
0.42500000000000004       0.15500000000000003      4.0362011225248935
0.43500000000000005       0.15500000000000003      4.02049657638304
0.44499999999999995       0.15500000000000003      4.007157580698741
0.45499999999999996       0.15500000000000003      3.9961283630889803
0.46499999999999997       0.15500000000000003      3.9873596197341485
0.475                     0.15500000000000003      3.9808172620496536
0.485                     0.15500000000000003      3.9764710964449206
0.495                     0.15500000000000003      3.9743025244015415
-0.495                    0.16500000000000004      3.8953836381948603
-0.485                    0.16500000000000004      3.8976521021587742
-0.475                    0.16500000000000004      3.90219921768818
-0.46499999999999997      0.16500000000000004      3.909046026462882
-0.45499999999999996      0.16500000000000004      3.9182268224308197
-0.44499999999999995      0.16500000000000004      3.929780507680541
-0.43500000000000005      0.16500000000000004      3.943763708160888
-0.42500000000000004      0.16500000000000004      3.9602413648241925
-0.41500000000000004      0.16500000000000004      3.9792856173752384
-0.405                    0.16500000000000004      4.000989263680892
-0.395                    0.16500000000000004      4.02544034509529
-0.385                    0.16500000000000004      4.052755307917073
-0.375                    0.16500000000000004      4.08304147607693
-0.365                    0.16500000000000004      4.116426408213895
-0.355                    0.16500000000000004      4.153028562318257
-0.345                    0.16500000000000004      4.192968141121693
-0.33499999999999996      0.16500000000000004      4.236359647644203
-0.32499999999999996      0.16500000000000004      4.283279562645605
-0.31499999999999995      0.16500000000000004      4.333775979365156
-0.30499999999999994      0.16500000000000004      4.387821163106905
-0.29500000000000004      0.16500000000000004      4.445305897911796
-0.28500000000000003      0.16500000000000004      4.5059869326613935
-0.275                    0.16500000000000004      4.569467759531777
-0.265                    0.16500000000000004      4.6351818845568244
-0.255                    0.16500000000000004      4.702394333580294
-0.245                    0.16500000000000004      4.738023437237772
-0.235                    0.16500000000000004      4.7415859795420365
-0.22499999999999998      0.16500000000000004      4.745265042178508
-0.21500000000000005      0.16500000000000004      4.7489995499071025
-0.20500000000000004      0.16500000000000004      4.752728798725129
-0.19500000000000003      0.16500000000000004      4.756405226205708
-0.18500000000000003      0.16500000000000004      4.759982364104555
-0.17500000000000002      0.16500000000000004      4.763426818459479
-0.165                    0.16500000000000004      4.766712965308701
-0.15500000000000003      0.16500000000000004      4.76982248818671
-0.14500000000000002      0.16500000000000004      4.772742811730067
-0.135                    0.16500000000000004      4.775466104761156
-0.125                    0.16500000000000004      4.777988060447463
-0.11499999999999999      0.16500000000000004      4.780306829563845
-0.10499999999999998      0.16500000000000004      4.782422295487286
-0.09499999999999997      0.16500000000000004      4.784335516966148
-0.08499999999999999      0.16500000000000004      4.786048295665757
-0.07499999999999998      0.16500000000000004      4.787562844998198
-0.06499999999999997      0.16500000000000004      4.788881545548614
-0.054999999999999966     0.16500000000000004      4.790006763246948
-0.04499999999999996      0.16500000000000004      4.790940714451959
-0.03499999999999995      0.16500000000000004      4.7916853667680845
-0.025000000000000022     0.16500000000000004      4.792242367035264
-0.015000000000000013     0.16500000000000004      4.792612990100664
-0.0050000000000000044    0.16500000000000004      4.7927981038777405
0.0050000000000000044     0.16500000000000004      4.792798147624923
0.015000000000000013      0.16500000000000004      4.7926131215413115
0.025000000000000022      0.16500000000000004      4.792242586766809
0.03500000000000003       0.16500000000000004      4.791685675786621
0.04500000000000004       0.16500000000000004      4.790941114144338
0.05500000000000005       0.16500000000000004      4.790007255392985
0.06499999999999995       0.16500000000000004      4.7888821323684985
0.07499999999999996       0.16500000000000004      4.78756352913485
0.08499999999999996       0.16500000000000004      4.786049080190193
0.09499999999999997       0.16500000000000004      4.784336405295774
0.10499999999999998       0.16500000000000004      4.782423291897327
0.11499999999999999       0.16500000000000004      4.78030793960395
0.125                     0.16500000000000004      4.777989282161791
0.135                     0.16500000000000004      4.77546743547847
0.14500000000000002       0.16500000000000004      4.772744290352545
0.15500000000000003       0.16500000000000004      4.769824162213342
0.16500000000000004       0.16500000000000004      4.76671476803573
0.17500000000000004       0.16500000000000004      4.763428551294079
0.18500000000000005       0.16500000000000004      4.75998440019606
0.19499999999999995       0.16500000000000004      4.75640721663047
0.20499999999999996       0.16500000000000004      4.752730812280459
0.21499999999999997       0.16500000000000004      4.749001624545235
0.22499999999999998       0.16500000000000004      4.745267095206395
0.235                     0.16500000000000004      4.741587971170057
0.245                     0.16500000000000004      4.738025291149044
0.255                     0.16500000000000004      4.702393560837373
0.265                     0.16500000000000004      4.635178162795698
0.275                     0.16500000000000004      4.569461370611588
0.28500000000000003       0.16500000000000004      4.505978603455877
0.29500000000000004       0.16500000000000004      4.445298749464935
0.30500000000000005       0.16500000000000004      4.387808286124686
0.31499999999999995       0.16500000000000004      4.3337619740734485
0.32499999999999996       0.16500000000000004      4.283264723244973
0.33499999999999996       0.16500000000000004      4.236344283320552
0.345                     0.16500000000000004      4.192952422136307
0.355                     0.16500000000000004      4.153012651950932
0.365                     0.16500000000000004      4.116410349848967
0.375                     0.16500000000000004      4.083026368351926
0.385                     0.16500000000000004      4.052740490465448
0.395                     0.16500000000000004      4.0254258108274446
0.405                     0.16500000000000004      4.00097240416915
0.41500000000000004       0.16500000000000004      3.979270085444091
0.42500000000000004       0.16500000000000004      3.9602257737876982
0.43500000000000005       0.16500000000000004      3.9437486178621923
0.44499999999999995       0.16500000000000004      3.9297655177348862
0.45499999999999996       0.16500000000000004      3.918211939339258
0.46499999999999997       0.16500000000000004      3.909031229406285
0.475                     0.16500000000000004      3.902184488017611
0.485                     0.16500000000000004      3.8976374174770627
0.495                     0.16500000000000004      3.8953689762904977
-0.495                    0.17500000000000004      3.8141840625607504
-0.485                    0.17500000000000004      3.816541791481388
-0.475                    0.17500000000000004      3.821268567517122
-0.46499999999999997      0.17500000000000004      3.8283878037469323
-0.45499999999999996      0.17500000000000004      3.8379377976708375
-0.44499999999999995      0.17500000000000004      3.8499621689167327
-0.43500000000000005      0.17500000000000004      3.864524776194187
-0.42500000000000004      0.17500000000000004      3.881699522730971
-0.41500000000000004      0.17500000000000004      3.9015692680179526
-0.405                    0.17500000000000004      3.9242415399319457
-0.395                    0.17500000000000004      3.9498212090958034
-0.385                    0.17500000000000004      3.978447393332381
-0.375                    0.17500000000000004      4.010252957196644
-0.365                    0.17500000000000004      4.045400258855145
-0.355                    0.17500000000000004      4.084046882199955
-0.345                    0.17500000000000004      4.126361528700756
-0.33499999999999996      0.17500000000000004      4.172521027370447
-0.32499999999999996      0.17500000000000004      4.2226635420379965
-0.31499999999999995      0.17500000000000004      4.27691540777322
-0.30499999999999994      0.17500000000000004      4.335326826369891
-0.29500000000000004      0.17500000000000004      4.397851226017766
-0.28500000000000003      0.17500000000000004      4.4642902114183105
-0.275                    0.17500000000000004      4.5342331038347865
-0.265                    0.17500000000000004      4.6070237065814075
-0.255                    0.17500000000000004      4.681757901938912
-0.245                    0.17500000000000004      4.7214366272787185
-0.235                    0.17500000000000004      4.725427000683472
-0.22499999999999998      0.17500000000000004      4.729557882527923
-0.21500000000000005      0.17500000000000004      4.733747754719488
-0.20500000000000004      0.17500000000000004      4.737918630658501
-0.19500000000000003      0.17500000000000004      4.7420115236137015
-0.18500000000000003      0.17500000000000004      4.745972627179976
-0.17500000000000002      0.17500000000000004      4.7497652713897915
-0.165                    0.17500000000000004      4.7533644342386925
-0.15500000000000003      0.17500000000000004      4.756752339091721
-0.14500000000000002      0.17500000000000004      4.759919593738847
-0.135                    0.17500000000000004      4.762861028328663
-0.125                    0.17500000000000004      4.765575026738412
-0.11499999999999999      0.17500000000000004      4.768062322979762
-0.10499999999999998      0.17500000000000004      4.770325166170658
-0.09499999999999997      0.17500000000000004      4.772366696962432
-0.08499999999999999      0.17500000000000004      4.774190514582842
-0.07499999999999998      0.17500000000000004      4.775800366230092
-0.06499999999999997      0.17500000000000004      4.777199924258026
-0.054999999999999966     0.17500000000000004      4.778392627525842
-0.04499999999999996      0.17500000000000004      4.779381569008116
-0.03499999999999995      0.17500000000000004      4.7801694165840445
-0.025000000000000022     0.17500000000000004      4.780758357671302
-0.015000000000000013     0.17500000000000004      4.78115006118911
-0.0050000000000000044    0.17500000000000004      4.781345652406585
0.0050000000000000044     0.17500000000000004      4.7813456976777555
0.015000000000000013      0.17500000000000004      4.781150197239087
0.025000000000000022      0.17500000000000004      4.7807585852116325
0.03500000000000003       0.17500000000000004      4.780169736807967
0.04500000000000004       0.17500000000000004      4.779381983604717
0.05500000000000005       0.17500000000000004      4.778393138742686
0.06499999999999995       0.17500000000000004      4.77720053488138
0.07499999999999996       0.17500000000000004      4.775801079672324
0.08499999999999996       0.17500000000000004      4.774191334992396
0.09499999999999997       0.17500000000000004      4.7723676292115265
0.10499999999999998       0.17500000000000004      4.7703262155461665
0.11499999999999999       0.17500000000000004      4.768063494396968
0.125                     0.17500000000000004      4.765576330777826
0.135                     0.17500000000000004      4.762862484355408
0.14500000000000002       0.17500000000000004      4.759921217372511
0.15500000000000003       0.17500000000000004      4.756754107283202
0.16500000000000004       0.17500000000000004      4.753366147631614
0.17500000000000004       0.17500000000000004      4.749767152483466
0.18500000000000005       0.17500000000000004      4.745974926038741
0.19499999999999995       0.17500000000000004      4.7420137533409035
0.20499999999999996       0.17500000000000004      4.737920809331525
0.21499999999999997       0.17500000000000004      4.733750136587548
0.22499999999999998       0.17500000000000004      4.729560240171444
0.235                     0.17500000000000004      4.725429318039297
0.245                     0.17500000000000004      4.721438755687542
0.255                     0.17500000000000004      4.681756109146649
0.265                     0.17500000000000004      4.60702035699023
0.275                     0.17500000000000004      4.53422520435423
0.28500000000000003       0.17500000000000004      4.464279112778256
0.29500000000000004       0.17500000000000004      4.397842936599683
0.30500000000000005       0.17500000000000004      4.335311647111971
0.31499999999999995       0.17500000000000004      4.276899231344596
0.32499999999999996       0.17500000000000004      4.222646683514836
0.33499999999999996       0.17500000000000004      4.172503831114645
0.345                     0.17500000000000004      4.1263441593132875
0.355                     0.17500000000000004      4.084029562995064
0.365                     0.17500000000000004      4.04538278643602
0.375                     0.17500000000000004      4.010236750140591
0.385                     0.17500000000000004      3.978431573645266
0.395                     0.17500000000000004      3.949805646536103
0.405                     0.17500000000000004      3.9242239385401714
0.41500000000000004       0.17500000000000004      3.9015529439552146
0.42500000000000004       0.17500000000000004      3.881683256649822
0.43500000000000005       0.17500000000000004      3.8645090490439418
0.44499999999999995       0.17500000000000004      3.8499465978047067
0.45499999999999996       0.17500000000000004      3.837922364673033
0.46499999999999997       0.17500000000000004      3.828372484527916
0.475                     0.17500000000000004      3.8212533369825263
0.485                     0.17500000000000004      3.8165266199673074
0.495                     0.17500000000000004      3.8141689206846503
-0.495                    0.18500000000000005      3.730628904943107
-0.485                    0.18500000000000005      3.733064117569593
-0.475                    0.18500000000000005      3.7379469101596574
-0.46499999999999997      0.18500000000000005      3.745302901583984
-0.45499999999999996      0.18500000000000005      3.7551741294801886
-0.44499999999999995      0.18500000000000005      3.767608652624432
-0.43500000000000005      0.18500000000000005      3.7826771753026076
-0.42500000000000004      0.18500000000000005      3.8004621210677905
-0.41500000000000004      0.18500000000000005      3.821056757222471
-0.405                    0.18500000000000005      3.8445832877775574
-0.395                    0.18500000000000005      3.871162950377559
-0.385                    0.18500000000000005      3.900958373969819
-0.375                    0.18500000000000005      3.9341285538161355
-0.365                    0.18500000000000005      3.970873467435844
-0.355                    0.18500000000000005      4.011394150052815
-0.345                    0.18500000000000005      4.055914728287126
-0.33499999999999996      0.18500000000000005      4.104687775912875
-0.32499999999999996      0.18500000000000005      4.157930403116993
-0.31499999999999995      0.18500000000000005      4.2158763224147275
-0.30499999999999994      0.18500000000000005      4.27869499390077
-0.29500000000000004      0.18500000000000005      4.346450946980267
-0.28500000000000003      0.18500000000000005      4.41904612025956
-0.275                    0.18500000000000005      4.49610244599622
-0.265                    0.18500000000000005      4.576888269061017
-0.255                    0.18500000000000005      4.660266250823884
-0.245                    0.18500000000000005      4.704634236256143
-0.235                    0.18500000000000005      4.709128722429297
-0.22499999999999998      0.18500000000000005      4.713792915898051
-0.21500000000000005      0.18500000000000005      4.7185142694129105
-0.20500000000000004      0.18500000000000005      4.723191442612219
-0.19500000000000003      0.18500000000000005      4.727750986549337
-0.18500000000000003      0.18500000000000005      4.732133200208383
-0.17500000000000002      0.18500000000000005      4.736300000800053
-0.165                    0.18500000000000005      4.740228007338847
-0.15500000000000003      0.18500000000000005      4.743904455060785
-0.14500000000000002      0.18500000000000005      4.747323536916021
-0.135                    0.18500000000000005      4.750484465944735
-0.125                    0.18500000000000005      4.753389553353221
-0.11499999999999999      0.18500000000000005      4.756042974959492
-0.10499999999999998      0.18500000000000005      4.758449931100195
-0.09499999999999997      0.18500000000000005      4.760616071791029
-0.08499999999999999      0.18500000000000005      4.76254710282591
-0.07499999999999998      0.18500000000000005      4.764248523960917
-0.06499999999999997      0.18500000000000005      4.765725453863701
-0.054999999999999966     0.18500000000000005      4.7669825136652
-0.04499999999999996      0.18500000000000005      4.768023750066358
-0.03499999999999995      0.18500000000000005      4.768852585071834
-0.025000000000000022     0.18500000000000005      4.769471783598916
-0.015000000000000013     0.18500000000000005      4.769883433042013
-0.0050000000000000044    0.18500000000000005      4.770088930828693
0.0050000000000000044     0.18500000000000005      4.770088977386773
0.015000000000000013      0.18500000000000005      4.769883572987876
0.025000000000000022      0.18500000000000005      4.7694720177516015
0.03500000000000003       0.18500000000000005      4.76885291481037
0.04500000000000004       0.18500000000000005      4.768024177351004
0.05500000000000005       0.18500000000000005      4.766983041065476
0.06499999999999995       0.18500000000000005      4.765726084572118
0.07499999999999996       0.18500000000000005      4.764249261711996
0.08499999999999996       0.18500000000000005      4.762547951830349
0.09499999999999997       0.18500000000000005      4.76061703672065
0.10499999999999998       0.18500000000000005      4.758451017185731
0.11499999999999999       0.18500000000000005      4.756044188413476
0.125                     0.18500000000000005      4.7533909020358704
0.135                     0.18500000000000005      4.750485956813096
0.14500000000000002       0.18500000000000005      4.747325185857516
0.15500000000000003       0.18500000000000005      4.743906300934782
0.16500000000000004       0.18500000000000005      4.740230053432758
0.17500000000000004       0.18500000000000005      4.736301971374028
0.18500000000000005       0.18500000000000005      4.732135443645967
0.19499999999999995       0.18500000000000005      4.7277534800248135
0.20499999999999996       0.18500000000000005      4.723193624590135
0.21499999999999997       0.18500000000000005      4.7185170718096625
0.22499999999999998       0.18500000000000005      4.7137956398908685
0.235                     0.18500000000000005      4.709131483948275
0.245                     0.18500000000000005      4.7046366918191636
0.255                     0.18500000000000005      4.660263905176343
0.265                     0.18500000000000005      4.576883428166913
0.275                     0.18500000000000005      4.496091637178539
0.28500000000000003       0.18500000000000005      4.419032892315999
0.29500000000000004       0.18500000000000005      4.3464404597552
0.30500000000000005       0.18500000000000005      4.278676990742292
0.31499999999999995       0.18500000000000005      4.215857549060358
0.32499999999999996       0.18500000000000005      4.157911218351322
0.33499999999999996       0.18500000000000005      4.104668528351785
0.345                     0.18500000000000005      4.0558955743015455
0.355                     0.18500000000000005      4.011375263738816
0.365                     0.18500000000000005      3.970854560501376
0.375                     0.18500000000000005      3.934111188453308
0.385                     0.18500000000000005      3.900941370167638
0.395                     0.18500000000000005      3.871146331023643
0.405                     0.18500000000000005      3.8445649013437335
0.41500000000000004       0.18500000000000005      3.8210397352437195
0.42500000000000004       0.18500000000000005      3.8004452750695674
0.43500000000000005       0.18500000000000005      3.7826607976237536
0.44499999999999995       0.18500000000000005      3.767592527212056
0.45499999999999996       0.18500000000000005      3.7551581738639115
0.46499999999999997       0.18500000000000005      3.7452870885540035
0.475                     0.18500000000000005      3.7379312079737153
0.485                     0.18500000000000005      3.733048488687973
0.495                     0.18500000000000005      3.7306133127698153
-0.495                    0.19499999999999995      3.6446408794245606
-0.485                    0.19499999999999995      3.647140709093211
-0.475                    0.19499999999999995      3.6521536565834425
-0.46499999999999997      0.19499999999999995      3.659707281313606
-0.45499999999999996      0.19499999999999995      3.6698469266755103
-0.44499999999999995      0.19499999999999995      3.682624603485073
-0.43500000000000005      0.19499999999999995      3.698117128580515
-0.42500000000000004      0.19499999999999995      3.716414687515127
-0.41500000000000004      0.19499999999999995      3.737619950201835
-0.405                    0.19499999999999995      3.76186876581928
-0.395                    0.19499999999999995      3.7892981070080736
-0.385                    0.19499999999999995      3.8200926841782126
-0.375                    0.19499999999999995      3.854437957773633
-0.365                    0.19499999999999995      3.89257129773081
-0.355                    0.19499999999999995      3.934739270053304
-0.345                    0.19499999999999995      3.9812266689558484
-0.33499999999999996      0.19499999999999995      4.032372287223361
-0.32499999999999996      0.19499999999999995      4.088488918621252
-0.31499999999999995      0.19499999999999995      4.149949390018802
-0.30499999999999994      0.19499999999999995      4.217095108822614
-0.29500000000000004      0.19499999999999995      4.290167972637828
-0.28500000000000003      0.19499999999999995      4.369279575718967
-0.275                    0.19499999999999995      4.454173518959125
-0.265                    0.19499999999999995      4.54409477180387
-0.255                    0.19499999999999995      4.637622328306943
-0.245                    0.19499999999999995      4.687556663261358
-0.235                    0.19499999999999995      4.692662757567109
-0.22499999999999998      0.19499999999999995      4.697973076097471
-0.21500000000000005      0.19499999999999995      4.70332538040497
-0.20500000000000004      0.19499999999999995      4.708587693395754
-0.19500000000000003      0.19499999999999995      4.713670165517222
-0.18500000000000003      0.19499999999999995      4.718510586929442
-0.17500000000000002      0.19499999999999995      4.723074375492983
-0.165                    0.19499999999999995      4.727344392109905
-0.15500000000000003      0.19499999999999995      4.731314534268036
-0.14500000000000002      0.19499999999999995      4.734985947983273
-0.135                    0.19499999999999995      4.738363880643614
-0.125                    0.19499999999999995      4.741455755008571
-0.11499999999999999      0.19499999999999995      4.7442700154190085
-0.10499999999999998      0.19499999999999995      4.746815384873578
-0.09499999999999997      0.19499999999999995      4.749100400340412
-0.08499999999999999      0.19499999999999995      4.751133127581741
-0.07499999999999998      0.19499999999999995      4.75292098931186
-0.06499999999999997      0.19499999999999995      4.754470664387032
-0.054999999999999966     0.19499999999999995      4.755788031455346
-0.04499999999999996      0.19499999999999995      4.75687814001578
-0.03499999999999995      0.19499999999999995      4.757745197723368
-0.025000000000000022     0.19499999999999995      4.758392566846397
-0.015000000000000013     0.19499999999999995      4.758822765331828
-0.0050000000000000044    0.19499999999999995      4.7590374695825055
0.0050000000000000044     0.19499999999999995      4.759037517156831
0.015000000000000013      0.19499999999999995      4.758822908357493
0.025000000000000022      0.19499999999999995      4.758392806237426
0.03500000000000003       0.19499999999999995      4.757745535023303
0.04500000000000004       0.19499999999999995      4.756878577428778
0.05500000000000005       0.19499999999999995      4.755788571890531
0.06499999999999995       0.19499999999999995      4.754471311515703
0.07499999999999996       0.19499999999999995      4.752921747650666
0.08499999999999996       0.19499999999999995      4.751134002498931
0.09499999999999997       0.19499999999999995      4.74910139807008
0.10499999999999998       0.19499999999999995      4.746816512511817
0.11499999999999999       0.19499999999999995      4.744271280593326
0.125                     0.19499999999999995      4.741457165825723
0.135                     0.19499999999999995      4.738365444118822
0.14500000000000002       0.19499999999999995      4.734987673815744
0.15500000000000003       0.19499999999999995      4.731316408636458
0.16500000000000004       0.19499999999999995      4.727346466535131
0.17500000000000004       0.19499999999999995      4.723076703769577
0.18500000000000005       0.19499999999999995      4.718512898164697
0.19499999999999995       0.19499999999999995      4.713673199068774
0.20499999999999996       0.19499999999999995      4.708590018961851
0.21499999999999997       0.19499999999999995      4.703329063270786
0.22499999999999998       0.19499999999999995      4.697976236038125
0.235                     0.19499999999999995      4.69266626217631
0.245                     0.19499999999999995      4.6875595091853395
0.255                     0.19499999999999995      4.637617317038879
0.265                     0.19499999999999995      4.544087761030305
0.275                     0.19499999999999995      4.454158274193375
0.28500000000000003       0.19499999999999995      4.369262782912562
0.29500000000000004       0.19499999999999995      4.290157476545785
0.30500000000000005       0.19499999999999995      4.217073568116507
0.31499999999999995       0.19499999999999995      4.14992756265868
0.32499999999999996       0.19499999999999995      4.0884671046749075
0.33499999999999996       0.19499999999999995      4.032350786230429
0.345                     0.19499999999999995      3.9812056011512915
0.355                     0.19499999999999995      3.934718840204802
0.365                     0.19499999999999995      3.8925509562026597
0.375                     0.19499999999999995      3.8544190956935243
0.385                     0.19499999999999995      3.820074658178707
0.395                     0.19499999999999995      3.789280405383321
0.405                     0.19499999999999995      3.761849747340875
0.41500000000000004       0.19499999999999995      3.737602254301887
0.42500000000000004       0.19499999999999995      3.7163972410371766
0.43500000000000005       0.19499999999999995      3.6981001688423603
0.44499999999999995       0.19499999999999995      3.682607944993217
0.45499999999999996       0.19499999999999995      3.669830482545193
0.46499999999999997       0.19499999999999995      3.65969101117172
0.475                     0.19499999999999995      3.6521375194076686
0.485                     0.19499999999999995      3.647124659520756
0.495                     0.19499999999999995      3.644624873668917
-0.495                    0.20499999999999996      3.556155542428524
-0.485                    0.20499999999999996      3.5587061705405634
-0.475                    0.20499999999999996      3.5638214616904786
-0.46499999999999997      0.20499999999999996      3.571530552721493
-0.45499999999999996      0.20499999999999996      3.5818814888688184
-0.44499999999999995      0.20499999999999996      3.594929520640479
-0.43500000000000005      0.20499999999999996      3.6107565625999243
-0.42500000000000004      0.20499999999999996      3.6294591711987394
-0.41500000000000004      0.20499999999999996      3.6511483415559405
-0.405                    0.20499999999999996      3.6759711445445977
-0.395                    0.20499999999999996      3.7040787044783325
-0.385                    0.20499999999999996      3.7356753837641947
-0.375                    0.20499999999999996      3.770970208448259
-0.365                    0.20499999999999996      3.810236473389534
-0.355                    0.20499999999999996      3.8537646915698662
-0.345                    0.20499999999999996      3.901900103251913
-0.33499999999999996      0.20499999999999996      3.9550732661969232
-0.32499999999999996      0.20499999999999996      4.013704129924191
-0.31499999999999995      0.20499999999999996      4.078332487837498
-0.30499999999999994      0.20499999999999996      4.1495294964266005
-0.29500000000000004      0.20499999999999996      4.227808102943349
-0.28500000000000003      0.20499999999999996      4.313641632975762
-0.275                    0.20499999999999996      4.407100634797307
-0.265                    0.20499999999999996      4.507579387319831
-0.255                    0.20499999999999996      4.613348864991101
-0.245                    0.20499999999999996      4.670118351575669
-0.235                    0.20499999999999996      4.67599643814235
-0.22499999999999998      0.20499999999999996      4.682116152445505
-0.21500000000000005      0.20499999999999996      4.688231300540419
-0.20500000000000004      0.20499999999999996      4.694170589162222
-0.19500000000000003      0.20499999999999996      4.699834313544377
-0.18500000000000003      0.20499999999999996      4.705166619938029
-0.17500000000000002      0.20499999999999996      4.710143715738243
-0.165                    0.20499999999999996      4.714760687788188
-0.15500000000000003      0.20499999999999996      4.719023033426027
-0.14500000000000002      0.20499999999999996      4.722941434253754
-0.135                    0.20499999999999996      4.726528896268126
-0.125                    0.20499999999999996      4.729799102719972
-0.11499999999999999      0.20499999999999996      4.732765489724553
-0.10499999999999998      0.20499999999999996      4.735440753602353
-0.09499999999999997      0.20499999999999996      4.737836599495142
-0.08499999999999999      0.20499999999999996      4.739963622888849
-0.07499999999999998      0.20499999999999996      4.741831268447258
-0.06499999999999997      0.20499999999999996      4.743447830208359
-0.054999999999999966     0.20499999999999996      4.744820472596075
-0.04499999999999996      0.20499999999999996      4.745955260297018
-0.03499999999999995      0.20499999999999996      4.746857190074023
-0.025000000000000022     0.20499999999999996      4.747530220504065
-0.015000000000000013     0.20499999999999996      4.747977297360583
-0.0050000000000000044    0.20499999999999996      4.748200373369668
0.0050000000000000044     0.20499999999999996      4.748200421658947
0.015000000000000013      0.20499999999999996      4.7479774425563
0.025000000000000022      0.20499999999999996      4.747530463597241
0.03500000000000003       0.20499999999999996      4.746857532741895
0.04500000000000004       0.20499999999999996      4.745955704943417
0.05500000000000005       0.20499999999999996      4.744821022410292
0.06499999999999995       0.20499999999999996      4.743448489243904
0.07499999999999996       0.20499999999999996      4.741832041722222
0.08499999999999996       0.20499999999999996      4.7399645165098585
0.09499999999999997       0.20499999999999996      4.73783762087531
0.10499999999999998       0.20499999999999996      4.735441911608609
0.11499999999999999       0.20499999999999996      4.732766795264804
0.125                     0.20499999999999996      4.729800569124718
0.135                     0.20499999999999996      4.7265305392923675
0.14500000000000002       0.20499999999999996      4.722943272960341
0.15500000000000003       0.20499999999999996      4.71902511090674
0.16500000000000004       0.20499999999999996      4.714763045557054
0.17500000000000004       0.20499999999999996      4.710146400186782
0.18500000000000005       0.20499999999999996      4.705169826771198
0.19499999999999995       0.20499999999999996      4.699838490025023
0.20499999999999996       0.20499999999999996      4.694174103130823
0.21499999999999997       0.20499999999999996      4.688235298506845
0.22499999999999998       0.20499999999999996      4.68211936463318
0.235                     0.20499999999999996      4.67600175362189
0.245                     0.20499999999999996      4.670121869220602
0.255                     0.20499999999999996      4.613339650104964
0.265                     0.20499999999999996      4.507567133015139
0.275                     0.20499999999999996      4.407080995421992
0.28500000000000003       0.20499999999999996      4.313619043742941
0.29500000000000004       0.20499999999999996      4.227793447623759
0.30500000000000005       0.20499999999999996      4.14950373545746
0.31499999999999995       0.20499999999999996      4.078307164143135
0.32499999999999996       0.20499999999999996      4.013679421164245
0.33499999999999996       0.20499999999999996      3.955049358422899
0.345                     0.20499999999999996      3.9018770481544784
0.355                     0.20499999999999996      3.8537425930867433
0.365                     0.20499999999999996      3.8102147801128208
0.375                     0.20499999999999996      3.7709501168059885
0.385                     0.20499999999999996      3.7356562328485685
0.395                     0.20499999999999996      3.704059912573279
0.405                     0.20499999999999996      3.675951557805007
0.41500000000000004       0.20499999999999996      3.6511300032575593
0.42500000000000004       0.20499999999999996      3.629441177140311
0.43500000000000005       0.20499999999999996      3.6107390717012495
0.44499999999999995       0.20499999999999996      3.5949123775800835
0.45499999999999996       0.20499999999999996      3.58186460064072
0.46499999999999997       0.20499999999999996      3.57151387054864
0.475                     0.20499999999999996      3.563804933745466
0.485                     0.20499999999999996      3.5586897442296612
0.495                     0.20499999999999996      3.5561391668750875
-0.495                    0.21499999999999997      3.465122236070477
-0.485                    0.21499999999999997      3.467709072675317
-0.475                    0.21499999999999997      3.472897312421528
-0.46499999999999997      0.21499999999999997      3.480717218335413
-0.45499999999999996      0.21499999999999997      3.491218777798023
-0.44499999999999995      0.21499999999999997      3.504459585646397
-0.43500000000000005      0.21499999999999997      3.5205252816979398
-0.42500000000000004      0.21499999999999997      3.5395171652821946
-0.41500000000000004      0.21499999999999997      3.561552371347771
-0.405                    0.21499999999999997      3.5867867685871113
-0.395                    0.21499999999999997      3.6153823632160105
-0.385                    0.21499999999999997      3.6475589586727963
-0.375                    0.21499999999999997      3.6835454284707914
-0.365                    0.21499999999999997      3.723644143623992
-0.355                    0.21499999999999997      3.7681845035700134
-0.345                    0.21499999999999997      3.81756588739779
-0.33499999999999996      0.21499999999999997      3.872305811245043
-0.32499999999999996      0.21499999999999997      3.932931722126734
-0.31499999999999995      0.21499999999999997      4.000162742945146
-0.30499999999999994      0.21499999999999997      4.074845550129499
-0.29500000000000004      0.21499999999999997      4.157858838465006
-0.28500000000000003      0.21499999999999997      4.250257773760727
-0.275                    0.21499999999999997      4.352808629674554
-0.265                    0.21499999999999997      4.465542858074517
-0.255                    0.21499999999999997      4.586604832472872
-0.245                    0.21499999999999997      4.652190663222175
-0.235                    0.21499999999999997      4.659103817210308
-0.22499999999999998      0.21499999999999997      4.666272691272733
-0.21500000000000005      0.21499999999999997      4.673320627764004
-0.20500000000000004      0.21499999999999997      4.680040908172347
-0.19500000000000003      0.21499999999999997      4.6863400433750915
-0.18500000000000003      0.21499999999999997      4.692184929177516
-0.17500000000000002      0.21499999999999997      4.697577937421602
-0.165                    0.21499999999999997      4.702535071189159
-0.15500000000000003      0.21499999999999997      4.707077979116352
-0.14500000000000002      0.21499999999999997      4.711229677900476
-0.135                    0.21499999999999997      4.715012528189368
-0.125                    0.21499999999999997      4.718447308436685
-0.11499999999999999      0.21499999999999997      4.721552894791626
-0.10499999999999998      0.21499999999999997      4.724346182261253
-0.09499999999999997      0.21499999999999997      4.726842141851278
-0.08499999999999999      0.21499999999999997      4.729053926243274
-0.07499999999999998      0.21499999999999997      4.730992993234653
-0.06499999999999997      0.21499999999999997      4.73266922532472
-0.054999999999999966     0.21499999999999997      4.734091038894706
-0.04499999999999996      0.21499999999999997      4.7352654792551565
-0.03499999999999995      0.21499999999999997      4.736198300616317
-0.025000000000000022     0.21499999999999997      4.736894031153575
-0.015000000000000013     0.21499999999999997      4.737356023821671
-0.0050000000000000044    0.21499999999999997      4.737586493674994
0.0050000000000000044     0.21499999999999997      4.737586542351622
0.015000000000000013      0.21499999999999997      4.737356170197471
0.025000000000000022      0.21499999999999997      4.736894276273686
0.03500000000000003       0.21499999999999997      4.736198646251133
0.04500000000000004       0.21499999999999997      4.735265927948706
0.05500000000000005       0.21499999999999997      4.734091594037602
0.06499999999999995       0.21499999999999997      4.7326698912501985
0.07499999999999996       0.21499999999999997      4.730993775343543
0.08499999999999996       0.21499999999999997      4.729054831165031
0.09499999999999997       0.21499999999999997      4.726843177688257
0.10499999999999998       0.21499999999999997      4.7243473587181635
0.11499999999999999       0.21499999999999997      4.721554223256518
0.125                     0.21499999999999997      4.718448803140496
0.135                     0.21499999999999997      4.715014205960845
0.14500000000000002       0.21499999999999997      4.711231560994699
0.15500000000000003       0.21499999999999997      4.707080084167416
0.16500000000000004       0.21499999999999997      4.702537430561426
0.17500000000000004       0.21499999999999997      4.697580539256515
0.18500000000000005       0.21499999999999997      4.692187714604891
0.19499999999999995       0.21499999999999997      4.686342843563575
0.20499999999999996       0.21499999999999997      4.6800445707016065
0.21499999999999997       0.21499999999999997      4.673325633371581
0.22499999999999998       0.21499999999999997      4.66627623342092
0.235                     0.21499999999999997      4.659109231575294
0.245                     0.21499999999999997      4.652194915685188
0.255                     0.21499999999999997      4.58658761810775
0.265                     0.21499999999999997      4.465526226351008
0.275                     0.21499999999999997      4.35278297149252
0.28500000000000003       0.21499999999999997      4.250226362509222
0.29500000000000004       0.21499999999999997      4.157839740094435
0.30500000000000005       0.21499999999999997      4.074814961599276
0.31499999999999995       0.21499999999999997      4.000133552458544
0.32499999999999996       0.21499999999999997      3.932903946803852
0.33499999999999996       0.21499999999999997      3.8722794378879484
0.345                     0.21499999999999997      3.817540849993374
0.355                     0.21499999999999997      3.7681607627489595
0.365                     0.21499999999999997      3.7236211749222097
0.375                     0.21499999999999997      3.6835240861477554
0.385                     0.21499999999999997      3.647538716453394
0.395                     0.21499999999999997      3.6153625200301924
0.405                     0.21499999999999997      3.5867666973118255
0.41500000000000004       0.21499999999999997      3.56153343955323
0.42500000000000004       0.21499999999999997      3.5394987634253776
0.43500000000000005       0.21499999999999997      3.520507326081478
0.44499999999999995       0.21499999999999997      3.504442016791081
0.45499999999999996       0.21499999999999997      3.491201501287073
0.46499999999999997       0.21499999999999997      3.4807001770896058
0.475                     0.21499999999999997      3.47288044546079
0.485                     0.21499999999999997      3.4676923206882666
0.495                     0.21499999999999997      3.4651055414045993
-0.495                    0.22499999999999998      3.371504851802292
-0.485                    0.22499999999999998      3.3741127584747264
-0.475                    0.22499999999999998      3.379343421801242
-0.46499999999999997      0.22499999999999998      3.387227708977832
-0.45499999999999996      0.22499999999999998      3.397816663742123
-0.44499999999999995      0.22499999999999998      3.4111691814574936
-0.43500000000000005      0.22499999999999998      3.427372975482929
-0.42500000000000004      0.22499999999999998      3.4465321553602313
-0.41500000000000004      0.22499999999999998      3.4687671860258016
-0.405                    0.22499999999999998      3.494239686332957
-0.395                    0.22499999999999998      3.52311833693888
-0.385                    0.22499999999999998      3.5556325810493234
-0.375                    0.22499999999999998      3.5920247899569144
-0.365                    0.22499999999999998      3.6326171473555577
-0.355                    0.22499999999999998      3.6777671248699804
-0.345                    0.22499999999999998      3.7279143324472765
-0.33499999999999996      0.22499999999999998      3.783645136578323
-0.32499999999999996      0.22499999999999998      3.8455770777138283
-0.31499999999999995      0.22499999999999998      3.914590492599312
-0.30499999999999994      0.22499999999999998      3.9918092960655644
-0.29500000000000004      0.22499999999999998      4.0785275224917275
-0.28500000000000003      0.22499999999999998      4.176593381429714
-0.275                    0.22499999999999998      4.28803896831089
-0.265                    0.22499999999999998      4.414665128740475
-0.255                    0.22499999999999998      4.555686076686731
-0.245                    0.22499999999999998      4.633565613451021
-0.235                    0.22499999999999998      4.641990041089722
-0.22499999999999998      0.22499999999999998      4.650572941386807
-0.21500000000000005      0.22499999999999998      4.658752973053047
-0.20500000000000004      0.22499999999999998      4.666340672498167
-0.19500000000000003      0.22499999999999998      4.6732990428449455
-0.18500000000000003      0.22499999999999998      4.679653239674496
-0.17500000000000002      0.22499999999999998      4.685445688368829
-0.165                    0.22499999999999998      4.690721323789662
-0.15500000000000003      0.22499999999999998      4.695521977879049
-0.14500000000000002      0.22499999999999998      4.699884888829944
-0.135                    0.22499999999999998      4.703842588425764
-0.125                    0.22499999999999998      4.7074232934166345
-0.11499999999999999      0.22499999999999998      4.710651374521998
-0.10499999999999998      0.22499999999999998      4.7135478731809295
-0.09499999999999997      0.22499999999999998      4.71613092291213
-0.08499999999999999      0.22499999999999998      4.718416116187413
-0.07499999999999998      0.22499999999999998      4.720416807876237
-0.06499999999999997      0.22499999999999998      4.722144363005152
-0.054999999999999966     0.22499999999999998      4.7236083574849586
-0.04499999999999996      0.22499999999999998      4.724816739358408
-0.03499999999999995      0.22499999999999998      4.725775956828922
-0.025000000000000022     0.22499999999999998      4.726491058063707
-0.015000000000000013     0.22499999999999998      4.72696576673201
-0.0050000000000000044    0.22499999999999998      4.7272025362811965
0.0050000000000000044     0.22499999999999998      4.727202585001147
0.015000000000000013      0.22499999999999998      4.726965913249238
0.025000000000000022      0.22499999999999998      4.7264913034519145
0.03500000000000003       0.22499999999999998      4.725776302904475
0.04500000000000004       0.22499999999999998      4.724817188732132
0.05500000000000005       0.22499999999999998      4.7236089136550365
0.06499999999999995       0.22499999999999998      4.722145030461798
0.07499999999999996       0.22499999999999998      4.720417592238075
0.08499999999999996       0.22499999999999998      4.718417024407378
0.09499999999999997       0.22499999999999998      4.716131963539407
0.10499999999999998       0.22499999999999998      4.713549056605425
0.11499999999999999       0.22499999999999998      4.710652713127155
0.125                     0.22499999999999998      4.707424802228406
0.135                     0.22499999999999998      4.703844286313526
0.14500000000000002       0.22499999999999998      4.699886789088467
0.15500000000000003       0.22499999999999998      4.69552410891417
0.16500000000000004       0.22499999999999998      4.69072370995167
0.17500000000000004       0.22499999999999998      4.6854483763203785
0.18500000000000005       0.22499999999999998      4.679656361965053
0.19499999999999995       0.22499999999999998      4.673302959887719
0.20499999999999996       0.22499999999999998      4.666344735089547
0.21499999999999997       0.22499999999999998      4.65875779930615
0.22499999999999998       0.22499999999999998      4.650576941051691
0.235                     0.22499999999999998      4.641992892562837
0.245                     0.22499999999999998      4.633570373069946
0.255                     0.22499999999999998      4.555633746403706
0.265                     0.22499999999999998      4.414633374073001
0.275                     0.22499999999999998      4.287997701006931
0.28500000000000003       0.22499999999999998      4.176554318645997
0.29500000000000004       0.22499999999999998      4.078499840507636
0.30500000000000005       0.22499999999999998      3.991773295395841
0.31499999999999995       0.22499999999999998      3.914557287883901
0.32499999999999996       0.22499999999999998      3.8455462543180783
0.33499999999999996       0.22499999999999998      3.7836163784054797
0.345                     0.22499999999999998      3.7278874227393413
0.355                     0.22499999999999998      3.677741845077027
0.365                     0.22499999999999998      3.6325930578900874
0.375                     0.22499999999999998      3.5920020521207014
0.385                     0.22499999999999998      3.5556115130784613
0.395                     0.22499999999999998      3.523097505918884
0.405                     0.22499999999999998      3.494219255052605
0.41500000000000004       0.22499999999999998      3.4687479495040616
0.42500000000000004       0.22499999999999998      3.4465132118195623
0.43500000000000005       0.22499999999999998      3.4273546318140005
0.44499999999999995       0.22499999999999998      3.4111512485838897
0.45499999999999996       0.22499999999999998      3.397799062680178
0.46499999999999997       0.22499999999999998      3.387210369164107
0.475                     0.22499999999999998      3.37932627476664
0.485                     0.22499999999999998      3.374095738589616
0.495                     0.22499999999999998      3.3714878952364122
-0.495                    0.235                    3.2752823727128444
-0.485                    0.235                    3.277895919309083
-0.475                    0.235                    3.2831378760370065
-0.46499999999999997      0.235                    3.2910391452887096
-0.45499999999999996      0.235                    3.301650856482345
-0.44499999999999995      0.235                    3.3150320385061685
-0.43500000000000005      0.235                    3.331270699129324
-0.42500000000000004      0.235                    3.350471371666143
-0.41500000000000004      0.235                    3.3727554046241996
-0.405                    0.235                    3.398285394502228
-0.395                    0.235                    3.4272326093369094
-0.385                    0.235                    3.4598288845962277
-0.375                    0.235                    3.4963221218263234
-0.365                    0.235                    3.5370417758026944
-0.355                    0.235                    3.5823582770784905
-0.345                    0.235                    3.6327302279233025
-0.33499999999999996      0.235                    3.6887805246879077
-0.32499999999999996      0.235                    3.751178330467616
-0.31499999999999995      0.235                    3.8209055059010053
-0.30499999999999994      0.235                    3.8992843721099164
-0.29500000000000004      0.235                    3.9879504529687084
-0.28500000000000003      0.235                    4.089531770319201
-0.275                    0.235                    4.2077490539392794
-0.265                    0.235                    4.348195773088683
-0.255                    0.235                    4.516229302987822
-0.245                    0.235                    4.613884425330097
-0.235                    0.235                    4.624809299303137
-0.22499999999999998      0.235                    4.635316199465335
-0.21500000000000005      0.235                    4.644800342309226
-0.20500000000000004      0.235                    4.653276415379553
-0.19500000000000003      0.235                    4.660865250268886
-0.18500000000000003      0.235                    4.667684036572884
-0.17500000000000002      0.235                    4.67383022560001
-0.165                    0.235                    4.679382245618616
-0.15500000000000003      0.235                    4.684403332551513
-0.14500000000000002      0.235                    4.688944920603143
-0.135                    0.235                    4.693049301883333
-0.125                    0.235                    4.696751583965748
-0.11499999999999999      0.235                    4.700081153968487
-0.10499999999999998      0.235                    4.7030627615131975
-0.09499999999999997      0.235                    4.705717335664318
-0.08499999999999999      0.235                    4.708062605417073
-0.07499999999999998      0.235                    4.710113575338568
-0.06499999999999997      0.235                    4.7118828926886165
-0.054999999999999966     0.235                    4.713381132125435
-0.04499999999999996      0.235                    4.714617016789518
-0.03499999999999995      0.235                    4.715597589413016
-0.025000000000000022     0.235                    4.716328342871883
-0.015000000000000013     0.235                    4.716813317458372
-0.0050000000000000044    0.235                    4.717055170069072
0.0050000000000000044     0.235                    4.717055218473853
0.015000000000000013      0.235                    4.716813463046928
0.025000000000000022      0.235                    4.716328586719297
0.03500000000000003       0.235                    4.715597933330701
0.04500000000000004       0.235                    4.714617463361529
0.05500000000000005       0.235                    4.713381684850109
0.06499999999999995       0.235                    4.711883556087646
0.07499999999999996       0.235                    4.710114355039542
0.08499999999999996       0.235                    4.7080635084269
0.09499999999999997       0.235                    4.705718370668336
0.10499999999999998       0.235                    4.703063939251661
0.11499999999999999       0.235                    4.700082487501309
0.125                     0.235                    4.696753089297134
0.135                     0.235                    4.693050998772067
0.14500000000000002       0.235                    4.68894683356782
0.15500000000000003       0.235                    4.684405488937734
0.16500000000000004       0.235                    4.679384678962846
0.17500000000000004       0.235                    4.673832969986331
0.18500000000000005       0.235                    4.667687134463683
0.19499999999999995       0.235                    4.660868739872653
0.20499999999999996       0.235                    4.653280494066774
0.21499999999999997       0.235                    4.644805553486083
0.22499999999999998       0.235                    4.6353258965485615
0.235                     0.235                    4.624818671629818
0.245                     0.235                    4.613884201081063
0.255                     0.235                    4.515987247168742
0.265                     0.235                    4.348111550295442
0.275                     0.235                    4.207698208823645
0.28500000000000003       0.235                    4.089478985699783
0.29500000000000004       0.235                    3.987910066267873
0.30500000000000005       0.235                    3.899243340925441
0.31499999999999995       0.235                    3.8208685218256266
0.32499999999999996       0.235                    3.7511447746712503
0.33499999999999996       0.235                    3.688749635567757
0.345                     0.235                    3.632701704859674
0.355                     0.235                    3.582331583727723
0.365                     0.235                    3.5370168053860604
0.375                     0.235                    3.4962983138330976
0.385                     0.235                    3.4598069012617554
0.395                     0.235                    3.4272108812621536
0.405                     0.235                    3.3982647323556865
0.41500000000000004       0.235                    3.3727357562049525
0.42500000000000004       0.235                    3.350452140607284
0.43500000000000005       0.235                    3.3312520338047085
0.44499999999999995       0.235                    3.3150138244247795
0.45499999999999996       0.235                    3.3016330023432783
0.46499999999999997       0.235                    3.2910215745905402
0.475                     0.235                    3.283120514452927
0.485                     0.235                    3.2778786954339014
0.495                     0.235                    3.275265217416675
-0.495                    0.245                    3.1764491611900425
-0.485                    0.245                    3.179052904862509
-0.475                    0.245                    3.1842749912320527
-0.46499999999999997      0.245                    3.1921457709849212
-0.45499999999999996      0.245                    3.2027154564168083
-0.44499999999999995      0.245                    3.216042013224313
-0.43500000000000005      0.245                    3.232211839435755
-0.42500000000000004      0.245                    3.2513274956125944
-0.41500000000000004      0.245                    3.273508289940385
-0.405                    0.245                    3.2989134137524223
-0.395                    0.245                    3.327711643212664
-0.385                    0.245                    3.360129643034652
-0.375                    0.245                    3.396411474433061
-0.365                    0.245                    3.436880255927892
-0.355                    0.245                    3.4819008464852885
-0.345                    0.245                    3.53192500744744
-0.33499999999999996      0.245                    3.5875692306254496
-0.32499999999999996      0.245                    3.6494989864146006
-0.31499999999999995      0.245                    3.7187003780765933
-0.30499999999999994      0.245                    3.796526068930707
-0.29500000000000004      0.245                    3.884702389145334
-0.28500000000000003      0.245                    3.9861448393525283
-0.275                    0.245                    4.105541928695895
-0.265                    0.245                    4.252287507484267
-0.255                    0.245                    4.451039975358652
-0.245                    0.245                    4.592913891509437
-0.235                    0.245                    4.608415598332405
-0.22499999999999998      0.245                    4.621177934971432
-0.21500000000000005      0.245                    4.631875867108685
-0.20500000000000004      0.245                    4.641103321044751
-0.19500000000000003      0.245                    4.649201172322787
-0.18500000000000003      0.245                    4.656386472666207
-0.17500000000000002      0.245                    4.662807975847793
-0.165                    0.245                    4.6685733062537595
-0.15500000000000003      0.245                    4.67376353586101
-0.14500000000000002      0.245                    4.678441637494556
-0.135                    0.245                    4.6826576831003255
-0.125                    0.245                    4.686452232596057
-0.11499999999999999      0.245                    4.689858600931553
-0.10499999999999998      0.245                    4.692904432795364
-0.09499999999999997      0.245                    4.6956128360620975
-0.08499999999999999      0.245                    4.698003204003738
-0.07499999999999998      0.245                    4.700091825665984
-0.06499999999999997      0.245                    4.701892345851457
-0.054999999999999966     0.245                    4.7034161192549915
-0.04499999999999996      0.245                    4.704672473112045
-0.03499999999999995      0.245                    4.705668914337624
-0.025000000000000022     0.245                    4.706411284788273
-0.015000000000000013     0.245                    4.706903871211466
-0.0050000000000000044    0.245                    4.707149490733244
0.0050000000000000044     0.245                    4.707149538517494
0.015000000000000013      0.245                    4.706904014805684
0.025000000000000022      0.245                    4.70641152517252
0.03500000000000003       0.245                    4.705669253629572
0.04500000000000004       0.245                    4.704672913045849
0.05500000000000005       0.245                    4.703416663897141
0.06499999999999995       0.245                    4.701892999274161
0.07499999999999996       0.245                    4.700092592990807
0.08499999999999996       0.245                    4.6980040928222415
0.09499999999999997       0.245                    4.695613854454766
0.10499999999999998       0.245                    4.692905590422093
0.11499999999999999       0.245                    4.689859912315008
0.125                     0.245                    4.686453713368523
0.135                     0.245                    4.682659352353195
0.14500000000000002       0.245                    4.6784435216082825
0.15500000000000003       0.245                    4.673765671946902
0.16500000000000004       0.245                    4.668575732184676
0.17500000000000004       0.245                    4.6628107588106875
0.18500000000000005       0.245                    4.656389686471627
0.19499999999999995       0.245                    4.649204932213553
0.20499999999999996       0.245                    4.641107766364998
0.21499999999999997       0.245                    4.63188122689661
0.22499999999999998       0.245                    4.621186137244137
0.235                     0.245                    4.608438863064696
0.245                     0.245                    4.592930549150897
0.255                     0.245                    4.44878931942181
0.265                     0.245                    4.252205862397398
0.275                     0.245                    4.105459218454425
0.28500000000000003       0.245                    3.986079879069213
0.29500000000000004       0.245                    3.8846461344391985
0.30500000000000005       0.245                    3.796480758325805
0.31499999999999995       0.245                    3.718660371662683
0.32499999999999996       0.245                    3.6494633582613862
0.33499999999999996       0.245                    3.5875366592229723
0.345                     0.245                    3.5318952561500336
0.355                     0.245                    3.481873035257194
0.365                     0.245                    3.436854715914061
0.375                     0.245                    3.396386631574776
0.385                     0.245                    3.3601069273317385
0.395                     0.245                    3.3276891822590655
0.405                     0.245                    3.29889266383936
0.41500000000000004       0.245                    3.2734883435990785
0.42500000000000004       0.245                    3.2513081200669784
0.43500000000000005       0.245                    3.2321929207819693
0.44499999999999995       0.245                    3.216023598036966
0.45499999999999996       0.245                    3.2026974263309236
0.46499999999999997       0.245                    3.192128043604756
0.475                     0.245                    3.184257486406876
0.485                     0.245                    3.1790355462793483
0.495                     0.245                    3.1764318755380114
-0.495                    0.255                    3.0750149701141702
-0.485                    0.255                    3.077593742617834
-0.475                    0.255                    3.082765350531511
-0.46499999999999997      0.255                    3.090559020005733
-0.45499999999999996      0.255                    3.10102306609466
-0.44499999999999995      0.255                    3.1142132144820214
-0.43500000000000005      0.255                    3.130212399294505
-0.42500000000000004      0.255                    3.1491189732070803
-0.41500000000000004      0.255                    3.1710469625805624
-0.405                    0.255                    3.1961483202552743
-0.395                    0.255                    3.2245840305146274
-0.385                    0.255                    3.2565682335662203
-0.375                    0.255                    3.292331854228376
-0.365                    0.255                    3.332177624779788
-0.355                    0.255                    3.3764465371939054
-0.345                    0.255                    3.425557313858924
-0.33499999999999996      0.255                    3.480074201336283
-0.32499999999999996      0.255                    3.540599739946271
-0.31499999999999995      0.255                    3.60801445061919
-0.30499999999999994      0.255                    3.6834958298259837
-0.29500000000000004      0.255                    3.768513404266404
-0.28500000000000003      0.255                    3.8654153930106103
-0.275                    0.255                    3.9777657558530075
-0.265                    0.255                    4.111763390891887
-0.255                    0.255                    4.278626770838465
-0.245                    0.255                    4.417920933408746
-0.235                    0.255                    4.467694742642867
-0.22499999999999998      0.255                    4.493356423812949
-0.21500000000000005      0.255                    4.511134946075919
-0.20500000000000004      0.255                    4.52489957564479
-0.19500000000000003      0.255                    4.536169558133626
-0.18500000000000003      0.255                    4.545694877837163
-0.17500000000000002      0.255                    4.553905787616982
-0.165                    0.255                    4.56107789009509
-0.15500000000000003      0.255                    4.567394020307068
-0.14500000000000002      0.255                    4.5729869896634
-0.135                    0.255                    4.577954576385029
-0.125                    0.255                    4.582371738356182
-0.11499999999999999      0.255                    4.586296622518505
-0.10499999999999998      0.255                    4.589776102449696
-0.09499999999999997      0.255                    4.592847616801594
-0.08499999999999999      0.255                    4.595541571176181
-0.07499999999999998      0.255                    4.5978830039345
-0.06499999999999997      0.255                    4.5998926716632464
-0.054999999999999966     0.255                    4.601587063539798
-0.04499999999999996      0.255                    4.6029799179827355
-0.03499999999999995      0.255                    4.604081940764291
-0.025000000000000022     0.255                    4.604901456905143
-0.015000000000000013     0.255                    4.605444523505744
-0.0050000000000000044    0.255                    4.605715091094966
0.0050000000000000044     0.255                    4.605715146128224
0.015000000000000013      0.255                    4.605444664526522
0.025000000000000022      0.255                    4.604901672422332
0.03500000000000003       0.255                    4.60408223250219
0.04500000000000004       0.255                    4.6029803146066595
0.05500000000000005       0.255                    4.6015875767774235
0.06499999999999995       0.255                    4.599893238510099
0.07499999999999996       0.255                    4.5978837638392225
0.08499999999999996       0.255                    4.595542371879983
0.09499999999999997       0.255                    4.59284851734713
0.10499999999999998       0.255                    4.5897772438232955
0.11499999999999999       0.255                    4.586297876198892
0.125                     0.255                    4.582373036499958
0.135                     0.255                    4.5779560691427
0.14500000000000002       0.255                    4.572988655479515
0.15500000000000003       0.255                    4.56739589975683
0.16500000000000004       0.255                    4.561080097873616
0.17500000000000004       0.255                    4.55390895752819
0.18500000000000005       0.255                    4.5456980479711255
0.19499999999999995       0.255                    4.536174133541714
0.20499999999999996       0.255                    4.524906915895949
0.21499999999999997       0.255                    4.511146108466587
0.22499999999999998       0.255                    4.4933875672635555
0.235                     0.255                    4.467786131661342
0.245                     0.255                    4.417680972330774
0.255                     0.255                    4.277566341079714
0.265                     0.255                    4.111653167681151
0.275                     0.255                    3.97767667360631
0.28500000000000003       0.255                    3.865348222128862
0.29500000000000004       0.255                    3.768444495309078
0.30500000000000005       0.255                    3.6834484920540107
0.31499999999999995       0.255                    3.6079727450432637
0.32499999999999996       0.255                    3.5405629600899546
0.33499999999999996       0.255                    3.480040568349348
0.345                     0.255                    3.425526762844319
0.355                     0.255                    3.3764182664000106
0.365                     0.255                    3.3321520631486083
0.375                     0.255                    3.292306226810669
0.385                     0.255                    3.2565446370985023
0.395                     0.255                    3.2245610816829853
0.405                     0.255                    3.196127629579398
0.41500000000000004       0.255                    3.171026918839569
0.42500000000000004       0.255                    3.149099512196074
0.43500000000000005       0.255                    3.1301933072578128
0.44499999999999995       0.255                    3.114194684232284
0.45499999999999996       0.255                    3.10100494276442
0.46499999999999997       0.255                    3.090541215953788
0.475                     0.255                    3.082747778405591
0.485                     0.255                    3.077576323032702
0.495                     0.255                    3.074997626773537
-0.495                    0.265                    2.9710046695091474
-0.485                    0.265                    2.973543857666238
-0.475                    0.265                    2.978635510236296
-0.46499999999999997      0.265                    2.986307201253301
-0.45499999999999996      0.265                    2.9966044466329906
-0.44499999999999995      0.265                    3.009579650104194
-0.43500000000000005      0.265                    3.0253106031009156
-0.42500000000000004      0.265                    3.0438892817156735
-0.41500000000000004      0.265                    3.065421957759974
-0.405                    0.265                    3.090049161073185
-0.395                    0.265                    3.1179197887032832
-0.385                    0.265                    3.1492284757383064
-0.375                    0.265                    3.1841864643445237
-0.365                    0.265                    3.2230611019499285
-0.355                    0.265                    3.266156386130371
-0.345                    0.265                    3.313834526290246
-0.33499999999999996      0.265                    3.366570013003016
-0.32499999999999996      0.265                    3.42485494150398
-0.31499999999999995      0.265                    3.489378090215782
-0.30499999999999994      0.265                    3.5609897864264553
-0.29500000000000004      0.265                    3.640656131568413
-0.28500000000000003      0.265                    3.729626663033525
-0.275                    0.265                    3.829171881725059
-0.265                    0.265                    3.939494557922197
-0.255                    0.265                    4.054501585589312
-0.245                    0.265                    4.152081752338861
-0.235                    0.265                    4.2160866026772394
-0.22499999999999998      0.265                    4.256742835318107
-0.21500000000000005      0.265                    4.284903428985623
-0.20500000000000004      0.265                    4.305969808548877
-0.19500000000000003      0.265                    4.322582909894136
-0.18500000000000003      0.265                    4.336152269390706
-0.17500000000000002      0.265                    4.347508071751609
-0.165                    0.265                    4.357175921257962
-0.15500000000000003      0.265                    4.365506504816875
-0.14500000000000002      0.265                    4.372745037858674
-0.135                    0.265                    4.379070230514976
-0.125                    0.265                    4.384614995657225
-0.11499999999999999      0.265                    4.389481532019305
-0.10499999999999998      0.265                    4.393749485709983
-0.09499999999999997      0.265                    4.3974818621232385
-0.08499999999999999      0.265                    4.400729059731212
-0.07499999999999998      0.265                    4.403531738651165
-0.06499999999999997      0.265                    4.405922769881131
-0.054999999999999966     0.265                    4.407928696252848
-0.04499999999999996      0.265                    4.409570660383356
-0.03499999999999995      0.265                    4.410865488246472
-0.025000000000000022     0.265                    4.41182585074928
-0.015000000000000013     0.265                    4.412461150246487
-0.0050000000000000044    0.265                    4.4127773272832105
0.0050000000000000044     0.265                    4.412777353889593
0.015000000000000013      0.265                    4.412461241837727
0.025000000000000022      0.265                    4.411825983845098
0.03500000000000003       0.265                    4.4108656355816205
0.04500000000000004       0.265                    4.40957083419887
0.05500000000000005       0.265                    4.4079288103033365
0.06499999999999995       0.265                    4.405922992210111
0.07499999999999996       0.265                    4.403531931114419
0.08499999999999996       0.265                    4.400729246874398
0.09499999999999997       0.265                    4.397481966683192
0.10499999999999998       0.265                    4.393749730244215
0.11499999999999999       0.265                    4.389481685916725
0.125                     0.265                    4.384615027692873
0.135                     0.265                    4.379070261142189
0.14500000000000002       0.265                    4.372744970245018
0.15500000000000003       0.265                    4.365505735489688
0.16500000000000004       0.265                    4.357175338369733
0.17500000000000004       0.265                    4.3475063258648605
0.18500000000000005       0.265                    4.336150554802946
0.19499999999999995       0.265                    4.322580918211064
0.20499999999999996       0.265                    4.305967589962979
0.21499999999999997       0.265                    4.284896669979124
0.22499999999999998       0.265                    4.256734453882542
0.235                     0.265                    4.2160939674660165
0.245                     0.265                    4.152036730169507
0.255                     0.265                    4.054406978668213
0.265                     0.265                    3.9393910011367868
0.275                     0.265                    3.829083866076854
0.28500000000000003       0.265                    3.729561999952544
0.29500000000000004       0.265                    3.640582525415213
0.30500000000000005       0.265                    3.560942494453826
0.31499999999999995       0.265                    3.489336107705807
0.32499999999999996       0.265                    3.424818135669303
0.33499999999999996       0.265                    3.366536043537647
0.345                     0.265                    3.3138036851381525
0.355                     0.265                    3.266128442363094
0.365                     0.265                    3.223036436776527
0.375                     0.265                    3.184159868080126
0.385                     0.265                    3.149204795021795
0.395                     0.265                    3.117896558533732
0.405                     0.265                    3.0900286443589504
0.41500000000000004       0.265                    3.065401882147909
0.42500000000000004       0.265                    3.043869858544248
0.43500000000000005       0.265                    3.0252914606638606
0.44499999999999995       0.265                    3.0095611027860656
0.45499999999999996       0.265                    2.9965863186102872
0.46499999999999997       0.265                    2.986289404034779
0.475                     0.265                    2.978617949931457
0.485                     0.265                    2.9735264541032986
0.495                     0.265                    2.9709873444068964
-0.495                    0.275                    2.8644576954308736
-0.485                    0.275                    2.8669434998801404
-0.475                    0.275                    2.871927382467307
-0.46499999999999997      0.275                    2.8794348084987536
-0.45499999999999996      0.275                    2.889507722490054
-0.44499999999999995      0.275                    2.902194285971411
-0.43500000000000005      0.275                    2.9175657625434805
-0.42500000000000004      0.275                    2.9357058494003128
-0.41500000000000004      0.275                    2.956710903235658
-0.405                    0.275                    2.9807070728317044
-0.395                    0.275                    3.007827196303568
-0.385                    0.275                    3.038241287802745
-0.375                    0.275                    3.0721371121306102
-0.365                    0.275                    3.1097300315670617
-0.355                    0.275                    3.151287499930457
-0.345                    0.275                    3.197093466560239
-0.33499999999999996      0.275                    3.247511556451553
-0.32499999999999996      0.275                    3.30290007782396
-0.31499999999999995      0.275                    3.363715849770718
-0.30499999999999994      0.275                    3.4304427019390547
-0.29500000000000004      0.275                    3.503512584691986
-0.28500000000000003      0.275                    3.5831747592265333
-0.275                    0.275                    3.6690830309649822
-0.265                    0.275                    3.7591496808636564
-0.255                    0.275                    3.8477190294136205
-0.245                    0.275                    3.925575841436178
-0.235                    0.275                    3.9864810137349815
-0.22499999999999998      0.275                    4.031611136527622
-0.21500000000000005      0.275                    4.0653321580460435
-0.20500000000000004      0.275                    4.091308701654078
-0.19500000000000003      0.275                    4.111943913948947
-0.18500000000000003      0.275                    4.1287700661739715
-0.17500000000000002      0.275                    4.142767487632906
-0.165                    0.275                    4.1545926134524125
-0.15500000000000003      0.275                    4.1646984048161215
-0.14500000000000002      0.275                    4.173408518866728
-0.135                    0.275                    4.180960080549052
-0.125                    0.275                    4.187532045128457
-0.11499999999999999      0.275                    4.1932616661364746
-0.10499999999999998      0.275                    4.198255997531094
-0.09499999999999997      0.275                    4.202599266761966
-0.08499999999999999      0.275                    4.2063593941010105
-0.07499999999999998      0.275                    4.2095907155989964
-0.06499999999999997      0.275                    4.212336867204589
-0.054999999999999966     0.275                    4.214633208926585
-0.04499999999999996      0.275                    4.216507789856525
-0.03499999999999995      0.275                    4.217982617009833
-0.025000000000000022     0.275                    4.2190747263942265
-0.015000000000000013     0.275                    4.219796222182405
-0.0050000000000000044    0.275                    4.2201549954043545
0.0050000000000000044     0.275                    4.2201550103649295
0.015000000000000013      0.275                    4.219796208963009
0.025000000000000022      0.275                    4.219074714635834
0.03500000000000003       0.275                    4.217982628522731
0.04500000000000004       0.275                    4.216507691078407
0.05500000000000005       0.275                    4.214633103213339
0.06499999999999995       0.275                    4.2123368289923215
0.07499999999999996       0.275                    4.209590491260559
0.08499999999999996       0.275                    4.206359252834545
0.09499999999999997       0.275                    4.202598857188586
0.10499999999999998       0.275                    4.198255306558299
0.11499999999999999       0.275                    4.193261093303592
0.125                     0.275                    4.187531407391455
0.135                     0.275                    4.180959055775479
0.14500000000000002       0.275                    4.173407246321486
0.15500000000000003       0.275                    4.164696372402141
0.16500000000000004       0.275                    4.154590436481732
0.17500000000000004       0.275                    4.142763659436695
0.18500000000000005       0.275                    4.12876527867701
0.19499999999999995       0.275                    4.11193785112808
0.20499999999999996       0.275                    4.091296543960022
0.21499999999999997       0.275                    4.065320556379184
0.22499999999999998       0.275                    4.03158922773458
0.235                     0.275                    3.98644363742002
0.245                     0.275                    3.925538165905535
0.255                     0.275                    3.8476500798635986
0.265                     0.275                    3.75907651550213
0.275                     0.275                    3.6690151689082047
0.28500000000000003       0.275                    3.583116924943431
0.29500000000000004       0.275                    3.5034450470926597
0.30500000000000005       0.275                    3.4303969681904323
0.31499999999999995       0.275                    3.363674917230896
0.32499999999999996       0.275                    3.30286377779532
0.33499999999999996       0.275                    3.247477882046247
0.345                     0.275                    3.197062877484367
0.355                     0.275                    3.151261129623966
0.365                     0.275                    3.1097093700067386
0.375                     0.275                    3.072108535322699
0.385                     0.275                    3.0382183974490453
0.395                     0.275                    3.0078036702118416
0.405                     0.275                    2.980686773805345
0.41500000000000004       0.275                    2.9566910093761107
0.42500000000000004       0.275                    2.9356865503427825
0.43500000000000005       0.275                    2.917546624961125
0.44499999999999995       0.275                    2.902175814072009
0.45499999999999996       0.275                    2.8894896776043777
0.46499999999999997       0.275                    2.8794171022962676
0.475                     0.275                    2.8719099147568654
0.485                     0.275                    2.8669261915592066
0.495                     0.275                    2.8644404666602843
-0.495                    0.28500000000000003      2.7554272425070976
-0.485                    0.28500000000000003      2.7578469015020453
-0.475                    0.28500000000000003      2.762697318122019
-0.46499999999999997      0.28500000000000003      2.770001488430084
-0.45499999999999996      0.28500000000000003      2.779797178530676
-0.44499999999999995      0.28500000000000003      2.7921275962367584
-0.43500000000000005      0.28500000000000003      2.8070563785872276
-0.42500000000000004      0.28500000000000003      2.82465762056663
-0.41500000000000004      0.28500000000000003      2.845016076118331
-0.405                    0.28500000000000003      2.8682413724393245
-0.395                    0.28500000000000003      2.894447510950319
-0.385                    0.28500000000000003      2.9237773646928553
-0.375                    0.28500000000000003      2.956389500195086
-0.365                    0.28500000000000003      2.992450952840718
-0.355                    0.28500000000000003      3.0321719365622757
-0.345                    0.28500000000000003      3.0757646562225167
-0.33499999999999996      0.28500000000000003      3.123474404981707
-0.32499999999999996      0.28500000000000003      3.175526228992975
-0.31499999999999995      0.28500000000000003      3.2321533471351658
-0.30499999999999994      0.28500000000000003      3.293527641200959
-0.29500000000000004      0.28500000000000003      3.359671419880269
-0.28500000000000003      0.28500000000000003      3.430232523948388
-0.275                    0.28500000000000003      3.5042218249394037
-0.265                    0.28500000000000003      3.579435932197034
-0.255                    0.28500000000000003      3.6521114098922287
-0.245                    0.28500000000000003      3.717693077490918
-0.235                    0.28500000000000003      3.7730071246635224
-0.22499999999999998      0.28500000000000003      3.8176891525100354
-0.21500000000000005      0.28500000000000003      3.8532941205913365
-0.20500000000000004      0.28500000000000003      3.8818385682819545
-0.19500000000000003      0.28500000000000003      3.9050313681306528
-0.18500000000000003      0.28500000000000003      3.9241641201637405
-0.17500000000000002      0.28500000000000003      3.940167286590642
-0.165                    0.28500000000000003      3.9537080189056453
-0.15500000000000003      0.28500000000000003      3.965272457466496
-0.14500000000000002      0.28500000000000003      3.9752204851175477
-0.135                    0.28500000000000003      3.983822780341436
-0.125                    0.28500000000000003      3.991286774371637
-0.11499999999999999      0.28500000000000003      3.9977736517390356
-0.10499999999999998      0.28500000000000003      4.003410202878055
-0.09499999999999997      0.28500000000000003      4.008297679191244
-0.08499999999999999      0.28500000000000003      4.012516913967832
-0.07499999999999998      0.28500000000000003      4.016133352013318
-0.06499999999999997      0.28500000000000003      4.019199720074508
-0.054999999999999966     0.28500000000000003      4.021758512001468
-0.04499999999999996      0.28500000000000003      4.02384362364702
-0.03499999999999995      0.28500000000000003      4.025481863899501
-0.025000000000000022     0.28500000000000003      4.0266934819086355
-0.015000000000000013     0.28500000000000003      4.027493313457987
-0.0050000000000000044    0.28500000000000003      4.027890818591032
0.0050000000000000044     0.28500000000000003      4.02789080346711
0.015000000000000013      0.28500000000000003      4.0274932143043705
0.025000000000000022      0.28500000000000003      4.026693383724883
0.03500000000000003       0.28500000000000003      4.0254816572857015
0.04500000000000004       0.28500000000000003      4.023843440594982
0.05500000000000005       0.28500000000000003      4.0217581822714745
0.06499999999999995       0.28500000000000003      4.019199388941753
0.07499999999999996       0.28500000000000003      4.01613285115811
0.08499999999999996       0.28500000000000003      4.012516283313732
0.09499999999999997       0.28500000000000003      4.008296802862484
0.10499999999999998       0.28500000000000003      4.003409175426817
0.11499999999999999       0.28500000000000003      3.997772258396338
0.125                     0.28500000000000003      3.9912851636979574
0.135                     0.28500000000000003      3.9838208970898448
0.14500000000000002       0.28500000000000003      3.9752180471211864
0.15500000000000003       0.28500000000000003      3.9652692196965393
0.16500000000000004       0.28500000000000003      3.9537041505567614
0.17500000000000004       0.28500000000000003      3.9401618776158593
0.18500000000000005       0.28500000000000003      3.924157621656279
0.19499999999999995       0.28500000000000003      3.9050215431566415
0.20499999999999996       0.28500000000000003      3.8818236001514435
0.21499999999999997       0.28500000000000003      3.8532789525679787
0.22499999999999998       0.28500000000000003      3.817665581818177
0.235                     0.28500000000000003      3.7729762096174877
0.245                     0.28500000000000003      3.717653884167683
0.255                     0.28500000000000003      3.652060963024631
0.265                     0.28500000000000003      3.579381563473481
0.275                     0.28500000000000003      3.5041698273307067
0.28500000000000003       0.28500000000000003      3.430184465770334
0.29500000000000004       0.28500000000000003      3.359616112370544
0.30500000000000005       0.28500000000000003      3.29348467366681
0.31499999999999995       0.28500000000000003      3.2321141760123044
0.32499999999999996       0.28500000000000003      3.175490559231568
0.33499999999999996       0.28500000000000003      3.1234414079119333
0.345                     0.28500000000000003      3.075734833406468
0.355                     0.28500000000000003      3.0321466798545194
0.365                     0.28500000000000003      2.9924317208002336
0.375                     0.28500000000000003      2.956361909636237
0.385                     0.28500000000000003      2.923755954161381
0.395                     0.28500000000000003      2.8944266616011616
0.405                     0.28500000000000003      2.8682210805682327
0.41500000000000004       0.28500000000000003      2.844996412868359
0.42500000000000004       0.28500000000000003      2.824638495303475
0.43500000000000005       0.28500000000000003      2.807037377552922
0.44499999999999995       0.28500000000000003      2.7921092949922763
0.45499999999999996       0.28500000000000003      2.7797793058527906
0.46499999999999997       0.28500000000000003      2.7699839581367236
0.475                     0.28500000000000003      2.762680025772905
0.485                     0.28500000000000003      2.7578297687430657
0.495                     0.28500000000000003      2.7554101892270246
-0.495                    0.29500000000000004      2.6439792345826776
-0.485                    0.29500000000000004      2.646321202464192
-0.475                    0.29500000000000004      2.651014940700673
-0.46499999999999997      0.29500000000000004      2.658080720754485
-0.45499999999999996      0.29500000000000004      2.667551715033883
-0.44499999999999995      0.29500000000000004      2.6794656884146892
-0.43500000000000005      0.29500000000000004      2.6938779158816244
-0.42500000000000004      0.29500000000000004      2.7108521497600657
-0.41500000000000004      0.29500000000000004      2.7304601636656396
-0.405                    0.29500000000000004      2.7527960676685694
-0.395                    0.29500000000000004      2.777949400590273
-0.385                    0.29500000000000004      2.806037539806143
-0.375                    0.29500000000000004      2.8371874176969722
-0.365                    0.29500000000000004      2.871520275402832
-0.355                    0.29500000000000004      2.909187876875138
-0.345                    0.29500000000000004      2.9503288703647046
-0.33499999999999996      0.29500000000000004      2.995085779511417
-0.32499999999999996      0.29500000000000004      3.0435606160007316
-0.31499999999999995      0.29500000000000004      3.095820084544022
-0.30499999999999994      0.29500000000000004      3.1518025605888025
-0.29500000000000004      0.29500000000000004      3.2112890053820085
-0.28500000000000003      0.29500000000000004      3.2736665449358515
-0.275                    0.29500000000000004      3.3378554865751995
-0.265                    0.29500000000000004      3.4020622972280083
-0.255                    0.29500000000000004      3.4638439085815316
-0.245                    0.29500000000000004      3.5206111699416676
-0.235                    0.29500000000000004      3.5704921003982255
-0.22499999999999998      0.29500000000000004      3.6128785979861453
-0.21500000000000005      0.29500000000000004      3.648257605781775
-0.20500000000000004      0.29500000000000004      3.6776417996709334
-0.19500000000000003      0.29500000000000004      3.702119348844536
-0.18500000000000003      0.29500000000000004      3.722648878064134
-0.17500000000000002      0.29500000000000004      3.740002163990993
-0.165                    0.29500000000000004      3.7547805314318916
-0.15500000000000003      0.29500000000000004      3.7674501967847536
-0.14500000000000002      0.29500000000000004      3.7783690559878793
-0.135                    0.29500000000000004      3.7878172080495407
-0.125                    0.29500000000000004      3.7960138591254142
-0.11499999999999999      0.29500000000000004      3.803132051743784
-0.10499999999999998      0.29500000000000004      3.8093110019560212
-0.09499999999999997      0.29500000000000004      3.814662130542028
-0.08499999999999999      0.29500000000000004      3.81927556147217
-0.07499999999999998      0.29500000000000004      3.823224776865281
-0.06499999999999997      0.29500000000000004      3.826569000374385
-0.054999999999999966     0.29500000000000004      3.8293564800696043
-0.04499999999999996      0.29500000000000004      3.8316256526949886
-0.03499999999999995      0.29500000000000004      3.8334068676631174
-0.025000000000000022     0.29500000000000004      3.834723385384019
-0.015000000000000013     0.29500000000000004      3.8355919858663565
-0.0050000000000000044    0.29500000000000004      3.836023531787937
0.0050000000000000044     0.29500000000000004      3.836023479586755
0.015000000000000013      0.29500000000000004      3.8355917955288046
0.025000000000000022      0.29500000000000004      3.8347230896507982
0.03500000000000003       0.29500000000000004      3.8334064541704347
0.04500000000000004       0.29500000000000004      3.83162505823468
0.05500000000000005       0.29500000000000004      3.8293557254150272
0.06499999999999995       0.29500000000000004      3.8265680681207956
0.07499999999999996       0.29500000000000004      3.8232235727952917
0.08499999999999996       0.29500000000000004      3.8192741165608286
0.09499999999999997       0.29500000000000004      3.814660325078373
0.10499999999999998       0.29500000000000004      3.809308785310175
0.11499999999999999       0.29500000000000004      3.8031293712642347
0.125                     0.29500000000000004      3.796010318509815
0.135                     0.29500000000000004      3.7878131877703
0.14500000000000002       0.29500000000000004      3.778363958307583
0.15500000000000003       0.29500000000000004      3.7674435224671345
0.16500000000000004       0.29500000000000004      3.754772446604582
0.17500000000000004       0.29500000000000004      3.739991446158152
0.18500000000000005       0.29500000000000004      3.7226356449969944
0.19499999999999995       0.29500000000000004      3.702102665360032
0.20499999999999996       0.29500000000000004      3.677620750795596
0.21499999999999997       0.29500000000000004      3.6482317034082925
0.22499999999999998       0.29500000000000004      3.612848378466534
0.235                     0.29500000000000004      3.5704614651380293
0.245                     0.29500000000000004      3.5205828326190636
0.255                     0.29500000000000004      3.463816850967867
0.265                     0.29500000000000004      3.4020350499334917
0.275                     0.29500000000000004      3.337826572858577
0.28500000000000003       0.29500000000000004      3.2736219199562218
0.29500000000000004       0.29500000000000004      3.2112455624603626
0.30500000000000005       0.29500000000000004      3.15176314753952
0.31499999999999995       0.29500000000000004      3.0957833300189552
0.32499999999999996       0.29500000000000004      3.043528345170413
0.33499999999999996       0.29500000000000004      2.995053996430709
0.345                     0.29500000000000004      2.9503004562197233
0.355                     0.29500000000000004      2.90916103735968
0.365                     0.29500000000000004      2.871497569435962
0.375                     0.29500000000000004      2.837161933635381
0.385                     0.29500000000000004      2.8060162279624685
0.395                     0.29500000000000004      2.777928548363461
0.405                     0.29500000000000004      2.7527743414370747
0.41500000000000004       0.29500000000000004      2.7304409810644605
0.42500000000000004       0.29500000000000004      2.7108332591500917
0.43500000000000005       0.29500000000000004      2.6938592119219753
0.44499999999999995       0.29500000000000004      2.679447665418638
0.45499999999999996       0.29500000000000004      2.667534108946393
0.46499999999999997       0.29500000000000004      2.6580634516452792
0.475                     0.29500000000000004      2.6509979056320843
0.485                     0.29500000000000004      2.646304325505675
0.495                     0.29500000000000004      2.643962435926002
-0.495                    0.30500000000000005      2.5301911181405585
-0.485                    0.30500000000000005      2.5324451916897393
-0.475                    0.30500000000000005      2.536961776247915
-0.46499999999999997      0.30500000000000005      2.54375827922408
-0.45499999999999996      0.30500000000000005      2.5528630538850585
-0.44499999999999995      0.30500000000000005      2.5643081695409524
-0.43500000000000005      0.30500000000000005      2.5781402359029855
-0.42500000000000004      0.30500000000000005      2.5944121734054315
-0.41500000000000004      0.30500000000000005      2.6131831606563583
-0.405                    0.30500000000000005      2.6345286273230424
-0.395                    0.30500000000000005      2.6585193519406416
-0.385                    0.30500000000000005      2.685245628557115
-0.375                    0.30500000000000005      2.714794757621765
-0.365                    0.30500000000000005      2.7472616977416475
-0.355                    0.30500000000000005      2.7827307094947877
-0.345                    0.30500000000000005      2.8212780720030737
-0.33499999999999996      0.30500000000000005      2.8629656483883683
-0.32499999999999996      0.30500000000000005      2.907798031287328
-0.31499999999999995      0.30500000000000005      2.9557208268884816
-0.30499999999999994      0.30500000000000005      3.0065318202835503
-0.29500000000000004      0.30500000000000005      3.0598980519465373
-0.28500000000000003      0.30500000000000005      3.1151668820417724
-0.275                    0.30500000000000005      3.171356940620026
-0.265                    0.30500000000000005      3.227102665139361
-0.255                    0.30500000000000005      3.2807586354318046
-0.245                    0.30500000000000005      3.3306946769492876
-0.235                    0.30500000000000005      3.3756869845826256
-0.22499999999999998      0.30500000000000005      3.415173735592376
-0.21500000000000005      0.30500000000000005      3.449226225572425
-0.20500000000000004      0.30500000000000005      3.4783255937057964
-0.19500000000000003      0.30500000000000005      3.503122778474137
-0.18500000000000003      0.30500000000000005      3.5242782939243935
-0.17500000000000002      0.30500000000000005      3.5423845911137666
-0.165                    0.30500000000000005      3.5579422142233965
-0.15500000000000003      0.30500000000000005      3.5713618736546424
-0.14500000000000002      0.30500000000000005      3.582976284355288
-0.135                    0.30500000000000005      3.5930538167414996
-0.125                    0.30500000000000005      3.6018111856463086
-0.11499999999999999      0.30500000000000005      3.609423942703544
-0.10499999999999998      0.30500000000000005      3.6160347641512622
-0.09499999999999997      0.30500000000000005      3.621760113715632
-0.08499999999999999      0.30500000000000005      3.62669526162548
-0.07499999999999998      0.30500000000000005      3.630918200544063
-0.06499999999999997      0.30500000000000005      3.6344927157524
-0.054999999999999966     0.30500000000000005      3.6374706494092464
-0.04499999999999996      0.30500000000000005      3.6398937543759713
-0.03499999999999995      0.30500000000000005      3.6417950251125877
-0.025000000000000022     0.30500000000000005      3.6431997526550646
-0.015000000000000013     0.30500000000000005      3.644126287899274
-0.0050000000000000044    0.30500000000000005      3.6445865879036723
0.0050000000000000044     0.30500000000000005      3.644586531653145
0.015000000000000013      0.30500000000000005      3.644126124130793
0.025000000000000022      0.30500000000000005      3.6431994677878743
0.03500000000000003       0.30500000000000005      3.6417946138543678
0.04500000000000004       0.30500000000000005      3.6398932042101433
0.05500000000000005       0.30500000000000005      3.6374699433257396
0.06499999999999995       0.30500000000000005      3.634491825807212
0.07499999999999996       0.30500000000000005      3.630917106188376
0.08499999999999996       0.30500000000000005      3.6266939082493637
0.09499999999999997       0.30500000000000005      3.6217584735928874
0.10499999999999998       0.30500000000000005      3.616032765283566
0.11499999999999999       0.30500000000000005      3.6094215227920015
0.125                     0.30500000000000005      3.601808254241859
0.135                     0.30500000000000005      3.593050253554606
0.14500000000000002       0.30500000000000005      3.58297195083446
0.15500000000000003       0.30500000000000005      3.5713565942054974
0.16500000000000004       0.30500000000000005      3.5579357371257516
0.17500000000000004       0.30500000000000005      3.5423766322124925
0.18500000000000005       0.30500000000000005      3.524268455522194
0.19499999999999995       0.30500000000000005      3.5031105684967168
0.20499999999999996       0.30500000000000005      3.4783103429966302
0.21499999999999997       0.30500000000000005      3.449207372542668
0.22499999999999998       0.30500000000000005      3.415150481924733
0.235                     0.30500000000000005      3.3756586354122105
0.245                     0.30500000000000005      3.330661698320982
0.255                     0.30500000000000005      3.2807212945809536
0.265                     0.30500000000000005      3.2270628576347065
0.275                     0.30500000000000005      3.17131643516061
0.28500000000000003       0.30500000000000005      3.1151265443080893
0.29500000000000004       0.30500000000000005      3.0598595614004767
0.30500000000000005       0.30500000000000005      3.0064955118974597
0.31499999999999995       0.30500000000000005      2.955687436919971
0.32499999999999996       0.30500000000000005      2.9077676282129317
0.33499999999999996       0.30500000000000005      2.862935570091137
0.345                     0.30500000000000005      2.821250581045313
0.355                     0.30500000000000005      2.7827031335001022
0.365                     0.30500000000000005      2.7472359145190364
0.375                     0.30500000000000005      2.71477248408464
0.385                     0.30500000000000005      2.685223837610345
0.395                     0.30500000000000005      2.658499092543989
0.405                     0.30500000000000005      2.634508513531457
0.41500000000000004       0.30500000000000005      2.6131640484019365
0.42500000000000004       0.30500000000000005      2.594393773774815
0.43500000000000005       0.30500000000000005      2.5781219634930084
0.44499999999999995       0.30500000000000005      2.5642905361732673
0.45499999999999996       0.30500000000000005      2.5528458075980542
0.46499999999999997       0.30500000000000005      2.543741355183214
0.475                     0.30500000000000005      2.5369450800903786
0.485                     0.30500000000000005      2.5324286495929087
0.495                     0.30500000000000005      2.5301746521540416
-0.495                    0.31499999999999995      2.414150529824223
-0.485                    0.31499999999999995      2.4163079199175774
-0.475                    0.31499999999999995      2.4206297554142426
-0.46499999999999997      0.31499999999999995      2.4271305513801686
-0.45499999999999996      0.31499999999999995      2.4358338020962336
-0.44499999999999995      0.31499999999999995      2.446765870659079
-0.43500000000000005      0.31499999999999995      2.4599647226803087
-0.42500000000000004      0.31499999999999995      2.4754726397475024
-0.41500000000000004      0.31499999999999995      2.4933363479859048
-0.405                    0.31499999999999995      2.5136132865113856
-0.395                    0.31499999999999995      2.5363574953434513
-0.385                    0.31499999999999995      2.561628638361721
-0.375                    0.31499999999999995      2.589490742300105
-0.365                    0.31499999999999995      2.6199942024114775
-0.355                    0.31499999999999995      2.6531835157220898
-0.345                    0.31499999999999995      2.689083857125046
-0.33499999999999996      0.31499999999999995      2.7276865238174537
-0.32499999999999996      0.31499999999999995      2.7689317296331
-0.31499999999999995      0.31499999999999995      2.812685123297798
-0.30499999999999994      0.31499999999999995      2.8587011509280336
-0.29500000000000004      0.31499999999999995      2.9065710202976103
-0.28500000000000003      0.31499999999999995      2.955696133470351
-0.275                    0.31499999999999995      3.005253588785082
-0.265                    0.31499999999999995      3.0542116306683194
-0.255                    0.31499999999999995      3.1014206189343527
-0.245                    0.31499999999999995      3.1457827302114962
-0.235                    0.31499999999999995      3.1864456502236562
-0.22499999999999998      0.31499999999999995      3.222932026091259
-0.21500000000000005      0.31499999999999995      3.2551487547412914
-0.20500000000000004      0.31499999999999995      3.2832970265784307
-0.19500000000000003      0.31499999999999995      3.3077482180441944
-0.18500000000000003      0.31499999999999995      3.3289384599196703
-0.17500000000000002      0.31499999999999995      3.3473006908998353
-0.165                    0.31499999999999995      3.3632298845762194
-0.15500000000000003      0.31499999999999995      3.3770701689897793
-0.14500000000000002      0.31499999999999995      3.3891138403671404
-0.135                    0.31499999999999995      3.3996058049345224
-0.125                    0.31499999999999995      3.408749894188276
-0.11499999999999999      0.31499999999999995      3.416715274988982
-0.10499999999999998      0.31499999999999995      3.4236422287329678
-0.09499999999999997      0.31499999999999995      3.4296470739074216
-0.08499999999999999      0.31499999999999995      3.434826217411402
-0.07499999999999998      0.31499999999999995      3.439259436683947
-0.06499999999999997      0.31499999999999995      3.443012510025143
-0.054999999999999966     0.31499999999999995      3.4461393037805332
-0.04499999999999996      0.31499999999999995      3.4486834195129994
-0.03499999999999995      0.31499999999999995      3.450679477688447
-0.025000000000000022     0.31499999999999995      3.452154103620882
-0.015000000000000013     0.31499999999999995      3.4531266646199947
-0.0050000000000000044    0.31499999999999995      3.4536097936635106
0.0050000000000000044     0.31499999999999995      3.4536097238094987
0.015000000000000013      0.31499999999999995      3.453126453163079
0.025000000000000022      0.31499999999999995      3.4521537441891414
0.03500000000000003       0.31499999999999995      3.4506789599544594
0.04500000000000004       0.31499999999999995      3.448682728555345
0.05500000000000005       0.31499999999999995      3.4461384193837112
0.06499999999999995       0.31499999999999995      3.4430114060110113
0.07499999999999996       0.31499999999999995      3.4392580802112165
0.08499999999999996       0.31499999999999995      3.434824566869936
0.09499999999999997       0.31499999999999995      3.429645079007806
0.10499999999999998       0.31499999999999995      3.423639826594277
0.11499999999999999       0.31499999999999995      3.4167123887072397
0.125                     0.31499999999999995      3.4087464290347014
0.135                     0.31499999999999995      3.3996016434452607
0.14500000000000002       0.31499999999999995      3.389108838086258
0.15500000000000003       0.31499999999999995      3.377064146929745
0.16500000000000004       0.31499999999999995      3.363222619640085
0.17500000000000004       0.31499999999999995      3.3472919108918275
0.18500000000000005       0.31499999999999995      3.328927832605613
0.19499999999999995       0.31499999999999995      3.307735347660497
0.20499999999999996       0.31499999999999995      3.2832814807381254
0.21499999999999997       0.31499999999999995      3.255130094048757
0.22499999999999998       0.31499999999999995      3.2229098809623773
0.235                     0.31499999999999995      3.186419864857548
0.245                     0.31499999999999995      3.1457534896976096
0.255                     0.31499999999999995      3.101388459911855
0.265                     0.31499999999999995      3.0541774532112114
0.275                     0.31499999999999995      3.0052185266405034
0.28500000000000003       0.31499999999999995      2.955661242413473
0.29500000000000004       0.31499999999999995      2.9065367257370736
0.30500000000000005       0.31499999999999995      2.8586676788750625
0.31499999999999995       0.31499999999999995      2.8126535587174573
0.32499999999999996       0.31499999999999995      2.768902075677264
0.33499999999999996       0.31499999999999995      2.72765857514966
0.345                     0.31499999999999995      2.6890565075965522
0.355                     0.31499999999999995      2.65315813179431
0.365                     0.31499999999999995      2.6199699643824985
0.375                     0.31499999999999995      2.589468297614798
0.385                     0.31499999999999995      2.561608046168202
0.395                     0.31499999999999995      2.5363363544201465
0.405                     0.31499999999999995      2.5135942378206866
0.41500000000000004       0.31499999999999995      2.4933175836332757
0.42500000000000004       0.31499999999999995      2.4754547734667334
0.43500000000000005       0.31499999999999995      2.4599470029279242
0.44499999999999995       0.31499999999999995      2.446748719823934
0.45499999999999996       0.31499999999999995      2.4358170028461625
0.46499999999999997       0.31499999999999995      2.4271140535075038
0.475                     0.31499999999999995      2.420613477535714
0.485                     0.31499999999999995      2.4162917894633096
0.495                     0.31499999999999995      2.4141344724816447
-0.495                    0.32499999999999996      2.295953892096243
-0.485                    0.32499999999999996      2.298007241851918
-0.475                    0.32499999999999996      2.3021196450562043
-0.46499999999999997      0.32499999999999996      2.3083027951713118
-0.45499999999999996      0.32499999999999996      2.31657546081315
-0.44499999999999995      0.32499999999999996      2.3269585036335165
-0.43500000000000005      0.32499999999999996      2.3394815419553034
-0.42500000000000004      0.32499999999999996      2.354176853757733
-0.41500000000000004      0.32499999999999996      2.3710792370525846
-0.405                    0.32499999999999996      2.3902299336282327
-0.395                    0.32499999999999996      2.411665204007692
-0.385                    0.32499999999999996      2.435424970893335
-0.375                    0.32499999999999996      2.4615404495776434
-0.365                    0.32499999999999996      2.490036834284794
-0.355                    0.32499999999999996      2.5209220672320054
-0.345                    0.32499999999999996      2.5541775743871042
-0.33499999999999996      0.32499999999999996      2.5897522863640425
-0.32499999999999996      0.32499999999999996      2.6275415086386884
-0.31499999999999995      0.32499999999999996      2.667365885533644
-0.30499999999999994      0.32499999999999996      2.7089603400485065
-0.29500000000000004      0.32499999999999996      2.7519289901662667
-0.28500000000000003      0.32499999999999996      2.7957403240213523
-0.275                    0.32499999999999996      2.839721567239474
-0.265                    0.32499999999999996      2.883087131200914
-0.255                    0.32499999999999996      2.9250006176221355
-0.245                    0.32499999999999996      2.964677324031266
-0.235                    0.32499999999999996      3.001490758589179
-0.22499999999999998      0.32499999999999996      3.0350457803694266
-0.21500000000000005      0.32499999999999996      3.0651933280657864
-0.20500000000000004      0.32499999999999996      3.0919920535707224
-0.19500000000000003      0.32499999999999996      3.1156431623558425
-0.18500000000000003      0.32499999999999996      3.136425194355764
-0.17500000000000002      0.32499999999999996      3.1546436379924905
-0.165                    0.32499999999999996      3.1705985387647257
-0.15500000000000003      0.32499999999999996      3.184566961660323
-0.14500000000000002      0.32499999999999996      3.19679552387656
-0.135                    0.32499999999999996      3.207498887723217
-0.125                    0.32499999999999996      3.2168613656559204
-0.11499999999999999      0.32499999999999996      3.2250398867363375
-0.10499999999999998      0.32499999999999996      3.232167351968319
-0.09499999999999997      0.32499999999999996      3.2383558844466664
-0.08499999999999999      0.32499999999999996      3.243699751034993
-0.07499999999999998      0.32499999999999996      3.248277882202247
-0.06499999999999997      0.32499999999999996      3.2521559895673677
-0.054999999999999966     0.32499999999999996      3.2553883120717995
-0.04499999999999996      0.32499999999999996      3.258019034213654
-0.03499999999999995      0.32499999999999996      3.260083418843572
-0.025000000000000022     0.32499999999999996      3.2616086934677986
-0.015000000000000013     0.32499999999999996      3.262614722206559
-0.0050000000000000044    0.32499999999999996      3.263114488381346
0.0050000000000000044     0.32499999999999996      3.2631144060501036
0.015000000000000013      0.32499999999999996      3.2626144730394433
0.025000000000000022      0.32499999999999996      3.261608270813352
0.03500000000000003       0.32499999999999996      3.2600828115047453
0.04500000000000004       0.32499999999999996      3.2580182260625725
0.05500000000000005       0.32499999999999996      3.2553872814869687
0.06499999999999995       0.32499999999999996      3.2521547087512137
0.07499999999999996       0.32499999999999996      3.2482763163107684
0.08499999999999996       0.32499999999999996      3.2436978569374437
0.09499999999999997       0.32499999999999996      3.2383536095310284
0.10499999999999998       0.32499999999999996      3.2321646320652975
0.11499999999999999       0.32499999999999996      3.2250366440512064
0.125                     0.32499999999999996      3.216857506014323
0.135                     0.32499999999999996      3.2074942973388865
0.14500000000000002       0.32499999999999996      3.196790066074466
0.15500000000000003       0.32499999999999996      3.184560471396509
0.16500000000000004       0.32499999999999996      3.1705908140495875
0.17500000000000004       0.32499999999999996      3.15463444807729
0.18500000000000005       0.32499999999999996      3.136414270953721
0.19499999999999995       0.32499999999999996      3.1156302083145793
0.20499999999999996       0.32499999999999996      3.0919767631344195
0.21499999999999997       0.32499999999999996      3.0651754212246005
0.22499999999999998       0.32499999999999996      3.0350250597843615
0.235                     0.32499999999999996      3.001467169192842
0.245                     0.32499999999999996      2.9646510195177487
0.255                     0.32499999999999996      2.9249719689530354
0.265                     0.32499999999999996      2.8830567832274903
0.275                     0.32499999999999996      2.839690475276263
0.28500000000000003       0.32499999999999996      2.7957094698278224
0.29500000000000004       0.32499999999999996      2.7518965682019334
0.30500000000000005       0.32499999999999996      2.708929159812835
0.31499999999999995       0.32499999999999996      2.6673369223999375
0.32499999999999996       0.32499999999999996      2.6275127457859937
0.33499999999999996       0.32499999999999996      2.5897258064638864
0.345                     0.32499999999999996      2.5541517304817813
0.355                     0.32499999999999996      2.520898318256454
0.365                     0.32499999999999996      2.4900137786378
0.375                     0.32499999999999996      2.461519537386364
0.385                     0.32499999999999996      2.4354040603876315
0.395                     0.32499999999999996      2.411645674535273
0.405                     0.32499999999999996      2.390211336114743
0.41500000000000004       0.32499999999999996      2.3710610665038065
0.42500000000000004       0.32499999999999996      2.354159506491342
0.43500000000000005       0.32499999999999996      2.339464453133244
0.44499999999999995       0.32499999999999996      2.326941901628445
0.45499999999999996       0.32499999999999996      2.316559188556705
0.46499999999999997       0.32499999999999996      2.308286800869258
0.475                     0.32499999999999996      2.302103860607304
0.485                     0.32499999999999996      2.297991596773839
0.495                     0.32499999999999996      2.2959383163905627
-0.495                    0.33499999999999996      2.1757049899227985
-0.485                    0.33499999999999996      2.177648343851669
-0.475                    0.33499999999999996      2.181539475128486
-0.46499999999999997      0.33499999999999996      2.187387409842094
-0.45499999999999996      0.33499999999999996      2.1952064731033785
-0.44499999999999995      0.33499999999999996      2.2050123786315226
-0.43500000000000005      0.33499999999999996      2.216826992170239
-0.42500000000000004      0.33499999999999996      2.230673411565572
-0.41500000000000004      0.33499999999999996      2.246575628303998
-0.405                    0.33499999999999996      2.2645604355618967
-0.395                    0.33499999999999996      2.2846485632126416
-0.385                    0.33499999999999996      2.3068614323971
-0.375                    0.33499999999999996      2.3312078494863653
-0.365                    0.33499999999999996      2.3576885742122102
-0.355                    0.33499999999999996      2.3862841041842535
-0.345                    0.33499999999999996      2.416943868079921
-0.33499999999999996      0.33499999999999996      2.449592897600445
-0.32499999999999996      0.33499999999999996      2.484099054252844
-0.31499999999999995      0.33499999999999996      2.520265081811403
-0.30499999999999994      0.33499999999999996      2.5578239120597313
-0.29500000000000004      0.33499999999999996      2.5964179026342338
-0.28500000000000003      0.33499999999999996      2.6355907663758087
-0.275                    0.33499999999999996      2.6747961656966943
-0.265                    0.33499999999999996      2.7134231353243576
-0.255                    0.33499999999999996      2.750843318358634
-0.245                    0.33499999999999996      2.786472709766829
-0.235                    0.33499999999999996      2.8198340609381702
-0.22499999999999998      0.33499999999999996      2.8506007916345366
-0.21500000000000005      0.33499999999999996      2.8786104170044475
-0.20500000000000004      0.33499999999999996      2.90384832831961
-0.19500000000000003      0.33499999999999996      2.9264130132558788
-0.18500000000000003      0.33499999999999996      2.9464762461253096
-0.17500000000000002      0.33499999999999996      2.9642479779650115
-0.165                    0.33499999999999996      2.979950157903232
-0.15500000000000003      0.33499999999999996      2.993799653329917
-0.14500000000000002      0.33499999999999996      3.0059984926008516
-0.135                    0.33499999999999996      3.0167292306056823
-0.125                    0.33499999999999996      3.0261535472311873
-0.11499999999999999      0.33499999999999996      3.03441269958755
-0.10499999999999998      0.33499999999999996      3.041628918743153
-0.09499999999999997      0.33499999999999996      3.0479071953345307
-0.08499999999999999      0.33499999999999996      3.0533371320524574
-0.07499999999999998      0.33499999999999996      3.0579946960933078
-0.06499999999999997      0.33499999999999996      3.0619437899826325
-0.054999999999999966     0.33499999999999996      3.0652376114030897
-0.04499999999999996      0.33499999999999996      3.0679197992382528
-0.03499999999999995      0.33499999999999996      3.070025376135152
-0.025000000000000022     0.33499999999999996      3.0715815027577738
-0.015000000000000013     0.33499999999999996      3.072608059618529
-0.0050000000000000044    0.33499999999999996      3.0731180703757714
0.0050000000000000044     0.33499999999999996      3.0731179777107003
0.015000000000000013      0.33499999999999996      3.0726077793378668
0.025000000000000022      0.33499999999999996      3.0715810279650992
0.03500000000000003       0.33499999999999996      3.070024695156935
0.04500000000000004       0.33499999999999996      3.067918895306627
0.05500000000000005       0.33499999999999996      3.0652364621571633
0.06499999999999995       0.33499999999999996      3.0619423668678127
0.07499999999999996       0.33499999999999996      3.057992963567817
0.08499999999999996       0.33499999999999996      3.0533350465904223
0.09499999999999997       0.33499999999999996      3.047904704147308
0.10499999999999998       0.33499999999999996      3.0416259583567586
0.11499999999999999       0.33499999999999996      3.0344091940621243
0.125                     0.33499999999999996      3.0261494063759558
0.135                     0.33499999999999996      3.0167243464906885
0.14500000000000002       0.33499999999999996      3.005992738464121
0.15500000000000003       0.33499999999999996      2.993792881400366
0.16500000000000004       0.33499999999999996      2.979942198895742
0.17500000000000004       0.33499999999999996      2.9642386404446706
0.18500000000000005       0.33499999999999996      2.94646531928317
0.19499999999999995       0.33499999999999996      2.9264002781239675
0.20499999999999996       0.33499999999999996      2.903833577929128
0.21499999999999997       0.33499999999999996      2.8785934806775613
0.22499999999999998       0.33499999999999996      2.8505815829960284
0.235                     0.33499999999999996      2.819812622814232
0.245                     0.33499999999999996      2.7864492060941926
0.255                     0.33499999999999996      2.7508180512670632
0.265                     0.33499999999999996      2.7133965285245933
0.275                     0.33499999999999996      2.6747688188387353
0.28500000000000003       0.33499999999999996      2.635563325892592
0.29500000000000004       0.33499999999999996      2.5963905238628304
0.30500000000000005       0.33499999999999996      2.5577963811077806
0.31499999999999995       0.33499999999999996      2.5202366290739775
0.32499999999999996       0.33499999999999996      2.484071046517614
0.33499999999999996       0.33499999999999996      2.4495689269860783
0.345                     0.33499999999999996      2.4169198509522367
0.355                     0.33499999999999996      2.3862615753441903
0.365                     0.33499999999999996      2.3576685320600017
0.375                     0.33499999999999996      2.331187721537066
0.385                     0.33499999999999996      2.3068417682829025
0.395                     0.33499999999999996      2.2846295882649406
0.405                     0.33499999999999996      2.2645424633701294
0.41500000000000004       0.33499999999999996      2.246558189152413
0.42500000000000004       0.33499999999999996      2.2306566749744197
0.43500000000000005       0.33499999999999996      2.2168105838193495
0.44499999999999995       0.33499999999999996      2.204996392881822
0.45499999999999996       0.33499999999999996      2.1951907983531598
0.46499999999999997       0.33499999999999996      2.1873719922434507
0.475                     0.33499999999999996      2.181524255589802
0.485                     0.33499999999999996      2.1776332539749292
0.495                     0.33499999999999996      2.1756899651289396
-0.495                    0.345                    2.0535135770312536
-0.485                    0.345                    2.055342308187351
-0.475                    0.345                    2.0590030172045055
-0.46499999999999997      0.345                    2.0645022836041944
-0.45499999999999996      0.345                    2.0718503803200568
-0.44499999999999995      0.345                    2.081058353842883
-0.43500000000000005      0.345                    2.0921410966920444
-0.42500000000000004      0.345                    2.1051135914447747
-0.41500000000000004      0.345                    2.119990252383662
-0.405                    0.345                    2.136785560334549
-0.395                    0.345                    2.1555070627975415
-0.385                    0.345                    2.1761609822520134
-0.375                    0.345                    2.1987387041997297
-0.365                    0.345                    2.2232217951481905
-0.355                    0.345                    2.2495717195335514
-0.345                    0.345                    2.2777171928138222
-0.33499999999999996      0.345                    2.3075670848094862
-0.32499999999999996      0.345                    2.338977440745742
-0.31499999999999995      0.345                    2.371753883481051
-0.30499999999999994      0.345                    2.4056430768663795
-0.29500000000000004      0.345                    2.440322017120656
-0.28500000000000003      0.345                    2.475403777777319
-0.275                    0.345                    2.5104445948735354
-0.265                    0.345                    2.5449642765525913
-0.255                    0.345                    2.578478938836956
-0.245                    0.345                    2.6105407285071216
-0.235                    0.345                    2.6407762863442104
-0.22499999999999998      0.345                    2.6689143743941233
-0.21500000000000005      0.345                    2.694796715986615
-0.20500000000000004      0.345                    2.718371717882328
-0.19500000000000003      0.345                    2.739675805521616
-0.18500000000000003      0.345                    2.758809237746684
-0.17500000000000002      0.345                    2.7759123315420724
-0.165                    0.345                    2.791145624010778
-0.15500000000000003      0.345                    2.8046751972363673
-0.14500000000000002      0.345                    2.81666288588582
-0.135                    0.345                    2.827260396109034
-0.125                    0.345                    2.836606254112219
-0.11499999999999999      0.345                    2.8448246248737883
-0.10499999999999998      0.345                    2.852025286184256
-0.09499999999999997      0.345                    2.8583042562659284
-0.08499999999999999      0.345                    2.863744738197447
-0.07499999999999998      0.345                    2.8684181831410216
-0.06499999999999997      0.345                    2.872385340477049
-0.054999999999999966     0.345                    2.875697234605669
-0.04499999999999996      0.345                    2.8783960272012967
-0.03499999999999995      0.345                    2.8805157554901832
-0.025000000000000022     0.345                    2.8820829379200053
-0.015000000000000013     0.345                    2.8831170530049084
-0.0050000000000000044    0.345                    2.883630891783534
0.0050000000000000044     0.345                    2.883630791137989
0.015000000000000013      0.345                    2.8831167486131433
0.025000000000000022      0.345                    2.882082422893072
0.03500000000000003       0.345                    2.880515017886591
0.04500000000000004       0.345                    2.878395050228938
0.05500000000000005       0.345                    2.8756959955774364
0.06499999999999995       0.345                    2.8723838108637967
0.07499999999999996       0.345                    2.868416327592352
0.08499999999999996       0.345                    2.863742514030029
0.09499999999999997       0.345                    2.8583016121887397
0.10499999999999998       0.345                    2.8520221609888896
0.11499999999999999       0.345                    2.8448209463938565
0.125                     0.345                    2.8366019392957282
0.135                     0.345                    2.827255346838068
0.14500000000000002       0.345                    2.816656988501162
0.15500000000000003       0.345                    2.8046683273815316
0.16500000000000004       0.345                    2.7911376471521514
0.17500000000000004       0.345                    2.7759030703678493
0.18500000000000005       0.345                    2.758798544307424
0.19499999999999995       0.345                    2.7396635091038406
0.20499999999999996       0.345                    2.7183576900508064
0.21499999999999997       0.345                    2.6947808458379527
0.22499999999999998       0.345                    2.668896619843113
0.235                     0.345                    2.640756697547677
0.245                     0.345                    2.6105194629255357
0.255                     0.345                    2.578456247692599
0.265                     0.345                    2.544940466716624
0.275                     0.345                    2.5104199908446403
0.28500000000000003       0.345                    2.4753786639866564
0.29500000000000004       0.345                    2.440296773020608
0.30500000000000005       0.345                    2.405618806728594
0.31499999999999995       0.345                    2.37173128356382
0.32499999999999996       0.345                    2.338954688525529
0.33499999999999996       0.345                    2.307543773560253
0.345                     0.345                    2.2776946127906768
0.355                     0.345                    2.2495503345257832
0.365                     0.345                    2.2232021848279357
0.375                     0.345                    2.198719619873348
0.385                     0.345                    2.1761424055574587
0.395                     0.345                    2.155489237308663
0.405                     0.345                    2.136768330587593
0.41500000000000004       0.345                    2.119973618803492
0.42500000000000004       0.345                    2.1050975559250733
0.43500000000000005       0.345                    2.0921254186263716
0.44499999999999995       0.345                    2.0810430501360426
0.45499999999999996       0.345                    2.071835369095079
0.46499999999999997       0.345                    2.0644875105957534
0.475                     0.345                    2.0589884277643122
0.485                     0.345                    2.0553278389558995
0.495                     0.345                    2.053499168149423
-0.495                    0.355                    1.9294940534491591
-0.485                    0.355                    1.93120475717144
-0.475                    0.355                    1.9346283612835795
-0.46499999999999997      0.355                    1.9397692675243579
-0.45499999999999996      0.355                    1.9466341633604178
-0.44499999999999995      0.355                    1.9552299925709051
-0.43500000000000005      0.355                    1.9655655756671093
-0.42500000000000004      0.355                    1.9776489140486617
-0.41500000000000004      0.355                    1.991486288804767
-0.405                    0.355                    2.007082472332466
-0.395                    0.355                    2.0244345841241156
-0.385                    0.355                    2.0435332876687933
-0.375                    0.355                    2.0643616684963835
-0.365                    0.355                    2.086886273282933
-0.355                    0.355                    2.1110537563044915
-0.345                    0.355                    2.136784245748992
-0.33499999999999996      0.355                    2.1639753076615733
-0.32499999999999996      0.355                    2.192481604693549
-0.31499999999999995      0.355                    2.2221194209137534
-0.30499999999999994      0.355                    2.2526558933760557
-0.29500000000000004      0.355                    2.2838070511643
-0.28500000000000003      0.355                    2.3152498059478446
-0.275                    0.355                    2.3466166472516767
-0.265                    0.355                    2.377525736188818
-0.255                    0.355                    2.407595133781428
-0.245                    0.355                    2.4364719933337393
-0.235                    0.355                    2.4638572347158445
-0.22499999999999998      0.355                    2.4895239367682116
-0.21500000000000005      0.355                    2.513325657140656
-0.20500000000000004      0.355                    2.5351944253485015
-0.19500000000000003      0.355                    2.5551304891642213
-0.18500000000000003      0.355                    2.5731874300422595
-0.17500000000000002      0.355                    2.589456244191987
-0.165                    0.355                    2.6040507492919995
-0.15500000000000003      0.355                    2.6170958492628205
-0.14500000000000002      0.355                    2.6287188426104278
-0.135                    0.355                    2.6390433956260404
-0.125                    0.355                    2.648185877459161
-0.11499999999999999      0.355                    2.656253240800236
-0.10499999999999998      0.355                    2.663342076291211
-0.09499999999999997      0.355                    2.669538420077876
-0.08499999999999999      0.355                    2.6749179581822653
-0.07499999999999998      0.355                    2.6795465474282274
-0.06499999999999997      0.355                    2.683480780616123
-0.054999999999999966     0.355                    2.6867686353878186
-0.04499999999999996      0.355                    2.689450045281304
-0.03499999999999995      0.355                    2.691557452693321
-0.025000000000000022     0.355                    2.693116248921047
-0.015000000000000013     0.355                    2.6941451573491992
-0.0050000000000000044    0.355                    2.6946565001743945
0.0050000000000000044     0.355                    2.6946563943003157
0.015000000000000013      0.355                    2.6941448355421063
0.025000000000000022      0.355                    2.693115706074229
0.03500000000000003       0.355                    2.6915566747038855
0.04500000000000004       0.355                    2.6894490175082453
0.05500000000000005       0.355                    2.6867673352775427
0.06499999999999995       0.355                    2.68347918169603
0.07499999999999996       0.355                    2.6795446122035522
0.08499999999999996       0.355                    2.6749156479321146
0.09499999999999997       0.355                    2.669535680251841
0.10499999999999998       0.355                    2.663338857377047
0.11499999999999999       0.355                    2.6562494733523714
0.125                     0.355                    2.6481814906033723
0.135                     0.355                    2.639038298327542
0.14500000000000002       0.355                    2.6287129437647523
0.15500000000000003       0.355                    2.6170890182431936
0.16500000000000004       0.355                    2.60404286439837
0.17500000000000004       0.355                    2.5894471895826388
0.18500000000000005       0.355                    2.5731770718079114
0.19499999999999995       0.355                    2.555118720742495
0.20499999999999996       0.355                    2.5351811403949513
0.21499999999999997       0.355                    2.5133108584219372
0.22499999999999998       0.355                    2.4895076367976663
0.235                     0.355                    2.4638394559793557
0.245                     0.355                    2.4364528022972043
0.255                     0.355                    2.4075745915333977
0.265                     0.355                    2.3775036371584637
0.275                     0.355                    2.3465923386623424
0.28500000000000003       0.355                    2.3152239857518957
0.29500000000000004       0.355                    2.283782676649649
0.30500000000000005       0.355                    2.2526335517570972
0.31499999999999995       0.355                    2.222097275533035
0.32499999999999996       0.355                    2.1924608963137815
0.33499999999999996       0.355                    2.1639556964213185
0.345                     0.355                    2.1367661384133894
0.355                     0.355                    2.111035171468313
0.365                     0.355                    2.0868667920975184
0.375                     0.355                    2.0643437621809855
0.385                     0.355                    2.04351582428699
0.395                     0.355                    2.0244175364340444
0.405                     0.355                    2.0070663427729842
0.41500000000000004       0.355                    1.991470569011567
0.42500000000000004       0.355                    1.9776336522120133
0.43500000000000005       0.355                    1.9655506812219838
0.44499999999999995       0.355                    1.955215432701156
0.45499999999999996       0.355                    1.9466198766025054
0.46499999999999997       0.355                    1.9397552014662365
0.475                     0.355                    1.9346144625673645
0.485                     0.355                    1.9311909691114304
0.495                     0.355                    1.9294803208153608
-0.495                    0.365                    1.8037642476395814
-0.485                    0.365                    1.8053546110446947
-0.475                    0.365                    1.8085366256160293
-0.46499999999999997      0.365                    1.8133128129670264
-0.45499999999999996      0.365                    1.8196867874646958
-0.44499999999999995      0.365                    1.8276619980656252
-0.43500000000000005      0.365                    1.837242153694701
-0.42500000000000004      0.365                    1.8484293911301792
-0.41500000000000004      0.365                    1.8612236789172396
-0.405                    0.365                    1.8756198061671776
-0.395                    0.365                    1.8916102619263933
-0.385                    0.365                    1.9091757665355678
-0.375                    0.365                    1.9282878933321268
-0.365                    0.365                    1.9489043275150413
-0.355                    0.365                    1.9709626179723923
-0.345                    0.365                    1.9943826187699785
-0.33499999999999996      0.365                    2.0190579041702743
-0.32499999999999996      0.365                    2.0448453833752973
-0.31499999999999995      0.365                    2.0715769941504956
-0.30499999999999994      0.365                    2.099041916647258
-0.29500000000000004      0.365                    2.1269975244215487
-0.28500000000000003      0.365                    2.1551663844942617
-0.275                    0.365                    2.183246392655454
-0.265                    0.365                    2.2109294194178255
-0.255                    0.365                    2.237908567763113
-0.245                    0.365                    2.2639007140593033
-0.235                    0.365                    2.2886628163465828
-0.22499999999999998      0.365                    2.3120038328099777
-0.21500000000000005      0.365                    2.333791391946602
-0.20500000000000004      0.365                    2.353951930924306
-0.19500000000000003      0.365                    2.3724647518043747
-0.18500000000000003      0.365                    2.3893529375267852
-0.17500000000000002      0.365                    2.404672655495968
-0.165                    0.365                    2.4185028655386143
-0.15500000000000003      0.365                    2.4309359299886495
-0.14500000000000002      0.365                    2.442070461124007
-0.135                    0.365                    2.452005764684596
-0.125                    0.365                    2.4608380439477324
-0.11499999999999999      0.365                    2.468658022038434
-0.10499999999999998      0.365                    2.4755492277451046
-0.09499999999999997      0.365                    2.4815874680477585
-0.08499999999999999      0.365                    2.48684040710299
-0.07499999999999998      0.365                    2.491367716515476
-0.06499999999999997      0.365                    2.4952211992948055
-0.054999999999999966     0.365                    2.4984452015700325
-0.04499999999999996      0.365                    2.5010768888685515
-0.03499999999999995      0.365                    2.503146659285353
-0.025000000000000022     0.365                    2.504678405536136
-0.015000000000000013     0.365                    2.5056898197407893
-0.0050000000000000044    0.365                    2.5061925714452373
0.0050000000000000044     0.365                    2.506192461304076
0.015000000000000013      0.365                    2.5056894900738937
0.025000000000000022      0.365                    2.5046778472653077
0.03500000000000003       0.365                    2.50314585819908
0.04500000000000004       0.365                    2.5010758325614875
0.05500000000000005       0.365                    2.4984438725385183
0.06499999999999995       0.365                    2.49521956669794
0.07499999999999996       0.365                    2.4913657366337705
0.08499999999999996       0.365                    2.4868380619464334
0.09499999999999997       0.365                    2.481584696821784
0.10499999999999998       0.365                    2.47554598724163
0.11499999999999999       0.365                    2.468654252483225
0.125                     0.365                    2.460833674772888
0.135                     0.365                    2.4520007037717315
0.14500000000000002       0.365                    2.4420646344335197
0.15500000000000003       0.365                    2.4309292910760067
0.16500000000000004       0.365                    2.4184952798521264
0.17500000000000004       0.365                    2.4046640886293513
0.18500000000000005       0.365                    2.3893432642730885
0.19499999999999995       0.365                    2.37245393803177
0.20499999999999996       0.365                    2.3539398862553402
0.21499999999999997       0.365                    2.3337779742484726
0.22499999999999998       0.365                    2.311988981830677
0.235                     0.365                    2.2886466507343775
0.245                     0.365                    2.2638831270696236
0.255                     0.365                    2.237889651229637
0.265                     0.365                    2.210909328675259
0.275                     0.365                    2.183224292955175
0.28500000000000003       0.365                    2.1551434158875353
0.29500000000000004       0.365                    2.1269755558871
0.30500000000000005       0.365                    2.0990229495855144
0.31499999999999995       0.365                    2.071556888621233
0.32499999999999996       0.365                    2.044825836662164
0.33499999999999996       0.365                    2.0190382736413905
0.345                     0.365                    1.9943642098925851
0.355                     0.365                    1.9709447872444725
0.365                     0.365                    1.9488867518259676
0.375                     0.365                    1.928270984327204
0.385                     0.365                    1.9091592795280723
0.395                     0.365                    1.8915945884599243
0.405                     0.365                    1.8756046065080134
0.41500000000000004       0.365                    1.8612089107895637
0.42500000000000004       0.365                    1.8484149742438507
0.43500000000000005       0.365                    1.8372280924371371
0.44499999999999995       0.365                    1.827648235871871
0.45499999999999996       0.365                    1.8196732809053553
0.46499999999999997       0.365                    1.8132995107961674
0.475                     0.365                    1.808523473049213
0.485                     0.365                    1.8053415596638318
0.495                     0.365                    1.8037512466830266
-0.495                    0.375                    1.6764443274923273
-0.485                    0.375                    1.6779129837578801
-0.475                    0.375                    1.6808508226559498
-0.46499999999999997      0.375                    1.6852587969130375
-0.45499999999999996      0.375                    1.6911379747323563
-0.44499999999999995      0.375                    1.6984889341606042
-0.43500000000000005      0.375                    1.7073112294354704
-0.42500000000000004      0.375                    1.7176023269661778
-0.41500000000000004      0.375                    1.7293571775776364
-0.405                    0.375                    1.7425647348109286
-0.395                    0.375                    1.7572105303549954
-0.385                    0.375                    1.7732691417924034
-0.375                    0.375                    1.7907054991522426
-0.365                    0.375                    1.8094727328363192
-0.355                    0.375                    1.8295065358045988
-0.345                    0.375                    1.8507227482771995
-0.33499999999999996      0.375                    1.8730178317496373
-0.32499999999999996      0.375                    1.896261220992559
-0.31499999999999995      0.375                    1.9202957605989912
-0.30499999999999994      0.375                    1.9449363169530616
-0.29500000000000004      0.375                    1.9699702481346013
-0.28500000000000003      0.375                    1.9951662374594696
-0.275                    0.375                    2.0202731783008994
-0.265                    0.375                    2.0450382777782345
-0.255                    0.375                    2.0692125932282766
-0.245                    0.375                    2.0925655600142203
-0.235                    0.375                    2.1148968623782625
-0.22499999999999998      0.375                    2.1360446412767797
-0.21500000000000005      0.375                    2.1558910446316903
-0.20500000000000004      0.375                    2.174362641183827
-0.19500000000000003      0.375                    2.191427334143616
-0.18500000000000003      0.375                    2.207088828394506
-0.17500000000000002      0.375                    2.2213793369508767
-0.165                    0.375                    2.23435175199342
-0.15500000000000003      0.375                    2.246073551558174
-0.14500000000000002      0.375                    2.2566198273145237
-0.135                    0.375                    2.2660694334395126
-0.125                    0.375                    2.274500856140546
-0.11499999999999999      0.375                    2.2819897867406254
-0.10499999999999998      0.375                    2.288607646073003
-0.09499999999999997      0.375                    2.2944201220866143
-0.08499999999999999      0.375                    2.299486930862278
-0.07499999999999998      0.375                    2.303861196457599
-0.06499999999999997      0.375                    2.307589711181272
-0.054999999999999966     0.375                    2.3107127363859195
-0.04499999999999996      0.375                    2.3132643973102645
-0.03499999999999995      0.375                    2.3152726667530845
-0.025000000000000022     0.375                    2.316759723526278
-0.015000000000000013     0.375                    2.317741985782065
-0.0050000000000000044    0.375                    2.3182303544710665
0.0050000000000000044     0.375                    2.3182302329669895
0.015000000000000013      0.375                    2.3177416240549884
0.025000000000000022      0.375                    2.316759105864512
0.03500000000000003       0.375                    2.3152718003311152
0.04500000000000004       0.375                    2.3132632583512738
0.05500000000000005       0.375                    2.3107112995022634
0.06499999999999995       0.375                    2.3075879391095953
0.07499999999999996       0.375                    2.3038590858326446
0.08499999999999996       0.375                    2.2994844121166937
0.09499999999999997       0.375                    2.2944171827849744
0.10499999999999998       0.375                    2.2886042162893263
0.11499999999999999       0.375                    2.2819858418907666
0.125                     0.375                    2.2744963237381306
0.135                     0.375                    2.2660642814505696
0.14500000000000002       0.375                    2.256614003300129
0.15500000000000003       0.375                    2.24606690835175
0.16500000000000004       0.375                    2.234344336307678
0.17500000000000004       0.375                    2.221370913916372
0.18500000000000005       0.375                    2.2070795297850205
0.19499999999999995       0.375                    2.191416945688155
0.20499999999999996       0.375                    2.174351277870947
0.21499999999999997       0.375                    2.1558786264990255
0.22499999999999998       0.375                    2.1360312645345982
0.235                     0.375                    2.1148826643125123
0.245                     0.375                    2.0925508676703863
0.255                     0.375                    2.069197272136366
0.265                     0.375                    2.0450225906593786
0.275                     0.375                    2.020257178435997
0.28500000000000003       0.375                    1.9951489938117142
0.29500000000000004       0.375                    1.9699522422301776
0.30500000000000005       0.375                    1.9449176235056054
0.31499999999999995       0.375                    1.9202797047083253
0.32499999999999996       0.375                    1.8962439336161598
0.33499999999999996       0.375                    1.873000374577463
0.345                     0.375                    1.850705823339723
0.355                     0.375                    1.8294902118037042
0.365                     0.375                    1.8094572359598207
0.375                     0.375                    1.7906889161313957
0.385                     0.375                    1.7732521153907204
0.395                     0.375                    1.7571962142116044
0.405                     0.375                    1.742550466236356
0.41500000000000004       0.375                    1.7293433642948064
0.42500000000000004       0.375                    1.7175888273096747
0.43500000000000005       0.375                    1.7072980443765222
0.44499999999999995       0.375                    1.6984760139809933
0.45499999999999996       0.375                    1.691125298895289
0.46499999999999997       0.375                    1.685246308839261
0.475                     0.375                    1.68083846582976
0.485                     0.375                    1.6779007192908109
0.495                     0.375                    1.6764321086157643
-0.495                    0.385                    1.5476558555580744
-0.485                    0.385                    1.5490022311109692
-0.475                    0.385                    1.5516948949771918
-0.46499999999999997      0.385                    1.5557335388970026
-0.45499999999999996      0.385                    1.5611172076554671
-0.44499999999999995      0.385                    1.56784421935034
-0.43500000000000005      0.385                    1.5759108899395378
-0.42500000000000004      0.385                    1.5853111882509303
-0.41500000000000004      0.385                    1.5960361919670902
-0.405                    0.385                    1.6080705958878732
-0.395                    0.385                    1.621395621374124
-0.385                    0.385                    1.6359823834044436
-0.375                    0.385                    1.6517916265694739
-0.365                    0.385                    1.668773081259567
-0.355                    0.385                    1.6868634197730157
-0.345                    0.385                    1.7059835350563675
-0.33499999999999996      0.385                    1.7260308151392876
-0.32499999999999996      0.385                    1.7468854582940236
-0.31499999999999995      0.385                    1.7684065451217823
-0.30499999999999994      0.385                    1.790431875137018
-0.29500000000000004      0.385                    1.812779032103559
-0.28500000000000003      0.385                    1.8352537131359794
-0.275                    0.385                    1.8576450034793015
-0.265                    0.385                    1.8797446366773631
-0.255                    0.385                    1.9013475596341762
-0.245                    0.385                    1.922264101870538
-0.235                    0.385                    1.942327330493135
-0.22499999999999998      0.385                    1.9613999266738653
-0.21500000000000005      0.385                    1.97937793471938
-0.20500000000000004      0.385                    1.9961913309233816
-0.19500000000000003      0.385                    2.011802754787169
-0.18500000000000003      0.385                    2.026203830573023
-0.17500000000000002      0.385                    2.0394100667397974
-0.165                    0.385                    2.0514561694980675
-0.15500000000000003      0.385                    2.062389907457028
-0.14500000000000002      0.385                    2.072268239681544
-0.135                    0.385                    2.0811527631297926
-0.125                    0.385                    2.08910682960518
-0.11499999999999999      0.385                    2.096193018439505
-0.10499999999999998      0.385                    2.102471405038963
-0.09499999999999997      0.385                    2.107998335291028
-0.08499999999999999      0.385                    2.112825625405427
-0.07499999999999998      0.385                    2.1170000768224333
-0.06499999999999997      0.385                    2.1205632137159167
-0.054999999999999966     0.385                    2.1235511882961458
-0.04499999999999996      0.385                    2.125994769944127
-0.03499999999999995      0.385                    2.1279194105257973
-0.025000000000000022     0.385                    2.1293453216026474
-0.015000000000000013     0.385                    2.130287567510809
-0.0050000000000000044    0.385                    2.130756140627042
0.0050000000000000044     0.385                    2.130756021287854
0.015000000000000013      0.385                    2.130287209379483
0.025000000000000022      0.385                    2.1293447223143
0.03500000000000003       0.385                    2.12791855994084
0.04500000000000004       0.385                    2.1259936456699005
0.05500000000000005       0.385                    2.123549767595308
0.06499999999999995       0.385                    2.120561477402175
0.07499999999999996       0.385                    2.1169980016404972
0.08499999999999996       0.385                    2.1128231686686836
0.09499999999999997       0.385                    2.1079954622555173
0.10499999999999998       0.385                    2.1024680690071196
0.11499999999999999       0.385                    2.0961891726839728
0.125                     0.385                    2.0891024075214455
0.135                     0.385                    2.081147704942256
0.14500000000000002       0.385                    2.0722624619148675
0.15500000000000003       0.385                    2.0623833652747394
0.16500000000000004       0.385                    2.0514487592052606
0.17500000000000004       0.385                    2.0394019575284443
0.18500000000000005       0.385                    2.0261947716539273
0.19499999999999995       0.385                    2.011793008193808
0.20499999999999996       0.385                    1.9961807036807908
0.21499999999999997       0.385                    1.9793665173905053
0.22499999999999998       0.385                    1.9613877487754738
0.235                     0.385                    1.9423143007157884
0.245                     0.385                    1.922250436888246
0.255                     0.385                    1.9013334822428638
0.265                     0.385                    1.8797299827992542
0.275                     0.385                    1.8576296828642913
0.28500000000000003       0.385                    1.835237467178035
0.29500000000000004       0.385                    1.8127625342951579
0.30500000000000005       0.385                    1.7904150009338864
0.31499999999999995       0.385                    1.7683887547778452
0.32499999999999996       0.385                    1.746869810355
0.33499999999999996       0.385                    1.7260152212412838
0.345                     0.385                    1.705968172608158
0.355                     0.385                    1.686848437940938
0.365                     0.385                    1.668758532977315
0.375                     0.385                    1.6517778952486646
0.385                     0.385                    1.635969139089921
0.395                     0.385                    1.6213818835732432
0.405                     0.385                    1.6080573089604104
0.41500000000000004       0.385                    1.5960234338853383
0.42500000000000004       0.385                    1.585298659018607
0.43500000000000005       0.385                    1.5758986424657764
0.44499999999999995       0.385                    1.5678321918530473
0.45499999999999996       0.385                    1.561105405811846
0.46499999999999997       0.385                    1.5557219096356005
0.475                     0.385                    1.5516833764248148
0.485                     0.385                    1.5489907983412932
0.495                     0.385                    1.547644464108255
-0.495                    0.395                    1.4175209958181179
-0.485                    0.395                    1.4187451573498
-0.475                    0.395                    1.4211929219761417
-0.46499999999999997      0.395                    1.4248630163548663
-0.45499999999999996      0.395                    1.429752958045546
-0.44499999999999995      0.395                    1.4358593814811809
-0.43500000000000005      0.395                    1.44317621592019
-0.42500000000000004      0.395                    1.4516950787844618
-0.41500000000000004      0.395                    1.4614040161088315
-0.405                    0.395                    1.4722854584901717
-0.395                    0.395                    1.4843172403723364
-0.385                    0.395                    1.4974687746018165
-0.375                    0.395                    1.5117004591476702
-0.365                    0.395                    1.5269613801593422
-0.355                    0.395                    1.543190483551444
-0.345                    0.395                    1.5603096706734294
-0.33499999999999996      0.395                    1.5782274570400951
-0.32499999999999996      0.395                    1.596835071925658
-0.31499999999999995      0.395                    1.6160070939382765
-0.30499999999999994      0.395                    1.6356007681568365
-0.29500000000000004      0.395                    1.6554619270133109
-0.28500000000000003      0.395                    1.6754229512423993
-0.275                    0.395                    1.695308942383654
-0.265                    0.395                    1.7149479867883137
-0.255                    0.395                    1.7341692858898206
-0.245                    0.395                    1.7528158727987666
-0.235                    0.395                    1.7707483554092331
-0.22499999999999998      0.395                    1.7878498892335204
-0.21500000000000005      0.395                    1.804029118033504
-0.20500000000000004      0.395                    1.8192212293354788
-0.19500000000000003      0.395                    1.8333872198942562
-0.18500000000000003      0.395                    1.8465115532205876
-0.17500000000000002      0.395                    1.8585989002341075
-0.165                    0.395                    1.8696702951024222
-0.15500000000000003      0.395                    1.8797592013798001
-0.14500000000000002      0.395                    1.888907858814016
-0.135                    0.395                    1.8971640347829872
-0.125                    0.395                    1.9045782758988201
-0.11499999999999999      0.395                    1.9112017254272797
-0.10499999999999998      0.395                    1.9170844305235006
-0.09499999999999997      0.395                    1.9222741004071127
-0.08499999999999999      0.395                    1.9268152148057747
-0.07499999999999998      0.395                    1.930748425869203
-0.06499999999999997      0.395                    1.9341101591724572
-0.054999999999999966     0.395                    1.9369323891486103
-0.04499999999999996      0.395                    1.9392425307622276
-0.03499999999999995      0.395                    1.9410633816653922
-0.025000000000000022     0.395                    1.9424131345193678
-0.015000000000000013     0.395                    1.9433053919688705
-0.0050000000000000044    0.395                    1.9437492012013817
0.0050000000000000044     0.395                    1.9437490774806316
0.015000000000000013      0.395                    1.943305019815128
0.025000000000000022      0.395                    1.942412507691884
0.03500000000000003       0.395                    1.9410624896139916
0.04500000000000004       0.395                    1.9392413618030775
0.05500000000000005       0.395                    1.9369309259594396
0.06499999999999995       0.395                    1.934108385311614
0.07499999999999996       0.395                    1.930746313167729
0.08499999999999996       0.395                    1.9268127370347525
0.09499999999999997       0.395                    1.9222712257458736
0.10499999999999998       0.395                    1.9170811273748087
0.11499999999999999       0.395                    1.9111979608937162
0.125                     0.395                    1.9045740149024144
0.135                     0.395                    1.8971592415226988
0.14500000000000002       0.395                    1.8889025023693171
0.15500000000000003       0.395                    1.8797532542558246
0.16500000000000004       0.395                    1.8696637380023045
0.17500000000000004       0.395                    1.8585916974825336
0.18500000000000005       0.395                    1.8465036935790804
0.19499999999999995       0.395                    1.833378684772078
0.20499999999999996       0.395                    1.8192120263001859
0.21499999999999997       0.395                    1.8040192665851278
0.22499999999999998       0.395                    1.787839435537242
0.235                     0.395                    1.7707373274207194
0.245                     0.395                    1.7528042811948654
0.255                     0.395                    1.73415713967962
0.265                     0.395                    1.7149352595247034
0.275                     0.395                    1.695295812680331
0.28500000000000003       0.395                    1.6754075756529898
0.29500000000000004       0.395                    1.6554466960773184
0.30500000000000005       0.395                    1.6355856430512745
0.31499999999999995       0.395                    1.6159923590608574
0.32499999999999996       0.395                    1.5968207701529917
0.33499999999999996       0.395                    1.578213449957751
0.345                     0.395                    1.560295911784974
0.355                     0.395                    1.5431769847488233
0.365                     0.395                    1.5269480664737962
0.375                     0.395                    1.5116873235925752
0.385                     0.395                    1.4974561686170502
0.395                     0.395                    1.4843049435935003
0.405                     0.395                    1.472273024745931
0.41500000000000004       0.395                    1.4613923506936657
0.42500000000000004       0.395                    1.451683481338137
0.43500000000000005       0.395                    1.4431649806363147
0.44499999999999995       0.395                    1.4358483152353294
0.45499999999999996       0.395                    1.4297420681696422
0.46499999999999997       0.395                    1.424852285565338
0.475                     0.395                    1.4211822775817402
0.485                     0.395                    1.4187345957275963
0.495                     0.395                    1.4175104721641327
-0.495                    0.405                    1.2861618723228907
-0.485                    0.405                    1.2872643792776577
-0.475                    0.405                    1.2894684965467387
-0.46499999999999997      0.405                    1.2927722638126578
-0.45499999999999996      0.405                    1.2971721220058334
-0.44499999999999995      0.405                    1.3026635602890604
-0.43500000000000005      0.405                    1.30923889525128
-0.42500000000000004      0.405                    1.3168883746824873
-0.41500000000000004      0.405                    1.325597670063715
-0.405                    0.405                    1.3353479265322594
-0.395                    0.405                    1.3461164679377455
-0.385                    0.405                    1.3578723398540349
-0.375                    0.405                    1.3705760369966855
-0.365                    0.405                    1.3841786737244934
-0.355                    0.405                    1.3986224619346508
-0.345                    0.405                    1.4138347556105424
-0.33499999999999996      0.405                    1.4297323248892966
-0.32499999999999996      0.405                    1.4462180980737807
-0.31499999999999995      0.405                    1.4631819956399854
-0.30499999999999994      0.405                    1.48050121160344
-0.29500000000000004      0.405                    1.4980435010763102
-0.28500000000000003      0.405                    1.5156664632169647
-0.275                    0.405                    1.5332250461166659
-0.265                    0.405                    1.550574084383856
-0.255                    0.405                    1.5675729220977166
-0.245                    0.405                    1.5840905820168238
-0.235                    0.405                    1.6000101589130395
-0.22499999999999998      0.405                    1.6152322433840112
-0.21500000000000005      0.405                    1.629677275319217
-0.20500000000000004      0.405                    1.6432865191529031
-0.19500000000000003      0.405                    1.656021696545688
-0.18500000000000003      0.405                    1.6678636018400215
-0.17500000000000002      0.405                    1.6788098055736012
-0.165                    0.405                    1.6888719140135744
-0.15500000000000003      0.405                    1.6980726466589893
-0.14500000000000002      0.405                    1.7064429790316633
-0.135                    0.405                    1.714019513007047
-0.125                    0.405                    1.7208421859912673
-0.11499999999999999      0.405                    1.726952368593734
-0.10499999999999998      0.405                    1.7323913115109741
-0.09499999999999997      0.405                    1.737198961189866
-0.08499999999999999      0.405                    1.741413049294261
-0.07499999999999998      0.405                    1.74506844467764
-0.06499999999999997      0.405                    1.748196691076456
-0.054999999999999966     0.405                    1.750825701076107
-0.04499999999999996      0.405                    1.7529795612706882
-0.03499999999999995      0.405                    1.7546784159518036
-0.025000000000000022     0.405                    1.7559384061930796
-0.015000000000000013     0.405                    1.7567716432060037
-0.0050000000000000044    0.405                    1.7571861999298914
0.0050000000000000044     0.405                    1.7571861118292302
0.015000000000000013      0.405                    1.7567713759189496
0.025000000000000022      0.405                    1.755937955664823
0.03500000000000003       0.405                    1.7546777732701948
0.04500000000000004       0.405                    1.7529787159024184
0.05500000000000005       0.405                    1.7508246363824664
0.06499999999999995       0.405                    1.7481953883657848
0.07499999999999996       0.405                    1.7450668828485247
0.08499999999999996       0.405                    1.7414111936486383
0.09499999999999997       0.405                    1.7371967847078078
0.10499999999999998       0.405                    1.7323887792786166
0.11499999999999999       0.405                    1.7269494425906118
0.125                     0.405                    1.7208388269255885
0.135                     0.405                    1.7140156643861897
0.14500000000000002       0.405                    1.7064385989561752
0.15500000000000003       0.405                    1.698067681627482
0.16500000000000004       0.405                    1.6888663155660428
0.17500000000000004       0.405                    1.6788035122948397
0.18500000000000005       0.405                    1.6678565471122948
0.19499999999999995       0.405                    1.6560138491254466
0.20499999999999996       0.405                    1.6432778434432302
0.21499999999999997       0.405                    1.6296677715321664
0.22499999999999998       0.405                    1.6152219018206877
0.235                     0.405                    1.59999900953861
0.245                     0.405                    1.5840786855659863
0.255                     0.405                    1.5675603667377151
0.265                     0.405                    1.550561026482698
0.275                     0.405                    1.5332116824149422
0.28500000000000003       0.405                    1.5156529412346311
0.29500000000000004       0.405                    1.4980307075313084
0.30500000000000005       0.405                    1.4804880781004217
0.31499999999999995       0.405                    1.4631689100163483
0.32499999999999996       0.405                    1.446205270595531
0.33499999999999996       0.405                    1.429719728733866
0.345                     0.405                    1.4138224191864024
0.355                     0.405                    1.3986102467667179
0.365                     0.405                    1.3841666934007244
0.375                     0.405                    1.3705643266586798
0.385                     0.405                    1.3578610383882312
0.395                     0.405                    1.3461058266189068
0.405                     0.405                    1.335337725096718
0.41500000000000004       0.405                    1.3255872783186626
0.42500000000000004       0.405                    1.3168777256166917
0.43500000000000005       0.405                    1.3092286948415306
0.44499999999999995       0.405                    1.3026535348238204
0.45499999999999996       0.405                    1.2971621708480778
0.46499999999999997       0.405                    1.292762465832635
0.475                     0.405                    1.2894587576361591
0.485                     0.405                    1.2872547237577474
0.495                     0.405                    1.2861522521143642
-0.495                    0.41500000000000004      1.1537000748240271
-0.485                    0.41500000000000004      1.1546818411935162
-0.475                    0.41500000000000004      1.1566442615674262
-0.46499999999999997      0.41500000000000004      1.15958493901166
-0.45499999999999996      0.41500000000000004      1.1634996388932268
-0.44499999999999995      0.41500000000000004      1.1683832537060765
-0.43500000000000005      0.41500000000000004      1.1742269723187235
-0.42500000000000004      0.41500000000000004      1.1810205320799068
-0.41500000000000004      0.41500000000000004      1.18874886879672
-0.405                    0.41500000000000004      1.1973942749544135
-0.395                    0.41500000000000004      1.2069318460335134
-0.385                    0.41500000000000004      1.21733127258968
-0.375                    0.41500000000000004      1.2285554427938075
-0.365                    0.41500000000000004      1.2405590132047353
-0.355                    0.41500000000000004      1.2532872692931671
-0.345                    0.41500000000000004      1.2666758552184718
-0.33499999999999996      0.41500000000000004      1.280649957139918
-0.32499999999999996      0.41500000000000004      1.2951240331375544
-0.31499999999999995      0.41500000000000004      1.3100023120423103
-0.30499999999999994      0.41500000000000004      1.325179533023484
-0.29500000000000004      0.41500000000000004      1.3405425818736694
-0.28500000000000003      0.41500000000000004      1.3559728289403892
-0.275                    0.41500000000000004      1.3713484842535495
-0.265                    0.41500000000000004      1.3865484940196844
-0.255                    0.41500000000000004      1.4014559502951773
-0.245                    0.41500000000000004      1.4159617549712318
-0.235                    0.41500000000000004      1.4299679063918878
-0.22499999999999998      0.41500000000000004      1.443390134720642
-0.21500000000000005      0.41500000000000004      1.456159697523989
-0.20500000000000004      0.41500000000000004      1.4682242098537082
-0.19500000000000003      0.41500000000000004      1.4795476108946377
-0.18500000000000003      0.41500000000000004      1.49010942817678
-0.17500000000000002      0.41500000000000004      1.499902723631267
-0.165                    0.41500000000000004      1.5089327484227886
-0.15500000000000003      0.41500000000000004      1.5172142961648711
-0.14500000000000002      0.41500000000000004      1.5247696370937789
-0.135                    0.41500000000000004      1.5316266220290888
-0.125                    0.41500000000000004      1.537816368836055
-0.11499999999999999      0.41500000000000004      1.5433721046695712
-0.10499999999999998      0.41500000000000004      1.5483273981724897
-0.09499999999999997      0.41500000000000004      1.5527153789588333
-0.08499999999999999      0.41500000000000004      1.556567623564867
-0.07499999999999998      0.41500000000000004      1.5599137436435897
-0.06499999999999997      0.41500000000000004      1.5627806351366105
-0.054999999999999966     0.41500000000000004      1.5651924034035554
-0.04499999999999996      0.41500000000000004      1.567169858298597
-0.03499999999999995      0.41500000000000004      1.5687306091957456
-0.025000000000000022     0.41500000000000004      1.569888717536185
-0.015000000000000013     0.41500000000000004      1.5706548665361155
-0.0050000000000000044    0.41500000000000004      1.5710360938846442
0.0050000000000000044     0.41500000000000004      1.5710360131853733
0.015000000000000013      0.41500000000000004      1.5706545628414688
0.025000000000000022      0.41500000000000004      1.5698882512575474
0.03500000000000003       0.41500000000000004      1.568729905175556
0.04500000000000004       0.41500000000000004      1.5671689709420547
0.05500000000000005       0.41500000000000004      1.5651912489482827
0.06499999999999995       0.41500000000000004      1.5627792762651571
0.07499999999999996       0.41500000000000004      1.5599120722666189
0.08499999999999996       0.41500000000000004      1.5565656956942102
0.09499999999999997       0.41500000000000004      1.552713153625604
0.10499999999999998       0.41500000000000004      1.5483248149114803
0.11499999999999999       0.41500000000000004      1.543369164602035
0.125                     0.41500000000000004      1.5378130034663378
0.135                     0.41500000000000004      1.5316227894177963
0.14500000000000002       0.41500000000000004      1.5247653900517597
0.15500000000000003       0.41500000000000004      1.5172094459842975
0.16500000000000004       0.41500000000000004      1.5089274057753963
0.17500000000000004       0.41500000000000004      1.4998967281455329
0.18500000000000005       0.41500000000000004      1.490102838842093
0.19499999999999995       0.41500000000000004      1.479540515758381
0.20499999999999996       0.41500000000000004      1.468216423924925
0.21499999999999997       0.41500000000000004      1.456151302789677
0.22499999999999998       0.41500000000000004      1.4433811352403572
0.235                     0.41500000000000004      1.4299583728893395
0.245                     0.41500000000000004      1.4159516810160908
0.255                     0.41500000000000004      1.4014454285188005
0.265                     0.41500000000000004      1.386537613130792
0.275                     0.41500000000000004      1.3713373442254202
0.28500000000000003       0.41500000000000004      1.3559615063194024
0.29500000000000004       0.41500000000000004      1.3405311999299057
0.30500000000000005       0.41500000000000004      1.3251681752378126
0.31499999999999995       0.41500000000000004      1.3099909929441624
0.32499999999999996       0.41500000000000004      1.2951127359342611
0.33499999999999996       0.41500000000000004      1.2806387298813866
0.345                     0.41500000000000004      1.2666647571557668
0.355                     0.41500000000000004      1.2532763978669432
0.365                     0.41500000000000004      1.2405483779561264
0.375                     0.41500000000000004      1.228544987102552
0.385                     0.41500000000000004      1.2173210187033567
0.395                     0.41500000000000004      1.2069219884531048
0.405                     0.41500000000000004      1.1973849597193287
0.41500000000000004       0.41500000000000004      1.1887395586122413
0.42500000000000004       0.41500000000000004      1.1810112347724502
0.43500000000000005       0.41500000000000004      1.1742178766079905
0.44499999999999995       0.41500000000000004      1.1683742941159592
0.45499999999999996       0.41500000000000004      1.1634906704449568
0.46499999999999997       0.41500000000000004      1.1595760984395902
0.475                     0.41500000000000004      1.1566354583883203
0.485                     0.41500000000000004      1.1546731231152365
0.495                     0.41500000000000004      1.153691389209205
-0.495                    0.42500000000000004      1.0202563017077446
-0.485                    0.42500000000000004      1.0211184732711684
-0.475                    0.42500000000000004      1.022841587045044
-0.46499999999999997      0.42500000000000004      1.0254229873181702
-0.45499999999999996      0.42500000000000004      1.0288584034053134
-0.44499999999999995      0.42500000000000004      1.0331422495656033
-0.43500000000000005      0.42500000000000004      1.0382652316327041
-0.42500000000000004      0.42500000000000004      1.044216142725192
-0.41500000000000004      0.42500000000000004      1.0509825908267698
-0.405                    0.42500000000000004      1.0585441387481176
-0.395                    0.42500000000000004      1.0668791086691543
-0.385                    0.42500000000000004      1.075958911901368
-0.375                    0.42500000000000004      1.0857488712417311
-0.365                    0.42500000000000004      1.0962074141897387
-0.355                    0.42500000000000004      1.1072854287115896
-0.345                    0.42500000000000004      1.1189255901937658
-0.33499999999999996      0.42500000000000004      1.1310621713064253
-0.32499999999999996      0.42500000000000004      1.1436210578296486
-0.31499999999999995      0.42500000000000004      1.1565199968075834
-0.30499999999999994      0.42500000000000004      1.1696695232592025
-0.29500000000000004      0.42500000000000004      1.1829742642689547
-0.28500000000000003      0.42500000000000004      1.1963347552484525
-0.275                    0.42500000000000004      1.2096497585841763
-0.265                    0.42500000000000004      1.2228188519882242
-0.255                    0.42500000000000004      1.2357451539709134
-0.245                    0.42500000000000004      1.248338075213868
-0.235                    0.42500000000000004      1.26051581791824
-0.22499999999999998      0.42500000000000004      1.2722074193243689
-0.21500000000000005      0.42500000000000004      1.28335398441796
-0.20500000000000004      0.42500000000000004      1.2939096804314785
-0.19500000000000003      0.42500000000000004      1.3038417618887044
-0.18500000000000003      0.42500000000000004      1.3131296448459853
-0.17500000000000002      0.42500000000000004      1.3217644126615036
-0.165                    0.42500000000000004      1.3297468975625022
-0.15500000000000003      0.42500000000000004      1.337086271176858
-0.14500000000000002      0.42500000000000004      1.3437984331493191
-0.135                    0.42500000000000004      1.3499040017918313
-0.125                    0.42500000000000004      1.355427302834268
-0.11499999999999999      0.42500000000000004      1.360394476410558
-0.10499999999999998      0.42500000000000004      1.3648327276807577
-0.09499999999999997      0.42500000000000004      1.3687690572933704
-0.08499999999999999      0.42500000000000004      1.3722297348099666
-0.07499999999999998      0.42500000000000004      1.375239361263946
-0.06499999999999997      0.42500000000000004      1.3778207490589751
-0.054999999999999966     0.42500000000000004      1.379994224828349
-0.04499999999999996      0.42500000000000004      1.3817776841823801
-0.03499999999999995      0.42500000000000004      1.3831861040704079
-0.025000000000000022     0.42500000000000004      1.3842317034675735
-0.015000000000000013     0.42500000000000004      1.384923594958034
-0.0050000000000000044    0.42500000000000004      1.385267982188926
0.0050000000000000044     0.42500000000000004      1.3852678819570836
0.015000000000000013      0.42500000000000004      1.384923348860302
0.025000000000000022      0.42500000000000004      1.3842312449738279
0.03500000000000003       0.42500000000000004      1.3831854882414367
0.04500000000000004       0.42500000000000004      1.3817768423067447
0.05500000000000005       0.42500000000000004      1.3799932119965153
0.06499999999999995       0.42500000000000004      1.3778194746748786
0.07499999999999996       0.42500000000000004      1.3752378863834092
0.08499999999999996       0.42500000000000004      1.3722279907684416
0.09499999999999997       0.42500000000000004      1.3687670388057147
0.10499999999999998       0.42500000000000004      1.3648304024081954
0.11499999999999999       0.42500000000000004      1.3603918101451558
0.125                     0.42500000000000004      1.3554242820812483
0.135                     0.42500000000000004      1.3499006398024191
0.14500000000000002       0.42500000000000004      1.3437946005393557
0.15500000000000003       0.42500000000000004      1.3370820789239564
0.16500000000000004       0.42500000000000004      1.3297421745756803
0.17500000000000004       0.42500000000000004      1.3217592752821352
0.18500000000000005       0.42500000000000004      1.3131240186984527
0.19499999999999995       0.42500000000000004      1.3038355183725203
0.20499999999999996       0.42500000000000004      1.2939029982613288
0.21499999999999997       0.42500000000000004      1.2833467089594028
0.22499999999999998       0.42500000000000004      1.2721996579122172
0.235                     0.42500000000000004      1.2605075576317997
0.245                     0.42500000000000004      1.2483293406831508
0.255                     0.42500000000000004      1.2357359911480317
0.265                     0.42500000000000004      1.222809331580758
0.275                     0.42500000000000004      1.209639994232234
0.28500000000000003       0.42500000000000004      1.1963248656388061
0.29500000000000004       0.42500000000000004      1.1829643337790445
0.30500000000000005       0.42500000000000004      1.1696595648850097
0.31499999999999995       0.42500000000000004      1.1565100504378927
0.32499999999999996       0.42500000000000004      1.1436111705261844
0.33499999999999996       0.42500000000000004      1.1310524011947047
0.345                     0.42500000000000004      1.1189159483475934
0.355                     0.42500000000000004      1.1072759432274704
0.365                     0.42500000000000004      1.096198108127477
0.375                     0.42500000000000004      1.0857397506774673
0.385                     0.42500000000000004      1.0759500102745543
0.395                     0.42500000000000004      1.0668704721789126
0.405                     0.42500000000000004      1.0585356885048707
0.41500000000000004       0.42500000000000004      1.0509740625182173
0.42500000000000004       0.42500000000000004      1.0442078268307537
0.43500000000000005       0.42500000000000004      1.0382570247314746
0.44499999999999995       0.42500000000000004      1.033134275882924
0.45499999999999996       0.42500000000000004      1.0288503244674272
0.46499999999999997       0.42500000000000004      1.0254151734712826
0.475                     0.42500000000000004      1.0228337822264746
0.485                     0.42500000000000004      1.0211107172837381
0.495                     0.42500000000000004      1.0202485777480115
-0.495                    0.43500000000000005      0.8859501282222925
-0.485                    0.43500000000000005      0.8866939638975245
-0.475                    0.43500000000000005      0.8881804194159975
-0.46499999999999997      0.43500000000000005      0.890406611462506
-0.45499999999999996      0.43500000000000005      0.89336898157665
-0.44499999999999995      0.43500000000000005      0.8970610120371516
-0.43500000000000005      0.43500000000000005      0.9014746331747434
-0.42500000000000004      0.43500000000000005      0.9065990084145449
-0.41500000000000004      0.43500000000000005      0.9124204673269022
-0.405                    0.43500000000000005      0.9189224934023407
-0.395                    0.43500000000000005      0.9260837493552115
-0.385                    0.43500000000000005      0.9338784022559216
-0.375                    0.43500000000000005      0.942275412323754
-0.365                    0.43500000000000005      0.9512378810552738
-0.355                    0.43500000000000005      0.9607226157214919
-0.345                    0.43500000000000005      0.9706798195780472
-0.33499999999999996      0.43500000000000005      0.9810528925493471
-0.32499999999999996      0.43500000000000005      0.9917785865834466
-0.31499999999999995      0.43500000000000005      1.0027873941446332
-0.30499999999999994      0.43500000000000005      1.0140042906391935
-0.29500000000000004      0.43500000000000005      1.0253498553972344
-0.28500000000000003      0.43500000000000005      1.0367417526031273
-0.275                    0.43500000000000005      1.0480965188372737
-0.265                    0.43500000000000005      1.0593315737180142
-0.255                    0.43500000000000005      1.0703673148304653
-0.245                    0.43500000000000005      1.0811291682631399
-0.235                    0.43500000000000005      1.0915494939695136
-0.22499999999999998      0.43500000000000005      1.101569089447611
-0.21500000000000005      0.43500000000000005      1.1111383880157748
-0.20500000000000004      0.43500000000000005      1.120218005965947
-0.19500000000000003      0.43500000000000005      1.128778870231342
-0.18500000000000003      0.43500000000000005      1.136801830110119
-0.17500000000000002      0.43500000000000005      1.1442769839962346
-0.165                    0.43500000000000005      1.1512026123895662
-0.15500000000000003      0.43500000000000005      1.1575839535260353
-0.14500000000000002      0.43500000000000005      1.163431962024612
-0.135                    0.43500000000000005      1.1687619638249322
-0.125                    0.43500000000000005      1.1735924507092665
-0.11499999999999999      0.43500000000000005      1.177943960888672
-0.10499999999999998      0.43500000000000005      1.1818380999117533
-0.09499999999999997      0.43500000000000005      1.185296688823397
-0.08499999999999999      0.43500000000000005      1.188341078156868
-0.07499999999999998      0.43500000000000005      1.1909915881358908
-0.06499999999999997      0.43500000000000005      1.1932670668305867
-0.054999999999999966     0.43500000000000005      1.1951845341140743
-0.04499999999999996      0.43500000000000005      1.1967589362991686
-0.03499999999999995      0.43500000000000005      1.1980029486476982
-0.025000000000000022     0.43500000000000005      1.1989268494976093
-0.015000000000000013     0.43500000000000005      1.1995384080360427
-0.0050000000000000044    0.43500000000000005      1.1998428415756177
0.0050000000000000044     0.43500000000000005      1.199842759349847
0.015000000000000013      0.43500000000000005      1.1995381686676756
0.025000000000000022      0.43500000000000005      1.1989264439071246
0.03500000000000003       0.43500000000000005      1.1980023777823836
0.04500000000000004       0.43500000000000005      1.1967581827834777
0.05500000000000005       0.43500000000000005      1.195183595756788
0.06499999999999995       0.43500000000000005      1.1932659250098492
0.07499999999999996       0.43500000000000005      1.1909902324121606
0.08499999999999996       0.43500000000000005      1.1883394919225723
0.09499999999999997       0.43500000000000005      1.1852948474774707
0.10499999999999998       0.43500000000000005      1.181835995535406
0.11499999999999999       0.43500000000000005      1.1779415698117377
0.125                     0.43500000000000005      1.1735897486801643
0.135                     0.43500000000000005      1.1687589317305849
0.14500000000000002       0.43500000000000005      1.1634285633927037
0.15500000000000003       0.43500000000000005      1.157580168522609
0.16500000000000004       0.43500000000000005      1.1511984100591661
0.17500000000000004       0.43500000000000005      1.144272374447606
0.18500000000000005       0.43500000000000005      1.136796806930231
0.19499999999999995       0.43500000000000005      1.1287734234763789
0.20499999999999996       0.43500000000000005      1.1202121566097798
0.21499999999999997       0.43500000000000005      1.1111321386914463
0.22499999999999998       0.43500000000000005      1.1015624603880338
0.235                     0.43500000000000005      1.0915425094965454
0.245                     0.43500000000000005      1.0811218594927787
0.255                     0.43500000000000005      1.07035971027561
0.265                     0.43500000000000005      1.0593237095594377
0.275                     0.43500000000000005      1.048088421535942
0.28500000000000003       0.43500000000000005      1.0367334753181454
0.29500000000000004       0.43500000000000005      1.0253414553017528
0.30500000000000005       0.43500000000000005      1.0139958077543967
0.31499999999999995       0.43500000000000005      1.002778877579292
0.32499999999999996       0.43500000000000005      0.991770095289235
0.33499999999999996       0.43500000000000005      0.9810444663208155
0.345                     0.43500000000000005      0.9706714841864127
0.355                     0.43500000000000005      0.9607143914548026
0.365                     0.43500000000000005      0.9512297799562746
0.375                     0.43500000000000005      0.9422674494983794
0.385                     0.43500000000000005      0.9338705685942409
0.395                     0.43500000000000005      0.926076019760416
0.405                     0.43500000000000005      0.9189149116157584
0.41500000000000004       0.43500000000000005      0.9124129551852869
0.42500000000000004       0.43500000000000005      0.9065910763069547
0.43500000000000005       0.43500000000000005      0.9014669788275926
0.44499999999999995       0.43500000000000005      0.8970529538875908
0.45499999999999996       0.43500000000000005      0.893361753549195
0.46499999999999997       0.43500000000000005      0.890399883161919
0.475                     0.43500000000000005      0.8881736284771209
0.485                     0.43500000000000005      0.8866871919268977
0.495                     0.43500000000000005      0.8859433909470203
-0.495                    0.44499999999999995      0.7508998845171592
-0.485                    0.44499999999999995      0.751526689510297
-0.475                    0.44499999999999995      0.7527789607692359
-0.46499999999999997      0.44499999999999995      0.7546536210929821
-0.45499999999999996      0.44499999999999995      0.75714863912842
-0.44499999999999995      0.44499999999999995      0.7602568021607173
-0.43500000000000005      0.44499999999999995      0.7639711494640655
-0.42500000000000004      0.44499999999999995      0.7682814699025644
-0.41500000000000004      0.44499999999999995      0.7731761568691458
-0.405                    0.44499999999999995      0.7786395564215935
-0.395                    0.44499999999999995      0.7846528915972604
-0.385                    0.44499999999999995      0.791193585306701
-0.375                    0.44499999999999995      0.7982346251797102
-0.365                    0.44499999999999995      0.8057442402331132
-0.355                    0.44499999999999995      0.8136855614307362
-0.345                    0.44499999999999995      0.822016424362521
-0.33499999999999996      0.44499999999999995      0.8306893210092945
-0.32499999999999996      0.44499999999999995      0.8396515416137261
-0.31499999999999995      0.44499999999999995      0.8488455596234062
-0.30499999999999994      0.44499999999999995      0.8582096762059442
-0.29500000000000004      0.44499999999999995      0.8676789361864897
-0.28500000000000003      0.44499999999999995      0.8771862977854936
-0.275                    0.44499999999999995      0.8866640163620837
-0.265                    0.44499999999999995      0.8960452087106462
-0.255                    0.44499999999999995      0.90526542475345
-0.245                    0.44499999999999995      0.9142642010038091
-0.235                    0.44499999999999995      0.9229865000259067
-0.22499999999999998      0.44499999999999995      0.9313838789441256
-0.21500000000000005      0.44499999999999995      0.9394153591998768
-0.20500000000000004      0.44499999999999995      0.9470478981732079
-0.19500000000000003      0.44499999999999995      0.954256546695147
-0.18500000000000003      0.44499999999999995      0.961024229771819
-0.17500000000000002      0.44499999999999995      0.9673412257591154
-0.165                    0.44499999999999995      0.9732044389000315
-0.15500000000000003      0.44499999999999995      0.9786165051189467
-0.14500000000000002      0.44499999999999995      0.9835847992514555
-0.135                    0.44499999999999995      0.9881204601927412
-0.125                    0.44499999999999995      0.9922374071254085
-0.11499999999999999      0.44499999999999995      0.9959514531719492
-0.10499999999999998      0.44499999999999995      0.9992794959972339
-0.09499999999999997      0.44499999999999995      1.0022388218913607
-0.08499999999999999      0.44499999999999995      1.0048465122207413
-0.07499999999999998      0.44499999999999995      1.0071189521717103
-0.06499999999999997      0.44499999999999995      1.0090714406616113
-0.054999999999999966     0.44499999999999995      1.0107178768368672
-0.04499999999999996      0.44499999999999995      1.012070520686942
-0.03499999999999995      0.44499999999999995      1.0131398096050317
-0.025000000000000022     0.44499999999999995      1.01393422836633
-0.015000000000000013     0.44499999999999995      1.014460212520028
-0.0050000000000000044    0.44499999999999995      1.014722085353654
0.0050000000000000044     0.44499999999999995      1.0147220159726775
0.015000000000000013      0.44499999999999995      1.0144600039067142
0.025000000000000022      0.44499999999999995      1.013933876917966
0.03500000000000003       0.44499999999999995      1.0131393113972489
0.04500000000000004       0.44499999999999995      1.0120698688397178
0.05500000000000005       0.44499999999999995      1.0107170640207674
0.06499999999999995       0.44499999999999995      1.0090704560338566
0.07499999999999996       0.44499999999999995      1.007117784773473
0.08499999999999996       0.44499999999999995      1.0048451483431649
0.09499999999999997       0.44499999999999995      1.0022372472662717
0.10499999999999998       0.44499999999999995      0.9992776932925573
0.11499999999999999       0.44499999999999995      0.9959494035297031
0.125                     0.44499999999999995      0.9922350973903591
0.135                     0.44499999999999995      0.9881178722969972
0.14500000000000002       0.44499999999999995      0.9835819191817661
0.15500000000000003       0.44499999999999995      0.9786133172583786
0.16500000000000004       0.44499999999999995      0.9732009318169353
0.17500000000000004       0.44499999999999995      0.9673373833291605
0.18500000000000005       0.44499999999999995      0.9610200416225634
0.19499999999999995       0.44499999999999995      0.9542520142490303
0.20499999999999996       0.44499999999999995      0.9470430150933623
0.21499999999999997       0.44499999999999995      0.939410139702193
0.22499999999999998       0.44499999999999995      0.9313783346805729
0.235                     0.44499999999999995      0.9229806507155605
0.245                     0.44499999999999995      0.9142580703472191
0.255                     0.44499999999999995      0.9052590419083504
0.265                     0.44499999999999995      0.8960386097196648
0.275                     0.44499999999999995      0.8866572307373746
0.28500000000000003       0.44499999999999995      0.8771793737910485
0.29500000000000004       0.44499999999999995      0.8676719137722745
0.30500000000000005       0.44499999999999995      0.8582025887522096
0.31499999999999995       0.44499999999999995      0.848838445069449
0.32499999999999996       0.44499999999999995      0.8396444352949629
0.33499999999999996       0.44499999999999995      0.8306822519643421
0.345                     0.44499999999999995      0.8220094170589357
0.355                     0.44499999999999995      0.8136786361575388
0.365                     0.44499999999999995      0.8057374163617343
0.375                     0.44499999999999995      0.7982279127904822
0.385                     0.44499999999999995      0.7911869944363872
0.395                     0.44499999999999995      0.7846464141513565
0.405                     0.44499999999999995      0.7786331969393369
0.41500000000000004       0.44499999999999995      0.7731699653046575
0.42500000000000004       0.44499999999999995      0.7682752850946886
0.43500000000000005       0.44499999999999995      0.7639646977310981
0.44499999999999995       0.44499999999999995      0.7602515459982693
0.45499999999999996       0.44499999999999995      0.7571431572940355
0.46499999999999997       0.44499999999999995      0.7546486543065458
0.475                     0.44499999999999995      0.7527732789672051
0.485                     0.44499999999999995      0.7515209118672397
0.495                     0.44499999999999995      0.7508941594311725
-0.495                    0.45499999999999996      0.615222631871915
-0.485                    0.45499999999999996      0.6157336386036162
-0.475                    0.45499999999999996      0.6167544933994383
-0.46499999999999997      0.45499999999999996      0.6182835120340557
-0.45499999999999996      0.45499999999999996      0.6203148297053537
-0.44499999999999995      0.45499999999999996      0.6228458487465133
-0.43500000000000005      0.45499999999999996      0.6258699781535784
-0.42500000000000004      0.45499999999999996      0.6293786671505157
-0.41500000000000004      0.45499999999999996      0.633361105237392
-0.405                    0.45499999999999996      0.6378042576109073
-0.395                    0.45499999999999996      0.6426922059644664
-0.385                    0.45499999999999996      0.6480058751579507
-0.375                    0.45499999999999996      0.6537227189387373
-0.365                    0.45499999999999996      0.659816408358651
-0.355                    0.45499999999999996      0.6662566080167164
-0.345                    0.45499999999999996      0.6730088549089411
-0.33499999999999996      0.45499999999999996      0.6800345586288802
-0.32499999999999996      0.45499999999999996      0.6872911621401058
-0.31499999999999995      0.45499999999999996      0.6947324747844745
-0.30499999999999994      0.45499999999999996      0.7023092006605406
-0.29500000000000004      0.45499999999999996      0.7099696628356917
-0.28500000000000003      0.45499999999999996      0.7176607113625695
-0.275                    0.45499999999999996      0.7253287821977628
-0.265                    0.45499999999999996      0.7329210540805696
-0.255                    0.45499999999999996      0.7403866443270803
-0.245                    0.45499999999999996      0.7476777733949389
-0.235                    0.45499999999999996      0.754750819813812
-0.22499999999999998      0.45499999999999996      0.7615671996771765
-0.21500000000000005      0.45499999999999996      0.7680940209818274
-0.20500000000000004      0.45499999999999996      0.7743044782226617
-0.19500000000000003      0.45499999999999996      0.7801779785404682
-0.18500000000000003      0.45499999999999996      0.7857000130817865
-0.17500000000000002      0.45499999999999996      0.7908618095844392
-0.165                    0.45499999999999996      0.7956598081857197
-0.15500000000000003      0.45499999999999996      0.8000950088568689
-0.14500000000000002      0.45499999999999996      0.8041722454279774
-0.135                    0.45499999999999996      0.8078994333471385
-0.125                    0.45499999999999996      0.8112868274237505
-0.11499999999999999      0.45499999999999996      0.814346323479332
-0.10499999999999998      0.45499999999999996      0.8170908207482569
-0.09499999999999997      0.45499999999999996      0.8195336594750809
-0.08499999999999999      0.45499999999999996      0.8216881363342614
-0.07499999999999998      0.45499999999999996      0.8235670979251153
-0.06499999999999997      0.45499999999999996      0.8251826080184979
-0.054999999999999966     0.45499999999999996      0.8265456800654517
-0.04499999999999996      0.45499999999999996      0.8276660671656209
-0.03499999999999995      0.45499999999999996      0.8285521007315042
-0.025000000000000022     0.45499999999999996      0.8292105701568124
-0.015000000000000013     0.45499999999999996      0.8296466354869856
-0.0050000000000000044    0.45499999999999996      0.8298637674109228
0.0050000000000000044     0.45499999999999996      0.829863709713288
0.015000000000000013      0.45499999999999996      0.8296464616451393
0.025000000000000022      0.45499999999999996      0.829210277820647
0.03500000000000003       0.45499999999999996      0.8285516861696345
0.04500000000000004       0.45499999999999996      0.8276655251219017
0.05500000000000005       0.45499999999999996      0.826545003892016
0.06499999999999995       0.45499999999999996      0.8251817894724164
0.07499999999999996       0.45499999999999996      0.8235661273586523
0.08499999999999996       0.45499999999999996      0.8216870028860961
0.09499999999999997       0.45499999999999996      0.81953235141308
0.10499999999999998       0.45499999999999996      0.8170893255642474
0.11499999999999999       0.45499999999999996      0.8143446281310968
0.125                     0.45499999999999996      0.8112849186991061
0.135                     0.45499999999999996      0.8078972975316352
0.14500000000000002       0.45499999999999996      0.8041698692625797
0.15500000000000003       0.45499999999999996      0.8000923799079998
0.16500000000000004       0.45499999999999996      0.7956569164067707
0.17500000000000004       0.45499999999999996      0.7908586471007814
0.18500000000000005       0.45499999999999996      0.7856965743346234
0.19499999999999995       0.45499999999999996      0.7801742619768932
0.20499999999999996       0.45499999999999996      0.7743004857060134
0.21499999999999997       0.45499999999999996      0.7680897588352618
0.22499999999999998       0.45499999999999996      0.7615626788857219
0.235                     0.45499999999999996      0.754746057023284
0.245                     0.45499999999999996      0.7476727881412683
0.255                     0.45499999999999996      0.7403814591647577
0.265                     0.45499999999999996      0.7329156955630812
0.275                     0.45499999999999996      0.7253232796649527
0.28500000000000003       0.45499999999999996      0.7176550947196239
0.29500000000000004       0.45499999999999996      0.7099639618934276
0.30500000000000005       0.45499999999999996      0.7023034454364913
0.31499999999999995       0.45499999999999996      0.6947266944025444
0.32499999999999996       0.45499999999999996      0.6872853832503923
0.33499999999999996       0.45499999999999996      0.6800288046480882
0.345                     0.45499999999999996      0.6730031455616936
0.355                     0.45499999999999996      0.6662509609589249
0.365                     0.45499999999999996      0.6598108367981815
0.375                     0.45499999999999996      0.6537172360727914
0.385                     0.45499999999999996      0.6480004924626149
0.395                     0.45499999999999996      0.6426869471631607
0.405                     0.45499999999999996      0.637799143916129
0.41500000000000004       0.45499999999999996      0.6333561476342915
0.42500000000000004       0.45499999999999996      0.6293738552788076
0.43500000000000005       0.45499999999999996      0.6258654817538529
0.44499999999999995       0.45499999999999996      0.6228422002241407
0.45499999999999996       0.45499999999999996      0.6203109152012304
0.46499999999999997       0.45499999999999996      0.6182781531848154
0.475                     0.45499999999999996      0.616749764437048
0.485                     0.45499999999999996      0.6157288620927187
0.495                     0.45499999999999996      0.615217953131554
-0.495                    0.46499999999999997      0.47903433840059895
-0.485                    0.46499999999999997      0.47943013693205183
-0.475                    0.46499999999999997      0.48022256931759594
-0.46499999999999997      0.46499999999999997      0.4814074550800801
-0.45499999999999996      0.46499999999999997      0.48298344389969877
-0.44499999999999995      0.46499999999999997      0.4849457619296192
-0.43500000000000005      0.46499999999999997      0.4872888593683491
-0.42500000000000004      0.46499999999999997      0.49000637670088276
-0.41500000000000004      0.46499999999999997      0.493089729574692
-0.405                    0.46499999999999997      0.496528431702132
-0.395                    0.46499999999999997      0.5003098031264214
-0.385                    0.46499999999999997      0.5044187260846545
-0.375                    0.46499999999999997      0.5088374069834695
-0.365                    0.46499999999999997      0.5135451810001527
-0.355                    0.46499999999999997      0.5185183679965784
-0.345                    0.46499999999999997      0.523730204168391
-0.33499999999999996      0.46499999999999997      0.52915086930209
-0.32499999999999996      0.46499999999999997      0.534747628398067
-0.31499999999999995      0.46499999999999997      0.5404851031620754
-0.30499999999999994      0.46499999999999997      0.5463256818632376
-0.29500000000000004      0.46499999999999997      0.5522300666085564
-0.28500000000000003      0.46499999999999997      0.5581579467342036
-0.275                    0.46499999999999997      0.5640687747228695
-0.265                    0.46499999999999997      0.5699226094365094
-0.255                    0.46499999999999997      0.5756809826798468
-0.245                    0.46499999999999997      0.5813077382200749
-0.235                    0.46499999999999997      0.5867697919026396
-0.22499999999999998      0.46499999999999997      0.5920377685397002
-0.21500000000000005      0.46499999999999997      0.5970864805955405
-0.20500000000000004      0.46499999999999997      0.6018952260161913
-0.19500000000000003      0.46499999999999997      0.6064478967379978
-0.18500000000000003      0.46499999999999997      0.6107329057752029
-0.17500000000000002      0.46499999999999997      0.6147429545213337
-0.165                    0.46499999999999997      0.6184746693234946
-0.15500000000000003      0.46499999999999997      0.6219281415521565
-0.14500000000000002      0.46499999999999997      0.625106407092775
-0.135                    0.46499999999999997      0.628014898565498
-0.125                    0.46499999999999997      0.630660898751852
-0.11499999999999999      0.46499999999999997      0.6330530188978821
-0.10499999999999998      0.46499999999999997      0.6352007166778497
-0.09499999999999997      0.46499999999999997      0.637113865630908
-0.08499999999999999      0.46499999999999997      0.6388023799016946
-0.07499999999999998      0.46499999999999997      0.640275895334428
-0.06499999999999997      0.46499999999999997      0.641543504746807
-0.054999999999999966     0.46499999999999997      0.6426135428053161
-0.04499999999999996      0.46499999999999997      0.6434934149114068
-0.03499999999999995      0.46499999999999997      0.6441894641871803
-0.025000000000000022     0.46499999999999997      0.6447068707570813
-0.015000000000000013     0.46499999999999997      0.6450495779906543
-0.0050000000000000044    0.46499999999999997      0.6452202412334835
0.0050000000000000044     0.46499999999999997      0.6452201956004133
0.015000000000000013      0.46499999999999997      0.645049440498258
0.025000000000000022      0.46499999999999997      0.644706639635557
0.03500000000000003       0.46499999999999997      0.6441891365194391
0.04500000000000004       0.46499999999999997      0.6434929866259722
0.05500000000000005       0.46499999999999997      0.642613008753219
0.06499999999999995       0.46499999999999997      0.6415428587502858
0.07499999999999996       0.46499999999999997      0.6402751301830054
0.08499999999999996       0.46499999999999997      0.6388014873532919
0.09499999999999997       0.46499999999999997      0.6371128365473805
0.10499999999999998       0.46499999999999997      0.6351995413459979
0.11499999999999999       0.46499999999999997      0.6330516874039361
0.125                     0.46499999999999997      0.6306594011300607
0.135                     0.46499999999999997      0.6280132248383182
0.14500000000000002       0.46499999999999997      0.6251045477626049
0.15500000000000003       0.46499999999999997      0.6219260878528561
0.16500000000000004       0.46499999999999997      0.6184724138535292
0.17500000000000004       0.46499999999999997      0.6147404914800005
0.18500000000000005       0.46499999999999997      0.6107302312819519
0.19499999999999995       0.46499999999999997      0.6064450094691188
0.20499999999999996       0.46499999999999997      0.6018921277560095
0.21499999999999997       0.46499999999999997      0.597083176517624
0.22499999999999998       0.46499999999999997      0.5920342674030735
0.235                     0.46499999999999997      0.5867661057040868
0.245                     0.46499999999999997      0.5813038816255255
0.255                     0.46499999999999997      0.5756769730927819
0.265                     0.46499999999999997      0.5699184669600937
0.275                     0.46499999999999997      0.5640645215504493
0.28500000000000003       0.46499999999999997      0.5581536059818633
0.29500000000000004       0.46499999999999997      0.5522256613747837
0.30500000000000005       0.46499999999999997      0.5463212345939511
0.31499999999999995       0.46499999999999997      0.5404806348782483
0.32499999999999996       0.46499999999999997      0.5347431582442385
0.33499999999999996       0.46499999999999997      0.5291464144753351
0.345                     0.46499999999999997      0.5237257794022357
0.355                     0.46499999999999997      0.5185139857810437
0.365                     0.46499999999999997      0.5135408504539862
0.375                     0.46499999999999997      0.5088331344894269
0.385                     0.46499999999999997      0.5044145153364747
0.395                     0.46499999999999997      0.5003056535435196
0.405                     0.46499999999999997      0.4965243370104684
0.41500000000000004       0.46499999999999997      0.493085679805153
0.42500000000000004       0.46499999999999997      0.4900023613044299
0.43500000000000005       0.46499999999999997      0.48728478557440147
0.44499999999999995       0.46499999999999997      0.48494154106707
0.45499999999999996       0.46499999999999997      0.4829795777098088
0.46499999999999997       0.46499999999999997      0.48140377714360383
0.475                     0.46499999999999997      0.48021824604316365
0.485                     0.46499999999999997      0.4794267848248888
0.495                     0.46499999999999997      0.47903063362894555
-0.495                    0.475                    0.3424496715719494
-0.485                    0.475                    0.3427321281440941
-0.475                    0.475                    0.3432961432285566
-0.46499999999999997      0.475                    0.3441403012612504
-0.45499999999999996      0.475                    0.3452625226997834
-0.44499999999999995      0.475                    0.3466596742900825
-0.43500000000000005      0.475                    0.3483283390996014
-0.42500000000000004      0.475                    0.35026317267426443
-0.41500000000000004      0.475                    0.352457935221273
-0.405                    0.475                    0.3549049690388651
-0.395                    0.475                    0.35759504770181316
-0.385                    0.475                    0.3605172159719334
-0.375                    0.475                    0.3636586375265216
-0.365                    0.475                    0.3670044640571461
-0.355                    0.475                    0.37053774708556303
-0.345                    0.475                    0.3742394022137035
-0.33499999999999996      0.475                    0.37808823994991075
-0.32499999999999996      0.475                    0.3820610760082459
-0.31499999999999995      0.475                    0.3861329298057478
-0.30499999999999994      0.475                    0.3902773156504734
-0.29500000000000004      0.475                    0.3944666251382566
-0.28500000000000003      0.475                    0.3986725921520213
-0.275                    0.475                    0.4028668236841401
-0.265                    0.475                    0.4070213727580735
-0.255                    0.475                    0.41110932449023313
-0.245                    0.475                    0.41510536287531946
-0.235                    0.475                    0.4189862851054587
-0.22499999999999998      0.475                    0.42273143371128075
-0.21500000000000005      0.475                    0.42632302360110214
-0.20500000000000004      0.475                    0.4297463491655612
-0.19500000000000003      0.475                    0.4329898658978712
-0.18500000000000003      0.475                    0.4360451510332664
-0.17500000000000002      0.475                    0.4389067557661663
-0.165                    0.475                    0.44157196754459427
-0.15500000000000003      0.475                    0.4440405046520213
-0.14500000000000002      0.475                    0.4463141664249194
-0.135                    0.475                    0.44839646132840005
-0.125                    0.475                    0.450292232584131
-0.11499999999999999      0.475                    0.4520072965904113
-0.10499999999999998      0.475                    0.4535481070372925
-0.09499999999999997      0.475                    0.454921451063443
-0.08499999999999999      0.475                    0.45613418254113314
-0.07499999999999998      0.475                    0.4571929933902487
-0.06499999999999997      0.475                    0.45810422196020256
-0.054999999999999966     0.475                    0.45887369594220717
-0.04499999999999996      0.475                    0.45950660633637375
-0.03499999999999995      0.475                    0.4600074086219209
-0.025000000000000022     0.475                    0.46037974727440095
-0.015000000000000013     0.475                    0.46062640005935884
-0.0050000000000000044    0.475                    0.46074923905632487
0.0050000000000000044     0.475                    0.46074920603961633
0.015000000000000013      0.475                    0.4606263005899224
0.025000000000000022      0.475                    0.4603795800986945
0.03500000000000003       0.475                    0.46000717166330957
0.04500000000000004       0.475                    0.4595062967401721
0.05500000000000005       0.475                    0.4588733100540188
0.06499999999999995       0.475                    0.45810375533396236
0.07499999999999996       0.475                    0.45719244085871086
0.08499999999999996       0.475                    0.4561335383462103
0.09499999999999997       0.475                    0.45492070895732584
0.10499999999999998       0.475                    0.4535472603713669
0.11499999999999999       0.475                    0.45200633843346605
0.125                     0.475                    0.4502911558896411
0.135                     0.475                    0.44839525916937817
0.14500000000000002       0.475                    0.4463128321029888
0.15500000000000003       0.475                    0.4440390322624023
0.16500000000000004       0.475                    0.4415703521165395
0.17500000000000004       0.475                    0.43890499348477136
0.18500000000000005       0.475                    0.4360432395483184
0.19499999999999995       0.475                    0.4329878046684337
0.20499999999999996       0.475                    0.4297441397374645
0.21499999999999997       0.475                    0.4263206697751867
0.22499999999999998       0.475                    0.4227289415823986
0.235                     0.475                    0.4189836630071494
0.245                     0.475                    0.4151026211814429
0.255                     0.475                    0.41110647548604706
0.265                     0.475                    0.40701843036164287
0.275                     0.475                    0.4028638029127244
0.28500000000000003       0.475                    0.39866950860257305
0.29500000000000004       0.475                    0.3944634945840291
0.30500000000000005       0.475                    0.39027415369590684
0.31499999999999995       0.475                    0.38612975146153433
0.32499999999999996       0.475                    0.38205789492184533
0.33499999999999996       0.475                    0.37808506843862894
0.345                     0.475                    0.37423625098216273
0.355                     0.475                    0.3705346253222127
0.365                     0.475                    0.36700137984352715
0.375                     0.475                    0.363655598253676
0.385                     0.475                    0.36051422856453064
0.395                     0.475                    0.3575921195423863
0.405                     0.475                    0.3549021095432744
0.41500000000000004       0.475                    0.3524551539950216
0.42500000000000004       0.475                    0.35026046147703666
0.43500000000000005       0.475                    0.3483257465962047
0.44499999999999995       0.475                    0.34665725765331623
0.45499999999999996       0.475                    0.34525974170706025
0.46499999999999997       0.475                    0.3441375458366357
0.475                     0.475                    0.3432933423443192
0.485                     0.475                    0.34272923292824164
0.495                     0.475                    0.34244701013944745
-0.495                    0.485                    0.20558250033962275
-0.485                    0.485                    0.20575144781084695
-0.475                    0.485                    0.20608855508343465
-0.46499999999999997      0.485                    0.20659404331578513
-0.45499999999999996      0.485                    0.20726618324860574
-0.44499999999999995      0.485                    0.20810312518897714
-0.43500000000000005      0.485                    0.2091022870491211
-0.42500000000000004      0.485                    0.21026065134551195
-0.41500000000000004      0.485                    0.2115744180257942
-0.405                    0.485                    0.21303893079049988
-0.395                    0.485                    0.21464859366046804
-0.385                    0.485                    0.2163967755825866
-0.375                    0.485                    0.2182757244821735
-0.365                    0.485                    0.22027649759276124
-0.355                    0.485                    0.22238891380214146
-0.345                    0.485                    0.22460153651705222
-0.33499999999999996      0.485                    0.22690169695159113
-0.32499999999999996      0.485                    0.22927556378438987
-0.31499999999999995      0.485                    0.23170826353351764
-0.30499999999999994      0.485                    0.234184054349457
-0.29500000000000004      0.485                    0.23668655194848168
-0.28500000000000003      0.485                    0.23919900209238376
-0.275                    0.485                    0.2417045900186199
-0.265                    0.485                    0.24418677317381207
-0.255                    0.485                    0.2466296205850483
-0.245                    0.485                    0.24901814048482512
-0.235                    0.485                    0.2513385777518072
-0.22499999999999998      0.485                    0.25357866447252575
-0.21500000000000005      0.485                    0.25572781048189713
-0.20500000000000004      0.485                    0.2577772254944998
-0.19500000000000003      0.485                    0.25971996961792554
-0.18500000000000003      0.485                    0.26155093430403403
-0.17500000000000002      0.485                    0.26326676053114734
-0.165                    0.485                    0.26486570448098085
-0.15500000000000003      0.485                    0.266347463086312
-0.14500000000000002      0.485                    0.2677129726351567
-0.135                    0.485                    0.2689641931536437
-0.125                    0.485                    0.2701038898959498
-0.11499999999999999      0.485                    0.271135421226096
-0.10499999999999998      0.485                    0.2720625399938632
-0.09499999999999997      0.485                    0.27288921314040804
-0.08499999999999999      0.485                    0.2736194622593333
-0.07499999999999998      0.485                    0.27425722612500286
-0.06499999999999997      0.485                    0.27480624484214267
-0.054999999999999966     0.485                    0.27526996432798106
-0.04499999999999996      0.485                    0.2756514592500739
-0.03499999999999995      0.485                    0.27595337226485406
-0.025000000000000022     0.485                    0.2761778673629053
-0.015000000000000013     0.485                    0.27632659527131676
-0.0050000000000000044    0.485                    0.2764006691468784
0.0050000000000000044     0.485                    0.2764006491715728
0.015000000000000013      0.485                    0.2763265350954249
0.025000000000000022      0.485                    0.27617776623885526
0.03500000000000003       0.485                    0.27595322895427093
0.04500000000000004       0.485                    0.27565127203029227
0.05500000000000005       0.485                    0.27526973100673646
0.06499999999999995       0.485                    0.27480596278280744
0.07499999999999996       0.485                    0.2742568922835689
0.08499999999999996       0.485                    0.27361907323057283
0.09499999999999997       0.485                    0.27288876521278405
0.10499999999999998       0.485                    0.27206202921343925
0.11499999999999999       0.485                    0.27113484348894457
0.125                     0.485                    0.27010324105815126
0.135                     0.485                    0.268963469149086
0.14500000000000002       0.485                    0.2677121696075193
0.15500000000000003       0.485                    0.26634657755795926
0.16500000000000004       0.485                    0.26486473353693424
0.17500000000000004       0.485                    0.26326570201471966
0.18500000000000005       0.485                    0.2615497869767984
0.19499999999999995       0.485                    0.2597187332918644
0.20499999999999996       0.485                    0.25777590116036314
0.21499999999999997       0.485                    0.2557264004105894
0.22499999999999998       0.485                    0.2535771722670209
0.235                     0.485                    0.2513370083242508
0.245                     0.485                    0.24901649999615807
0.255                     0.485                    0.24662791632767542
0.265                     0.485                    0.24418501333974127
0.275                     0.485                    0.2417027834195882
0.28500000000000003       0.485                    0.23919715791287122
0.29500000000000004       0.485                    0.23668467951149205
0.30500000000000005       0.485                    0.23418216285472215
0.31499999999999995       0.485                    0.23170636178060933
0.32499999999999996       0.485                    0.2292736599081197
0.33499999999999996       0.485                    0.22689979822960862
0.345                     0.485                    0.2245996492631947
0.355                     0.485                    0.22238704325711106
0.365                     0.485                    0.22027464767346738
0.375                     0.485                    0.21827389779025905
0.385                     0.485                    0.21639497289397364
0.395                     0.485                    0.21464681323019238
0.405                     0.485                    0.21303716763687697
0.41500000000000004       0.485                    0.21157266611858455
0.42500000000000004       0.485                    0.21025891254620765
0.43500000000000005       0.485                    0.2091005456430939
0.44499999999999995       0.485                    0.20810135436483612
0.45499999999999996       0.485                    0.20726442870848036
0.46499999999999997       0.485                    0.20659235258071143
0.475                     0.485                    0.2060870889380929
0.485                     0.485                    0.20574976559307376
0.495                     0.485                    0.20558094545850605
-0.495                    0.495                    0.06854676658815984
-0.485                    0.495                    0.06860327557207531
-0.475                    0.495                    0.06871608785515738
-0.46499999999999997      0.495                    0.06888456249141478
-0.45499999999999996      0.495                    0.06910842368520917
-0.44499999999999995      0.495                    0.06938709456113858
-0.43500000000000005      0.495                    0.06971978050273583
-0.42500000000000004      0.495                    0.0701054521828267
-0.41500000000000004      0.495                    0.07054282258864505
-0.405                    0.495                    0.07103032739733431
-0.395                    0.495                    0.07156608975822268
-0.385                    0.495                    0.07214788961318659
-0.375                    0.495                    0.07277313541461441
-0.365                    0.495                    0.07343884105848239
-0.355                    0.495                    0.07414161119129997
-0.345                    0.495                    0.0748776367200299
-0.33499999999999996      0.495                    0.07564270325351913
-0.32499999999999996      0.495                    0.07643221484731888
-0.31499999999999995      0.495                    0.07724123446802991
-0.30499999999999994      0.495                    0.07806454177877778
-0.29500000000000004      0.495                    0.07889670778561896
-0.28500000000000003      0.495                    0.07973218451855886
-0.275                    0.495                    0.08056540656304803
-0.265                    0.495                    0.0813909000048895
-0.255                    0.495                    0.08220339338563756
-0.245                    0.495                    0.08299792473505513
-0.235                    0.495                    0.08376993875209438
-0.22499999999999998      0.495                    0.0845153687790389
-0.21500000000000005      0.495                    0.08523069932409669
-0.20500000000000004      0.495                    0.08591300638535362
-0.19500000000000003      0.495                    0.08655997451760042
-0.18500000000000003      0.495                    0.08716989127331608
-0.17500000000000002      0.495                    0.08774162113646113
-0.165                    0.495                    0.08827456220482133
-0.15500000000000003      0.495                    0.08876858959273651
-0.14500000000000002      0.495                    0.08922398980357835
-0.135                    0.495                    0.08964139020104597
-0.125                    0.495                    0.09002168728036336
-0.11499999999999999      0.495                    0.0903659768099807
-0.10499999999999998      0.495                    0.09067548819626359
-0.09499999999999997      0.495                    0.09095152468454748
-0.08499999999999999      0.495                    0.09119541034091144
-0.07499999999999998      0.495                    0.09140844419488059
-0.06499999999999997      0.495                    0.09159186147535983
-0.054999999999999966     0.495                    0.09174680155273107
-0.04499999999999996      0.495                    0.09187428199822636
-0.03499999999999995      0.495                    0.0919751780710947
-0.025000000000000022     0.495                    0.09205020692438834
-0.015000000000000013     0.495                    0.0920999158628346
-0.0050000000000000044    0.495                    0.0921246740754681
0.0050000000000000044     0.495                    0.09212466738714903
0.015000000000000013      0.495                    0.09209989571482606
0.025000000000000022      0.495                    0.09205017306826935
0.03500000000000003       0.495                    0.09197513009506879
0.04500000000000004       0.495                    0.09187421932998954
0.05500000000000005       0.495                    0.09174672346452578
0.06499999999999995       0.495                    0.09159176709248937
0.07499999999999996       0.495                    0.0914083325079803
0.08499999999999996       0.495                    0.0911952802215055
0.09499999999999997       0.495                    0.09095137490367386
0.10499999999999998       0.495                    0.09067531744736451
0.11499999999999999       0.495                    0.09036578373835297
0.125                     0.495                    0.090021470518663
0.135                     0.495                    0.08964114840969473
0.14500000000000002       0.495                    0.08922372171746945
0.15500000000000003       0.495                    0.08876829407538647
0.16500000000000004       0.495                    0.08827423830732117
0.17500000000000004       0.495                    0.08774126815800037
0.18500000000000005       0.495                    0.08716950881589754
0.19499999999999995       0.495                    0.08655956253299446
0.20499999999999996       0.495                    0.08591256521570831
0.21499999999999997       0.495                    0.0852302297332162
0.22499999999999998       0.495                    0.08451487196725524
0.235                     0.495                    0.0837694163502691
0.245                     0.495                    0.08299737877992268
0.255                     0.495                    0.08220282627600989
0.265                     0.495                    0.08139031443623446
0.275                     0.495                    0.0805648054471192
0.28500000000000003       0.495                    0.07973157089722577
0.29500000000000004       0.495                    0.07889608474108081
0.30500000000000005       0.495                    0.07806391234310435
0.31499999999999995       0.495                    0.07724060153638447
0.32499999999999996       0.495                    0.07643158110152908
0.33499999999999996       0.495                    0.0756420711054107
0.345                     0.495                    0.07487700827182528
0.355                     0.495                    0.07414098821438807
0.365                     0.495                    0.07343822501730327
0.375                     0.495                    0.07277252752015215
0.385                     0.495                    0.07214729101827762
0.395                     0.495                    0.07156550146176263
0.405                     0.495                    0.07102975019833073
0.41500000000000004       0.495                    0.07054225699560628
0.42500000000000004       0.495                    0.07010489953497144
0.43500000000000005       0.495                    0.06971924208309048
0.44499999999999995       0.495                    0.06938656586207949
0.45499999999999996       0.495                    0.0691078914415353
0.46499999999999997       0.495                    0.06888402143292766
0.475                     0.495                    0.06871568377758207
0.485                     0.495                    0.0686032282667434
0.495                     0.495                    0.06854633434687991
