% Model:              FEM case V.mph
% Version:            COMSOL 6.2.0.339
% Date:               Aug 5 2024, 00:03
% Dimension:          2
% Nodes:              10000
% Expressions:        1
% Description:        Electric field, x-component
% Length unit:        m
% x                       y                        es.Ex (V/m)
-0.495                    -0.495                   0.0032132954520420753
-0.485                    -0.495                   0.008537989689756387
-0.475                    -0.495                   0.014174025075135432
-0.46499999999999997      -0.495                   0.019694223699616487
-0.45499999999999996      -0.495                   0.025164149394271362
-0.44499999999999995      -0.495                   0.030600151920793905
-0.43500000000000005      -0.495                   0.03594879031061282
-0.42500000000000004      -0.495                   0.0411811745307773
-0.41500000000000004      -0.495                   0.04627458906858806
-0.405                    -0.495                   0.051197713293220204
-0.395                    -0.495                   0.05591743491729062
-0.385                    -0.495                   0.060397488381482844
-0.375                    -0.495                   0.06459919394850999
-0.365                    -0.495                   0.06848210518370479
-0.355                    -0.495                   0.07200476503211917
-0.345                    -0.495                   0.0751259817226071
-0.33499999999999996      -0.495                   0.07780615851729067
-0.32499999999999996      -0.495                   0.08000888674141038
-0.31499999999999995      -0.495                   0.08170266683450222
-0.30499999999999994      -0.495                   0.08286263914928327
-0.29500000000000004      -0.495                   0.08347220071848938
-0.28500000000000003      -0.495                   0.08352437167746984
-0.275                    -0.495                   0.08302277736544283
-0.265                    -0.495                   0.08198213183678149
-0.255                    -0.495                   0.08042814618210059
-0.245                    -0.495                   0.07839683493014604
-0.235                    -0.495                   0.07593324930252265
-0.22499999999999998      -0.495                   0.07308972323019702
-0.21500000000000005      -0.495                   0.06992376358371644
-0.20500000000000004      -0.495                   0.06649574993090823
-0.19500000000000003      -0.495                   0.0628666139866425
-0.18500000000000003      -0.495                   0.059095661362079
-0.17500000000000002      -0.495                   0.05523866816039913
-0.165                    -0.495                   0.05134634632824486
-0.15500000000000003      -0.495                   0.04746322738574804
-0.14500000000000002      -0.495                   0.04362697085971945
-0.135                    -0.495                   0.03986806800517684
-0.125                    -0.495                   0.03620988652824053
-0.11499999999999999      -0.495                   0.032668987462841415
-0.10499999999999998      -0.495                   0.029255639949553824
-0.09499999999999997      -0.495                   0.025974462321357805
-0.08499999999999999      -0.495                   0.022825126969934217
-0.07499999999999998      -0.495                   0.0198030792445536
-0.06499999999999997      -0.495                   0.01690023184215761
-0.054999999999999966     -0.495                   0.014105608280573279
-0.04499999999999996      -0.495                   0.01140592117229744
-0.03499999999999995      -0.495                   0.008786079227746768
-0.025000000000000022     -0.495                   0.006229624619862761
-0.015000000000000013     -0.495                   0.003719107572919711
-0.0050000000000000044    -0.495                   0.0012364088808283213
0.0050000000000000044     -0.495                   -0.001236976394835665
0.015000000000000013      -0.495                   -0.003719679039136281
0.025000000000000022      -0.495                   -0.006230203879425744
0.03500000000000003       -0.495                   -0.00878666987722454
0.04500000000000004       -0.495                   -0.011406526362748082
0.05500000000000005       -0.495                   -0.01410623050611548
0.06499999999999995       -0.495                   -0.01690087277287944
0.07499999999999996       -0.495                   -0.019803739548308386
0.08499999999999996       -0.495                   -0.022825806095539747
0.09499999999999997       -0.495                   -0.0259751583444654
0.10499999999999998       -0.495                   -0.029256349227495093
0.11499999999999999       -0.495                   -0.032669704576164804
0.125                     -0.495                   -0.036210604516156764
0.135                     -0.495                   -0.039868778280492734
0.14500000000000002       -0.495                   -0.043627662975637804
0.15500000000000003       -0.495                   -0.04746388910044175
0.16500000000000004       -0.495                   -0.051346963999463924
0.17500000000000004       -0.495                   -0.055239227101537836
0.18500000000000005       -0.495                   -0.059096146385769543
0.19499999999999995       -0.495                   -0.06286701066687783
0.20499999999999996       -0.495                   -0.06649604604129422
0.21499999999999997       -0.495                   -0.06992394982572137
0.22499999999999998       -0.495                   -0.07308979312935548
0.235                     -0.495                   -0.0759331990929013
0.245                     -0.495                   -0.07839666396500888
0.255                     -0.495                   -0.08042785824665089
0.265                     -0.495                   -0.08198173466581693
0.275                     -0.495                   -0.08302228167059411
0.28500000000000003       -0.495                   -0.083523790415029
0.29500000000000004       -0.495                   -0.08347154881471397
0.30500000000000005       -0.495                   -0.08286193287568722
0.31499999999999995       -0.495                   -0.08170192271575161
0.32499999999999996       -0.495                   -0.08000812089758824
0.33499999999999996       -0.495                   -0.07780538654051838
0.345                     -0.495                   -0.07512521826777174
0.355                     -0.495                   -0.07200402219689295
0.365                     -0.495                   -0.06848139222844907
0.375                     -0.495                   -0.06459851008767714
0.385                     -0.495                   -0.06039671167548022
0.395                     -0.495                   -0.05591626950595696
0.405                     -0.495                   -0.0511953203648261
0.41500000000000004       -0.495                   -0.04626946223140749
0.42500000000000004       -0.495                   -0.041171446463067696
0.43500000000000005       -0.495                   -0.03593104904877009
0.44499999999999995       -0.495                   -0.030573837779229507
0.45499999999999996       -0.495                   -0.025127803362465784
0.46499999999999997       -0.495                   -0.019612036046567027
0.475                     -0.495                   -0.0140526555334759
0.485                     -0.495                   -0.008530082533809491
0.495                     -0.495                   -0.0033500923728979615
-0.495                    -0.485                   0.008485216834401399
-0.485                    -0.485                   0.02534678598510709
-0.475                    -0.485                   0.042081655885311875
-0.46499999999999997      -0.485                   0.05886954476102346
-0.45499999999999996      -0.485                   0.07546043522074797
-0.44499999999999995      -0.485                   0.09182651937999253
-0.43500000000000005      -0.485                   0.10791477035195385
-0.42500000000000004      -0.485                   0.12366235702188533
-0.41500000000000004      -0.485                   0.13898607884402736
-0.405                    -0.485                   0.15379597910578013
-0.395                    -0.485                   0.16799512072236666
-0.385                    -0.485                   0.18147595157427077
-0.375                    -0.485                   0.1941229393789854
-0.365                    -0.485                   0.20581414144635346
-0.355                    -0.485                   0.21642441325957407
-0.345                    -0.485                   0.22582876688989018
-0.33499999999999996      -0.485                   0.23390676591725423
-0.32499999999999996      -0.485                   0.2405474097138267
-0.31499999999999995      -0.485                   0.2456544108746357
-0.30499999999999994      -0.485                   0.24915151582217732
-0.29500000000000004      -0.485                   0.2509874970465944
-0.28500000000000003      -0.485                   0.25114039263451104
-0.275                    -0.485                   0.2496205711594257
-0.265                    -0.485                   0.24647226395222788
-0.255                    -0.485                   0.24177331949852032
-0.245                    -0.485                   0.23563308907284863
-0.235                    -0.485                   0.2281885385436908
-0.22499999999999998      -0.485                   0.21959884962723208
-0.21500000000000005      -0.485                   0.2100389248666943
-0.20500000000000004      -0.485                   0.19969229951050238
-0.19500000000000003      -0.485                   0.18874401551795472
-0.18500000000000003      -0.485                   0.1773739493676203
-0.17500000000000002      -0.485                   0.16575100462137016
-0.165                    -0.485                   0.15402845731614434
-0.15500000000000003      -0.485                   0.1423406025572831
-0.14500000000000002      -0.485                   0.13080071188335296
-0.135                    -0.485                   0.11950020166284503
-0.125                    -0.485                   0.10850883907562547
-0.11499999999999999      -0.485                   0.09787576918256491
-0.10499999999999998      -0.485                   0.08763113375812281
-0.09499999999999997      -0.485                   0.07778805951875256
-0.08499999999999999      -0.485                   0.06834482333306369
-0.07499999999999998      -0.485                   0.05928704771019966
-0.06499999999999997      -0.485                   0.050589811118925354
-0.054999999999999966     -0.485                   0.042219592879746415
-0.04499999999999996      -0.485                   0.034136013609327165
-0.03499999999999995      -0.485                   0.02629335417384482
-0.025000000000000022     -0.485                   0.018641860484194694
-0.015000000000000013     -0.485                   0.01112885627048854
-0.0050000000000000044    -0.485                   0.0036996968046878465
0.0050000000000000044     -0.485                   -0.0037013952955931018
0.015000000000000013      -0.485                   -0.011130566714655288
0.025000000000000022      -0.485                   -0.018643594560217025
0.03500000000000003       -0.485                   -0.02629512287205671
0.04500000000000004       -0.485                   -0.03413782660425113
0.05500000000000005       -0.485                   -0.04222145781272957
0.06499999999999995       -0.485                   -0.0505917331835235
0.07499999999999996       -0.485                   -0.05928902925040802
0.08499999999999996       -0.485                   -0.06834686302374848
0.09499999999999997       -0.485                   -0.07779015186235938
0.10499999999999998       -0.485                   -0.08763326763710211
0.11499999999999999       -0.485                   -0.09787792806866946
0.125                     -0.485                   -0.10851100223089816
0.135                     -0.485                   -0.11950234340315546
0.14500000000000002       -0.485                   -0.1308028004531252
0.15500000000000003       -0.485                   -0.14234260066211846
0.16500000000000004       -0.485                   -0.15403032410915785
0.17500000000000004       -0.485                   -0.16575269626605404
0.18500000000000005       -0.485                   -0.17737541901806253
0.19499999999999995       -0.485                   -0.18874521775103403
0.20499999999999996       -0.485                   -0.19969319647304928
0.21499999999999997       -0.485                   -0.2100394874137237
0.22499999999999998       -0.485                   -0.21959905567371152
0.235                     -0.485                   -0.22818837559850635
0.245                     -0.485                   -0.23563256049556003
0.255                     -0.485                   -0.24177244011787025
0.265                     -0.485                   -0.24647105642202405
0.275                     -0.485                   -0.2496190653167787
0.28500000000000003       -0.485                   -0.251138626330885
0.29500000000000004       -0.485                   -0.2509855156787353
0.30500000000000005       -0.485                   -0.2491493703874994
0.31499999999999995       -0.485                   -0.24565215422921938
0.32499999999999996       -0.485                   -0.24054509263191903
0.33499999999999996       -0.485                   -0.23390443552625584
0.345                     -0.485                   -0.22582646435716924
0.355                     -0.485                   -0.21642217783494289
0.365                     -0.485                   -0.20581201549566686
0.375                     -0.485                   -0.19412096856558492
0.385                     -0.485                   -0.18147428387146647
0.395                     -0.485                   -0.1679939449718404
0.405                     -0.485                   -0.15379599458174198
0.41500000000000004       -0.485                   -0.13898833098505747
0.42500000000000004       -0.485                   -0.12366998305355992
0.43500000000000005       -0.485                   -0.10792902609239263
0.44499999999999995       -0.485                   -0.09184651954853962
0.45499999999999996       -0.485                   -0.0754886294402013
0.46499999999999997       -0.485                   -0.05891072612257631
0.475                     -0.485                   -0.04220732975215924
0.485                     -0.485                   -0.02536887866813231
0.495                     -0.485                   -0.008491617619746705
-0.495                    -0.475                   0.014082705773631687
-0.485                    -0.475                   0.04238538986328422
-0.475                    -0.475                   0.06901833209099095
-0.46499999999999997      -0.475                   0.09808146125214989
-0.45499999999999996      -0.475                   0.1258839642834757
-0.44499999999999995      -0.475                   0.15315604741272182
-0.43500000000000005      -0.475                   0.17986911979471643
-0.42500000000000004      -0.475                   0.20635534798179833
-0.41500000000000004      -0.475                   0.23205666618389387
-0.405                    -0.475                   0.25687329505603884
-0.395                    -0.475                   0.28065543832121875
-0.385                    -0.475                   0.3032406963208132
-0.375                    -0.475                   0.32443836357947475
-0.365                    -0.475                   0.3440435009273415
-0.355                    -0.475                   0.361845545815072
-0.345                    -0.475                   0.3776331224510159
-0.33499999999999996      -0.475                   0.3912011347703128
-0.32499999999999996      -0.475                   0.4023596664839033
-0.31499999999999995      -0.475                   0.41094324683115246
-0.30499999999999994      -0.475                   0.41682014693515157
-0.29500000000000004      -0.475                   0.4199010536397054
-0.28500000000000003      -0.475                   0.42014638519401615
-0.275                    -0.475                   0.41757180963099927
-0.265                    -0.475                   0.4122512232779627
-0.255                    -0.475                   0.40431644736042927
-0.245                    -0.475                   0.3939535040780129
-0.235                    -0.475                   0.3813957575760014
-0.22499999999999998      -0.475                   0.3669145434943175
-0.21500000000000005      -0.475                   0.3508080281255843
-0.20500000000000004      -0.475                   0.3333889594938455
-0.19500000000000003      -0.475                   0.31497214189141687
-0.18500000000000003      -0.475                   0.2958628017584033
-0.17500000000000002      -0.475                   0.27634672167414465
-0.165                    -0.475                   0.25668244252426575
-0.15500000000000003      -0.475                   0.23709567503078688
-0.14500000000000002      -0.475                   0.21777597917775893
-0.135                    -0.475                   0.19887555528214307
-0.125                    -0.475                   0.18050985543345632
-0.11499999999999999      -0.475                   0.16275946478742753
-0.10499999999999998      -0.475                   0.14567276143350227
-0.09499999999999997      -0.475                   0.1292693967342302
-0.08499999999999999      -0.475                   0.11354431248753372
-0.07499999999999998      -0.475                   0.09847156503894894
-0.06499999999999997      -0.475                   0.08400778172892842
-0.054999999999999966     -0.475                   0.07009550456416491
-0.04499999999999996      -0.475                   0.056666007353328496
-0.03499999999999995      -0.475                   0.04364185530675968
-0.025000000000000022     -0.475                   0.03093907362324444
-0.015000000000000013     -0.475                   0.01846896773440676
-0.0050000000000000044    -0.475                   0.006139673404277346
0.0050000000000000044     -0.475                   -0.006142492971093816
0.015000000000000013      -0.475                   -0.01847180748984556
0.025000000000000022      -0.475                   -0.03094195340713668
0.03500000000000003       -0.475                   -0.04364479400521759
0.04500000000000004       -0.475                   -0.056669021868401614
0.05500000000000005       -0.475                   -0.07009860777645827
0.06499999999999995       -0.475                   -0.08401097822900283
0.07499999999999996       -0.475                   -0.09847486198236766
0.08499999999999996       -0.475                   -0.11354775461563804
0.09499999999999997       -0.475                   -0.12927298600664017
0.10499999999999998       -0.475                   -0.1456764669238737
0.11499999999999999       -0.475                   -0.16276317223162096
0.125                     -0.475                   -0.18051334214646886
0.135                     -0.475                   -0.1988786211702518
0.14500000000000002       -0.475                   -0.21777858224425017
0.15500000000000003       -0.475                   -0.23709788959388334
0.16500000000000004       -0.475                   -0.2566843636722069
0.17500000000000004       -0.475                   -0.27634845383227
0.18500000000000005       -0.475                   -0.2958644312134311
0.19499999999999995       -0.475                   -0.31497360276512154
0.20499999999999996       -0.475                   -0.333389948578656
0.21499999999999997       -0.475                   -0.35080817050823043
0.22499999999999998       -0.475                   -0.36691374626832385
0.235                     -0.475                   -0.3813943036392402
0.245                     -0.475                   -0.39395178874849535
0.255                     -0.475                   -0.404314665843458
0.265                     -0.475                   -0.4122492960781301
0.275                     -0.475                   -0.4175696388144843
0.28500000000000003       -0.475                   -0.4201439553137334
0.29500000000000004       -0.475                   -0.41989829231363274
0.30500000000000005       -0.475                   -0.41681694944634273
0.31499999999999995       -0.475                   -0.41093964749757106
0.32499999999999996       -0.475                   -0.4023558298709986
0.33499999999999996       -0.475                   -0.39119722392035783
0.345                     -0.475                   -0.3776293045921193
0.355                     -0.475                   -0.36184226652915186
0.365                     -0.475                   -0.3440417900250168
0.375                     -0.475                   -0.32444042705810716
0.385                     -0.475                   -0.3032504914301626
0.395                     -0.475                   -0.2806777222980372
0.405                     -0.475                   -0.2569143032994816
0.41500000000000004       -0.475                   -0.23213411473568613
0.42500000000000004       -0.475                   -0.20649572851448283
0.43500000000000005       -0.475                   -0.18016049862944783
0.44499999999999995       -0.475                   -0.15329610307298935
0.45499999999999996       -0.475                   -0.12597356829053297
0.46499999999999997       -0.475                   -0.09805209941467297
0.475                     -0.475                   -0.07065593843435636
0.485                     -0.475                   -0.04253605463381405
0.495                     -0.475                   -0.014313772826000104
-0.495                    -0.46499999999999997     0.019782654697195312
-0.485                    -0.46499999999999997     0.0593818405486104
-0.475                    -0.46499999999999997     0.0989689639259268
-0.46499999999999997      -0.46499999999999997     0.13795760638006271
-0.45499999999999996      -0.46499999999999997     0.17716818340272766
-0.44499999999999995      -0.46499999999999997     0.2157364013771712
-0.43500000000000005      -0.46499999999999997     0.2533894758003399
-0.42500000000000004      -0.46499999999999997     0.29031802214029767
-0.41500000000000004      -0.46499999999999997     0.32635452033952106
-0.405                    -0.46499999999999997     0.36126522809172457
-0.395                    -0.46499999999999997     0.3948032800287251
-0.385                    -0.46499999999999997     0.42671107542406617
-0.375                    -0.46499999999999997     0.45670063845244613
-0.365                    -0.46499999999999997     0.4844766419944335
-0.355                    -0.46499999999999997     0.5097317859222699
-0.345                    -0.46499999999999997     0.5321567107715737
-0.33499999999999996      -0.46499999999999997     0.551450495867357
-0.32499999999999996      -0.46499999999999997     0.5673328444631807
-0.31499999999999995      -0.46499999999999997     0.5795574859836279
-0.30499999999999994      -0.46499999999999997     0.5879261181789275
-0.29500000000000004      -0.46499999999999997     0.5923017992031419
-0.28500000000000003      -0.46499999999999997     0.5926205861181302
-0.275                    -0.46499999999999997     0.5889002382067474
-0.265                    -0.46499999999999997     0.5812447782358845
-0.255                    -0.46499999999999997     0.569844237892255
-0.245                    -0.46499999999999997     0.5549695205760372
-0.235                    -0.46499999999999997     0.5369623313931129
-0.22499999999999998      -0.46499999999999997     0.5162205947622169
-0.21500000000000005      -0.46499999999999997     0.49318103040678807
-0.20500000000000004      -0.46499999999999997     0.4683006390960145
-0.19500000000000003      -0.46499999999999997     0.4420381194995002
-0.18500000000000003      -0.46499999999999997     0.4148365447974811
-0.17500000000000002      -0.46499999999999997     0.3871086124057683
-0.165                    -0.46499999999999997     0.3592252110016716
-0.15500000000000003      -0.46499999999999997     0.3315075651711368
-0.14500000000000002      -0.46499999999999997     0.3042229455880374
-0.135                    -0.46499999999999997     0.27758343329583113
-0.125                    -0.46499999999999997     0.2517472198647397
-0.11499999999999999      -0.46499999999999997     0.22682207190518966
-0.10499999999999998      -0.46499999999999997     0.2028702143501846
-0.09499999999999997      -0.46499999999999997     0.1799136393478875
-0.08499999999999999      -0.46499999999999997     0.15793956789622143
-0.07499999999999998      -0.46499999999999997     0.13690603377574462
-0.06499999999999997      -0.46499999999999997     0.11674713752137222
-0.054999999999999966     -0.46499999999999997     0.09737781579377724
-0.04499999999999996      -0.46499999999999997     0.07869789010834438
-0.03499999999999995      -0.46499999999999997     0.060595600170756825
-0.025000000000000022     -0.46499999999999997     0.04295054956725153
-0.015000000000000013     -0.46499999999999997     0.025636157603855736
-0.0050000000000000044    -0.46499999999999997     0.008521720174087477
0.0050000000000000044     -0.46499999999999997     -0.00852582179561523
0.015000000000000013      -0.46499999999999997     -0.02564028970664367
0.025000000000000022      -0.46499999999999997     -0.04295474221129325
0.03500000000000003       -0.46499999999999997     -0.06059988378848402
0.04500000000000004       -0.46499999999999997     -0.07870229327426159
0.05500000000000005       -0.46499999999999997     -0.097382364449345
0.06499999999999995       -0.46499999999999997     -0.11675184999103294
0.07499999999999996       -0.46499999999999997     -0.13691091282834122
0.08499999999999996       -0.46499999999999997     -0.15794462678235277
0.09499999999999997       -0.46499999999999997     -0.1799188761391406
0.10499999999999998       -0.46499999999999997     -0.2028756062269963
0.11499999999999999       -0.46499999999999997     -0.22682758006823178
0.125                     -0.46499999999999997     -0.25175289987043925
0.135                     -0.46499999999999997     -0.27758937494098745
0.14500000000000002       -0.46499999999999997     -0.304229073831209
0.15500000000000003       -0.46499999999999997     -0.3315136824187448
0.16500000000000004       -0.46499999999999997     -0.3592310985039262
0.17500000000000004       -0.46499999999999997     -0.38711398252746676
0.18500000000000005       -0.46499999999999997     -0.4148411144586248
0.19499999999999995       -0.46499999999999997     -0.44204174815416764
0.20499999999999996       -0.46499999999999997     -0.46830336678482354
0.21499999999999997       -0.46499999999999997     -0.4931829831581922
0.22499999999999998       -0.46499999999999997     -0.5162219268400463
0.235                     -0.46499999999999997     -0.5369629466408128
0.245                     -0.46499999999999997     -0.5549690831820726
0.255                     -0.46499999999999997     -0.5698425993313094
0.265                     -0.46499999999999997     -0.5812420429393796
0.275                     -0.46499999999999997     -0.5888966040629953
0.28500000000000003       -0.46499999999999997     -0.5926162367930488
0.29500000000000004       -0.46499999999999997     -0.5922969114924967
0.30500000000000005       -0.46499999999999997     -0.5879208665066926
0.31499999999999995       -0.46499999999999997     -0.5795520371395924
0.32499999999999996       -0.46499999999999997     -0.5673273072055736
0.33499999999999996       -0.46499999999999997     -0.5514449436301447
0.345                     -0.46499999999999997     -0.5321511641930101
0.355                     -0.46499999999999997     -0.5097260467044293
0.365                     -0.46499999999999997     -0.48447005199528803
0.375                     -0.46499999999999997     -0.4566920000045229
0.385                     -0.46499999999999997     -0.42669864370350297
0.395                     -0.46499999999999997     -0.39478639816303485
0.405                     -0.46499999999999997     -0.3612367118020643
0.41500000000000004       -0.46499999999999997     -0.3263094165507141
0.42500000000000004       -0.46499999999999997     -0.29023844158513157
0.43500000000000005       -0.46499999999999997     -0.2532279317426287
0.44499999999999995       -0.46499999999999997     -0.21543976340672089
0.45499999999999996       -0.46499999999999997     -0.1769373636739715
0.46499999999999997       -0.46499999999999997     -0.13812049282688577
0.475                     -0.46499999999999997     -0.09985550056944703
0.485                     -0.46499999999999997     -0.05946585770175261
0.495                     -0.46499999999999997     -0.019878446172839404
-0.495                    -0.45499999999999996     0.025532023396209524
-0.485                    -0.45499999999999996     0.07661140933879551
-0.475                    -0.45499999999999996     0.12757648814948652
-0.46499999999999997      -0.45499999999999996     0.17809366059924514
-0.45499999999999996      -0.45499999999999996     0.22837649845303076
-0.44499999999999995      -0.45499999999999996     0.27715992744310824
-0.43500000000000005      -0.45499999999999996     0.3263791539274621
-0.42500000000000004      -0.45499999999999996     0.37451241266764157
-0.41500000000000004      -0.45499999999999996     0.4213855026117699
-0.405                    -0.45499999999999996     0.4667649382541299
-0.395                    -0.45499999999999996     0.5103838528890208
-0.385                    -0.45499999999999996     0.551901761492914
-0.375                    -0.45499999999999996     0.5909718475754602
-0.365                    -0.45499999999999996     0.6272075200284775
-0.355                    -0.45499999999999996     0.6602020611198611
-0.345                    -0.45499999999999996     0.6895418009496268
-0.33499999999999996      -0.45499999999999996     0.7148200347099305
-0.32499999999999996      -0.45499999999999996     0.7356538279461944
-0.31499999999999995      -0.45499999999999996     0.7517032027120081
-0.30499999999999994      -0.45499999999999996     0.762691182142504
-0.29500000000000004      -0.45499999999999996     0.7684226732700523
-0.28500000000000003      -0.45499999999999996     0.7688009038497086
-0.275                    -0.45499999999999996     0.7638405459315862
-0.265                    -0.45499999999999996     0.7536757442143625
-0.255                    -0.45499999999999996     0.738560337449158
-0.245                    -0.45499999999999996     0.7188596670580267
-0.235                    -0.45499999999999996     0.695036293507286
-0.22499999999999998      -0.45499999999999996     0.6676304272046281
-0.21500000000000005      -0.45499999999999996     0.637235682682217
-0.20500000000000004      -0.45499999999999996     0.6044716303957358
-0.19500000000000003      -0.45499999999999996     0.5699566912878282
-0.18500000000000003      -0.45499999999999996     0.5342850732060214
-0.17500000000000002      -0.45499999999999996     0.4980064285291377
-0.165                    -0.45499999999999996     0.4616104517698858
-0.15500000000000003      -0.45499999999999996     0.42551748257125155
-0.14500000000000002      -0.45499999999999996     0.39007356184689
-0.135                    -0.45499999999999996     0.3555494277679685
-0.125                    -0.45499999999999996     0.32214374850642
-0.11499999999999999      -0.45499999999999996     0.28998791312447736
-0.10499999999999998      -0.45499999999999996     0.2591526499207504
-0.09499999999999997      -0.45499999999999996     0.22965623843728622
-0.08499999999999999      -0.45499999999999996     0.20147276241962686
-0.07499999999999998      -0.45499999999999996     0.17453954470168753
-0.06499999999999997      -0.45499999999999996     0.14876398076191322
-0.054999999999999966     -0.45499999999999996     0.12402970319244844
-0.04499999999999996      -0.45499999999999996     0.1002019097189617
-0.03499999999999995      -0.45499999999999996     0.07713184386365413
-0.025000000000000022     -0.45499999999999996     0.05466045071351289
-0.015000000000000013     -0.45499999999999996     0.032621411912899134
-0.0050000000000000044    -0.45499999999999996     0.010843590772495304
0.0050000000000000044     -0.45499999999999996     -0.010846878200027277
0.015000000000000013      -0.45499999999999996     -0.032624721568780046
0.025000000000000022      -0.45499999999999996     -0.054663804392916404
0.03500000000000003       -0.45499999999999996     -0.07713526434370976
0.04500000000000004       -0.45499999999999996     -0.10020542398613941
0.05500000000000005       -0.45499999999999996     -0.12403332077136042
0.06499999999999995       -0.45499999999999996     -0.14876771026197844
0.07499999999999996       -0.45499999999999996     -0.1745433746002618
0.08499999999999996       -0.45499999999999996     -0.201476614197432
0.09499999999999997       -0.45499999999999996     -0.22965999835530226
0.10499999999999998       -0.45499999999999996     -0.259156375704805
0.11499999999999999       -0.45499999999999996     -0.2899918328201636
0.125                     -0.45499999999999996     -0.32214774783889766
0.135                     -0.45499999999999996     -0.35555297706929423
0.14500000000000002       -0.45499999999999996     -0.3900763066991715
0.15500000000000003       -0.45499999999999996     -0.4255193158930979
0.16500000000000004       -0.45499999999999996     -0.4616116252268512
0.17500000000000004       -0.45499999999999996     -0.498007510111492
0.18500000000000005       -0.45499999999999996     -0.5342867792726054
0.19499999999999995       -0.45499999999999996     -0.5699589906135714
0.20499999999999996       -0.45499999999999996     -0.604473950207634
0.21499999999999997       -0.45499999999999996     -0.6372372649191078
0.22499999999999998       -0.45499999999999996     -0.6676302727329642
0.235                     -0.45499999999999996     -0.6950344073899686
0.245                     -0.45499999999999996     -0.7188567357004274
0.255                     -0.45499999999999996     -0.7385568599224968
0.265                     -0.45499999999999996     -0.7536716859327868
0.275                     -0.45499999999999996     -0.7638358567284484
0.28500000000000003       -0.45499999999999996     -0.7687956607984745
0.29500000000000004       -0.45499999999999996     -0.7684169724652321
0.30500000000000005       -0.45499999999999996     -0.7626846923175492
0.31499999999999995       -0.45499999999999996     -0.7516957766514594
0.32499999999999996       -0.45499999999999996     -0.7356458215980979
0.33499999999999996       -0.45499999999999996     -0.7148120490911651
0.345                     -0.45499999999999996     -0.6895344276324806
0.355                     -0.45499999999999996     -0.6601962972484046
0.365                     -0.45499999999999996     -0.627205276375733
0.375                     -0.45499999999999996     -0.590976088502785
0.385                     -0.45499999999999996     -0.5519158085948135
0.395                     -0.45499999999999996     -0.5104126930910411
0.405                     -0.45499999999999996     -0.4668265290443401
0.41500000000000004       -0.45499999999999996     -0.42148507192013085
0.42500000000000004       -0.45499999999999996     -0.37468363311541
0.43500000000000005       -0.45499999999999996     -0.3266830759069421
0.44499999999999995       -0.45499999999999996     -0.2777075998764156
0.45499999999999996       -0.45499999999999996     -0.228102173088657
0.46499999999999997       -0.45499999999999996     -0.17776140898240556
0.475                     -0.45499999999999996     -0.1289348059084432
0.485                     -0.45499999999999996     -0.07664157660474302
0.495                     -0.45499999999999996     -0.025578144759833776
-0.495                    -0.44499999999999995     0.031330006176631287
-0.485                    -0.44499999999999995     0.09398728111887067
-0.475                    -0.44499999999999995     0.15646656543975723
-0.46499999999999997      -0.44499999999999995     0.21858820339724616
-0.45499999999999996      -0.44499999999999995     0.2802653987606618
-0.44499999999999995      -0.44499999999999995     0.34071444545338636
-0.43500000000000005      -0.44499999999999995     0.40182600322759754
-0.42500000000000004      -0.44499999999999995     0.46119671334508894
-0.41500000000000004      -0.44499999999999995     0.5184358029977147
-0.405                    -0.44499999999999995     0.5742130215603538
-0.395                    -0.44499999999999995     0.6280390513253451
-0.385                    -0.44499999999999995     0.679419172375674
-0.375                    -0.44499999999999995     0.7278955346605471
-0.365                    -0.44499999999999995     0.7729547111931652
-0.355                    -0.44499999999999995     0.8140697355181601
-0.345                    -0.44499999999999995     0.8507018268566071
-0.33499999999999996      -0.44499999999999995     0.8823206904557992
-0.32499999999999996      -0.44499999999999995     0.9084230483188094
-0.31499999999999995      -0.44499999999999995     0.9285561842903007
-0.30499999999999994      -0.44499999999999995     0.9423444909614318
-0.29500000000000004      -0.44499999999999995     0.9495171895389376
-0.28500000000000003      -0.44499999999999995     0.9499351447902882
-0.275                    -0.44499999999999995     0.9436073173330897
-0.265                    -0.44499999999999995     0.9306976479745117
-0.255                    -0.44499999999999995     0.9115277584705836
-0.245                    -0.44499999999999995     0.8865700925028932
-0.235                    -0.44499999999999995     0.8564296271265448
-0.22499999999999998      -0.44499999999999995     0.8218119890652815
-0.21500000000000005      -0.44499999999999995     0.7834892195443217
-0.20500000000000004      -0.44499999999999995     0.7422670365108388
-0.19500000000000003      -0.44499999999999995     0.6989443395890476
-0.18500000000000003      -0.44499999999999995     0.6542864537306059
-0.17500000000000002      -0.44499999999999995     0.6089976402877255
-0.165                    -0.44499999999999995     0.5636962475264227
-0.15500000000000003      -0.44499999999999995     0.5189057260130312
-0.14500000000000002      -0.44499999999999995     0.4750532727917971
-0.135                    -0.44499999999999995     0.43246425888207796
-0.125                    -0.44499999999999995     0.3913700798497075
-0.11499999999999999      -0.44499999999999995     0.35191840417871845
-0.10499999999999998      -0.44499999999999995     0.31418245316399407
-0.09499999999999997      -0.44499999999999995     0.278170326658028
-0.08499999999999999      -0.44499999999999995     0.2438360467280063
-0.07499999999999998      -0.44499999999999995     0.21108965820667436
-0.06499999999999997      -0.44499999999999995     0.17980591687592096
-0.054999999999999966     -0.44499999999999995     0.14983219953683147
-0.04499999999999996      -0.44499999999999995     0.12099494372500885
-0.03499999999999995      -0.44499999999999995     0.09310501032484808
-0.025000000000000022     -0.44499999999999995     0.06596185741761929
-0.015000000000000013     -0.44499999999999995     0.03935720177071289
-0.0050000000000000044    -0.44499999999999995     0.013077500590611635
0.0050000000000000044     -0.44499999999999995     -0.013093684731416033
0.015000000000000013      -0.44499999999999995     -0.03937354254901493
0.025000000000000022      -0.44499999999999995     -0.0659784722868153
0.03500000000000003       -0.44499999999999995     -0.09312196558425967
0.04500000000000004       -0.44499999999999995     -0.12101239605192404
0.05500000000000005       -0.44499999999999995     -0.14985020607923616
0.06499999999999995       -0.44499999999999995     -0.17982454236107515
0.07499999999999996       -0.44499999999999995     -0.21110900328937987
0.08499999999999996       -0.44499999999999995     -0.2438562272177478
0.09499999999999997       -0.44499999999999995     -0.27819123108952226
0.10499999999999998       -0.44499999999999995     -0.31420371742888165
0.11499999999999999       -0.44499999999999995     -0.35193955400575305
0.125                     -0.44499999999999995     -0.391390727165458
0.135                     -0.44499999999999995     -0.43248494626107004
0.14500000000000002       -0.44499999999999995     -0.4750753216499106
0.15500000000000003       -0.44499999999999995     -0.5189280004602779
0.16500000000000004       -0.44499999999999995     -0.5637176360954754
0.17500000000000004       -0.44499999999999995     -0.6090153472011934
0.18500000000000005       -0.44499999999999995     -0.6542971688814987
0.19499999999999995       -0.44499999999999995     -0.6989461209852834
0.20499999999999996       -0.44499999999999995     -0.7422628220605247
0.21499999999999997       -0.44499999999999995     -0.783483132675201
0.22499999999999998       -0.44499999999999995     -0.8218046209914291
0.235                     -0.44499999999999995     -0.8564227376872395
0.245                     -0.44499999999999995     -0.8865630979198613
0.255                     -0.44499999999999995     -0.9115195423120213
0.265                     -0.44499999999999995     -0.9306871783380757
0.275                     -0.44499999999999995     -0.9435953568068953
0.28500000000000003       -0.44499999999999995     -0.9499221898596488
0.29500000000000004       -0.44499999999999995     -0.949501697781443
0.30500000000000005       -0.44499999999999995     -0.9423301589916946
0.31499999999999995       -0.44499999999999995     -0.9285447718898467
0.32499999999999996       -0.44499999999999995     -0.9084136764172399
0.33499999999999996       -0.44499999999999995     -0.882311470998161
0.345                     -0.44499999999999995     -0.8506913234529065
0.355                     -0.44499999999999995     -0.814056628422918
0.365                     -0.44499999999999995     -0.7729346697292385
0.375                     -0.44499999999999995     -0.7278619730611808
0.385                     -0.44499999999999995     -0.6793629826222514
0.395                     -0.44499999999999995     -0.6279404040534473
0.405                     -0.44499999999999995     -0.5740617178363436
0.41500000000000004       -0.44499999999999995     -0.5181591555635805
0.42500000000000004       -0.44499999999999995     -0.4606054405591067
0.43500000000000005       -0.44499999999999995     -0.4019482292038674
0.44499999999999995       -0.44499999999999995     -0.34138523421235334
0.45499999999999996       -0.44499999999999995     -0.2801992262156432
0.46499999999999997       -0.44499999999999995     -0.21857406787887612
0.475                     -0.44499999999999995     -0.1574961919964153
0.485                     -0.44499999999999995     -0.09400749027628308
0.495                     -0.44499999999999995     -0.03137208862995067
-0.495                    -0.43500000000000005     0.037187477259720936
-0.485                    -0.43500000000000005     0.11154821328085518
-0.475                    -0.43500000000000005     0.18569412810290942
-0.46499999999999997      -0.43500000000000005     0.25951464723738127
-0.45499999999999996      -0.43500000000000005     0.33280801233209445
-0.44499999999999995      -0.43500000000000005     0.40444826747773277
-0.43500000000000005      -0.43500000000000005     0.4770633618075095
-0.42500000000000004      -0.43500000000000005     0.547562502246862
-0.41500000000000004      -0.43500000000000005     0.6165577385000347
-0.405                    -0.43500000000000005     0.6835443946115447
-0.395                    -0.43500000000000005     0.7482046601039656
-0.385                    -0.43500000000000005     0.8100562794749067
-0.375                    -0.43500000000000005     0.8685161517406641
-0.365                    -0.43500000000000005     0.9229810303038448
-0.355                    -0.43500000000000005     0.9728042008802049
-0.345                    -0.43500000000000005     1.0173101550354886
-0.33499999999999996      -0.43500000000000005     1.0558213984066924
-0.32499999999999996      -0.43500000000000005     1.0876864370743533
-0.31499999999999995      -0.43500000000000005     1.1123120104975897
-0.30499999999999994      -0.43500000000000005     1.129202797914104
-0.29500000000000004      -0.43500000000000005     1.1379907231184916
-0.28500000000000003      -0.43500000000000005     1.138465893086277
-0.275                    -0.43500000000000005     1.1306080126892084
-0.265                    -0.43500000000000005     1.1145994568004198
-0.255                    -0.43500000000000005     1.090850691378364
-0.245                    -0.43500000000000005     1.059974926996233
-0.235                    -0.43500000000000005     1.022733584749517
-0.22499999999999998      -0.43500000000000005     0.9800453180481554
-0.21500000000000005      -0.43500000000000005     0.9329049816285533
-0.20500000000000004      -0.43500000000000005     0.8823446263792221
-0.19500000000000003      -0.43500000000000005     0.8293788234574322
-0.18500000000000003      -0.43500000000000005     0.7749756103928576
-0.17500000000000002      -0.43500000000000005     0.7200021232022209
-0.165                    -0.43500000000000005     0.6652282293242706
-0.15500000000000003      -0.43500000000000005     0.6112775026973623
-0.14500000000000002      -0.43500000000000005     0.5586581635019456
-0.135                    -0.43500000000000005     0.5077463598959184
-0.125                    -0.43500000000000005     0.45880488115290063
-0.11499999999999999      -0.43500000000000005     0.4119781135219682
-0.10499999999999998      -0.43500000000000005     0.36733489247262696
-0.09499999999999997      -0.43500000000000005     0.3248609842304404
-0.08499999999999999      -0.43500000000000005     0.2844744095111764
-0.07499999999999998      -0.43500000000000005     0.24605193847855844
-0.06499999999999997      -0.43500000000000005     0.20942856955912248
-0.054999999999999966     -0.43500000000000005     0.17440475881176098
-0.04499999999999996      -0.43500000000000005     0.14076436321033725
-0.03499999999999995      -0.43500000000000005     0.10827405740553786
-0.025000000000000022     -0.43500000000000005     0.07668588903277396
-0.015000000000000013     -0.43500000000000005     0.04574918324306054
-0.0050000000000000044    -0.43500000000000005     0.015203249884280012
0.0050000000000000044     -0.43500000000000005     -0.015212004204386176
0.015000000000000013      -0.43500000000000005     -0.04575682403958581
0.025000000000000022      -0.43500000000000005     -0.07669482198764399
0.03500000000000003       -0.43500000000000005     -0.1082827700352027
0.04500000000000004       -0.43500000000000005     -0.14077398465690294
0.05500000000000005       -0.43500000000000005     -0.174414070064131
0.06499999999999995       -0.43500000000000005     -0.2094380966141216
0.07499999999999996       -0.43500000000000005     -0.2460633234713896
0.08499999999999996       -0.43500000000000005     -0.2844852513002252
0.09499999999999997       -0.43500000000000005     -0.32487099315721935
0.10499999999999998       -0.43500000000000005     -0.3673444505405996
0.11499999999999999       -0.43500000000000005     -0.4119876305416028
0.125                     -0.43500000000000005     -0.4588142645454809
0.135                     -0.43500000000000005     -0.5077561813311604
0.14500000000000002       -0.43500000000000005     -0.5586684679212794
0.15500000000000003       -0.43500000000000005     -0.6112832275724713
0.16500000000000004       -0.43500000000000005     -0.6652325388275813
0.17500000000000004       -0.43500000000000005     -0.7200061821290547
0.18500000000000005       -0.43500000000000005     -0.7749775772849716
0.19499999999999995       -0.43500000000000005     -0.8293822727266615
0.20499999999999996       -0.43500000000000005     -0.8823430322262311
0.21499999999999997       -0.43500000000000005     -0.9329085501401551
0.22499999999999998       -0.43500000000000005     -0.9800486676640503
0.235                     -0.43500000000000005     -1.0227374561337683
0.245                     -0.43500000000000005     -1.0599711512116983
0.255                     -0.43500000000000005     -1.0908579266844072
0.265                     -0.43500000000000005     -1.114595741172252
0.275                     -0.43500000000000005     -1.1306100005544977
0.28500000000000003       -0.43500000000000005     -1.138475475239943
0.29500000000000004       -0.43500000000000005     -1.1380038032061748
0.30500000000000005       -0.43500000000000005     -1.1292140262735302
0.31499999999999995       -0.43500000000000005     -1.1123165986864478
0.32499999999999996       -0.43500000000000005     -1.087683101923517
0.33499999999999996       -0.43500000000000005     -1.055812766443296
0.345                     -0.43500000000000005     -1.0172983380398364
0.355                     -0.43500000000000005     -0.9727908653610484
0.365                     -0.43500000000000005     -0.9229676401794222
0.375                     -0.43500000000000005     -0.8685065238846619
0.385                     -0.43500000000000005     -0.8100482385759733
0.395                     -0.43500000000000005     -0.7481997862381604
0.405                     -0.43500000000000005     -0.6835084666959119
0.41500000000000004       -0.43500000000000005     -0.6165034280239752
0.42500000000000004       -0.43500000000000005     -0.5476491525098268
0.43500000000000005       -0.43500000000000005     -0.47737869679872347
0.44499999999999995       -0.43500000000000005     -0.40478836247791605
0.45499999999999996       -0.43500000000000005     -0.3327523327888855
0.46499999999999997       -0.43500000000000005     -0.25951805791273586
0.475                     -0.43500000000000005     -0.18560386368017134
0.485                     -0.43500000000000005     -0.11156466876963123
0.495                     -0.43500000000000005     -0.03721765523465592
-0.495                    -0.42500000000000004     0.04310962805786289
-0.485                    -0.42500000000000004     0.12930538953520454
-0.475                    -0.42500000000000004     0.21527742656274995
-0.46499999999999997      -0.42500000000000004     0.30093649652934573
-0.45499999999999996      -0.42500000000000004     0.386067843636809
-0.44499999999999995      -0.42500000000000004     0.4706592953706945
-0.43500000000000005      -0.42500000000000004     0.554009914155472
-0.42500000000000004      -0.42500000000000004     0.6359059993699248
-0.41500000000000004      -0.42500000000000004     0.7159454647108134
-0.405                    -0.42500000000000004     0.7947124979040154
-0.395                    -0.42500000000000004     0.8708888019959318
-0.385                    -0.42500000000000004     0.9438117263694608
-0.375                    -0.42500000000000004     1.0128744778069176
-0.365                    -0.42500000000000004     1.0773749418441412
-0.355                    -0.42500000000000004     1.136568584849897
-0.345                    -0.42500000000000004     1.1896267786376598
-0.33499999999999996      -0.42500000000000004     1.2356746493160813
-0.32499999999999996      -0.42500000000000004     1.2738791844133175
-0.31499999999999995      -0.42500000000000004     1.3034703104440837
-0.30499999999999994      -0.42500000000000004     1.3238183824163912
-0.29500000000000004      -0.42500000000000004     1.3344424091090445
-0.28500000000000003      -0.42500000000000004     1.3350080848149446
-0.275                    -0.42500000000000004     1.3254113583111007
-0.265                    -0.42500000000000004     1.3058821288021818
-0.255                    -0.42500000000000004     1.2769406525184763
-0.245                    -0.42500000000000004     1.2393543851532627
-0.235                    -0.42500000000000004     1.1941086734592545
-0.22499999999999998      -0.42500000000000004     1.1423549297266504
-0.21500000000000005      -0.42500000000000004     1.0853843926686295
-0.20500000000000004      -0.42500000000000004     1.0244837557416417
-0.19500000000000003      -0.42500000000000004     0.9609531913851583
-0.18500000000000003      -0.42500000000000004     0.895986621388488
-0.17500000000000002      -0.42500000000000004     0.830609534925145
-0.165                    -0.42500000000000004     0.7657566792197485
-0.15500000000000003      -0.42500000000000004     0.7022137189357522
-0.14500000000000002      -0.42500000000000004     0.64049532177944
-0.135                    -0.42500000000000004     0.5810354628138157
-0.125                    -0.42500000000000004     0.5240963126700535
-0.11499999999999999      -0.42500000000000004     0.46984432986243974
-0.10499999999999998      -0.42500000000000004     0.41832966347766387
-0.09499999999999997      -0.42500000000000004     0.3694831353275845
-0.08499999999999999      -0.42500000000000004     0.3231752992515453
-0.07499999999999998      -0.42500000000000004     0.2792408505518438
-0.06499999999999997      -0.42500000000000004     0.2374657422754467
-0.054999999999999966     -0.42500000000000004     0.19760169943612027
-0.04499999999999996      -0.42500000000000004     0.15940121306499577
-0.03499999999999995      -0.42500000000000004     0.12254952511835882
-0.025000000000000022     -0.42500000000000004     0.08676675990005833
-0.015000000000000013     -0.42500000000000004     0.051755853513668626
-0.0050000000000000044    -0.42500000000000004     0.017192827808571565
0.0050000000000000044     -0.42500000000000004     -0.01721626354702721
0.015000000000000013      -0.42500000000000004     -0.05177764295893894
0.025000000000000022      -0.42500000000000004     -0.08680393431490074
0.03500000000000003       -0.42500000000000004     -0.12258964737884526
0.04500000000000004       -0.42500000000000004     -0.15943763386354703
0.05500000000000005       -0.42500000000000004     -0.19764101323124805
0.06499999999999995       -0.42500000000000004     -0.2375039763900304
0.07499999999999996       -0.42500000000000004     -0.2792938275401866
0.08499999999999996       -0.42500000000000004     -0.3232531428915877
0.09499999999999997       -0.42500000000000004     -0.3695894611337849
0.10499999999999998       -0.42500000000000004     -0.41846724203827534
0.11499999999999999       -0.42500000000000004     -0.4700160585728099
0.125                     -0.42500000000000004     -0.5242837575065664
0.135                     -0.42500000000000004     -0.5812499726957867
0.14500000000000002       -0.42500000000000004     -0.6407414707714452
0.15500000000000003       -0.42500000000000004     -0.7025141177307432
0.16500000000000004       -0.42500000000000004     -0.7661151969513185
0.17500000000000004       -0.42500000000000004     -0.8309929195377777
0.18500000000000005       -0.42500000000000004     -0.8963905080415202
0.19499999999999995       -0.42500000000000004     -0.9613808723210582
0.20499999999999996       -0.42500000000000004     -1.0249491478276127
0.21499999999999997       -0.42500000000000004     -1.0858421778602292
0.22499999999999998       -0.42500000000000004     -1.1427778728508997
0.235                     -0.42500000000000004     -1.1944690540998408
0.245                     -0.42500000000000004     -1.2396996466528094
0.255                     -0.42500000000000004     -1.277211654841949
0.265                     -0.42500000000000004     -1.3060865132094932
0.275                     -0.42500000000000004     -1.3255360515573216
0.28500000000000003       -0.42500000000000004     -1.3350666744178739
0.29500000000000004       -0.42500000000000004     -1.334460841213172
0.30500000000000005       -0.42500000000000004     -1.3238088923901046
0.31499999999999995       -0.42500000000000004     -1.3034402058156616
0.32499999999999996       -0.42500000000000004     -1.2738412271751827
0.33499999999999996       -0.42500000000000004     -1.235653410480154
0.345                     -0.42500000000000004     -1.189620873057379
0.355                     -0.42500000000000004     -1.1365780501052427
0.365                     -0.42500000000000004     -1.0774105893625574
0.375                     -0.42500000000000004     -1.0129240148266945
0.385                     -0.42500000000000004     -0.943909280906837
0.395                     -0.42500000000000004     -0.871079457884548
0.405                     -0.42500000000000004     -0.7950828110080579
0.41500000000000004       -0.42500000000000004     -0.7164474369494656
0.42500000000000004       -0.42500000000000004     -0.6358436460369603
0.43500000000000005       -0.42500000000000004     -0.5542697339101323
0.44499999999999995       -0.42500000000000004     -0.4698478015748151
0.45499999999999996       -0.42500000000000004     -0.38603061774690417
0.46499999999999997       -0.42500000000000004     -0.30093596895071073
0.475                     -0.42500000000000004     -0.21524351649702567
0.485                     -0.42500000000000004     -0.12931128121908841
0.495                     -0.42500000000000004     -0.04312565465929197
-0.495                    -0.41500000000000004     0.04909250275971999
-0.485                    -0.41500000000000004     0.14724776670681194
-0.475                    -0.41500000000000004     0.2452015706053885
-0.46499999999999997      -0.41500000000000004     0.34286085063175165
-0.45499999999999996      -0.41500000000000004     0.4400270791022649
-0.44499999999999995      -0.41500000000000004     0.5365449498372072
-0.43500000000000005      -0.41500000000000004     0.6321471383266157
-0.42500000000000004      -0.41500000000000004     0.7262795304559404
-0.41500000000000004      -0.41500000000000004     0.8197428114298759
-0.405                    -0.41500000000000004     0.9099335089522356
-0.395                    -0.41500000000000004     0.9975398351583351
-0.385                    -0.41500000000000004     1.0819486591090879
-0.375                    -0.41500000000000004     1.1622585570757735
-0.365                    -0.41500000000000004     1.237606620555269
-0.355                    -0.41500000000000004     1.3069848941357485
-0.345                    -0.41500000000000004     1.369419551838547
-0.33499999999999996      -0.41500000000000004     1.4238352001271686
-0.32499999999999996      -0.41500000000000004     1.4692032410402254
-0.31499999999999995      -0.41500000000000004     1.5045060680413158
-0.30499999999999994      -0.41500000000000004     1.5288630320001744
-0.29500000000000004      -0.41500000000000004     1.5415392901030458
-0.28500000000000003      -0.41500000000000004     1.542150379070165
-0.275                    -0.41500000000000004     1.5306541834608964
-0.265                    -0.41500000000000004     1.507220836765498
-0.255                    -0.41500000000000004     1.4724343841154024
-0.245                    -0.41500000000000004     1.4272666714270485
-0.235                    -0.41500000000000004     1.3729249706032078
-0.22499999999999998      -0.41500000000000004     1.3109099418296921
-0.21500000000000005      -0.41500000000000004     1.2428037084087578
-0.20500000000000004      -0.41500000000000004     1.1702736442645971
-0.19500000000000003      -0.41500000000000004     1.0948899376060979
-0.18500000000000003      -0.41500000000000004     1.0181716847678786
-0.17500000000000002      -0.41500000000000004     0.941399984415682
-0.165                    -0.41500000000000004     0.8656465566569693
-0.15500000000000003      -0.41500000000000004     0.7917419534391286
-0.14500000000000002      -0.41500000000000004     0.7204321409817993
-0.135                    -0.41500000000000004     0.6520945683271719
-0.125                    -0.41500000000000004     0.586987588365588
-0.11499999999999999      -0.41500000000000004     0.5252657883943641
-0.10499999999999998      -0.41500000000000004     0.4668605925827478
-0.09499999999999997      -0.41500000000000004     0.4116953425197636
-0.08499999999999999      -0.41500000000000004     0.35962492774892496
-0.07499999999999998      -0.41500000000000004     0.310396694588718
-0.06499999999999997      -0.41500000000000004     0.26370489970645394
-0.054999999999999966     -0.41500000000000004     0.2192721746292392
-0.04499999999999996      -0.41500000000000004     0.176766074187654
-0.03499999999999995      -0.41500000000000004     0.13583886355699804
-0.025000000000000022     -0.41500000000000004     0.09616144121875436
-0.015000000000000013     -0.41500000000000004     0.057350840176539464
-0.0050000000000000044    -0.41500000000000004     0.019105769262608874
0.0050000000000000044     -0.41500000000000004     -0.01897002166829509
0.015000000000000013      -0.41500000000000004     -0.05723428136642639
0.025000000000000022      -0.41500000000000004     -0.09601428311062676
0.03500000000000003       -0.41500000000000004     -0.13568840610885502
0.04500000000000004       -0.41500000000000004     -0.17661963048215412
0.05500000000000005       -0.41500000000000004     -0.21912258073147584
0.06499999999999995       -0.41500000000000004     -0.2635304505796512
0.07499999999999996       -0.41500000000000004     -0.31017605291446415
0.08499999999999996       -0.41500000000000004     -0.35936065539708295
0.09499999999999997       -0.41500000000000004     -0.41138680073348155
0.10499999999999998       -0.41500000000000004     -0.466497247293006
0.11499999999999999       -0.41500000000000004     -0.524827925264475
0.125                     -0.41500000000000004     -0.5865185516506699
0.135                     -0.41500000000000004     -0.6515555652123908
0.14500000000000002       -0.41500000000000004     -0.7198389405177466
0.15500000000000003       -0.41500000000000004     -0.7910921252523622
0.16500000000000004       -0.41500000000000004     -0.8648923959050023
0.17500000000000004       -0.41500000000000004     -0.9405908910821665
0.18500000000000005       -0.41500000000000004     -1.0172893306765047
0.19499999999999995       -0.41500000000000004     -1.0939812925446688
0.20499999999999996       -0.41500000000000004     -1.1693262901297032
0.21499999999999997       -0.41500000000000004     -1.2418545913965318
0.22499999999999998       -0.41500000000000004     -1.3100177063111573
0.235                     -0.41500000000000004     -1.3721317219630293
0.245                     -0.41500000000000004     -1.4265828918699412
0.255                     -0.41500000000000004     -1.4719096720057507
0.265                     -0.41500000000000004     -1.50684975618492
0.275                     -0.41500000000000004     -1.5304453937311564
0.28500000000000003       -0.41500000000000004     -1.542090723187897
0.29500000000000004       -0.41500000000000004     -1.5415544155377745
0.30500000000000005       -0.41500000000000004     -1.5288956252798585
0.31499999999999995       -0.41500000000000004     -1.5045398357203439
0.32499999999999996       -0.41500000000000004     -1.469220692743825
0.33499999999999996       -0.41500000000000004     -1.4238216195294804
0.345                     -0.41500000000000004     -1.3693724095935842
0.355                     -0.41500000000000004     -1.3069667440371617
0.365                     -0.41500000000000004     -1.2375741339577644
0.375                     -0.41500000000000004     -1.1622286866689304
0.385                     -0.41500000000000004     -1.0818740774801014
0.395                     -0.41500000000000004     -0.9974553288755885
0.405                     -0.41500000000000004     -0.9097364883566854
0.41500000000000004       -0.41500000000000004     -0.8195151711504991
0.42500000000000004       -0.41500000000000004     -0.725822951554207
0.43500000000000005       -0.41500000000000004     -0.6318439735632069
0.44499999999999995       -0.41500000000000004     -0.5368131876198277
0.45499999999999996       -0.41500000000000004     -0.4400088927187369
0.46499999999999997       -0.41500000000000004     -0.34285735958286523
0.475                     -0.41500000000000004     -0.2451788946139004
0.485                     -0.41500000000000004     -0.14724888684600046
0.495                     -0.41500000000000004     -0.04909922070396533
-0.495                    -0.405                   0.055130339530336414
-0.485                    -0.405                   0.16536283545303831
-0.475                    -0.405                   0.2754323608941718
-0.46499999999999997      -0.405                   0.3852578346917426
-0.45499999999999996      -0.405                   0.49466303574421033
-0.44499999999999995      -0.405                   0.6034591370989801
-0.43500000000000005      -0.405                   0.711529903402436
-0.42500000000000004      -0.405                   0.8181097739914378
-0.41500000000000004      -0.405                   0.9234342177263812
-0.405                    -0.405                   1.0267972354179165
-0.395                    -0.405                   1.1266558925458696
-0.385                    -0.405                   1.2236164273920167
-0.375                    -0.405                   1.3161697131738492
-0.365                    -0.405                   1.4033996750499398
-0.355                    -0.405                   1.483963177483929
-0.345                    -0.405                   1.5568924816310528
-0.33499999999999996      -0.405                   1.6208077630346907
-0.32499999999999996      -0.405                   1.6743736682551003
-0.31499999999999995      -0.405                   1.7162923230999922
-0.30499999999999994      -0.405                   1.745305561276382
-0.29500000000000004      -0.405                   1.7605480651104806
-0.28500000000000003      -0.405                   1.7612657991791139
-0.275                    -0.405                   1.7475732218049416
-0.265                    -0.405                   1.7194851459697986
-0.255                    -0.405                   1.677725008893887
-0.245                    -0.405                   1.623485833133543
-0.235                    -0.405                   1.5583705416098823
-0.22499999999999998      -0.405                   1.4842792276253505
-0.21500000000000005      -0.405                   1.4032724245253352
-0.20500000000000004      -0.405                   1.3174395168301363
-0.19500000000000003      -0.405                   1.2287770355435796
-0.18500000000000003      -0.405                   1.1390813856886914
-0.17500000000000002      -0.405                   1.0499063361970808
-0.165                    -0.405                   0.9624892610708926
-0.15500000000000003      -0.405                   0.87781694429124
-0.14500000000000002      -0.405                   0.7965499852573501
-0.135                    -0.405                   0.7191434391661318
-0.125                    -0.405                   0.6458333696693046
-0.11499999999999999      -0.405                   0.576668791734015
-0.10499999999999998      -0.405                   0.5115862545066463
-0.09499999999999997      -0.405                   0.450399474232114
-0.08499999999999999      -0.405                   0.3928487439358008
-0.07499999999999998      -0.405                   0.3386209119328072
-0.06499999999999997      -0.405                   0.28737395945297806
-0.054999999999999966     -0.405                   0.2387273094710025
-0.04499999999999996      -0.405                   0.19228722084956473
-0.03499999999999995      -0.405                   0.14766543212417105
-0.025000000000000022     -0.405                   0.1044515763330196
-0.015000000000000013     -0.405                   0.06225127992129842
-0.0050000000000000044    -0.405                   0.020650608422741357
0.0050000000000000044     -0.405                   -0.020747915105502557
0.015000000000000013      -0.405                   -0.06234516547424107
0.025000000000000022      -0.405                   -0.10455294928482317
0.03500000000000003       -0.405                   -0.14777049316447233
0.04500000000000004       -0.405                   -0.1923987221970691
0.05500000000000005       -0.405                   -0.23884465363947527
0.06499999999999995       -0.405                   -0.2875052379403087
0.07499999999999996       -0.405                   -0.33876942433094825
0.08499999999999996       -0.405                   -0.3930122457615042
0.09499999999999997       -0.405                   -0.4505831377350873
0.10499999999999998       -0.405                   -0.5117927516394971
0.11499999999999999       -0.405                   -0.5769012596680128
0.125                     -0.405                   -0.6460881765353861
0.135                     -0.405                   -0.7194305195221116
0.14500000000000002       -0.405                   -0.7968682780233638
0.15500000000000003       -0.405                   -0.8781688252833454
0.16500000000000004       -0.405                   -0.9628890592906192
0.17500000000000004       -0.405                   -1.0503339317954032
0.18500000000000005       -0.405                   -1.1395513938241137
0.19499999999999995       -0.405                   -1.2292696456092393
0.20499999999999996       -0.405                   -1.3179447117262413
0.21499999999999997       -0.405                   -1.4037741436833144
0.22499999999999998       -0.405                   -1.4847531816894346
0.235                     -0.405                   -1.5587998186410772
0.245                     -0.405                   -1.6238491723331299
0.255                     -0.405                   -1.6780040452827656
0.265                     -0.405                   -1.7196922457183135
0.275                     -0.405                   -1.7477330308747128
0.28500000000000003       -0.405                   -1.7613922043399555
0.29500000000000004       -0.405                   -1.7606998285267288
0.30500000000000005       -0.405                   -1.745153418373576
0.31499999999999995       -0.405                   -1.7161024281321602
0.32499999999999996       -0.405                   -1.6742924710863463
0.33499999999999996       -0.405                   -1.6207839965342714
0.345                     -0.405                   -1.5568835184649856
0.355                     -0.405                   -1.4839268245131052
0.365                     -0.405                   -1.4033821040215955
0.375                     -0.405                   -1.3161591718023828
0.385                     -0.405                   -1.223639621626944
0.395                     -0.405                   -1.126750099949902
0.405                     -0.405                   -1.0263905714772363
0.41500000000000004       -0.405                   -0.9234426324019864
0.42500000000000004       -0.405                   -0.8178522302515603
0.43500000000000005       -0.405                   -0.7113530568457236
0.44499999999999995       -0.405                   -0.6035939027857466
0.45499999999999996       -0.405                   -0.49465092626626017
0.46499999999999997       -0.405                   -0.385254534569782
0.475                     -0.405                   -0.27541848981684325
0.485                     -0.405                   -0.16536180246652066
0.495                     -0.405                   -0.055131918445923134
-0.495                    -0.395                   0.06121172424960264
-0.485                    -0.395                   0.18361645490597311
-0.475                    -0.395                   0.30591809052373264
-0.46499999999999997      -0.395                   0.4280566418379408
-0.45499999999999996      -0.395                   0.5498913968843198
-0.44499999999999995      -0.395                   0.6712317608686362
-0.43500000000000005      -0.395                   0.7920671653401428
-0.42500000000000004      -0.395                   0.9115369118875378
-0.41500000000000004      -0.395                   1.029778478641468
-0.405                    -0.395                   1.1463065854451315
-0.395                    -0.395                   1.2595145740688167
-0.385                    -0.395                   1.3691520679981295
-0.375                    -0.395                   1.475998935330722
-0.365                    -0.395                   1.5754455110776178
-0.355                    -0.395                   1.6686521684605395
-0.345                    -0.395                   1.7537396809212211
-0.33499999999999996      -0.395                   1.8286114940306106
-0.32499999999999996      -0.395                   1.8921374798179613
-0.31499999999999995      -0.395                   1.9413067438897542
-0.30499999999999994      -0.395                   1.975779195342993
-0.29500000000000004      -0.395                   1.9936351992361665
-0.28500000000000003      -0.395                   1.9964299881417178
-0.275                    -0.395                   1.9796749429211786
-0.265                    -0.395                   1.9459691259112333
-0.255                    -0.395                   1.8959142070960127
-0.245                    -0.395                   1.8309966509436322
-0.235                    -0.395                   1.7532431838634466
-0.22499999999999998      -0.395                   1.6650783190916911
-0.21500000000000005      -0.395                   1.5691145808546594
-0.20500000000000004      -0.395                   1.4680125257953591
-0.19500000000000003      -0.395                   1.3642466135442533
-0.18500000000000003      -0.395                   1.2600056583865182
-0.17500000000000002      -0.395                   1.1571208570579756
-0.165                    -0.395                   1.05703121218653
-0.15500000000000003      -0.395                   0.960791374645936
-0.14500000000000002      -0.395                   0.8691066873553268
-0.135                    -0.395                   0.7823840811560956
-0.125                    -0.395                   0.7007783350370858
-0.11499999999999999      -0.395                   0.6242563294796355
-0.10499999999999998      -0.395                   0.5526399026378783
-0.09499999999999997      -0.395                   0.48564324295267625
-0.08499999999999999      -0.395                   0.42290761398004406
-0.07499999999999998      -0.395                   0.364029141671665
-0.06499999999999997      -0.395                   0.30857229944720643
-0.054999999999999966     -0.395                   0.25608370960989646
-0.04499999999999996      -0.395                   0.20610566052295098
-0.03499999999999995      -0.395                   0.1581755533152318
-0.025000000000000022     -0.395                   0.11183389897300344
-0.015000000000000013     -0.395                   0.06662339370714676
-0.0050000000000000044    -0.395                   0.02208925283332519
0.0050000000000000044     -0.395                   -0.022219719744867916
0.015000000000000013      -0.395                   -0.06675583827367859
0.025000000000000022      -0.395                   -0.1119709082577458
0.03500000000000003       -0.395                   -0.15831869098121842
0.04500000000000004       -0.395                   -0.20625740426029893
0.05500000000000005       -0.395                   -0.25624786688797485
0.06499999999999995       -0.395                   -0.308751041020912
0.07499999999999996       -0.395                   -0.36422840155765357
0.08499999999999996       -0.395                   -0.4231317937785093
0.09499999999999997       -0.395                   -0.4858967642274479
0.10499999999999998       -0.395                   -0.552929013567109
0.11499999999999999       -0.395                   -0.6245861890593858
0.125                     -0.395                   -0.7011523533032289
0.135                     -0.395                   -0.7828062768253119
0.14500000000000002       -0.395                   -0.8695805493640876
0.15500000000000003       -0.395                   -0.9613144137187248
0.16500000000000004       -0.395                   -1.0576021541183422
0.17500000000000004       -0.395                   -1.157736783069879
0.18500000000000005       -0.395                   -1.2606592698529937
0.19499999999999995       -0.395                   -1.3649244351599066
0.20499999999999996       -0.395                   -1.4687033017949886
0.21499999999999997       -0.395                   -1.569797501607951
0.22499999999999998       -0.395                   -1.665720700479639
0.235                     -0.395                   -1.7538367945955713
0.245                     -0.395                   -1.8314987997499088
0.255                     -0.395                   -1.896276230384359
0.265                     -0.395                   -1.9461453677253928
0.275                     -0.395                   -1.97972940005684
0.28500000000000003       -0.395                   -1.9951947032707267
0.29500000000000004       -0.395                   -1.9930760518797115
0.30500000000000005       -0.395                   -1.9753970325532464
0.31499999999999995       -0.395                   -1.9417030023156485
0.32499999999999996       -0.395                   -1.892014822728811
0.33499999999999996       -0.395                   -1.828641356947191
0.345                     -0.395                   -1.7537092858286485
0.355                     -0.395                   -1.6686724284788284
0.365                     -0.395                   -1.5754777242909768
0.375                     -0.395                   -1.475923124057772
0.385                     -0.395                   -1.3692222691274765
0.395                     -0.395                   -1.2594866862164906
0.405                     -0.395                   -1.146375101014371
0.41500000000000004       -0.395                   -1.029954897189583
0.42500000000000004       -0.395                   -0.9114084229494495
0.43500000000000005       -0.395                   -0.7919402007674989
0.44499999999999995       -0.395                   -0.671327560970667
0.45499999999999996       -0.395                   -0.5498843548144379
0.46499999999999997       -0.395                   -0.42805265119832825
0.475                     -0.395                   -0.30591213431074493
0.485                     -0.395                   -0.1836148949496419
0.495                     -0.395                   -0.06121195491863318
-0.495                    -0.385                   0.06731918227498568
-0.485                    -0.385                   0.20195586780835129
-0.475                    -0.385                   0.3365735849042153
-0.46499999999999997      -0.385                   0.4711399773669598
-0.45499999999999996      -0.385                   0.6055747254397232
-0.44499999999999995      -0.385                   0.7397156907454132
-0.43500000000000005      -0.385                   0.8735831052205754
-0.42500000000000004      -0.385                   1.0063998044364837
-0.41500000000000004      -0.385                   1.1382076839157307
-0.405                    -0.385                   1.268450889998178
-0.395                    -0.385                   1.3956969383780233
-0.385                    -0.385                   1.5204106572141711
-0.375                    -0.385                   1.6397546269860186
-0.365                    -0.385                   1.7543195080947172
-0.355                    -0.385                   1.862543723170802
-0.345                    -0.385                   1.9608573278778405
-0.33499999999999996      -0.385                   2.047499824889755
-0.32499999999999996      -0.385                   2.1212401149538778
-0.31499999999999995      -0.385                   2.1801468099559145
-0.30499999999999994      -0.385                   2.2216093402852835
-0.29500000000000004      -0.385                   2.244638762897523
-0.28500000000000003      -0.385                   2.246777358838017
-0.275                    -0.385                   2.2284266098082526
-0.265                    -0.385                   2.1888140892843353
-0.255                    -0.385                   2.129427569405891
-0.245                    -0.385                   2.0521736609553045
-0.235                    -0.385                   1.9596152655589663
-0.22499999999999998      -0.385                   1.8548707176848893
-0.21500000000000005      -0.385                   1.7414349296718683
-0.20500000000000004      -0.385                   1.622632798521181
-0.19500000000000003      -0.385                   1.5015077406994237
-0.18500000000000003      -0.385                   1.3808467660677195
-0.17500000000000002      -0.385                   1.2627806397987342
-0.165                    -0.385                   1.1489038425571607
-0.15500000000000003      -0.385                   1.0403360392919012
-0.14500000000000002      -0.385                   0.9377258183066033
-0.135                    -0.385                   0.8414213021728187
-0.125                    -0.385                   0.7514643072541389
-0.11499999999999999      -0.385                   0.6676747460437014
-0.10499999999999998      -0.385                   0.5897255630467271
-0.09499999999999997      -0.385                   0.5172013831153777
-0.08499999999999999      -0.385                   0.4496236375136391
-0.07499999999999998      -0.385                   0.386472605954566
-0.06499999999999997      -0.385                   0.3272111452293984
-0.054999999999999966     -0.385                   0.2712994270900708
-0.04499999999999996      -0.385                   0.21820131750388327
-0.03499999999999995      -0.385                   0.16738807326657934
-0.025000000000000022     -0.385                   0.1183401868561873
-0.015000000000000013     -0.385                   0.07054677042617641
-0.0050000000000000044    -0.385                   0.023503806022688423
0.0050000000000000044     -0.385                   -0.023287999276021765
0.015000000000000013      -0.385                   -0.07032641005804408
0.025000000000000022      -0.385                   -0.11811064254158055
0.03500000000000003       -0.385                   -0.16714419558923055
0.04500000000000004       -0.385                   -0.21793748594257067
0.05500000000000005       -0.385                   -0.2710095342055183
0.06499999999999995       -0.385                   -0.3268882383006826
0.07499999999999996       -0.385                   -0.38610902774553324
0.08499999999999996       -0.385                   -0.4492103525966513
0.09499999999999997       -0.385                   -0.5167257962005465
0.10499999999999998       -0.385                   -0.5891716152258368
0.11499999999999999       -0.385                   -0.6670280279890903
0.125                     -0.385                   -0.7507125707296041
0.135                     -0.385                   -0.8405413090365528
0.14500000000000002       -0.385                   -0.9366849636772372
0.15500000000000003       -0.385                   -1.0391146332784729
0.16500000000000004       -0.385                   -1.1475179621661482
0.17500000000000004       -0.385                   -1.2612141713580627
0.18500000000000005       -0.385                   -1.379125571496843
0.19499999999999995       -0.385                   -1.499681418970681
0.20499999999999996       -0.385                   -1.6206697712959226
0.21499999999999997       -0.385                   -1.7393998807357889
0.22499999999999998       -0.385                   -1.8528682074467895
0.235                     -0.385                   -1.957655509769836
0.245                     -0.385                   -2.0503355231342653
0.255                     -0.385                   -2.1278052543454464
0.265                     -0.385                   -2.1874108208906478
0.275                     -0.385                   -2.2271760841920454
0.28500000000000003       -0.385                   -2.2459210570951633
0.29500000000000004       -0.385                   -2.244451875594791
0.30500000000000005       -0.385                   -2.221775111321449
0.31499999999999995       -0.385                   -2.1800521280223393
0.32499999999999996       -0.385                   -2.121267173043691
0.33499999999999996       -0.385                   -2.047499837144224
0.345                     -0.385                   -1.9608826175214253
0.355                     -0.385                   -1.8623628969113355
0.365                     -0.385                   -1.7539373874118809
0.375                     -0.385                   -1.640436298697189
0.385                     -0.385                   -1.5201925730243602
0.395                     -0.385                   -1.3957094092785383
0.405                     -0.385                   -1.268503220477271
0.41500000000000004       -0.385                   -1.138303808127617
0.42500000000000004       -0.385                   -1.00629099185349
0.43500000000000005       -0.385                   -0.8734737739974889
0.44499999999999995       -0.385                   -0.7397845618959877
0.45499999999999996       -0.385                   -0.6055676325827477
0.46499999999999997       -0.385                   -0.47113617283798703
0.475                     -0.385                   -0.3365690961114751
0.485                     -0.385                   -0.20195427137764455
0.495                     -0.385                   -0.06731885102932722
-0.495                    -0.375                   0.07342846998098196
-0.485                    -0.375                   0.22030748478505302
-0.475                    -0.375                   0.36727770181408914
-0.46499999999999997      -0.375                   0.5143421509447421
-0.45499999999999996      -0.375                   0.6615045302978615
-0.44499999999999995      -0.375                   0.80866116902979
-0.43500000000000005      -0.375                   0.9557965142620333
-0.42500000000000004      -0.375                   1.102380470370008
-0.41500000000000004      -0.375                   1.248353313943598
-0.405                    -0.375                   1.3930612220146372
-0.395                    -0.375                   1.5345594026996423
-0.385                    -0.375                   1.6754808073914091
-0.375                    -0.375                   1.8111095058050068
-0.365                    -0.375                   1.9412561065893215
-0.355                    -0.375                   2.0634004195744637
-0.345                    -0.375                   2.177021447944753
-0.33499999999999996      -0.375                   2.279206301886397
-0.32499999999999996      -0.375                   2.3675350005883615
-0.31499999999999995      -0.375                   2.437743602040314
-0.30499999999999994      -0.375                   2.487119174290285
-0.29500000000000004      -0.375                   2.515969725405512
-0.28500000000000003      -0.375                   2.51893077428889
-0.275                    -0.375                   2.4964730183257586
-0.265                    -0.375                   2.4496774313089134
-0.255                    -0.375                   2.378761229448969
-0.245                    -0.375                   2.2860739836896187
-0.235                    -0.375                   2.175161501417392
-0.22499999999999998      -0.375                   2.050327360954668
-0.21500000000000005      -0.375                   1.9159090611963734
-0.20500000000000004      -0.375                   1.7763039806366692
-0.19500000000000003      -0.375                   1.6355256953654589
-0.18500000000000003      -0.375                   1.4965051692398106
-0.17500000000000002      -0.375                   1.3618475122114546
-0.165                    -0.375                   1.2333358382907136
-0.15500000000000003      -0.375                   1.111994641210174
-0.14500000000000002      -0.375                   0.9984564909522646
-0.135                    -0.375                   0.8928147318230231
-0.125                    -0.375                   0.7948573719896217
-0.11499999999999999      -0.375                   0.7042598472390296
-0.10499999999999998      -0.375                   0.6205541705730866
-0.09499999999999997      -0.375                   0.5431280775281948
-0.08499999999999999      -0.375                   0.4713195559552332
-0.07499999999999998      -0.375                   0.40450133489861173
-0.06499999999999997      -0.375                   0.34203085110590337
-0.054999999999999966     -0.375                   0.28327562121285155
-0.04499999999999996      -0.375                   0.22762055066715448
-0.03499999999999995      -0.375                   0.17446954173902895
-0.025000000000000022     -0.375                   0.12324462791940505
-0.015000000000000013     -0.375                   0.07338333480140591
-0.0050000000000000044    -0.375                   0.02433488837493769
0.0050000000000000044     -0.375                   -0.024444210100455166
0.015000000000000013      -0.375                   -0.07349504642974125
0.025000000000000022      -0.375                   -0.12336123782165487
0.03500000000000003       -0.375                   -0.17459374179088627
0.04500000000000004       -0.375                   -0.2277553381081816
0.05500000000000005       -0.375                   -0.28342437560985445
0.06499999999999995       -0.375                   -0.34219741234005596
0.07499999999999996       -0.375                   -0.4046901553392672
0.08499999999999996       -0.375                   -0.47153591250145155
0.09499999999999997       -0.375                   -0.5433804836028457
0.10499999999999998       -0.375                   -0.620871725594327
0.11499999999999999       -0.375                   -0.7046420684990267
0.125                     -0.375                   -0.7952805985054852
0.135                     -0.375                   -0.8932955599478305
0.14500000000000002       -0.375                   -0.9990851606798969
0.15500000000000003       -0.375                   -1.112732209401031
0.16500000000000004       -0.375                   -1.2341539036359563
0.17500000000000004       -0.375                   -1.3628089830015142
0.18500000000000005       -0.375                   -1.497550870219925
0.19499999999999995       -0.375                   -1.6365246846883679
0.20499999999999996       -0.375                   -1.777451811847584
0.21499999999999997       -0.375                   -1.917120330609805
0.22499999999999998       -0.375                   -2.0515214618169466
0.235                     -0.375                   -2.1762939506058956
0.245                     -0.375                   -2.28720001807892
0.255                     -0.375                   -2.379861044638176
0.265                     -0.375                   -2.450735682195557
0.275                     -0.375                   -2.497464685685486
0.28500000000000003       -0.375                   -2.51892795775602
0.29500000000000004       -0.375                   -2.516350672971612
0.30500000000000005       -0.375                   -2.488645188618989
0.31499999999999995       -0.375                   -2.4376276728341963
0.32499999999999996       -0.375                   -2.3668127988344665
0.33499999999999996       -0.375                   -2.278925323477779
0.345                     -0.375                   -2.176726668198043
0.355                     -0.375                   -2.0631244914825864
0.365                     -0.375                   -1.9414617996604022
0.375                     -0.375                   -1.810676456917804
0.385                     -0.375                   -1.6750393177699152
0.395                     -0.375                   -1.5348340825133846
0.405                     -0.375                   -1.3930949972284452
0.41500000000000004       -0.375                   -1.24834063151485
0.42500000000000004       -0.375                   -1.1023108390577079
0.43500000000000005       -0.375                   -0.9557308492591119
0.44499999999999995       -0.375                   -0.8086983003637442
0.45499999999999996       -0.375                   -0.6614984696963546
0.46499999999999997       -0.375                   -0.5143382524752838
0.475                     -0.375                   -0.36727434587123753
0.485                     -0.375                   -0.22030586786110007
0.495                     -0.375                   -0.07342796218974001
-0.495                    -0.365                   0.07950777073685344
-0.485                    -0.365                   0.23857536691275527
-0.475                    -0.365                   0.39787161578692576
-0.46499999999999997      -0.365                   0.557442545004875
-0.45499999999999996      -0.365                   0.7174023363961055
-0.44499999999999995      -0.365                   0.8777209826810122
-0.43500000000000005      -0.365                   1.0383544542926302
-0.42500000000000004      -0.365                   1.1991014383866627
-0.41500000000000004      -0.365                   1.3596831392324464
-0.405                    -0.365                   1.5197542809543734
-0.395                    -0.365                   1.6792624924282364
-0.385                    -0.365                   1.83410683584043
-0.375                    -0.365                   1.9868481012601933
-0.365                    -0.365                   2.1346707747315747
-0.355                    -0.365                   2.2751219255719093
-0.345                    -0.365                   2.4072932839721943
-0.33499999999999996      -0.365                   2.5244196882191545
-0.32499999999999996      -0.365                   2.629011197996647
-0.31499999999999995      -0.365                   2.713403140853984
-0.30499999999999994      -0.365                   2.774635930151419
-0.29500000000000004      -0.365                   2.8103308286152924
-0.28500000000000003      -0.365                   2.817602416131649
-0.275                    -0.365                   2.792371119642894
-0.265                    -0.365                   2.7370000526071863
-0.255                    -0.365                   2.6520363100630675
-0.245                    -0.365                   2.5406283866461763
-0.235                    -0.365                   2.4073373064426278
-0.22499999999999998      -0.365                   2.2578170321644393
-0.21500000000000005      -0.365                   2.098032720954052
-0.20500000000000004      -0.365                   1.9336307939493054
-0.19500000000000003      -0.365                   1.7694761742681067
-0.18500000000000003      -0.365                   1.6094513966290833
-0.17500000000000002      -0.365                   1.4563170231811
-0.165                    -0.365                   1.311867121262594
-0.15500000000000003      -0.365                   1.1770505974569687
-0.14500000000000002      -0.365                   1.0521847475699815
-0.135                    -0.365                   0.9371316858864702
-0.125                    -0.365                   0.8314518226488872
-0.11499999999999999      -0.365                   0.7345013580486466
-0.10499999999999998      -0.365                   0.645521167320112
-0.09499999999999997      -0.365                   0.5637142339066941
-0.08499999999999999      -0.365                   0.4882736879806089
-0.07499999999999998      -0.365                   0.4184027812433442
-0.06499999999999997      -0.365                   0.3533350815068843
-0.054999999999999966     -0.365                   0.2923381557959601
-0.04499999999999996      -0.365                   0.23471521548606233
-0.03499999999999995      -0.365                   0.1798028725667109
-0.025000000000000022     -0.365                   0.12696686715844407
-0.015000000000000013     -0.365                   0.07559661996219802
-0.0050000000000000044    -0.365                   0.025098763799746848
0.0050000000000000044     -0.365                   -0.025109525888751705
0.015000000000000013      -0.365                   -0.07560754617804832
0.025000000000000022      -0.365                   -0.1269781238440828
0.03500000000000003       -0.365                   -0.17981460320334008
0.04500000000000004       -0.365                   -0.23472761778793938
0.05500000000000005       -0.365                   -0.29235130426764044
0.06499999999999995       -0.365                   -0.35334923128232276
0.07499999999999996       -0.365                   -0.4184181116345371
0.08499999999999996       -0.365                   -0.48829028210343495
0.09499999999999997       -0.365                   -0.5637324912264603
0.10499999999999998       -0.365                   -0.6455392921055818
0.11499999999999999       -0.365                   -0.7345213231311618
0.125                     -0.365                   -0.8314780248124407
0.135                     -0.365                   -0.9371631712792805
0.14500000000000002       -0.365                   -1.0522115091870319
0.15500000000000003       -0.365                   -1.1770839040131023
0.16500000000000004       -0.365                   -1.3119051201922503
0.17500000000000004       -0.365                   -1.4563544945082185
0.18500000000000005       -0.365                   -1.6094803379402265
0.19499999999999995       -0.365                   -1.769500304830217
0.20499999999999996       -0.365                   -1.9336292008399596
0.21499999999999997       -0.365                   -2.0980176909887405
0.22499999999999998       -0.365                   -2.257787994974933
0.235                     -0.365                   -2.407338252892373
0.245                     -0.365                   -2.540684531955776
0.255                     -0.365                   -2.6522258438349127
0.265                     -0.365                   -2.7373402402972715
0.275                     -0.365                   -2.792854038966425
0.28500000000000003       -0.365                   -2.817552596575581
0.29500000000000004       -0.365                   -2.81160172685955
0.30500000000000005       -0.365                   -2.775036817236696
0.31499999999999995       -0.365                   -2.713836165399016
0.32499999999999996       -0.365                   -2.627220202269143
0.33499999999999996       -0.365                   -2.5251908420376594
0.345                     -0.365                   -2.408084377942835
0.355                     -0.365                   -2.2752652728267435
0.365                     -0.365                   -2.1346188013106655
0.375                     -0.365                   -1.987154120651553
0.385                     -0.365                   -1.8339421760779508
0.395                     -0.365                   -1.6791593437999381
0.405                     -0.365                   -1.5197455931045454
0.41500000000000004       -0.365                   -1.3596837919651925
0.42500000000000004       -0.365                   -1.1990353360511108
0.43500000000000005       -0.365                   -1.038304427221135
0.44499999999999995       -0.365                   -0.8777370487778171
0.45499999999999996       -0.365                   -0.7173969440803489
0.46499999999999997       -0.365                   -0.5574386247762391
0.475                     -0.365                   -0.3978688955015741
0.485                     -0.365                   -0.23857372620261685
0.495                     -0.365                   -0.07950723202061738
-0.495                    -0.355                   0.08551754131498512
-0.485                    -0.355                   0.25664048965097663
-0.475                    -0.355                   0.4281571289202475
-0.46499999999999997      -0.355                   0.6001638815795332
-0.45499999999999996      -0.355                   0.7729128653680633
-0.44499999999999995      -0.355                   0.9464633132046743
-0.43500000000000005      -0.355                   1.120739625829458
-0.42500000000000004      -0.355                   1.2959726218971355
-0.41500000000000004      -0.355                   1.4716216122742605
-0.405                    -0.355                   1.6473438726127654
-0.395                    -0.355                   1.8217308983265639
-0.385                    -0.355                   1.997119881884828
-0.375                    -0.355                   2.1674898446954103
-0.365                    -0.355                   2.337619888155814
-0.355                    -0.355                   2.4973546390472166
-0.345                    -0.355                   2.648340156019799
-0.33499999999999996      -0.355                   2.7873132118077137
-0.32499999999999996      -0.355                   2.910348575063871
-0.31499999999999995      -0.355                   3.0131726005213295
-0.30499999999999994      -0.355                   3.086032290006756
-0.29500000000000004      -0.355                   3.132988246361947
-0.28500000000000003      -0.355                   3.144366401666659
-0.275                    -0.355                   3.117475258802415
-0.265                    -0.355                   3.05193809737591
-0.255                    -0.355                   2.9498896328797173
-0.245                    -0.355                   2.8152197281044096
-0.235                    -0.355                   2.654148062199795
-0.22499999999999998      -0.355                   2.4743275100724986
-0.21500000000000005      -0.355                   2.2837894117149062
-0.20500000000000004      -0.355                   2.0899481780688234
-0.19500000000000003      -0.355                   1.898909770197804
-0.18500000000000003      -0.355                   1.715257792248451
-0.17500000000000002      -0.355                   1.5419717938194708
-0.165                    -0.355                   1.380725518816405
-0.15500000000000003      -0.355                   1.2321603356178343
-0.14500000000000002      -0.355                   1.0961887385760178
-0.135                    -0.355                   0.9722463322638646
-0.125                    -0.355                   0.8594839513557986
-0.11499999999999999      -0.355                   0.7569046245022832
-0.10499999999999998      -0.355                   0.6634562088941038
-0.09499999999999997      -0.355                   0.5780906914020534
-0.08499999999999999      -0.355                   0.4997974691867739
-0.07499999999999998      -0.355                   0.42762089644054413
-0.06499999999999997      -0.355                   0.36066713821685426
-0.054999999999999966     -0.355                   0.29810352890518743
-0.04499999999999996      -0.355                   0.23915402975734423
-0.03499999999999995      -0.355                   0.18309225157474884
-0.025000000000000022     -0.355                   0.1292331611060149
-0.015000000000000013     -0.355                   0.07692416048615769
-0.0050000000000000044    -0.355                   0.025535879126948657
0.0050000000000000044     -0.355                   -0.025547108066120927
0.015000000000000013      -0.355                   -0.0769355800156859
0.025000000000000022      -0.355                   -0.1292449651969605
0.03500000000000003       -0.355                   -0.1831046396952729
0.04500000000000004       -0.355                   -0.23916721253823425
0.05500000000000005       -0.355                   -0.29811772501193445
0.06499999999999995       -0.355                   -0.3606825848426638
0.07499999999999996       -0.355                   -0.42763784263729576
0.08499999999999996       -0.355                   -0.49981618616965307
0.09499999999999997       -0.355                   -0.5781115068909344
0.10499999999999998       -0.355                   -0.6634793092427458
0.11499999999999999       -0.355                   -0.7569302655235219
0.125                     -0.355                   -0.8595127756765351
0.135                     -0.355                   -0.9722790417452529
0.14500000000000002       -0.355                   -1.0962263367197238
0.15500000000000003       -0.355                   -1.2322051320060723
0.16500000000000004       -0.355                   -1.3807779558718494
0.17500000000000004       -0.355                   -1.5420288687967627
0.18500000000000005       -0.355                   -1.7153099978418709
0.19499999999999995       -0.355                   -1.8989524937647957
0.20499999999999996       -0.355                   -2.0899667904744206
0.21499999999999997       -0.355                   -2.2837995958889223
0.22499999999999998       -0.355                   -2.474347215531111
0.235                     -0.355                   -2.6542292831129544
0.245                     -0.355                   -2.8153999695087464
0.255                     -0.355                   -2.950117012385192
0.265                     -0.355                   -3.0519710437550884
0.275                     -0.355                   -3.116657382741323
0.28500000000000003       -0.355                   -3.1489799077119187
0.29500000000000004       -0.355                   -3.1353160708763994
0.30500000000000005       -0.355                   -3.0897231522612856
0.31499999999999995       -0.355                   -3.012733102047605
0.32499999999999996       -0.355                   -2.9102486057024635
0.33499999999999996       -0.355                   -2.7872960501896387
0.345                     -0.355                   -2.647863595796025
0.355                     -0.355                   -2.4963586079979905
0.365                     -0.355                   -2.3365743654862854
0.375                     -0.355                   -2.168373239180937
0.385                     -0.355                   -1.997022307666498
0.395                     -0.355                   -1.8218299939269897
0.405                     -0.355                   -1.6473261439821272
0.41500000000000004       -0.355                   -1.4716301689542561
0.42500000000000004       -0.355                   -1.2959362441706048
0.43500000000000005       -0.355                   -1.1207063961612675
0.44499999999999995       -0.355                   -0.9464665180854581
0.45499999999999996       -0.355                   -0.7729077320159092
0.46499999999999997       -0.355                   -0.6001599886766655
0.475                     -0.355                   -0.42815449795068616
0.485                     -0.355                   -0.2566388543248195
0.495                     -0.355                   -0.085516999514752
-0.495                    -0.345                   0.09141054808239346
-0.485                    -0.345                   0.2743608397688604
-0.475                    -0.345                   0.45789592372489096
-0.46499999999999997      -0.345                   0.6421709888209648
-0.45499999999999996      -0.345                   0.8276019738772362
-0.44499999999999995      -0.345                   1.0143538893680102
-0.43500000000000005      -0.345                   1.2023333606577467
-0.42500000000000004      -0.345                   1.3922744229206785
-0.41500000000000004      -0.345                   1.5834519693203
-0.405                    -0.345                   1.7757684065805108
-0.395                    -0.345                   1.969967744222231
-0.385                    -0.345                   2.1617301128149506
-0.375                    -0.345                   2.3532618746959315
-0.365                    -0.345                   2.541508733731007
-0.355                    -0.345                   2.727497267108447
-0.345                    -0.345                   2.9017274841770977
-0.33499999999999996      -0.345                   3.06717816122557
-0.32499999999999996      -0.345                   3.215812192805368
-0.31499999999999995      -0.345                   3.3395841473279217
-0.30499999999999994      -0.345                   3.4349220694605265
-0.29500000000000004      -0.345                   3.4951412584557886
-0.28500000000000003      -0.345                   3.513898210337885
-0.275                    -0.345                   3.4862493559420216
-0.265                    -0.345                   3.409751158568781
-0.255                    -0.345                   3.285922252933773
-0.245                    -0.345                   3.120386625423606
-0.235                    -0.345                   2.9222749705265443
-0.22499999999999998      -0.345                   2.702681853204666
-0.21500000000000005      -0.345                   2.4728569803752976
-0.20500000000000004      -0.345                   2.242676320513638
-0.19500000000000003      -0.345                   2.0197549519621276
-0.18500000000000003      -0.345                   1.8092365609203824
-0.17500000000000002      -0.345                   1.6140467460287056
-0.165                    -0.345                   1.4353855099158324
-0.15500000000000003      -0.345                   1.2732438158624717
-0.14500000000000002      -0.345                   1.126847811478882
-0.135                    -0.345                   0.9949940933938421
-0.125                    -0.345                   0.8762813788884927
-0.11499999999999999      -0.345                   0.769258274158716
-0.10499999999999998      -0.345                   0.672510110954633
-0.09499999999999997      -0.345                   0.5847051706421666
-0.08499999999999999      -0.345                   0.504614667121075
-0.07499999999999998      -0.345                   0.4311168917794248
-0.06499999999999997      -0.345                   0.3631922907440668
-0.054999999999999966     -0.345                   0.2999135957907839
-0.04499999999999996      -0.345                   0.2404336780292624
-0.03499999999999995      -0.345                   0.1839725801318366
-0.025000000000000022     -0.345                   0.1298045074904337
-0.015000000000000013     -0.345                   0.07724514464918286
-0.0050000000000000044    -0.345                   0.02563940083287264
0.0050000000000000044     -0.345                   -0.0256504552212391
0.015000000000000013      -0.345                   -0.07725640018924196
0.025000000000000022      -0.345                   -0.12981617001513257
0.03500000000000003       -0.345                   -0.18398486449154916
0.04500000000000004       -0.345                   -0.24044681200057028
0.05500000000000005       -0.345                   -0.2999278237158336
0.06499999999999995       -0.345                   -0.36320787959229506
0.07499999999999996       -0.345                   -0.4311341360338474
0.08499999999999996       -0.345                   -0.5046338946812909
0.09499999999999997       -0.345                   -0.5847267367791318
0.10499999999999998       -0.345                   -0.6725343522494711
0.11499999999999999       -0.345                   -0.7692854885632272
0.125                     -0.345                   -0.8763117642197358
0.135                     -0.345                   -0.9950276180715889
0.14500000000000002       -0.345                   -1.1268843012929608
0.15500000000000003       -0.345                   -1.2732826196353955
0.16500000000000004       -0.345                   -1.4354257374294122
0.17500000000000004       -0.345                   -1.6140879410678508
0.18500000000000005       -0.345                   -1.809278737339426
0.19499999999999995       -0.345                   -2.019797771319176
0.20499999999999996       -0.345                   -2.2427159693300354
0.21499999999999997       -0.345                   -2.4728871227529368
0.22499999999999998       -0.345                   -2.7026859410984656
0.235                     -0.345                   -2.92222338550971
0.245                     -0.345                   -3.1202491883220205
0.255                     -0.345                   -3.2857039355401696
0.265                     -0.345                   -3.40953241479923
0.275                     -0.345                   -3.4861532067466214
0.28500000000000003       -0.345                   -3.514088319283985
0.29500000000000004       -0.345                   -3.4956324715552682
0.30500000000000005       -0.345                   -3.4362628758329237
0.31499999999999995       -0.345                   -3.3405636087294397
0.32499999999999996       -0.345                   -3.213890873511332
0.33499999999999996       -0.345                   -3.066850924947744
0.345                     -0.345                   -2.9016861524404844
0.355                     -0.345                   -2.7263915977486874
0.365                     -0.345                   -2.5410301494350733
0.375                     -0.345                   -2.353389803254373
0.385                     -0.345                   -2.1617163616022026
0.395                     -0.345                   -1.9698975999491495
0.405                     -0.345                   -1.7757171532823577
0.41500000000000004       -0.345                   -1.5834516684228035
0.42500000000000004       -0.345                   -1.3922467393803117
0.43500000000000005       -0.345                   -1.202314944709201
0.44499999999999995       -0.345                   -1.014347829102121
0.45499999999999996       -0.345                   -0.8275968481037381
0.46499999999999997       -0.345                   -0.6421671398256308
0.475                     -0.345                   -0.45789326012948095
0.485                     -0.345                   -0.2743592362525078
0.495                     -0.345                   -0.09141001606499799
-0.495                    -0.33499999999999996     0.09713232098364699
-0.485                    -0.33499999999999996     0.29157241821803837
-0.475                    -0.33499999999999996     0.4868116326317704
-0.46499999999999997      -0.33499999999999996     0.6830723351153267
-0.45499999999999996      -0.33499999999999996     0.8809575888097996
-0.44499999999999995      -0.33499999999999996     1.0807554757600997
-0.43500000000000005      -0.33499999999999996     1.2823633893505644
-0.42500000000000004      -0.33499999999999996     1.4871077596352222
-0.41500000000000004      -0.33499999999999996     1.6940216916728277
-0.405                    -0.33499999999999996     1.903276159571817
-0.395                    -0.33499999999999996     2.1166499077927483
-0.385                    -0.33499999999999996     2.327842566223808
-0.375                    -0.33499999999999996     2.5413940974029856
-0.365                    -0.33499999999999996     2.7544884925920314
-0.355                    -0.33499999999999996     2.964381910357986
-0.345                    -0.33499999999999996     3.166484713548016
-0.33499999999999996      -0.33499999999999996     3.357780494627093
-0.32499999999999996      -0.33499999999999996     3.5351777555213175
-0.31499999999999995      -0.33499999999999996     3.6903665270893953
-0.30499999999999994      -0.33499999999999996     3.8138798330139707
-0.29500000000000004      -0.33499999999999996     3.8964393507693558
-0.28500000000000003      -0.33499999999999996     3.928440066476014
-0.275                    -0.33499999999999996     3.901789506051614
-0.265                    -0.33499999999999996     3.8122415440604414
-0.255                    -0.33499999999999996     3.6610596023047037
-0.245                    -0.33499999999999996     3.4559868902384494
-0.235                    -0.33499999999999996     3.2102888318048315
-0.22499999999999998      -0.33499999999999996     2.9401673193786166
-0.21500000000000005      -0.33499999999999996     2.6616120950690743
-0.20500000000000004      -0.33499999999999996     2.387864692304845
-0.19500000000000003      -0.33499999999999996     2.1282415314593663
-0.18500000000000003      -0.33499999999999996     1.888200328385011
-0.17500000000000002      -0.33499999999999996     1.67010119630973
-0.165                    -0.33499999999999996     1.4741566357410818
-0.15500000000000003      -0.33499999999999996     1.2992707742658354
-0.14500000000000002      -0.33499999999999996     1.1436615349586248
-0.135                    -0.33499999999999996     1.0052711973460475
-0.125                    -0.33499999999999996     0.8820127240471436
-0.11499999999999999      -0.33499999999999996     0.7719031490760528
-0.10499999999999998      -0.33499999999999996     0.6731255099729765
-0.09499999999999997      -0.33499999999999996     0.5840485987804414
-0.08499999999999999      -0.33499999999999996     0.5032234676114058
-0.07499999999999998      -0.33499999999999996     0.42936821605610476
-0.06499999999999997      -0.33499999999999996     0.36134775517896855
-0.054999999999999966     -0.33499999999999996     0.2981522528601488
-0.04499999999999996      -0.33499999999999996     0.23887611786386742
-0.03499999999999995      -0.33499999999999996     0.18269835906625076
-0.025000000000000022     -0.33499999999999996     0.12886455738808422
-0.015000000000000013     -0.33499999999999996     0.0766703555439392
-0.0050000000000000044    -0.33499999999999996     0.025446212589685047
0.0050000000000000044     -0.33499999999999996     -0.02545690333283801
0.015000000000000013      -0.33499999999999996     -0.07668125343786869
0.025000000000000022      -0.33499999999999996     -0.12887587608349804
0.03500000000000003       -0.33499999999999996     -0.1827103245691717
0.04500000000000004       -0.33499999999999996     -0.2388889729398329
0.05500000000000005       -0.33499999999999996     -0.2981662606850364
0.06499999999999995       -0.33499999999999996     -0.36136320780221354
0.07499999999999996       -0.33499999999999996     -0.4293854472452665
0.08499999999999996       -0.33499999999999996     -0.5032428601157619
0.09499999999999997       -0.33499999999999996     -0.5840705841708029
0.10499999999999998       -0.33499999999999996     -0.6731505713720196
0.11499999999999999       -0.33499999999999996     -0.7719318234324533
0.125                     -0.33499999999999996     -0.8820456120384108
0.135                     -0.33499999999999996     -1.0053089821523997
0.14500000000000002       -0.33499999999999996     -1.143704968094596
0.15500000000000003       -0.33499999999999996     -1.2993206546427984
0.16500000000000004       -0.33499999999999996     -1.4742133772995487
0.17500000000000004       -0.33499999999999996     -1.6701647314561399
0.18500000000000005       -0.33499999999999996     -1.8882692006366426
0.19499999999999995       -0.33499999999999996     -2.128312062192663
0.20499999999999996       -0.33499999999999996     -2.3879310658212205
0.21499999999999997       -0.33499999999999996     -2.6616687827348358
0.22499999999999998       -0.33499999999999996     -2.9402152389517653
0.235                     -0.33499999999999996     -3.210345076477381
0.245                     -0.33499999999999996     -3.4560754034978913
0.255                     -0.33499999999999996     -3.6611722050969036
0.265                     -0.33499999999999996     -3.812323025742103
0.275                     -0.33499999999999996     -3.9018007648562616
0.28500000000000003       -0.33499999999999996     -3.9282779552165525
0.29500000000000004       -0.33499999999999996     -3.896153078567096
0.30500000000000005       -0.33499999999999996     -3.8135506907627814
0.31499999999999995       -0.33499999999999996     -3.689197032996958
0.32499999999999996       -0.33499999999999996     -3.5362679426339128
0.33499999999999996       -0.33499999999999996     -3.3589778196272846
0.345                     -0.33499999999999996     -3.16719841242454
0.355                     -0.33499999999999996     -2.964562031822993
0.365                     -0.33499999999999996     -2.7538363793130998
0.375                     -0.33499999999999996     -2.541420474961111
0.385                     -0.33499999999999996     -2.3278352068581825
0.395                     -0.33499999999999996     -2.11661474144222
0.405                     -0.33499999999999996     -1.903240149435419
0.41500000000000004       -0.33499999999999996     -1.6940103548806142
0.42500000000000004       -0.33499999999999996     -1.487101775939152
0.43500000000000005       -0.33499999999999996     -1.2823675478052223
0.44499999999999995       -0.33499999999999996     -1.0807420077840106
0.45499999999999996       -0.33499999999999996     -0.8809526730728621
0.46499999999999997       -0.33499999999999996     -0.6830685942692014
0.475                     -0.33499999999999996     -0.48680905627571747
0.485                     -0.33499999999999996     -0.29157087509918256
0.495                     -0.33499999999999996     -0.09713180885674433
-0.495                    -0.32499999999999996     0.1026219310206784
-0.485                    -0.32499999999999996     0.3080915182542867
-0.475                    -0.32499999999999996     0.5145936027947755
-0.46499999999999997      -0.32499999999999996     0.7224248462084404
-0.45499999999999996      -0.32499999999999996     0.9323952828750564
-0.44499999999999995      -0.32499999999999996     1.144932270135655
-0.43500000000000005      -0.32499999999999996     1.3599319365777092
-0.42500000000000004      -0.32499999999999996     1.5793951049495831
-0.41500000000000004      -0.32499999999999996     1.8021430945868762
-0.405                    -0.32499999999999996     2.028538101980388
-0.395                    -0.32499999999999996     2.2565790206128895
-0.385                    -0.32499999999999996     2.493281003628539
-0.375                    -0.32499999999999996     2.730431834674679
-0.365                    -0.32499999999999996     2.9683135795812916
-0.355                    -0.32499999999999996     3.208659059374213
-0.345                    -0.32499999999999996     3.444355418422674
-0.33499999999999996      -0.32499999999999996     3.670652317493463
-0.32499999999999996      -0.32499999999999996     3.8865798968599847
-0.31499999999999995      -0.32499999999999996     4.078387696149434
-0.30499999999999994      -0.32499999999999996     4.237626336312587
-0.29500000000000004      -0.32499999999999996     4.352710062032884
-0.28500000000000003      -0.32499999999999996     4.395102430752786
-0.275                    -0.32499999999999996     4.373147279814589
-0.265                    -0.32499999999999996     4.269817199440581
-0.255                    -0.32499999999999996     4.084636287837725
-0.245                    -0.32499999999999996     3.8281200371128534
-0.235                    -0.32499999999999996     3.520173660197088
-0.22499999999999998      -0.32499999999999996     3.1851883371186887
-0.21500000000000005      -0.32499999999999996     2.8461562224842964
-0.20500000000000004      -0.32499999999999996     2.5206417595851462
-0.19500000000000003      -0.32499999999999996     2.219536616731375
-0.18500000000000003      -0.32499999999999996     1.947908350136231
-0.17500000000000002      -0.32499999999999996     1.7067073820971927
-0.165                    -0.32499999999999996     1.4944272957010298
-0.15500000000000003      -0.32499999999999996     1.3083456242404736
-0.14500000000000002      -0.32499999999999996     1.1453154238411116
-0.135                    -0.32499999999999996     1.0022101159410113
-0.125                    -0.32499999999999996     0.8761402811551307
-0.11499999999999999      -0.32499999999999996     0.7645366579874917
-0.10499999999999998      -0.32499999999999996     0.6651618944929396
-0.09499999999999997      -0.32499999999999996     0.5760876353131152
-0.08499999999999999      -0.32499999999999996     0.4956575086984003
-0.07499999999999998      -0.32499999999999996     0.4224466411283174
-0.06499999999999997      -0.32499999999999996     0.3552229386154977
-0.054999999999999966     -0.32499999999999996     0.29291217189836516
-0.04499999999999996      -0.32499999999999996     0.23456733573300426
-0.03499999999999995      -0.32499999999999996     0.17934210643579718
-0.025000000000000022     -0.32499999999999996     0.12646786158916257
-0.015000000000000013     -0.32499999999999996     0.07523355046600955
-0.0050000000000000044    -0.32499999999999996     0.02496772916788359
0.0050000000000000044     -0.32499999999999996     -0.024977872527756517
0.015000000000000013      -0.32499999999999996     -0.07524390126252456
0.025000000000000022      -0.32499999999999996     -0.12647863610004606
0.03500000000000003       -0.32499999999999996     -0.17935353781763297
0.04500000000000004       -0.32499999999999996     -0.23457967933859436
0.05500000000000005       -0.32499999999999996     -0.2929257023267837
0.06499999999999995       -0.32499999999999996     -0.35523796083475645
0.07499999999999996       -0.32499999999999996     -0.4224635217623245
0.08499999999999996       -0.32499999999999996     -0.4956766864373776
0.09499999999999997       -0.32499999999999996     -0.5761096183965719
0.10499999999999998       -0.32499999999999996     -0.6651872766938141
0.11499999999999999       -0.32499999999999996     -0.7645661716762788
0.125                     -0.32499999999999996     -0.8761748024571716
0.135                     -0.32499999999999996     -1.002250695910675
0.14500000000000002       -0.32499999999999996     -1.145363289921761
0.15500000000000003       -0.32499999999999996     -1.308401451536156
0.16500000000000004       -0.32499999999999996     -1.4944905123488752
0.17500000000000004       -0.32499999999999996     -1.7067765299705115
0.18500000000000005       -0.32499999999999996     -1.9479812060508266
0.19499999999999995       -0.32499999999999996     -2.2196119494074082
0.20499999999999996       -0.32499999999999996     -2.520717135157952
0.21499999999999997       -0.32499999999999996     -2.846220283425282
0.22499999999999998       -0.32499999999999996     -3.1852110285962
0.235                     -0.32499999999999996     -3.520102531544012
0.245                     -0.32499999999999996     -3.8279125558902933
0.255                     -0.32499999999999996     -4.0843439232596666
0.265                     -0.32499999999999996     -4.269615038632651
0.275                     -0.32499999999999996     -4.373293165103519
0.28500000000000003       -0.32499999999999996     -4.395716363582153
0.29500000000000004       -0.32499999999999996     -4.353047053632508
0.30500000000000005       -0.32499999999999996     -4.238101694510931
0.31499999999999995       -0.32499999999999996     -4.0786795552699004
0.32499999999999996       -0.32499999999999996     -3.883947423263976
0.33499999999999996       -0.32499999999999996     -3.669675930109065
0.345                     -0.32499999999999996     -3.4427514674411555
0.355                     -0.32499999999999996     -3.2089634346067264
0.365                     -0.32499999999999996     -2.9697399812765752
0.375                     -0.32499999999999996     -2.730593788093728
0.385                     -0.32499999999999996     -2.493329613988351
0.395                     -0.32499999999999996     -2.259168738601659
0.405                     -0.32499999999999996     -2.0285317647221746
0.41500000000000004       -0.32499999999999996     -1.802088214713061
0.42500000000000004       -0.32499999999999996     -1.579410454505478
0.43500000000000005       -0.32499999999999996     -1.3599518272985733
0.44499999999999995       -0.32499999999999996     -1.1449157515128263
0.45499999999999996       -0.32499999999999996     -0.9323909940063686
0.46499999999999997       -0.32499999999999996     -0.7224212792758351
0.475                     -0.32499999999999996     -0.514591179046306
0.485                     -0.32499999999999996     -0.3080900649743512
0.495                     -0.32499999999999996     -0.10262144883584767
-0.495                    -0.31499999999999995     0.1078132065826054
-0.485                    -0.31499999999999995     0.32371836267304843
-0.475                    -0.31499999999999995     0.5409026358842084
-0.46499999999999997      -0.31499999999999995     0.7597421896022354
-0.45499999999999996      -0.31499999999999995     0.9812687331613574
-0.44499999999999995      -0.31499999999999995     1.206061170661826
-0.43500000000000005      -0.31499999999999995     1.4340338805707802
-0.42500000000000004      -0.31499999999999995     1.6679093845498585
-0.41500000000000004      -0.31499999999999995     1.906331225729076
-0.405                    -0.31499999999999995     2.14987616950728
-0.395                    -0.31499999999999995     2.397594108378428
-0.385                    -0.31499999999999995     2.655794492552241
-0.375                    -0.31499999999999995     2.917697073528558
-0.365                    -0.31499999999999995     3.1853694745346957
-0.355                    -0.31499999999999995     3.4554765543606436
-0.345                    -0.31499999999999995     3.725770662643299
-0.33499999999999996      -0.31499999999999995     3.991743175469935
-0.32499999999999996      -0.31499999999999995     4.251641482017249
-0.31499999999999995      -0.31499999999999995     4.4894772561281115
-0.30499999999999994      -0.31499999999999995     4.704890665493963
-0.29500000000000004      -0.31499999999999995     4.862208255948103
-0.28500000000000003      -0.31499999999999995     4.9492565318159905
-0.275                    -0.31499999999999995     4.943467772343638
-0.265                    -0.31499999999999995     4.826683500431159
-0.255                    -0.31499999999999995     4.594453530124724
-0.245                    -0.31499999999999995     4.26182891905961
-0.235                    -0.31499999999999995     3.8615593386084583
-0.22499999999999998      -0.31499999999999995     3.433648014323751
-0.21500000000000005      -0.31499999999999995     3.013125994044458
-0.20500000000000004      -0.31499999999999995     2.623193703885704
-0.19500000000000003      -0.31499999999999995     2.2750115518374514
-0.18500000000000003      -0.31499999999999995     1.9710368252391959
-0.17500000000000002      -0.31499999999999995     1.708771810181588
-0.165                    -0.31499999999999995     1.4835272142097438
-0.15500000000000003      -0.31499999999999995     1.2900498087578853
-0.14500000000000002      -0.31499999999999995     1.1233327733492047
-0.135                    -0.31499999999999995     0.9789449698029102
-0.125                    -0.31499999999999995     0.8531080309019217
-0.11499999999999999      -0.31499999999999995     0.7426583384739729
-0.10499999999999998      -0.31499999999999995     0.6449684690710455
-0.09499999999999997      -0.31499999999999995     0.5578575528310239
-0.08499999999999999      -0.31499999999999995     0.4795102908578315
-0.07499999999999998      -0.31499999999999995     0.40840452962453355
-0.06499999999999997      -0.31499999999999995     0.3432523101053562
-0.054999999999999966     -0.31499999999999995     0.282951085302102
-0.04499999999999996      -0.31499999999999995     0.22654367789766638
-0.03499999999999995      -0.31499999999999995     0.17318546989508832
-0.025000000000000022     -0.31499999999999995     0.12211732313807033
-0.015000000000000013     -0.31499999999999995     0.0726427097580995
-0.0050000000000000044    -0.31499999999999995     0.024107649465065606
0.0050000000000000044     -0.31499999999999995     -0.024116996997804563
0.015000000000000013      -0.31499999999999995     -0.07265225652446361
0.025000000000000022      -0.31499999999999995     -0.122127275791172
0.03500000000000003       -0.31499999999999995     -0.173196057043981
0.04500000000000004       -0.31499999999999995     -0.22655518792487328
0.05500000000000005       -0.31499999999999995     -0.2829637832418257
0.06499999999999995       -0.31499999999999995     -0.3432664611372047
0.07499999999999996       -0.31499999999999995     -0.40842053236633546
0.08499999999999996       -0.31499999999999995     -0.4795286412902442
0.09499999999999997       -0.31499999999999995     -0.557878870393381
0.10499999999999998       -0.31499999999999995     -0.6449932858270699
0.11499999999999999       -0.31499999999999995     -0.7426877290700418
0.125                     -0.31499999999999995     -0.8531428303408575
0.135                     -0.31499999999999995     -0.9789864570175837
0.14500000000000002       -0.31499999999999995     -1.1233822695917866
0.15500000000000003       -0.31499999999999995     -1.2901092937970589
0.16500000000000004       -0.31499999999999995     -1.4835983508343702
0.17500000000000004       -0.31499999999999995     -1.708855989764288
0.18500000000000005       -0.31499999999999995     -1.9711339198143492
0.19499999999999995       -0.31499999999999995     -2.275120690645963
0.20499999999999996       -0.31499999999999995     -2.623308064206981
0.21499999999999997       -0.31499999999999995     -3.013231555584639
0.22499999999999998       -0.31499999999999995     -3.4337279416948263
0.235                     -0.31499999999999995     -3.861590646721595
0.245                     -0.31499999999999995     -4.261807457976374
0.255                     -0.31499999999999995     -4.594382638806735
0.265                     -0.31499999999999995     -4.826573542472431
0.275                     -0.31499999999999995     -4.943262202153619
0.28500000000000003       -0.31499999999999995     -4.949045755335305
0.29500000000000004       -0.31499999999999995     -4.8617973236567025
0.30500000000000005       -0.31499999999999995     -4.704344768411374
0.31499999999999995       -0.31499999999999995     -4.496583621533318
0.32499999999999996       -0.31499999999999995     -4.2504862420750555
0.33499999999999996       -0.31499999999999995     -3.9935802255793647
0.345                     -0.31499999999999995     -3.7257868212457197
0.355                     -0.31499999999999995     -3.456406417841663
0.365                     -0.31499999999999995     -3.184148872323931
0.375                     -0.31499999999999995     -2.9174265015221863
0.385                     -0.31499999999999995     -2.656166017762132
0.395                     -0.31499999999999995     -2.4020328561574047
0.405                     -0.31499999999999995     -2.1499179625312763
0.41500000000000004       -0.31499999999999995     -1.9061999793932554
0.42500000000000004       -0.31499999999999995     -1.6679436678701052
0.43500000000000005       -0.31499999999999995     -1.43405873778255
0.44499999999999995       -0.31499999999999995     -1.206046526638488
0.45499999999999996       -0.31499999999999995     -0.981265454170007
0.46499999999999997       -0.31499999999999995     -0.7597388195891881
0.475                     -0.31499999999999995     -0.5409003867270599
0.485                     -0.31499999999999995     -0.32371702079746
0.495                     -0.31499999999999995     -0.10781276344849289
-0.495                    -0.30499999999999994     0.1126363991770063
-0.485                    -0.30499999999999994     0.33824210036806335
-0.475                    -0.30499999999999994     0.5653794414489539
-0.46499999999999997      -0.30499999999999994     0.7945067510377726
-0.45499999999999996      -0.30499999999999994     1.0268853746538298
-0.44499999999999995      -0.30499999999999994     1.2632525913560357
-0.43500000000000005      -0.30499999999999994     1.5035716613560908
-0.42500000000000004      -0.30499999999999994     1.751293100595575
-0.41500000000000004      -0.30499999999999994     2.004951907933119
-0.405                    -0.30499999999999994     2.265478875963808
-0.395                    -0.30499999999999994     2.536901258335604
-0.385                    -0.30499999999999994     2.812821998027374
-0.375                    -0.30499999999999994     3.1001089694734674
-0.365                    -0.30499999999999994     3.3958172860979516
-0.355                    -0.30499999999999994     3.7007741792571096
-0.345                    -0.30499999999999994     4.01161345054021
-0.33499999999999996      -0.30499999999999994     4.325849196877584
-0.32499999999999996      -0.30499999999999994     4.63671090554692
-0.31499999999999995      -0.30499999999999994     4.940572486797237
-0.30499999999999994      -0.30499999999999994     5.215771530345492
-0.29500000000000004      -0.30499999999999994     5.441839232644497
-0.28500000000000003      -0.30499999999999994     5.5888950602241465
-0.275                    -0.30499999999999994     5.617946516504588
-0.265                    -0.30499999999999994     5.493343286889456
-0.255                    -0.30499999999999994     5.19989381721021
-0.245                    -0.30499999999999994     4.758902774469107
-0.235                    -0.30499999999999994     4.2270625603621
-0.22499999999999998      -0.30499999999999994     3.6727122737902675
-0.21500000000000005      -0.30499999999999994     3.149418498580559
-0.20500000000000004      -0.30499999999999994     2.6855539507958497
-0.19500000000000003      -0.30499999999999994     2.288856649615468
-0.18500000000000003      -0.30499999999999994     1.9554618081964747
-0.17500000000000002      -0.30499999999999994     1.6768391597661036
-0.165                    -0.30499999999999994     1.4436725347873107
-0.15500000000000003      -0.30499999999999994     1.2474998593063447
-0.14500000000000002      -0.30499999999999994     1.0811982852952724
-0.135                    -0.30499999999999994     0.9389917112296473
-0.125                    -0.30499999999999994     0.8162685214028613
-0.11499999999999999      -0.30499999999999994     0.7093521233319393
-0.10499999999999998      -0.30499999999999994     0.6153158796328171
-0.09499999999999997      -0.30499999999999994     0.5317997085058437
-0.08499999999999999      -0.30499999999999994     0.4569016255797749
-0.07499999999999998      -0.30499999999999994     0.38905448062146775
-0.06499999999999997      -0.30499999999999994     0.3269593288730448
-0.054999999999999966     -0.30499999999999994     0.2695219883238167
-0.04499999999999996      -0.30499999999999994     0.2158052305333058
-0.03499999999999995      -0.30499999999999994     0.16499072365741085
-0.025000000000000022     -0.30499999999999994     0.116348726766347
-0.015000000000000013     -0.30499999999999994     0.06921587390456807
-0.0050000000000000044    -0.30499999999999994     0.02297141387020929
0.0050000000000000044     -0.30499999999999994     -0.02297967926938327
0.015000000000000013      -0.30499999999999994     -0.06922440432921917
0.025000000000000022      -0.30499999999999994     -0.11635759310118488
0.03500000000000003       -0.30499999999999994     -0.16500012153633747
0.04500000000000004       -0.30499999999999994     -0.21581578537745827
0.05500000000000005       -0.30499999999999994     -0.2695335403407739
0.06499999999999995       -0.30499999999999994     -0.3269720083686707
0.07499999999999996       -0.30499999999999994     -0.38906890365038294
0.08499999999999996       -0.30499999999999994     -0.45691835994119856
0.09499999999999997       -0.30499999999999994     -0.5318205010897543
0.10499999999999998       -0.30499999999999994     -0.6153383002899488
0.11499999999999999       -0.30499999999999994     -0.7093806999138508
0.125                     -0.30499999999999994     -0.8163017170317914
0.135                     -0.30499999999999994     -0.9390335383360764
0.14500000000000002       -0.30499999999999994     -1.0812472983004966
0.15500000000000003       -0.30499999999999994     -1.2475622242926931
0.16500000000000004       -0.30499999999999994     -1.4437489061489543
0.17500000000000004       -0.30499999999999994     -1.6769356523864474
0.18500000000000005       -0.30499999999999994     -1.9555749604237462
0.19499999999999995       -0.30499999999999994     -2.2889984080133843
0.20499999999999996       -0.30499999999999994     -2.6857148145844576
0.21499999999999997       -0.30499999999999994     -3.1495711245713665
0.22499999999999998       -0.30499999999999994     -3.6728680983874256
0.235                     -0.30499999999999994     -4.227137735063366
0.245                     -0.30499999999999994     -4.7589122678142814
0.255                     -0.30499999999999994     -5.199801643357716
0.265                     -0.30499999999999994     -5.493154728736698
0.275                     -0.30499999999999994     -5.617719605754019
0.28500000000000003       -0.30499999999999994     -5.588859153943304
0.29500000000000004       -0.30499999999999994     -5.44151328335667
0.30500000000000005       -0.30499999999999994     -5.215657174197034
0.31499999999999995       -0.30499999999999994     -4.940498085756587
0.32499999999999996       -0.30499999999999994     -4.6358489106074785
0.33499999999999996       -0.30499999999999994     -4.326232407000987
0.345                     -0.30499999999999994     -4.011485465247176
0.355                     -0.30499999999999994     -3.7021680960083927
0.365                     -0.30499999999999994     -3.39426835498665
0.375                     -0.30499999999999994     -3.099814574231061
0.385                     -0.30499999999999994     -2.8110649048010146
0.395                     -0.30499999999999994     -2.5359066599450557
0.405                     -0.30499999999999994     -2.26543578961855
0.41500000000000004       -0.30499999999999994     -2.0047331511292334
0.42500000000000004       -0.30499999999999994     -1.7513430021996896
0.43500000000000005       -0.30499999999999994     -1.5035863514340804
0.44499999999999995       -0.30499999999999994     -1.263243669557312
0.45499999999999996       -0.30499999999999994     -1.0268828087435224
0.46499999999999997       -0.30499999999999994     -0.7945036732202198
0.475                     -0.30499999999999994     -0.5653773289130868
0.485                     -0.30499999999999994     -0.3382409031156044
0.495                     -0.30499999999999994     -0.11263600281087349
-0.495                    -0.29500000000000004     0.11702027084184863
-0.485                    -0.29500000000000004     0.3514471674434958
-0.475                    -0.29500000000000004     0.5876554852885647
-0.46499999999999997      -0.29500000000000004     0.826185293461009
-0.45499999999999996      -0.29500000000000004     1.0685275066280155
-0.44499999999999995      -0.29500000000000004     1.3155775723740817
-0.43500000000000005      -0.29500000000000004     1.5673843093379105
-0.42500000000000004      -0.29500000000000004     1.828077900939718
-0.41500000000000004      -0.29500000000000004     2.0960974259449756
-0.405                    -0.29500000000000004     2.3723509992594245
-0.395                    -0.29500000000000004     2.6586342008037036
-0.385                    -0.29500000000000004     2.9619793058735695
-0.375                    -0.29500000000000004     3.2709409367903746
-0.365                    -0.29500000000000004     3.5982149050776115
-0.355                    -0.29500000000000004     3.9409550828863757
-0.345                    -0.29500000000000004     4.292849708933659
-0.33499999999999996      -0.29500000000000004     4.6598713262464315
-0.32499999999999996      -0.29500000000000004     5.031525545161912
-0.31499999999999995      -0.29500000000000004     5.4142245604448505
-0.30499999999999994      -0.29500000000000004     5.776533776281042
-0.29500000000000004      -0.29500000000000004     6.106094018579199
-0.28500000000000003      -0.29500000000000004     6.344198095688853
-0.275                    -0.29500000000000004     6.446928899265345
-0.265                    -0.29500000000000004     6.3417357391717815
-0.255                    -0.29500000000000004     5.961252270052682
-0.245                    -0.29500000000000004     5.346137514744896
-0.235                    -0.29500000000000004     4.6070650616075
-0.22499999999999998      -0.29500000000000004     3.8709540050272153
-0.21500000000000005      -0.29500000000000004     3.218807552548242
-0.20500000000000004      -0.29500000000000004     2.6752670919622688
-0.19500000000000003      -0.29500000000000004     2.2358658477987774
-0.18500000000000003      -0.29500000000000004     1.8834168087046237
-0.17500000000000002      -0.29500000000000004     1.5985587950322042
-0.165                    -0.29500000000000004     1.3661247440395528
-0.15500000000000003      -0.29500000000000004     1.1747839552162986
-0.14500000000000002      -0.29500000000000004     1.014856656592201
-0.135                    -0.29500000000000004     0.87947163586432
-0.125                    -0.29500000000000004     0.7635560492340119
-0.11499999999999999      -0.29500000000000004     0.6631399747748219
-0.10499999999999998      -0.29500000000000004     0.5751471760313507
-0.09499999999999997      -0.29500000000000004     0.4971011486863972
-0.08499999999999999      -0.29500000000000004     0.4272528692222295
-0.07499999999999998      -0.29500000000000004     0.3639717277828822
-0.06499999999999997      -0.29500000000000004     0.30602421309549754
-0.054999999999999966     -0.29500000000000004     0.2523827334521229
-0.04499999999999996      -0.29500000000000004     0.20219344646466197
-0.03499999999999995      -0.29500000000000004     0.15465805202984484
-0.025000000000000022     -0.29500000000000004     0.1091183351500149
-0.015000000000000013     -0.29500000000000004     0.06495000151471686
-0.0050000000000000044    -0.29500000000000004     0.0215939934250855
0.0050000000000000044     -0.29500000000000004     -0.021491987900844833
0.015000000000000013      -0.29500000000000004     -0.06482704740028566
0.025000000000000022      -0.29500000000000004     -0.10898554856157716
0.03500000000000003       -0.29500000000000004     -0.15450915576866464
0.04500000000000004       -0.29500000000000004     -0.20204200732177924
0.05500000000000005       -0.29500000000000004     -0.2522276485569819
0.06499999999999995       -0.29500000000000004     -0.30585113751840254
0.07499999999999996       -0.29500000000000004     -0.36378092335644396
0.08499999999999996       -0.29500000000000004     -0.4269999155808364
0.09499999999999997       -0.29500000000000004     -0.49681189860757513
0.10499999999999998       -0.29500000000000004     -0.5748727883205902
0.11499999999999999       -0.29500000000000004     -0.6628270465839705
0.125                     -0.29500000000000004     -0.7632285309073268
0.135                     -0.29500000000000004     -0.8791483193044769
0.14500000000000002       -0.29500000000000004     -1.0144105102403955
0.15500000000000003       -0.29500000000000004     -1.174511772178903
0.16500000000000004       -0.29500000000000004     -1.366197108940014
0.17500000000000004       -0.29500000000000004     -1.5984109732285106
0.18500000000000005       -0.29500000000000004     -1.8837567557802686
0.19499999999999995       -0.29500000000000004     -2.2377054929156657
0.20499999999999996       -0.29500000000000004     -2.6781195661083075
0.21499999999999997       -0.29500000000000004     -3.2225349514442314
0.22499999999999998       -0.29500000000000004     -3.8792451549456928
0.235                     -0.29500000000000004     -4.618241689368006
0.245                     -0.29500000000000004     -5.35845603792859
0.255                     -0.29500000000000004     -5.969187267764937
0.265                     -0.29500000000000004     -6.34392992865105
0.275                     -0.29500000000000004     -6.452075341613636
0.28500000000000003       -0.29500000000000004     -6.345163226292243
0.29500000000000004       -0.29500000000000004     -6.102791785990689
0.30500000000000005       -0.29500000000000004     -5.776355500258887
0.31499999999999995       -0.29500000000000004     -5.414158162984791
0.32499999999999996       -0.29500000000000004     -5.030869547346811
0.33499999999999996       -0.29500000000000004     -4.659990839805232
0.345                     -0.29500000000000004     -4.292964087846997
0.355                     -0.29500000000000004     -3.939556868818613
0.365                     -0.29500000000000004     -3.595472218028391
0.375                     -0.29500000000000004     -3.2720068829289346
0.385                     -0.29500000000000004     -2.959935932110625
0.395                     -0.29500000000000004     -2.6596690804097136
0.405                     -0.29500000000000004     -2.3721708860643744
0.41500000000000004       -0.29500000000000004     -2.09576693191066
0.42500000000000004       -0.29500000000000004     -1.8281410023258218
0.43500000000000005       -0.29500000000000004     -1.5673931358476239
0.44499999999999995       -0.29500000000000004     -1.315575826419547
0.45499999999999996       -0.29500000000000004     -1.068525153797907
0.46499999999999997       -0.29500000000000004     -0.8261827135798399
0.475                     -0.29500000000000004     -0.5876534348236078
0.485                     -0.29500000000000004     -0.351446144891554
0.495                     -0.29500000000000004     -0.11701992738913702
-0.495                    -0.28500000000000003     0.12089452620095642
-0.485                    -0.28500000000000003     0.3631206825351114
-0.475                    -0.28500000000000003     0.6073656285619222
-0.46499999999999997      -0.28500000000000003     0.8542478005493308
-0.45499999999999996      -0.28500000000000003     1.1054780785971658
-0.44499999999999995      -0.28500000000000003     1.362100516831049
-0.43500000000000005      -0.28500000000000003     1.6242762519948997
-0.42500000000000004      -0.28500000000000003     1.8967568267585762
-0.41500000000000004      -0.28500000000000003     2.1779636536189173
-0.405                    -0.28500000000000003     2.468998437828631
-0.395                    -0.28500000000000003     2.775198175466585
-0.385                    -0.28500000000000003     3.0946561068453775
-0.375                    -0.28500000000000003     3.430282499585001
-0.365                    -0.28500000000000003     3.7848962613684876
-0.355                    -0.28500000000000003     4.161985989067944
-0.345                    -0.28500000000000003     4.561033523421685
-0.33499999999999996      -0.28500000000000003     4.983811880572405
-0.32499999999999996      -0.28500000000000003     5.424520957995583
-0.31499999999999995      -0.28500000000000003     5.897529650836816
-0.30499999999999994      -0.28500000000000003     6.376468471162653
-0.29500000000000004      -0.28500000000000003     6.842173751684527
-0.28500000000000003      -0.28500000000000003     7.251100688066117
-0.275                    -0.28500000000000003     7.513597206037048
-0.265                    -0.28500000000000003     7.4680068009394205
-0.255                    -0.28500000000000003     6.983799921144737
-0.245                    -0.28500000000000003     6.07180840524893
-0.235                    -0.28500000000000003     4.981937693437885
-0.22499999999999998      -0.28500000000000003     3.978256848040928
-0.21500000000000005      -0.28500000000000003     3.17325577351221
-0.20500000000000004      -0.28500000000000003     2.5613827996594978
-0.19500000000000003      -0.28500000000000003     2.0980159262153393
-0.18500000000000003      -0.28500000000000003     1.7438746449392966
-0.17500000000000002      -0.28500000000000003     1.4679275355708796
-0.165                    -0.28500000000000003     1.2484304841630092
-0.15500000000000003      -0.28500000000000003     1.0705235328935032
-0.14500000000000002      -0.28500000000000003     0.9236400935919846
-0.135                    -0.28500000000000003     0.8002784785990116
-0.125                    -0.28500000000000003     0.6952838158012469
-0.11499999999999999      -0.28500000000000003     0.6043308099106071
-0.10499999999999998      -0.28500000000000003     0.5247356094916995
-0.09499999999999997      -0.28500000000000003     0.45415982232793795
-0.08499999999999999      -0.28500000000000003     0.39083436965938745
-0.07499999999999998      -0.28500000000000003     0.33338121761994444
-0.06499999999999997      -0.28500000000000003     0.2806460827018782
-0.054999999999999966     -0.28500000000000003     0.23171448552989204
-0.04499999999999996      -0.28500000000000003     0.1858022538260684
-0.03499999999999995      -0.28500000000000003     0.14222381578929344
-0.025000000000000022     -0.28500000000000003     0.10040685424812068
-0.015000000000000013     -0.28500000000000003     0.059765760074469654
-0.0050000000000000044    -0.28500000000000003     0.019854721013871313
0.0050000000000000044     -0.28500000000000003     -0.01982130286410211
0.015000000000000013      -0.28500000000000003     -0.05972295781697312
0.025000000000000022      -0.28500000000000003     -0.1003481179272967
0.03500000000000003       -0.28500000000000003     -0.14216379460836492
0.04500000000000004       -0.28500000000000003     -0.1857512959959422
0.05500000000000005       -0.28500000000000003     -0.23168553481681897
0.06499999999999995       -0.28500000000000003     -0.28058415783607416
0.07499999999999996       -0.28500000000000003     -0.33330687743819
0.08499999999999996       -0.28500000000000003     -0.3908252907174301
0.09499999999999997       -0.28500000000000003     -0.45415787449769596
0.10499999999999998       -0.28500000000000003     -0.5247263159574231
0.11499999999999999       -0.28500000000000003     -0.6041344848354129
0.125                     -0.28500000000000003     -0.6951415685382472
0.135                     -0.28500000000000003     -0.8001934594778959
0.14500000000000002       -0.28500000000000003     -0.9234546750669779
0.15500000000000003       -0.28500000000000003     -1.0703465403653354
0.16500000000000004       -0.28500000000000003     -1.2483664640094503
0.17500000000000004       -0.28500000000000003     -1.467061955885356
0.18500000000000005       -0.28500000000000003     -1.7436478631107093
0.19499999999999995       -0.28500000000000003     -2.0980409627659355
0.20499999999999996       -0.28500000000000003     -2.562441881751056
0.21499999999999997       -0.28500000000000003     -3.1760932949953258
0.22499999999999998       -0.28500000000000003     -3.982027419236374
0.235                     -0.28500000000000003     -4.986770182763166
0.245                     -0.28500000000000003     -6.078198058652788
0.255                     -0.28500000000000003     -6.987996344485282
0.265                     -0.28500000000000003     -7.4688056377028715
0.275                     -0.28500000000000003     -7.5084597818899965
0.28500000000000003       -0.28500000000000003     -7.255593700394911
0.29500000000000004       -0.28500000000000003     -6.836339785610335
0.30500000000000005       -0.28500000000000003     -6.376217766149566
0.31499999999999995       -0.28500000000000003     -5.897504958176967
0.32499999999999996       -0.28500000000000003     -5.432620144361351
0.33499999999999996       -0.28500000000000003     -4.983763826239027
0.345                     -0.28500000000000003     -4.561295536536321
0.355                     -0.28500000000000003     -4.164557679772045
0.365                     -0.28500000000000003     -3.78450833914178
0.375                     -0.28500000000000003     -3.429361389018311
0.385                     -0.28500000000000003     -3.0943718031243748
0.395                     -0.28500000000000003     -2.7753545588695374
0.405                     -0.28500000000000003     -2.4684718882417087
0.41500000000000004       -0.28500000000000003     -2.177510320971301
0.42500000000000004       -0.28500000000000003     -1.8968130212335268
0.43500000000000005       -0.28500000000000003     -1.6242847679720285
0.44499999999999995       -0.28500000000000003     -1.3621069423299446
0.45499999999999996       -0.28500000000000003     -1.1054758313566353
0.46499999999999997       -0.28500000000000003     -0.8542457587240904
0.475                     -0.28500000000000003     -0.6073636659423869
0.485                     -0.28500000000000003     -0.3631198361936754
0.495                     -0.28500000000000003     -0.1208942391792931
-0.495                    -0.275                   0.12419246028727571
-0.485                    -0.275                   0.3730604579507144
-0.475                    -0.275                   0.6241623511196508
-0.46499999999999997      -0.275                   0.8781882974861901
-0.45499999999999996      -0.275                   1.1370495710021231
-0.44499999999999995      -0.275                   1.4019295292541756
-0.43500000000000005      -0.275                   1.67308054219518
-0.42500000000000004      -0.275                   1.955862192737385
-0.41500000000000004      -0.275                   2.2485879691988444
-0.405                    -0.275                   2.552736169450206
-0.395                    -0.275                   2.8735040553613658
-0.385                    -0.275                   3.2133593944552103
-0.375                    -0.275                   3.5713232126678136
-0.365                    -0.275                   3.951068037275718
-0.355                    -0.275                   4.363937347591218
-0.345                    -0.275                   4.805115580897763
-0.33499999999999996      -0.275                   5.283144167826478
-0.32499999999999996      -0.275                   5.804819964480032
-0.31499999999999995      -0.275                   6.36613967848308
-0.30499999999999994      -0.275                   6.983678413398124
-0.29500000000000004      -0.275                   7.640723381114185
-0.28500000000000003      -0.275                   8.30068669526394
-0.275                    -0.275                   8.859012185818983
-0.265                    -0.275                   9.071068348720246
-0.255                    -0.275                   8.477779027439396
-0.245                    -0.275                   6.969486224880711
-0.235                    -0.275                   5.245841286258383
-0.22499999999999998      -0.275                   3.8693265150138245
-0.21500000000000005      -0.275                   2.9370606578688694
-0.20500000000000004      -0.275                   2.2991931603170315
-0.19500000000000003      -0.275                   1.853022508802515
-0.18500000000000003      -0.275                   1.527397320604905
-0.17500000000000002      -0.275                   1.2825130902693331
-0.165                    -0.275                   1.0901841243057646
-0.15500000000000003      -0.275                   0.936574110830179
-0.14500000000000002      -0.275                   0.8094747789525165
-0.135                    -0.275                   0.7035368240562292
-0.125                    -0.275                   0.6131755986138501
-0.11499999999999999      -0.275                   0.5346858522829621
-0.10499999999999998      -0.275                   0.46562958995406234
-0.09499999999999997      -0.275                   0.4041113085930874
-0.08499999999999999      -0.275                   0.3488083032167424
-0.07499999999999998      -0.275                   0.2982634586587096
-0.06499999999999997      -0.275                   0.25166772559032324
-0.054999999999999966     -0.275                   0.20820751310714058
-0.04499999999999996      -0.275                   0.1671683992860835
-0.03499999999999995      -0.275                   0.12811787207175485
-0.025000000000000022     -0.275                   0.09047545622388498
-0.015000000000000013     -0.275                   0.05393977024880314
-0.0050000000000000044    -0.275                   0.017889799769790216
0.0050000000000000044     -0.275                   -0.017895657417511757
0.015000000000000013      -0.275                   -0.05396370525227212
0.025000000000000022      -0.275                   -0.09049523184432928
0.03500000000000003       -0.275                   -0.12814918976027911
0.04500000000000004       -0.275                   -0.16719391735561118
0.05500000000000005       -0.275                   -0.20809666149517625
0.06499999999999995       -0.275                   -0.25156517765094577
0.07499999999999996       -0.275                   -0.29827242009770316
0.08499999999999996       -0.275                   -0.34872650825102625
0.09499999999999997       -0.275                   -0.40404500226361506
0.10499999999999998       -0.275                   -0.46560846888780816
0.11499999999999999       -0.275                   -0.534632259062505
0.125                     -0.275                   -0.6132699936468313
0.135                     -0.275                   -0.7035976977061864
0.14500000000000002       -0.275                   -0.8097056592523586
0.15500000000000003       -0.275                   -0.9361053711609202
0.16500000000000004       -0.275                   -1.0903171535725278
0.17500000000000004       -0.275                   -1.2831010253107706
0.18500000000000005       -0.275                   -1.5281925686947488
0.19499999999999995       -0.275                   -1.8525504444793341
0.20499999999999996       -0.275                   -2.29871550634266
0.21499999999999997       -0.275                   -2.9354063472687812
0.22499999999999998       -0.275                   -3.872145253398074
0.235                     -0.275                   -5.231297247892712
0.245                     -0.275                   -6.970914955536841
0.255                     -0.275                   -8.47197937046758
0.265                     -0.275                   -9.062832047058805
0.275                     -0.275                   -8.852174233771848
0.28500000000000003       -0.275                   -8.291990720818376
0.29500000000000004       -0.275                   -7.631472262648629
0.30500000000000005       -0.275                   -6.9835600191086655
0.31499999999999995       -0.275                   -6.366142933771641
0.32499999999999996       -0.275                   -5.804519300380264
0.33499999999999996       -0.275                   -5.283004555592356
0.345                     -0.275                   -4.805444251207703
0.355                     -0.275                   -4.365461138816272
0.365                     -0.275                   -3.9514008155688316
0.375                     -0.275                   -3.5715720218445313
0.385                     -0.275                   -3.212319633177003
0.395                     -0.275                   -2.873250132025362
0.405                     -0.275                   -2.552209995690049
0.41500000000000004       -0.275                   -2.248154144311414
0.42500000000000004       -0.275                   -1.955916208052571
0.43500000000000005       -0.275                   -1.6731044196515654
0.44499999999999995       -0.275                   -1.4019392448955728
0.45499999999999996       -0.275                   -1.137047927116079
0.46499999999999997       -0.275                   -0.8781865521160341
0.475                     -0.275                   -0.6241605635773908
0.485                     -0.275                   -0.37305979463781114
0.495                     -0.275                   -0.12419223237657206
-0.495                    -0.265                   0.12685366890765692
-0.485                    -0.265                   0.38108331720872
-0.475                    -0.265                   0.6377303186691279
-0.46499999999999997      -0.265                   0.8975465184844893
-0.45499999999999996      -0.265                   1.1626148074608267
-0.44499999999999995      -0.265                   1.4342463277625939
-0.43500000000000005      -0.265                   1.7127376207880047
-0.42500000000000004      -0.265                   2.004034431917745
-0.41500000000000004      -0.265                   2.306311266563341
-0.405                    -0.265                   2.621420050544028
-0.395                    -0.265                   2.9551030368710087
-0.385                    -0.265                   3.310898134288678
-0.375                    -0.265                   3.6878981309951087
-0.365                    -0.265                   4.090225400398765
-0.355                    -0.265                   4.533724175801865
-0.345                    -0.265                   5.012759195065726
-0.33499999999999996      -0.265                   5.540697378154164
-0.32499999999999996      -0.265                   6.130844701615331
-0.31499999999999995      -0.265                   6.78534839973463
-0.30499999999999994      -0.265                   7.548394497815309
-0.29500000000000004      -0.265                   8.418152810804486
-0.28500000000000003      -0.265                   9.410409647082687
-0.275                    -0.265                   10.508622245925778
-0.265                    -0.265                   11.484562152476428
-0.255                    -0.265                   11.13939372772961
-0.245                    -0.265                   8.033287062071444
-0.235                    -0.265                   4.985028473797485
-0.22499999999999998      -0.265                   3.311953960281926
-0.21500000000000005      -0.265                   2.402873493518655
-0.20500000000000004      -0.265                   1.854043321497329
-0.19500000000000003      -0.265                   1.49218965326736
-0.18500000000000003      -0.265                   1.2358978949698667
-0.17500000000000002      -0.265                   1.044479035147333
-0.165                    -0.265                   0.8953515134728605
-0.15500000000000003      -0.265                   0.7752130001895239
-0.14500000000000002      -0.265                   0.675783732772743
-0.135                    -0.265                   0.591723853300067
-0.125                    -0.265                   0.5191565551342592
-0.11499999999999999      -0.265                   0.45562005283909457
-0.10499999999999998      -0.265                   0.39913582043300266
-0.09499999999999997      -0.265                   0.3482752039725767
-0.08499999999999999      -0.265                   0.3019247366755735
-0.07499999999999998      -0.265                   0.2592631308126272
-0.06499999999999997      -0.265                   0.21948141096527252
-0.054999999999999966     -0.265                   0.18211299574102213
-0.04499999999999996      -0.265                   0.14661198183284796
-0.03499999999999995      -0.265                   0.11260497172986561
-0.025000000000000022     -0.265                   0.07967198900360017
-0.015000000000000013     -0.265                   0.047505310461929184
-0.0050000000000000044    -0.265                   0.015795326793409004
0.0050000000000000044     -0.265                   -0.015749708873045165
0.015000000000000013      -0.265                   -0.047470093798892776
0.025000000000000022      -0.265                   -0.07962863577796497
0.03500000000000003       -0.265                   -0.11255360953964555
0.04500000000000004       -0.265                   -0.14656194032738767
0.05500000000000005       -0.265                   -0.18206086042232528
0.06499999999999995       -0.265                   -0.21941741424177508
0.07499999999999996       -0.265                   -0.2591676196266235
0.08499999999999996       -0.265                   -0.30182525680083927
0.09499999999999997       -0.265                   -0.3481816504017843
0.10499999999999998       -0.265                   -0.3990428885136339
0.11499999999999999       -0.265                   -0.4555457256435602
0.125                     -0.265                   -0.5190347737917023
0.135                     -0.265                   -0.591548904170395
0.14500000000000002       -0.265                   -0.6755596888833679
0.15500000000000003       -0.265                   -0.7749736606868396
0.16500000000000004       -0.265                   -0.8949248537808216
0.17500000000000004       -0.265                   -1.0440495009183905
0.18500000000000005       -0.265                   -1.2352310492009337
0.19499999999999995       -0.265                   -1.491190746516395
0.20499999999999996       -0.265                   -1.8528328943041288
0.21499999999999997       -0.265                   -2.4020055126929947
0.22499999999999998       -0.265                   -3.3130882944466578
0.235                     -0.265                   -5.000167844375483
0.245                     -0.265                   -8.080316939442014
0.255                     -0.265                   -11.131471928518863
0.265                     -0.265                   -11.469743990747475
0.275                     -0.265                   -10.512109440455106
0.28500000000000003       -0.265                   -9.40040017451588
0.29500000000000004       -0.265                   -8.409111086078838
0.30500000000000005       -0.265                   -7.548388385290977
0.31499999999999995       -0.265                   -6.7854025767048824
0.32499999999999996       -0.265                   -6.130593291118771
0.33499999999999996       -0.265                   -5.540572341040189
0.345                     -0.265                   -5.0129761129881985
0.355                     -0.265                   -4.5344588815718225
0.365                     -0.265                   -4.089544000799151
0.375                     -0.265                   -3.6878887436962486
0.385                     -0.265                   -3.3098064012424686
0.395                     -0.265                   -2.9547804274127714
0.405                     -0.265                   -2.6209206119497566
0.41500000000000004       -0.265                   -2.305891083951522
0.42500000000000004       -0.265                   -2.0040696507932125
0.43500000000000005       -0.265                   -1.7127621604467436
0.44499999999999995       -0.265                   -1.4342558108522212
0.45499999999999996       -0.265                   -1.1626141356542021
0.46499999999999997       -0.265                   -0.8975448819647056
0.475                     -0.265                   -0.6377288583785798
0.485                     -0.265                   -0.38108283209408
0.495                     -0.265                   -0.1268534998793882
-0.495                    -0.255                   0.12882661878607848
-0.485                    -0.255                   0.3870329451743828
-0.475                    -0.255                   0.6478003024653276
-0.46499999999999997      -0.255                   0.9119290089826677
-0.45499999999999996      -0.255                   1.181637532601954
-0.44499999999999995      -0.255                   1.4583409157350502
-0.43500000000000005      -0.255                   1.7423211509088787
-0.42500000000000004      -0.255                   2.040101254894438
-0.41500000000000004      -0.255                   2.349567569070061
-0.405                    -0.255                   2.673074770022618
-0.395                    -0.255                   3.0165250493970177
-0.385                    -0.255                   3.3844853648284214
-0.375                    -0.255                   3.7762945879029814
-0.365                    -0.255                   4.1960174887427115
-0.355                    -0.255                   4.6633203665775795
-0.345                    -0.255                   5.172006841704473
-0.33499999999999996      -0.255                   5.7391253298189895
-0.32499999999999996      -0.255                   6.3840177111213166
-0.31499999999999995      -0.255                   7.114000844371503
-0.30499999999999994      -0.255                   8.000189549304736
-0.29500000000000004      -0.255                   9.061402512199606
-0.28500000000000003      -0.255                   10.38418890443279
-0.275                    -0.255                   12.19512872642781
-0.265                    -0.255                   14.799967235423082
-0.255                    -0.255                   17.974385315619344
-0.245                    -0.255                   8.08594514504557
-0.235                    -0.255                   3.2951062096890382
-0.22499999999999998      -0.255                   2.083536559759523
-0.21500000000000005      -0.255                   1.5489967748058007
-0.20500000000000004      -0.255                   1.2400331861476843
-0.19500000000000003      -0.255                   1.03454671745817
-0.18500000000000003      -0.255                   0.8842997590891173
-0.17500000000000002      -0.255                   0.7670408779754325
-0.165                    -0.255                   0.6729643832206875
-0.15500000000000003      -0.255                   0.5943806479085652
-0.14500000000000002      -0.255                   0.5273240906899446
-0.135                    -0.255                   0.46881251240483834
-0.125                    -0.255                   0.41667974536903785
-0.11499999999999999      -0.255                   0.3700459770257112
-0.10499999999999998      -0.255                   0.3272870784389852
-0.09499999999999997      -0.255                   0.28813063627285374
-0.08499999999999999      -0.255                   0.2515969538335412
-0.07499999999999998      -0.255                   0.21745396866640476
-0.06499999999999997      -0.255                   0.18510840224780623
-0.054999999999999966     -0.255                   0.15430891451887874
-0.04499999999999996      -0.255                   0.12470201344513043
-0.03499999999999995      -0.255                   0.0960966515497148
-0.025000000000000022     -0.255                   0.06814308540469938
-0.015000000000000013     -0.255                   0.04070449394589559
-0.0050000000000000044    -0.255                   0.013602868734096774
0.0050000000000000044     -0.255                   -0.013415249604804558
0.015000000000000013      -0.255                   -0.04048336799792196
0.025000000000000022      -0.255                   -0.06790416310968794
0.03500000000000003       -0.255                   -0.09585590616325135
0.04500000000000004       -0.255                   -0.12447510665970185
0.05500000000000005       -0.255                   -0.15403446322443415
0.06499999999999995       -0.255                   -0.18480107126379153
0.07499999999999996       -0.255                   -0.21710730981749293
0.08499999999999996       -0.255                   -0.25114987465121885
0.09499999999999997       -0.255                   -0.287607087257129
0.10499999999999998       -0.255                   -0.3266285827342017
0.11499999999999999       -0.255                   -0.36925470807273086
0.125                     -0.255                   -0.41580283307212085
0.135                     -0.255                   -0.4676632298032928
0.14500000000000002       -0.255                   -0.5261468961512037
0.15500000000000003       -0.255                   -0.5928992623580598
0.16500000000000004       -0.255                   -0.6705835192610721
0.17500000000000004       -0.255                   -0.7642064236511033
0.18500000000000005       -0.255                   -0.8781920741359954
0.19499999999999995       -0.255                   -1.0278646203032622
0.20499999999999996       -0.255                   -1.2295255526601068
0.21499999999999997       -0.255                   -1.5298032372988928
0.22499999999999998       -0.255                   -2.043603347548924
0.235                     -0.255                   -3.2636162741792987
0.245                     -0.255                   -8.650851618825385
0.255                     -0.255                   -18.044908493752473
0.265                     -0.255                   -14.800039729477646
0.275                     -0.255                   -12.196273319583497
0.28500000000000003       -0.255                   -10.380380473492778
0.29500000000000004       -0.255                   -9.055297813210643
0.30500000000000005       -0.255                   -8.0002626701679
0.31499999999999995       -0.255                   -7.114057085263767
0.32499999999999996       -0.255                   -6.3839473251669006
0.33499999999999996       -0.255                   -5.739048949747627
0.345                     -0.255                   -5.172148251426833
0.355                     -0.255                   -4.663617216516855
0.365                     -0.255                   -4.195608347932819
0.375                     -0.255                   -3.7764114463167573
0.385                     -0.255                   -3.3837116256129036
0.395                     -0.255                   -3.016280934383815
0.405                     -0.255                   -2.67265318673725
0.41500000000000004       -0.255                   -2.3492446674620524
0.42500000000000004       -0.255                   -2.0401249942151196
0.43500000000000005       -0.255                   -1.7423695409321454
0.44499999999999995       -0.255                   -1.4583451580552946
0.45499999999999996       -0.255                   -1.181637101763478
0.46499999999999997       -0.255                   -0.9119276401375487
0.475                     -0.255                   -0.6477993086089668
0.485                     -0.255                   -0.38703262612602884
0.495                     -0.255                   -0.1288265053847084
-0.495                    -0.245                   0.1300708869185172
-0.485                    -0.245                   0.3907867500386146
-0.475                    -0.245                   0.6541613902386985
-0.46499999999999997      -0.245                   0.9210277055117331
-0.45499999999999996      -0.245                   1.193697032925023
-0.44499999999999995      -0.245                   1.4736509860032925
-0.43500000000000005      -0.245                   1.7611706190582481
-0.42500000000000004      -0.245                   2.063114956441268
-0.41500000000000004      -0.245                   2.3772067355393887
-0.405                    -0.245                   2.706158699659392
-0.395                    -0.245                   3.055922121549983
-0.385                    -0.245                   3.431652124558127
-0.375                    -0.245                   3.833118914296392
-0.365                    -0.245                   4.263902799563198
-0.355                    -0.245                   4.746107548450453
-0.345                    -0.245                   5.273235075365655
-0.33499999999999996      -0.245                   5.864160499683095
-0.32499999999999996      -0.245                   6.541723329030276
-0.31499999999999995      -0.245                   7.315586691239048
-0.30499999999999994      -0.245                   8.27072792394425
-0.29500000000000004      -0.245                   9.433626904200196
-0.28500000000000003      -0.245                   10.931842844696007
-0.275                    -0.245                   13.088665924447923
-0.265                    -0.245                   16.65425581494037
-0.255                    -0.245                   23.64113675021217
-0.245                    -0.245                   1.8609908973581355
-0.235                    -0.245                   1.4161733310540967
-0.22499999999999998      -0.245                   1.163011025156294
-0.21500000000000005      -0.245                   0.9906458870578092
-0.20500000000000004      -0.245                   0.8626992388581414
-0.19500000000000003      -0.245                   0.7617475066828945
-0.18500000000000003      -0.245                   0.6786202029938977
-0.17500000000000002      -0.245                   0.6080603460825387
-0.165                    -0.245                   0.5467920449842154
-0.15500000000000003      -0.245                   0.49263788573661316
-0.14500000000000002      -0.245                   0.44408003948646524
-0.135                    -0.245                   0.4000165974596115
-0.125                    -0.245                   0.35962093661734684
-0.11499999999999999      -0.245                   0.32225525275160294
-0.10499999999999998      -0.245                   0.2874136726656076
-0.09499999999999997      -0.245                   0.25468755336250126
-0.08499999999999999      -0.245                   0.22373799562376462
-0.07499999999999998      -0.245                   0.1942797580450133
-0.06499999999999997      -0.245                   0.166067167572578
-0.054999999999999966     -0.245                   0.13888538345099732
-0.04499999999999996      -0.245                   0.11254290467252304
-0.03499999999999995      -0.245                   0.0868659547398778
-0.025000000000000022     -0.245                   0.061694025157649435
-0.015000000000000013     -0.245                   0.03687642057077767
-0.0050000000000000044    -0.245                   0.012268838062240661
0.0050000000000000044     -0.245                   -0.012269157879629233
0.015000000000000013      -0.245                   -0.03687670368732654
0.025000000000000022      -0.245                   -0.061694326379665654
0.03500000000000003       -0.245                   -0.08686622582003167
0.04500000000000004       -0.245                   -0.11254323007941025
0.05500000000000005       -0.245                   -0.13888569144292262
0.06499999999999995       -0.245                   -0.16606750975306284
0.07499999999999996       -0.245                   -0.19428012229762714
0.08499999999999996       -0.245                   -0.22373840283654545
0.09499999999999997       -0.245                   -0.25468799110115015
0.10499999999999998       -0.245                   -0.28741421076389884
0.11499999999999999       -0.245                   -0.32225580261655296
0.125                     -0.245                   -0.3596218189484546
0.135                     -0.245                   -0.40001769495684414
0.14500000000000002       -0.245                   -0.44408153998972466
0.15500000000000003       -0.245                   -0.4926399777672117
0.16500000000000004       -0.245                   -0.5467948350182041
0.17500000000000004       -0.245                   -0.6080645427256854
0.18500000000000005       -0.245                   -0.678624318038203
0.19499999999999995       -0.245                   -0.7617486374426221
0.20499999999999996       -0.245                   -0.8626743368240568
0.21499999999999997       -0.245                   -0.9905195151277155
0.22499999999999998       -0.245                   -1.1628344675200424
0.235                     -0.245                   -1.4193781912946122
0.245                     -0.245                   -1.7458247855119566
0.255                     -0.245                   -24.35179903451217
0.265                     -0.245                   -16.59899170361129
0.275                     -0.245                   -13.08673339853032
0.28500000000000003       -0.245                   -10.929883486998847
0.29500000000000004       -0.245                   -9.433060213740362
0.30500000000000005       -0.245                   -8.270845015279065
0.31499999999999995       -0.245                   -7.315664726265027
0.32499999999999996       -0.245                   -6.54177127128014
0.33499999999999996       -0.245                   -5.864140582819999
0.345                     -0.245                   -5.273336554299462
0.355                     -0.245                   -4.746215030420615
0.365                     -0.245                   -4.263735592185242
0.375                     -0.245                   -3.8331937693007774
0.385                     -0.245                   -3.4312914461688138
0.395                     -0.245                   -3.055839388572636
0.405                     -0.245                   -2.7058662269227156
0.41500000000000004       -0.245                   -2.3770155929694496
0.42500000000000004       -0.245                   -2.063131021191765
0.43500000000000005       -0.245                   -1.761215674644916
0.44499999999999995       -0.245                   -1.4736504840091698
0.45499999999999996       -0.245                   -1.1936963816370891
0.46499999999999997       -0.245                   -0.9210269283386765
0.475                     -0.245                   -0.6541608678438138
0.485                     -0.245                   -0.39078657762877356
0.495                     -0.245                   -0.13007082309191276
-0.495                    -0.235                   0.13055888703712526
-0.485                    -0.235                   0.3922611504739848
-0.475                    -0.235                   0.656670245645671
-0.46499999999999997      -0.235                   0.9246343175678646
-0.45499999999999996      -0.235                   1.1985099779478858
-0.44499999999999995      -0.235                   1.4798057603015025
-0.43500000000000005      -0.235                   1.7687961724203092
-0.42500000000000004      -0.235                   2.072498760927516
-0.41500000000000004      -0.235                   2.3884749399043415
-0.405                    -0.235                   2.7197178593928797
-0.395                    -0.235                   3.0720659507251895
-0.385                    -0.235                   3.450877078738131
-0.375                    -0.235                   3.8561758036623246
-0.365                    -0.235                   4.290989196786654
-0.355                    -0.235                   4.778200889019587
-0.345                    -0.235                   5.31089584103475
-0.33499999999999996      -0.235                   5.907781824546362
-0.32499999999999996      -0.235                   6.59154682326016
-0.31499999999999995      -0.235                   7.370723009648884
-0.30499999999999994      -0.235                   8.325029604255533
-0.29500000000000004      -0.235                   9.469602616851773
-0.28500000000000003      -0.235                   10.908985058592975
-0.275                    -0.235                   12.830663701225944
-0.265                    -0.235                   15.360818578940496
-0.255                    -0.235                   17.989335951495605
-0.245                    -0.235                   1.050408133878392
-0.235                    -0.235                   1.1091288697517712
-0.22499999999999998      -0.235                   1.0000640390270235
-0.21500000000000005      -0.235                   0.8957876217363605
-0.20500000000000004      -0.235                   0.801044887842238
-0.19500000000000003      -0.235                   0.7186027168982605
-0.18500000000000003      -0.235                   0.6468512895418144
-0.17500000000000002      -0.235                   0.5838067535553932
-0.165                    -0.235                   0.5277706020762594
-0.15500000000000003      -0.235                   0.47741280685130505
-0.14500000000000002      -0.235                   0.43170380510383666
-0.135                    -0.235                   0.38983777062054514
-0.125                    -0.235                   0.3511766770553777
-0.11499999999999999      -0.235                   0.315207662236503
-0.10499999999999998      -0.235                   0.2815114449382463
-0.09499999999999997      -0.235                   0.2497397128026364
-0.08499999999999999      -0.235                   0.21959815911912983
-0.07499999999999998      -0.235                   0.19083419241371757
-0.06499999999999997      -0.235                   0.1632274197586412
-0.054999999999999966     -0.235                   0.13658252579296004
-0.04499999999999996      -0.235                   0.1107236080167695
-0.03499999999999995      -0.235                   0.0854897013745699
-0.025000000000000022     -0.235                   0.060731154683196564
-0.015000000000000013     -0.235                   0.03630658910572038
-0.0050000000000000044    -0.235                   0.012080223334862694
0.0050000000000000044     -0.235                   -0.012080431060098817
0.015000000000000013      -0.235                   -0.03630679357189592
0.025000000000000022      -0.235                   -0.06073136707084359
0.03500000000000003       -0.235                   -0.0854899029027365
0.04500000000000004       -0.235                   -0.11072379916379305
0.05500000000000005       -0.235                   -0.13658271159243895
0.06499999999999995       -0.235                   -0.16322760315750884
0.07499999999999996       -0.235                   -0.19083436473823667
0.08499999999999996       -0.235                   -0.21959833924222494
0.09499999999999997       -0.235                   -0.24973989524016815
0.10499999999999998       -0.235                   -0.28151165197078853
0.11499999999999999       -0.235                   -0.3152078946854431
0.125                     -0.235                   -0.35117703596296224
0.135                     -0.235                   -0.3898384680780964
0.14500000000000002       -0.235                   -0.4317053024237225
0.15500000000000003       -0.235                   -0.4774159694680975
0.16500000000000004       -0.235                   -0.5277775238055824
0.17500000000000004       -0.235                   -0.5838246456772254
0.18500000000000005       -0.235                   -0.6468930361132266
0.19499999999999995       -0.235                   -0.7186812139032099
0.20499999999999996       -0.235                   -0.8012029219390797
0.21499999999999997       -0.235                   -0.8960440412400885
0.22499999999999998       -0.235                   -1.0007201930396263
0.235                     -0.235                   -1.087936047471544
0.245                     -0.235                   -1.0484334018089214
0.255                     -0.235                   -18.06372997811451
0.265                     -0.235                   -15.381908874689998
0.275                     -0.235                   -12.82673299027715
0.28500000000000003       -0.235                   -10.910088115671442
0.29500000000000004       -0.235                   -9.472810242168919
0.30500000000000005       -0.235                   -8.325203124135598
0.31499999999999995       -0.235                   -7.37082462705024
0.32499999999999996       -0.235                   -6.591620396715712
0.33499999999999996       -0.235                   -5.907798283680336
0.345                     -0.235                   -5.310966992345328
0.355                     -0.235                   -4.778260307202032
0.365                     -0.235                   -4.290870670220897
0.375                     -0.235                   -3.856164695909655
0.385                     -0.235                   -3.450872828976017
0.395                     -0.235                   -3.072177167472219
0.405                     -0.235                   -2.719590829227215
0.41500000000000004       -0.235                   -2.38844402753535
0.42500000000000004       -0.235                   -2.072509927599441
0.43500000000000005       -0.235                   -1.768846553307526
0.44499999999999995       -0.235                   -1.479804003366894
0.45499999999999996       -0.235                   -1.1985088044133505
0.46499999999999997       -0.235                   -0.9246342444677111
0.475                     -0.235                   -0.6566700796816463
0.485                     -0.235                   -0.3922610980968102
0.495                     -0.235                   -0.13055886419857643
-0.495                    -0.22499999999999998     0.13027694315698568
-0.485                    -0.22499999999999998     0.39141485771881435
-0.475                    -0.22499999999999998     0.6552567733225487
-0.46499999999999997      -0.22499999999999998     0.9226486654324049
-0.45499999999999996      -0.22499999999999998     1.195942300753977
-0.44499999999999995      -0.22499999999999998     1.4766345185304601
-0.43500000000000005      -0.22499999999999998     1.7649880591324063
-0.42500000000000004      -0.22499999999999998     2.0679920649457983
-0.41500000000000004      -0.22499999999999998     2.383084877855268
-0.405                    -0.22499999999999998     2.713399011429402
-0.395                    -0.22499999999999998     3.064504634939617
-0.385                    -0.22499999999999998     3.4416456036908016
-0.375                    -0.22499999999999998     3.8448635900400916
-0.365                    -0.22499999999999998     4.27660872617372
-0.355                    -0.22499999999999998     4.758918262472889
-0.345                    -0.22499999999999998     5.28439273724365
-0.33499999999999996      -0.22499999999999998     5.86976284238969
-0.32499999999999996      -0.22499999999999998     6.534362352394567
-0.31499999999999995      -0.22499999999999998     7.283041018640233
-0.30499999999999994      -0.22499999999999998     8.176241284294221
-0.29500000000000004      -0.22499999999999998     9.21068843595583
-0.28500000000000003      -0.22499999999999998     10.43567487868188
-0.275                    -0.22499999999999998     11.88326792007507
-0.265                    -0.22499999999999998     13.43346533723934
-0.255                    -0.22499999999999998     14.607714992516946
-0.245                    -0.22499999999999998     0.8047731159379339
-0.235                    -0.22499999999999998     0.8702566452547558
-0.22499999999999998      -0.22499999999999998     0.8369901833909807
-0.21500000000000005      -0.22499999999999998     0.7901640900306575
-0.20500000000000004      -0.22499999999999998     0.7268739056129259
-0.19500000000000003      -0.22499999999999998     0.6642730368732828
-0.18500000000000003      -0.22499999999999998     0.6066814259525017
-0.17500000000000002      -0.22499999999999998     0.553001950988687
-0.165                    -0.22499999999999998     0.5035074872832297
-0.15500000000000003      -0.22499999999999998     0.45793204587755554
-0.14500000000000002      -0.22499999999999998     0.41582471841508095
-0.135                    -0.22499999999999998     0.37674593446001836
-0.125                    -0.22499999999999998     0.34029053730102987
-0.11499999999999999      -0.22499999999999998     0.3061016561538281
-0.10499999999999998      -0.22499999999999998     0.2738682053009711
-0.09499999999999997      -0.22499999999999998     0.24331846689045733
-0.08499999999999999      -0.22499999999999998     0.21421406665911036
-0.07499999999999998      -0.22499999999999998     0.18634405318329073
-0.06499999999999997      -0.22499999999999998     0.1595198126767059
-0.054999999999999966     -0.22499999999999998     0.1335707658362253
-0.04499999999999996      -0.22499999999999998     0.10834074516719738
-0.03499999999999995      -0.22499999999999998     0.08368493529189891
-0.025000000000000022     -0.22499999999999998     0.05946726392454593
-0.015000000000000013     -0.22499999999999998     0.035558131089260314
-0.0050000000000000044    -0.22499999999999998     0.011832386610137746
0.0050000000000000044     -0.22499999999999998     -0.011832513006311274
0.015000000000000013      -0.22499999999999998     -0.03555825388974654
0.025000000000000022      -0.22499999999999998     -0.05946737953860293
0.03500000000000003       -0.22499999999999998     -0.08368503656811299
0.04500000000000004       -0.22499999999999998     -0.10834082654582744
0.05500000000000005       -0.22499999999999998     -0.13357082399932096
0.06499999999999995       -0.22499999999999998     -0.1595198431655831
0.07499999999999996       -0.22499999999999998     -0.1863440504490086
0.08499999999999996       -0.22499999999999998     -0.2142140280317335
0.09499999999999997       -0.22499999999999998     -0.24331839331978244
0.10499999999999998       -0.22499999999999998     -0.2738681126128313
0.11499999999999999       -0.22499999999999998     -0.30610155742323286
0.125                     -0.22499999999999998     -0.34029025444993977
0.135                     -0.22499999999999998     -0.3767455886911648
0.14500000000000002       -0.22499999999999998     -0.4158248285921218
0.15500000000000003       -0.22499999999999998     -0.457934228927968
0.16500000000000004       -0.22499999999999998     -0.5035188186169535
0.17500000000000004       -0.22499999999999998     -0.5530293586323296
0.18500000000000005       -0.22499999999999998     -0.6068642370921111
0.19499999999999995       -0.22499999999999998     -0.6651664719910286
0.20499999999999996       -0.22499999999999998     -0.7270112017072279
0.21499999999999997       -0.22499999999999998     -0.78832258732578
0.22499999999999998       -0.22499999999999998     -0.8456272472374167
0.235                     -0.22499999999999998     -0.8685235554513646
0.245                     -0.22499999999999998     -0.8035110915388373
0.255                     -0.22499999999999998     -14.618771777035931
0.265                     -0.22499999999999998     -13.442635063887735
0.275                     -0.22499999999999998     -11.873346808614624
0.28500000000000003       -0.22499999999999998     -10.438922712736598
0.29500000000000004       -0.22499999999999998     -9.216273480787606
0.30500000000000005       -0.22499999999999998     -8.176419755571786
0.31499999999999995       -0.22499999999999998     -7.283141668583141
0.32499999999999996       -0.22499999999999998     -6.53442587553252
0.33499999999999996       -0.22499999999999998     -5.86979890736734
0.345                     -0.22499999999999998     -5.284435314093194
0.355                     -0.22499999999999998     -4.758972564899437
0.365                     -0.22499999999999998     -4.27655773895259
0.375                     -0.22499999999999998     -3.844862348035889
0.385                     -0.22499999999999998     -3.441948122871665
0.395                     -0.22499999999999998     -3.064815605804746
0.405                     -0.22499999999999998     -2.7134428080118127
0.41500000000000004       -0.22499999999999998     -2.3831959156608775
0.42500000000000004       -0.22499999999999998     -2.067995384753459
0.43500000000000005       -0.22499999999999998     -1.7650301284547254
0.44499999999999995       -0.22499999999999998     -1.476632773920528
0.45499999999999996       -0.22499999999999998     -1.1959406107086252
0.46499999999999997       -0.22499999999999998     -0.9226491379698984
0.475                     -0.22499999999999998     -0.6552568190186321
0.485                     -0.22499999999999998     -0.3914148927375436
0.495                     -0.22499999999999998     -0.13027695042686105
-0.495                    -0.21500000000000005     0.12922562896011414
-0.485                    -0.21500000000000005     0.3882499043747316
-0.475                    -0.21500000000000005     0.6499259380097442
-0.46499999999999997      -0.21500000000000005     0.9150809008019962
-0.45499999999999996      -0.21500000000000005     1.1860131575820247
-0.44499999999999995      -0.21500000000000005     1.46417622553966
-0.43500000000000005      -0.21500000000000005     1.749818846627079
-0.42500000000000004      -0.21500000000000005     2.049691832003191
-0.41500000000000004      -0.21500000000000005     2.3611859600037803
-0.405                    -0.21500000000000005     2.6874499986227143
-0.395                    -0.21500000000000005     3.033605758018062
-0.385                    -0.21500000000000005     3.4045222087947735
-0.375                    -0.21500000000000005     3.800274046329122
-0.365                    -0.21500000000000005     4.2223282785114975
-0.355                    -0.21500000000000005     4.690736475604467
-0.345                    -0.21500000000000005     5.1978075633463945
-0.33499999999999996      -0.21500000000000005     5.757052114065516
-0.32499999999999996      -0.21500000000000005     6.382662615599202
-0.31499999999999995      -0.21500000000000005     7.075074409040042
-0.30499999999999994      -0.21500000000000005     7.8717137846035
-0.29500000000000004      -0.21500000000000005     8.755512804201032
-0.28500000000000003      -0.21500000000000005     9.733248142652883
-0.275                    -0.21500000000000005     10.780192216607288
-0.265                    -0.21500000000000005     11.742230804501332
-0.255                    -0.21500000000000005     12.372802789029436
-0.245                    -0.21500000000000005     0.663898526986415
-0.235                    -0.21500000000000005     0.7144084948628802
-0.22499999999999998      -0.21500000000000005     0.7150928753426342
-0.21500000000000005      -0.21500000000000005     0.6904441748610957
-0.20500000000000004      -0.21500000000000005     0.6521340521762795
-0.19500000000000003      -0.21500000000000005     0.6078316645950395
-0.18500000000000003      -0.21500000000000005     0.5619659271324053
-0.17500000000000002      -0.21500000000000005     0.5172784919453193
-0.165                    -0.21500000000000005     0.4746773801781785
-0.15500000000000003      -0.21500000000000005     0.4343772612725445
-0.14500000000000002      -0.21500000000000005     0.3963859541526915
-0.135                    -0.21500000000000005     0.36056443053828957
-0.125                    -0.21500000000000005     0.3267304356064926
-0.11499999999999999      -0.21500000000000005     0.2946858935348189
-0.10499999999999998      -0.21500000000000005     0.26423374841141367
-0.09499999999999997      -0.21500000000000005     0.23518621612188895
-0.08499999999999999      -0.21500000000000005     0.2073674589096015
-0.07499999999999998      -0.21500000000000005     0.1806139951340242
-0.06499999999999997      -0.21500000000000005     0.15477391580219546
-0.054999999999999966     -0.21500000000000005     0.1297055684780446
-0.04499999999999996      -0.21500000000000005     0.1052760649112372
-0.03499999999999995      -0.21500000000000005     0.08135976620917518
-0.025000000000000022     -0.21500000000000005     0.05783682010863345
-0.015000000000000013     -0.21500000000000005     0.03459177200511476
-0.0050000000000000044    -0.21500000000000005     0.011512248536064362
0.0050000000000000044     -0.21500000000000005     -0.011512299123722869
0.015000000000000013      -0.21500000000000005     -0.03459181572725356
0.025000000000000022      -0.21500000000000005     -0.05783684963657265
0.03500000000000003       -0.21500000000000005     -0.08135977310669773
0.04500000000000004       -0.21500000000000005     -0.10527604062480123
0.05500000000000005       -0.21500000000000005     -0.1297055044729234
0.06499999999999995       -0.21500000000000005     -0.15477380253625483
0.07499999999999996       -0.21500000000000005     -0.1806138216339832
0.08499999999999996       -0.21500000000000005     -0.20736721181216922
0.09499999999999997       -0.21500000000000005     -0.23518587770615795
0.10499999999999998       -0.21500000000000005     -0.2642332842861208
0.11499999999999999       -0.21500000000000005     -0.2946852372155604
0.125                     -0.21500000000000005     -0.3267293753940521
0.135                     -0.21500000000000005     -0.3605622288594361
0.14500000000000002       -0.21500000000000005     -0.396381583266475
0.15500000000000003       -0.21500000000000005     -0.4343691039564703
0.16500000000000004       -0.21500000000000005     -0.4746558431826031
0.17500000000000004       -0.21500000000000005     -0.5172410014729678
0.18500000000000005       -0.21500000000000005     -0.561828516728383
0.19499999999999995       -0.21500000000000005     -0.6074833757808165
0.20499999999999996       -0.21500000000000005     -0.651872221608869
0.21499999999999997       -0.21500000000000005     -0.6909687193018783
0.22499999999999998       -0.21500000000000005     -0.7172431076508019
0.235                     -0.21500000000000005     -0.713702463363802
0.245                     -0.21500000000000005     -0.663596254236694
0.255                     -0.21500000000000005     -12.379852749516829
0.265                     -0.21500000000000005     -11.749007611038337
0.275                     -0.21500000000000005     -10.77817094128892
0.28500000000000003       -0.21500000000000005     -9.73950881748382
0.29500000000000004       -0.21500000000000005     -8.760555737587026
0.30500000000000005       -0.21500000000000005     -7.871878307454523
0.31499999999999995       -0.21500000000000005     -7.0751551700947175
0.32499999999999996       -0.21500000000000005     -6.382712926696854
0.33499999999999996       -0.21500000000000005     -5.757096822819818
0.345                     -0.21500000000000005     -5.197827450148054
0.355                     -0.21500000000000005     -4.690772470223692
0.365                     -0.21500000000000005     -4.222270844691479
0.375                     -0.21500000000000005     -3.8001809257491175
0.385                     -0.21500000000000005     -3.4051365298443272
0.395                     -0.21500000000000005     -3.034124968969195
0.405                     -0.21500000000000005     -2.6876535526828382
0.41500000000000004       -0.21500000000000005     -2.361422876144424
0.42500000000000004       -0.21500000000000005     -2.049673225801712
0.43500000000000005       -0.21500000000000005     -1.7498428305190714
0.44499999999999995       -0.21500000000000005     -1.4641724662487832
0.45499999999999996       -0.21500000000000005     -1.1860111031972664
0.46499999999999997       -0.21500000000000005     -0.9150816904254668
0.475                     -0.21500000000000005     -0.6499260928392232
0.485                     -0.21500000000000005     -0.3882499892931719
0.495                     -0.21500000000000005     -0.1292256536990095
-0.495                    -0.20500000000000004     0.1274193616319792
-0.485                    -0.20500000000000004     0.3828103833555474
-0.475                    -0.20500000000000004     0.6407555350740495
-0.46499999999999997      -0.20500000000000004     0.902047903319442
-0.45499999999999996      -0.20500000000000004     1.1688891268507078
-0.44499999999999995      -0.20500000000000004     1.4426572111866847
-0.43500000000000005      -0.20500000000000004     1.7235467507322255
-0.42500000000000004      -0.20500000000000004     2.017976821536081
-0.41500000000000004      -0.20500000000000004     2.32336067580718
-0.405                    -0.20500000000000004     2.6426762171347313
-0.395                    -0.20500000000000004     2.9804964324161034
-0.385                    -0.20500000000000004     3.3411241249348365
-0.375                    -0.20500000000000004     3.7245357338219947
-0.365                    -0.20500000000000004     4.13128119433253
-0.355                    -0.20500000000000004     4.578602117814398
-0.345                    -0.20500000000000004     5.058695767492765
-0.33499999999999996      -0.20500000000000004     5.5814528095194476
-0.32499999999999996      -0.20500000000000004     6.155670489649367
-0.31499999999999995      -0.20500000000000004     6.778165145841228
-0.30499999999999994      -0.20500000000000004     7.466896698141198
-0.29500000000000004      -0.20500000000000004     8.198541715249178
-0.28500000000000003      -0.20500000000000004     8.965774311017356
-0.275                    -0.20500000000000004     9.714082842807443
-0.265                    -0.20500000000000004     10.34942700429832
-0.255                    -0.20500000000000004     10.738936666717706
-0.245                    -0.20500000000000004     0.5675502980650577
-0.235                    -0.20500000000000004     0.6059377646312782
-0.22499999999999998      -0.20500000000000004     0.614485001399089
-0.21500000000000005      -0.20500000000000004     0.6049329405413317
-0.20500000000000004      -0.20500000000000004     0.5815848474011318
-0.19500000000000003      -0.20500000000000004     0.5497546122524
-0.18500000000000003      -0.20500000000000004     0.5153439000068545
-0.17500000000000002      -0.20500000000000004     0.4795286662734668
-0.165                    -0.20500000000000004     0.4437452998153333
-0.15500000000000003      -0.20500000000000004     0.40880489389608954
-0.14500000000000002      -0.20500000000000004     0.3750562143402618
-0.135                    -0.20500000000000004     0.3426507336854314
-0.125                    -0.20500000000000004     0.31160868560052535
-0.11499999999999999      -0.20500000000000004     0.2818775900584356
-0.10499999999999998      -0.20500000000000004     0.25336879861276174
-0.09499999999999997      -0.20500000000000004     0.22597583165751445
-0.08499999999999999      -0.20500000000000004     0.19958491995634375
-0.07499999999999998      -0.20500000000000004     0.1740805972868742
-0.06499999999999997      -0.20500000000000004     0.14934866633743837
-0.054999999999999966     -0.20500000000000004     0.12527760112732977
-0.04499999999999996      -0.20500000000000004     0.10175903957252075
-0.03499999999999995      -0.20500000000000004     0.07868774261942235
-0.025000000000000022     -0.20500000000000004     0.05596125216278125
-0.015000000000000013     -0.20500000000000004     0.03347937983794935
-0.0050000000000000044    -0.20500000000000004     0.011143603452474338
0.0050000000000000044     -0.20500000000000004     -0.011143584532106843
0.015000000000000013      -0.20500000000000004     -0.03347935111423794
0.025000000000000022      -0.20500000000000004     -0.05596120341370181
0.03500000000000003       -0.20500000000000004     -0.07868766288714824
0.04500000000000004       -0.20500000000000004     -0.10175891700237116
0.05500000000000005       -0.20500000000000004     -0.12527742241826445
0.06499999999999995       -0.20500000000000004     -0.14934841539614752
0.07499999999999996       -0.20500000000000004     -0.17408025298931307
0.08499999999999996       -0.20500000000000004     -0.19958445954923576
0.09499999999999997       -0.20500000000000004     -0.2259752345756425
0.10499999999999998       -0.20500000000000004     -0.253368109060915
0.11499999999999999       -0.20500000000000004     -0.28187700598751064
0.125                     -0.20500000000000004     -0.31160864086179174
0.135                     -0.20500000000000004     -0.34265219777665834
0.14500000000000002       -0.20500000000000004     -0.37506121868656805
0.15500000000000003       -0.20500000000000004     -0.40882097655619987
0.16500000000000004       -0.20500000000000004     -0.4437893540484339
0.17500000000000004       -0.20500000000000004     -0.4796093871304805
0.18500000000000005       -0.20500000000000004     -0.5155487793746119
0.19499999999999995       -0.20500000000000004     -0.5502233519377593
0.20499999999999996       -0.20500000000000004     -0.5814147280955675
0.21499999999999997       -0.20500000000000004     -0.6050224141203842
0.22499999999999998       -0.20500000000000004     -0.6163201813524211
0.235                     -0.20500000000000004     -0.6055494203470744
0.245                     -0.20500000000000004     -0.5674570712073859
0.255                     -0.20500000000000004     -10.742528621589543
0.265                     -0.20500000000000004     -10.356630816904385
0.275                     -0.20500000000000004     -9.711150573077006
0.28500000000000003       -0.20500000000000004     -8.969785254966041
0.29500000000000004       -0.20500000000000004     -8.204997866949782
0.30500000000000005       -0.20500000000000004     -7.467003828126124
0.31499999999999995       -0.20500000000000004     -6.778221334268267
0.32499999999999996       -0.20500000000000004     -6.155709837325787
0.33499999999999996       -0.20500000000000004     -5.581496949488013
0.345                     -0.20500000000000004     -5.058702964106814
0.355                     -0.20500000000000004     -4.578647410883576
0.365                     -0.20500000000000004     -4.131162347871452
0.375                     -0.20500000000000004     -3.7243446254630044
0.385                     -0.20500000000000004     -3.3420147021726336
0.395                     -0.20500000000000004     -2.981213963476492
0.405                     -0.20500000000000004     -2.64302813229991
0.41500000000000004       -0.20500000000000004     -2.32373882441307
0.42500000000000004       -0.20500000000000004     -2.0179825187315714
0.43500000000000005       -0.20500000000000004     -1.7235745685359802
0.44499999999999995       -0.20500000000000004     -1.4426560904686312
0.45499999999999996       -0.20500000000000004     -1.1688869922109077
0.46499999999999997       -0.20500000000000004     -0.9020488751589824
0.475                     -0.20500000000000004     -0.6407557152008394
0.485                     -0.20500000000000004     -0.38281047964125037
0.495                     -0.20500000000000004     -0.12741939050894757
-0.495                    -0.19500000000000003     0.12488530666607289
-0.485                    -0.19500000000000003     0.37517907081218027
-0.475                    -0.19500000000000003     0.6278900516026624
-0.46499999999999997      -0.19500000000000003     0.883764168169165
-0.45499999999999996      -0.19500000000000003     1.1448702232783319
-0.44499999999999995      -0.19500000000000003     1.4124831300995595
-0.43500000000000005      -0.19500000000000003     1.6867765718214969
-0.42500000000000004      -0.19500000000000003     1.9736798112934366
-0.41500000000000004      -0.19500000000000003     2.270583492142549
-0.405                    -0.19500000000000003     2.580350665262827
-0.395                    -0.19500000000000003     2.906885031839124
-0.385                    -0.19500000000000003     3.253806233083509
-0.375                    -0.19500000000000003     3.62086931134516
-0.365                    -0.19500000000000003     4.007967696641515
-0.355                    -0.19500000000000003     4.429044310545123
-0.345                    -0.19500000000000003     4.876479858176282
-0.33499999999999996      -0.19500000000000003     5.356786354668685
-0.32499999999999996      -0.19500000000000003     5.874134847548589
-0.31499999999999995      -0.19500000000000003     6.423156697367801
-0.30499999999999994      -0.19500000000000003     7.0083622446588265
-0.29500000000000004      -0.19500000000000003     7.6084828659149935
-0.28500000000000003      -0.19500000000000003     8.206114192407881
-0.275                    -0.19500000000000003     8.758832146846544
-0.265                    -0.19500000000000003     9.20223763989992
-0.255                    -0.19500000000000003     9.461943773017879
-0.245                    -0.19500000000000003     0.4951226914754443
-0.235                    -0.19500000000000003     0.5246683506758814
-0.22499999999999998      -0.19500000000000003     0.5351005190717615
-0.21500000000000005      -0.19500000000000003     0.5325521129860533
-0.20500000000000004      -0.19500000000000003     0.518522289441762
-0.19500000000000003      -0.19500000000000003     0.49653897553471893
-0.18500000000000003      -0.19500000000000003     0.4709985878322982
-0.17500000000000002      -0.19500000000000003     0.442321653168392
-0.165                    -0.19500000000000003     0.4121970374716284
-0.15500000000000003      -0.19500000000000003     0.38212045719774324
-0.14500000000000002      -0.19500000000000003     0.3524294543670976
-0.135                    -0.19500000000000003     0.32342271002039524
-0.125                    -0.19500000000000003     0.29522753879200536
-0.11499999999999999      -0.19500000000000003     0.2678991028208202
-0.10499999999999998      -0.19500000000000003     0.2414385493667055
-0.09499999999999997      -0.19500000000000003     0.21581093577577803
-0.08499999999999999      -0.19500000000000003     0.19095934613130794
-0.07499999999999998      -0.19500000000000003     0.16681372462738864
-0.06499999999999997      -0.19500000000000003     0.14329646909925486
-0.054999999999999966     -0.19500000000000003     0.12032587502926617
-0.04499999999999996      -0.19500000000000003     0.09781825432315827
-0.03499999999999995      -0.19500000000000003     0.07568916592066444
-0.025000000000000022     -0.19500000000000003     0.05385408211458298
-0.015000000000000013     -0.19500000000000003     0.03222869080025248
-0.0050000000000000044    -0.19500000000000003     0.010728967952729818
0.0050000000000000044     -0.19500000000000003     -0.010728888565665784
0.015000000000000013      -0.19500000000000003     -0.03222859908447617
0.025000000000000022      -0.19500000000000003     -0.05385396540503962
0.03500000000000003       -0.19500000000000003     -0.07568901096902891
0.04500000000000004       -0.19500000000000003     -0.09781804719591491
0.05500000000000005       -0.19500000000000003     -0.12032560128369596
0.06499999999999995       -0.19500000000000003     -0.14329611434266099
0.07499999999999996       -0.19500000000000003     -0.16681327523241407
0.08499999999999996       -0.19500000000000003     -0.19095878188107918
0.09499999999999997       -0.19500000000000003     -0.21581019918977518
0.10499999999999998       -0.19500000000000003     -0.24143748409233012
0.11499999999999999       -0.19500000000000003     -0.26789730447546845
0.125                     -0.19500000000000003     -0.29522413551876525
0.135                     -0.19500000000000003     -0.32341657790885847
0.14500000000000002       -0.19500000000000003     -0.3524159677426155
0.15500000000000003       -0.19500000000000003     -0.3820725759039192
0.16500000000000004       -0.19500000000000003     -0.41209780306309085
0.17500000000000004       -0.19500000000000003     -0.44195197386858354
0.18500000000000005       -0.19500000000000003     -0.47099145312711244
0.19499999999999995       -0.19500000000000003     -0.49733099685991533
0.20499999999999996       -0.19500000000000003     -0.5182445481432865
0.21499999999999997       -0.19500000000000003     -0.5325792651623544
0.22499999999999998       -0.19500000000000003     -0.535176980615006
0.235                     -0.19500000000000003     -0.5244977501830306
0.245                     -0.19500000000000003     -0.4950791749021022
0.255                     -0.19500000000000003     -9.463767356194808
0.265                     -0.19500000000000003     -9.206179455802157
0.275                     -0.19500000000000003     -8.757291749485603
0.28500000000000003       -0.19500000000000003     -8.210383965847313
0.29500000000000004       -0.19500000000000003     -7.612404146467668
0.30500000000000005       -0.19500000000000003     -7.008443890621919
0.31499999999999995       -0.19500000000000003     -6.423191164333815
0.32499999999999996       -0.19500000000000003     -5.8741635060565045
0.33499999999999996       -0.19500000000000003     -5.356821739419331
0.345                     -0.19500000000000003     -4.876483464639286
0.355                     -0.19500000000000003     -4.429066925871808
0.365                     -0.19500000000000003     -4.0078958426794316
0.375                     -0.19500000000000003     -3.62077916439938
0.385                     -0.19500000000000003     -3.254882557879128
0.395                     -0.19500000000000003     -2.907771439839344
0.405                     -0.19500000000000003     -2.5808225692173075
0.41500000000000004       -0.19500000000000003     -2.2710682500877653
0.42500000000000004       -0.19500000000000003     -1.9736686045449119
0.43500000000000005       -0.19500000000000003     -1.6867823718014279
0.44499999999999995       -0.19500000000000003     -1.4124854466029149
0.45499999999999996       -0.19500000000000003     -1.1448680229950057
0.46499999999999997       -0.19500000000000003     -0.8837651806280178
0.475                     -0.19500000000000003     -0.6278901893400644
0.485                     -0.19500000000000003     -0.3751791396796307
0.495                     -0.19500000000000003     -0.12488532676754005
-0.495                    -0.18500000000000003     0.12166170866565551
-0.485                    -0.18500000000000003     0.3654722965669066
-0.475                    -0.18500000000000003     0.6115314520712332
-0.46499999999999997      -0.18500000000000003     0.8605277999578789
-0.45499999999999996      -0.18500000000000003     1.114369113402553
-0.44499999999999995      -0.18500000000000003     1.3742105064660564
-0.43500000000000005      -0.18500000000000003     1.6402133818028233
-0.42500000000000004      -0.18500000000000003     1.9176856677583487
-0.41500000000000004      -0.18500000000000003     2.204085767278883
-0.405                    -0.18500000000000003     2.5020988080162034
-0.395                    -0.18500000000000003     2.8149131354233887
-0.385                    -0.18500000000000003     3.1454072335563836
-0.375                    -0.18500000000000003     3.4932452458633634
-0.365                    -0.18500000000000003     3.857561256227541
-0.355                    -0.18500000000000003     4.249132403449607
-0.345                    -0.18500000000000003     4.66094954781957
-0.33499999999999996      -0.18500000000000003     5.096561800045578
-0.32499999999999996      -0.18500000000000003     5.556747248076931
-0.31499999999999995      -0.18500000000000003     6.035304241471351
-0.30499999999999994      -0.18500000000000003     6.528714334266439
-0.29500000000000004      -0.18500000000000003     7.018940922719025
-0.28500000000000003      -0.18500000000000003     7.4908290853032895
-0.275                    -0.18500000000000003     7.90769829805572
-0.265                    -0.18500000000000003     8.230924436623013
-0.255                    -0.18500000000000003     8.415562773511738
-0.245                    -0.18500000000000003     0.4373661795421242
-0.235                    -0.18500000000000003     0.46052865372320184
-0.22499999999999998      -0.18500000000000003     0.4706769343979431
-0.21500000000000005      -0.18500000000000003     0.47140926888945955
-0.20500000000000004      -0.18500000000000003     0.4629589160204546
-0.19500000000000003      -0.18500000000000003     0.44719853584410885
-0.18500000000000003      -0.18500000000000003     0.4279626122779945
-0.17500000000000002      -0.18500000000000003     0.40497840741019786
-0.165                    -0.18500000000000003     0.38039389924909983
-0.15500000000000003      -0.18500000000000003     0.35483456659028434
-0.14500000000000002      -0.18500000000000003     0.3289925111358798
-0.135                    -0.18500000000000003     0.30325601572758387
-0.125                    -0.18500000000000003     0.27786148190239146
-0.11499999999999999      -0.18500000000000003     0.25294543972125894
-0.10499999999999998      -0.18500000000000003     0.22857821084642183
-0.09499999999999997      -0.18500000000000003     0.20478285832155052
-0.08499999999999999      -0.18500000000000003     0.18155053510770358
-0.07499999999999998      -0.18500000000000003     0.15885101556324344
-0.06499999999999997      -0.18500000000000003     0.13663974738250317
-0.054999999999999966     -0.18500000000000003     0.1148627017258832
-0.04499999999999996      -0.18500000000000003     0.09345962715337919
-0.03499999999999995      -0.18500000000000003     0.0723662360305184
-0.025000000000000022     -0.18500000000000003     0.05151566520811457
-0.015000000000000013     -0.18500000000000003     0.03083945042163805
-0.0050000000000000044    -0.18500000000000003     0.01026817988986295
0.0050000000000000044     -0.18500000000000003     -0.010268053327024518
0.015000000000000013      -0.18500000000000003     -0.03083930937310697
0.025000000000000022      -0.18500000000000003     -0.05151549480711992
0.03500000000000003       -0.18500000000000003     -0.0723660206423915
0.04500000000000004       -0.18500000000000003     -0.09345934994769323
0.05500000000000005       -0.18500000000000003     -0.11486234420738128
0.06499999999999995       -0.18500000000000003     -0.13663928876673026
0.07499999999999996       -0.18500000000000003     -0.15885043214166217
0.08499999999999996       -0.18500000000000003     -0.1815497890554525
0.09499999999999997       -0.18500000000000003     -0.20478187124393799
0.10499999999999998       -0.18500000000000003     -0.22857689508327894
0.11499999999999999       -0.18500000000000003     -0.2529437115251767
0.125                     -0.18500000000000003     -0.2778593011242947
0.135                     -0.18500000000000003     -0.3032538861888838
0.14500000000000002       -0.18500000000000003     -0.32898866571156304
0.15500000000000003       -0.18500000000000003     -0.3548230960314527
0.16500000000000004       -0.18500000000000003     -0.3803785277643783
0.17500000000000004       -0.18500000000000003     -0.40508826791881525
0.18500000000000005       -0.18500000000000003     -0.4281530736582795
0.19499999999999995       -0.18500000000000003     -0.44753310375216415
0.20499999999999996       -0.18500000000000003     -0.46286120259125596
0.21499999999999997       -0.18500000000000003     -0.47141900802855474
0.22499999999999998       -0.18500000000000003     -0.4707257929995876
0.235                     -0.18500000000000003     -0.4604501949991118
0.245                     -0.18500000000000003     -0.43733738844520076
0.255                     -0.18500000000000003     -8.415800109379404
0.265                     -0.18500000000000003     -8.232696491786669
0.275                     -0.18500000000000003     -7.905812974686418
0.28500000000000003       -0.18500000000000003     -7.492191266154144
0.29500000000000004       -0.18500000000000003     -7.02251288486292
0.30500000000000005       -0.18500000000000003     -6.528762527855406
0.31499999999999995       -0.18500000000000003     -6.035321870719599
0.32499999999999996       -0.18500000000000003     -5.556764902921657
0.33499999999999996       -0.18500000000000003     -5.096584861507466
0.345                     -0.18500000000000003     -4.6609543227023735
0.355                     -0.18500000000000003     -4.24915576625375
0.365                     -0.18500000000000003     -3.8573917175872907
0.375                     -0.18500000000000003     -3.493079059904602
0.385                     -0.18500000000000003     -3.1466445828802136
0.395                     -0.18500000000000003     -2.8159412250061777
0.405                     -0.18500000000000003     -2.50265467909298
0.41500000000000004       -0.18500000000000003     -2.204657703475121
0.42500000000000004       -0.18500000000000003     -1.9176152787060516
0.43500000000000005       -0.18500000000000003     -1.6401721989625457
0.44499999999999995       -0.18500000000000003     -1.3742105193930172
0.45499999999999996       -0.18500000000000003     -1.114366759994823
0.46499999999999997       -0.18500000000000003     -0.8605286300769706
0.475                     -0.18500000000000003     -0.6115315261870933
0.485                     -0.18500000000000003     -0.3654723022185067
0.495                     -0.18500000000000003     -0.12166170800617238
-0.495                    -0.17500000000000002     0.11779580462919625
-0.485                    -0.17500000000000002     0.3538335498359402
-0.475                    -0.17500000000000002     0.5919278813763071
-0.46499999999999997      -0.17500000000000002     0.832703143236813
-0.45499999999999996      -0.17500000000000002     1.077886267917954
-0.44499999999999995      -0.17500000000000002     1.3285028613929342
-0.43500000000000005      -0.17500000000000002     1.5846511551259255
-0.42500000000000004      -0.17500000000000002     1.851037009345788
-0.41500000000000004      -0.17500000000000002     2.12530403490409
-0.405                    -0.17500000000000002     2.409760420110171
-0.395                    -0.17500000000000002     2.706948376218506
-0.385                    -0.17500000000000002     3.019056879547662
-0.375                    -0.17500000000000002     3.345607422432579
-0.365                    -0.17500000000000002     3.6852489134059283
-0.355                    -0.17500000000000002     4.045880503722458
-0.345                    -0.17500000000000002     4.421196961212907
-0.33499999999999996      -0.17500000000000002     4.812569832563071
-0.32499999999999996      -0.17500000000000002     5.218536082577998
-0.31499999999999995      -0.17500000000000002     5.633011750195379
-0.30499999999999994      -0.17500000000000002     6.048310597475165
-0.29500000000000004      -0.17500000000000002     6.451173143263134
-0.28500000000000003      -0.17500000000000002     6.827728882498292
-0.275                    -0.17500000000000002     7.150157391003901
-0.265                    -0.17500000000000002     7.394376376684249
-0.255                    -0.17500000000000002     7.531435284339352
-0.245                    -0.17500000000000002     0.38943717429739877
-0.235                    -0.17500000000000002     0.4079020680004817
-0.22499999999999998      -0.17500000000000002     0.4170748558470905
-0.21500000000000005      -0.17500000000000002     0.41923654241813324
-0.20500000000000004      -0.17500000000000002     0.4141363154434572
-0.19500000000000003      -0.17500000000000002     0.4033020905564797
-0.18500000000000003      -0.17500000000000002     0.38837592524436104
-0.17500000000000002      -0.17500000000000002     0.36982640100359276
-0.165                    -0.17500000000000002     0.3493490360998095
-0.15500000000000003      -0.17500000000000002     0.3277527132958653
-0.14500000000000002      -0.17500000000000002     0.30542151058151035
-0.135                    -0.17500000000000002     0.28275549084466434
-0.125                    -0.17500000000000002     0.26004160451796565
-0.11499999999999999      -0.17500000000000002     0.23747182888186558
-0.10499999999999998      -0.17500000000000002     0.21517581943282948
-0.09499999999999997      -0.17500000000000002     0.1932209750792424
-0.08499999999999999      -0.17500000000000002     0.17163664908366627
-0.07499999999999998      -0.17500000000000002     0.15042554260298857
-0.06499999999999997      -0.17500000000000002     0.12957151906030617
-0.054999999999999966     -0.17500000000000002     0.10904514525364561
-0.04499999999999996      -0.17500000000000002     0.0888075477813004
-0.03499999999999995      -0.17500000000000002     0.06881321638633153
-0.025000000000000022     -0.17500000000000002     0.049012034296254114
-0.015000000000000013     -0.17500000000000002     0.029350768413564765
-0.0050000000000000044    -0.17500000000000002     0.009774191634932095
0.0050000000000000044     -0.17500000000000002     -0.009774031603456024
0.015000000000000013      -0.17500000000000002     -0.0293505920367636
0.025000000000000022      -0.17500000000000002     -0.04901182473091126
0.03500000000000003       -0.17500000000000002     -0.06881295564781453
0.04500000000000004       -0.17500000000000002     -0.0888072162508422
0.05500000000000005       -0.17500000000000002     -0.10904472437005097
0.06499999999999995       -0.17500000000000002     -0.12957099207238798
0.07499999999999996       -0.17500000000000002     -0.1504249253763703
0.08499999999999996       -0.17500000000000002     -0.17163601803918027
0.09499999999999997       -0.17500000000000002     -0.19322036112805563
0.10499999999999998       -0.17500000000000002     -0.215174951804471
0.11499999999999999       -0.17500000000000002     -0.23746969022002418
0.125                     -0.17500000000000002     -0.26003778472278327
0.135                     -0.17500000000000002     -0.2827600163793136
0.14500000000000002       -0.17500000000000002     -0.30544771420002803
0.15500000000000003       -0.17500000000000002     -0.32781238765622334
0.16500000000000004       -0.17500000000000002     -0.3494382865989678
0.17500000000000004       -0.17500000000000002     -0.3698120430406959
0.18500000000000005       -0.17500000000000002     -0.38868450194809157
0.19499999999999995       -0.17500000000000002     -0.4030210902046747
0.20499999999999996       -0.17500000000000002     -0.4140777993193083
0.21499999999999997       -0.17500000000000002     -0.41925073515962197
0.22499999999999998       -0.17500000000000002     -0.4170936264835632
0.235                     -0.17500000000000002     -0.4078658281669334
0.245                     -0.17500000000000002     -0.38942728150391304
0.255                     -0.17500000000000002     -7.531788820057784
0.265                     -0.17500000000000002     -7.394836657179894
0.275                     -0.17500000000000002     -7.1483044452496
0.28500000000000003       -0.17500000000000002     -6.829082468841079
0.29500000000000004       -0.17500000000000002     -6.453942899446304
0.30500000000000005       -0.17500000000000002     -6.048337375908758
0.31499999999999995       -0.17500000000000002     -5.633016925892633
0.32499999999999996       -0.17500000000000002     -5.218543219530716
0.33499999999999996       -0.17500000000000002     -4.812581781277785
0.345                     -0.17500000000000002     -4.421200730263202
0.355                     -0.17500000000000002     -4.0459162641669195
0.365                     -0.17500000000000002     -3.685036544640923
0.375                     -0.17500000000000002     -3.3453751941736414
0.385                     -0.17500000000000002     -3.0203951416057606
0.395                     -0.17500000000000002     -2.708092337546823
0.405                     -0.17500000000000002     -2.4103726928566633
0.41500000000000004       -0.17500000000000002     -2.125943613573554
0.42500000000000004       -0.17500000000000002     -1.8510088710430068
0.43500000000000005       -0.17500000000000002     -1.5846173552374694
0.44499999999999995       -0.17500000000000002     -1.3284962117596137
0.45499999999999996       -0.17500000000000002     -1.0778837623815036
0.46499999999999997       -0.17500000000000002     -0.8327036085458133
0.475                     -0.17500000000000002     -0.5919278302461066
0.485                     -0.17500000000000002     -0.3538334595744459
0.495                     -0.17500000000000002     -0.11779577221751936
-0.495                    -0.165                   0.11334149601606214
-0.485                    -0.165                   0.3404263612184195
-0.475                    -0.165                   0.5693611249880632
-0.46499999999999997      -0.165                   0.80070186163627
-0.45499999999999996      -0.165                   1.0359834720391703
-0.44499999999999995      -0.165                   1.2760984246063174
-0.43500000000000005      -0.165                   1.5210961790443775
-0.42500000000000004      -0.165                   1.7750667849998933
-0.41500000000000004      -0.165                   2.0357836477946734
-0.405                    -0.165                   2.3052759898865762
-0.395                    -0.165                   2.5854439403387914
-0.385                    -0.165                   2.87787330522346
-0.375                    -0.165                   3.1821203159360607
-0.365                    -0.165                   3.496153681627959
-0.355                    -0.165                   3.825559582808779
-0.345                    -0.165                   4.165027512302878
-0.33499999999999996      -0.165                   4.514321990800781
-0.32499999999999996      -0.165                   4.870668110275119
-0.31499999999999995      -0.165                   5.228632544693426
-0.30499999999999994      -0.165                   5.5787839808213135
-0.29500000000000004      -0.165                   5.911729339808858
-0.28500000000000003      -0.165                   6.216041420808892
-0.275                    -0.165                   6.471523996059496
-0.265                    -0.165                   6.66081713273968
-0.255                    -0.165                   6.7659049910766385
-0.245                    -0.165                   0.3485137151035076
-0.235                    -0.165                   0.3634384338112113
-0.22499999999999998      -0.165                   0.3714675625648738
-0.21500000000000005      -0.165                   0.3741544767118512
-0.20500000000000004      -0.165                   0.37105995079876664
-0.19500000000000003      -0.165                   0.36316469715114863
-0.18500000000000003      -0.165                   0.35179410024159097
-0.17500000000000002      -0.165                   0.33681562791231556
-0.165                    -0.165                   0.3201733218957372
-0.15500000000000003      -0.165                   0.30173937203880996
-0.14500000000000002      -0.165                   0.28233120068523476
-0.135                    -0.165                   0.2623366488057286
-0.125                    -0.165                   0.2420542062621216
-0.11499999999999999      -0.165                   0.22170375400081
-0.10499999999999998      -0.165                   0.201410785594331
-0.09499999999999997      -0.165                   0.1812673073424227
-0.08499999999999999      -0.165                   0.16132896447700773
-0.07499999999999998      -0.165                   0.14162357401647885
-0.06499999999999997      -0.165                   0.12215795862301171
-0.054999999999999966     -0.165                   0.1029232761741623
-0.04499999999999996      -0.165                   0.0838991285367916
-0.03499999999999995      -0.165                   0.06505666848014302
-0.025000000000000022     -0.165                   0.046360967038502565
-0.015000000000000013     -0.165                   0.027772844197326396
-0.0050000000000000044    -0.165                   0.009250325184871677
0.0050000000000000044     -0.165                   -0.009250149038074529
0.015000000000000013      -0.165                   -0.027772650458310455
0.025000000000000022      -0.165                   -0.04636073775168015
0.03500000000000003       -0.165                   -0.06505638492946186
0.04500000000000004       -0.165                   -0.08389876897537896
0.05500000000000005       -0.165                   -0.10292280816708299
0.06499999999999995       -0.165                   -0.1221573336419346
0.07499999999999996       -0.165                   -0.14162272370455842
0.08499999999999996       -0.165                   -0.1613277873458705
0.09499999999999997       -0.165                   -0.18126585303057396
0.10499999999999998       -0.165                   -0.2014097613116288
0.11499999999999999       -0.165                   -0.2217040368631249
0.125                     -0.165                   -0.2420557290772578
0.135                     -0.165                   -0.262320748646939
0.14500000000000002       -0.165                   -0.28229635002328024
0.15500000000000003       -0.165                   -0.30170123305356356
0.16500000000000004       -0.165                   -0.3200919106836295
0.17500000000000004       -0.165                   -0.33669205436061844
0.18500000000000005       -0.165                   -0.3517003656669999
0.19499999999999995       -0.165                   -0.36320997874258865
0.20499999999999996       -0.165                   -0.3710248635665465
0.21499999999999997       -0.165                   -0.37416269622289633
0.22499999999999998       -0.165                   -0.3714745287111896
0.235                     -0.165                   -0.36342058735255023
0.245                     -0.165                   -0.3485068634393116
0.255                     -0.165                   -6.766530846339663
0.265                     -0.165                   -6.660993022287073
0.275                     -0.165                   -6.470501095696363
0.28500000000000003       -0.165                   -6.216382554874542
0.29500000000000004       -0.165                   -5.91312576807627
0.30500000000000005       -0.165                   -5.578792940976527
0.31499999999999995       -0.165                   -5.228628669688675
0.32499999999999996       -0.165                   -4.870666153376817
0.33499999999999996       -0.165                   -4.51432562643258
0.345                     -0.165                   -4.1650300901336195
0.355                     -0.165                   -3.8255687521092625
0.365                     -0.165                   -3.4957972584545587
0.375                     -0.165                   -3.181749767864943
0.385                     -0.165                   -2.879245791512801
0.395                     -0.165                   -2.586662008004012
0.405                     -0.165                   -2.305912183017888
0.41500000000000004       -0.165                   -2.0364313476291542
0.42500000000000004       -0.165                   -1.7750252601540524
0.43500000000000005       -0.165                   -1.5210795055370454
0.44499999999999995       -0.165                   -1.2760869073196375
0.45499999999999996       -0.165                   -1.035980684189738
0.46499999999999997       -0.165                   -0.8007019261922039
0.475                     -0.165                   -0.5693608175434974
0.485                     -0.165                   -0.3404261449965702
0.495                     -0.165                   -0.11334142194380092
-0.495                    -0.15500000000000003     0.10835695549918967
-0.485                    -0.15500000000000003     0.3254270024802395
-0.475                    -0.15500000000000003     0.5441337927577479
-0.46499999999999997      -0.15500000000000003     0.7649639346872164
-0.45499999999999996      -0.15500000000000003     0.9892572073546901
-0.44499999999999995      -0.15500000000000003     1.2177749229978758
-0.43500000000000005      -0.15500000000000003     1.4505489406529364
-0.42500000000000004      -0.15500000000000003     1.6910158074628043
-0.41500000000000004      -0.15500000000000003     1.9370799113465154
-0.405                    -0.15500000000000003     2.190583993713215
-0.395                    -0.15500000000000003     2.452794024641541
-0.385                    -0.15500000000000003     2.7248095947004174
-0.375                    -0.15500000000000003     3.006068891904391
-0.365                    -0.15500000000000003     3.294449065186143
-0.355                    -0.15500000000000003     3.5935165108164995
-0.345                    -0.15500000000000003     3.8987656708459966
-0.33499999999999996      -0.15500000000000003     4.209051034250621
-0.32499999999999996      -0.15500000000000003     4.520949285384972
-0.31499999999999995      -0.15500000000000003     4.829906088653615
-0.30499999999999994      -0.15500000000000003     5.1261205149836115
-0.29500000000000004      -0.15500000000000003     5.403125155288194
-0.28500000000000003      -0.15500000000000003     5.651880245944085
-0.275                    -0.15500000000000003     5.857707610942732
-0.265                    -0.15500000000000003     6.007861886549108
-0.255                    -0.15500000000000003     6.0910806032666756
-0.245                    -0.15500000000000003     0.3128030031988942
-0.235                    -0.15500000000000003     0.32500377942460545
-0.22499999999999998      -0.15500000000000003     0.33192449100516797
-0.21500000000000005      -0.15500000000000003     0.33468889690044534
-0.20500000000000004      -0.15500000000000003     0.3328073121030499
-0.19500000000000003      -0.15500000000000003     0.32695226526305987
-0.18500000000000003      -0.15500000000000003     0.3181209002444234
-0.17500000000000002      -0.15500000000000003     0.3059229892622426
-0.165                    -0.15500000000000003     0.2919367035093643
-0.15500000000000003      -0.15500000000000003     0.276485864492372
-0.14500000000000002      -0.15500000000000003     0.2595948197851925
-0.135                    -0.15500000000000003     0.24211288398183228
-0.125                    -0.15500000000000003     0.2241388237196702
-0.11499999999999999      -0.15500000000000003     0.2058818458128826
-0.10499999999999998      -0.15500000000000003     0.1875043322329759
-0.09499999999999997      -0.15500000000000003     0.16911850743679224
-0.08499999999999999      -0.15500000000000003     0.1507991957311674
-0.07499999999999998      -0.15500000000000003     0.13259287690249266
-0.06499999999999997      -0.15500000000000003     0.11452400713102406
-0.054999999999999966     -0.15500000000000003     0.09660042176827233
-0.04499999999999996      -0.15500000000000003     0.07881722232531274
-0.03499999999999995      -0.15500000000000003     0.0611599613699525
-0.025000000000000022     -0.15500000000000003     0.04360714532487009
-0.015000000000000013     -0.15500000000000003     0.02613225262297192
-0.0050000000000000044    -0.15500000000000003     0.008705399763385913
0.0050000000000000044     -0.15500000000000003     -0.0087052243394794
0.015000000000000013      -0.15500000000000003     -0.02613205863605117
0.025000000000000022      -0.15500000000000003     -0.043606914045483336
0.03500000000000003       -0.15500000000000003     -0.06115967486982754
0.04500000000000004       -0.15500000000000003     -0.07881686979925462
0.05500000000000005       -0.15500000000000003     -0.09660000455235718
0.06499999999999995       -0.15500000000000003     -0.11452356225254334
0.07499999999999996       -0.15500000000000003     -0.13259246868847185
0.08499999999999996       -0.15500000000000003     -0.1507989182683218
0.09499999999999997       -0.15500000000000003     -0.16911825193258778
0.10499999999999998       -0.15500000000000003     -0.1875037964145463
0.11499999999999999       -0.15500000000000003     -0.20588105063842477
0.125                     -0.15500000000000003     -0.2241388043832444
0.135                     -0.15500000000000003     -0.24212117138881695
0.14500000000000002       -0.15500000000000003     -0.2596160046194882
0.15500000000000003       -0.15500000000000003     -0.27633927514028755
0.16500000000000004       -0.15500000000000003     -0.29194434226785404
0.17500000000000004       -0.15500000000000003     -0.30586127627552173
0.18500000000000005       -0.15500000000000003     -0.31809128551222443
0.19499999999999995       -0.15500000000000003     -0.32696754693850494
0.20499999999999996       -0.15500000000000003     -0.3327874776060682
0.21499999999999997       -0.15500000000000003     -0.3346906862260113
0.22499999999999998       -0.15500000000000003     -0.33192575775956357
0.235                     -0.15500000000000003     -0.3249942961239469
0.245                     -0.15500000000000003     -0.3127987003116459
0.255                     -0.15500000000000003     -6.091457497085571
0.265                     -0.15500000000000003     -6.007909760623988
0.275                     -0.15500000000000003     -5.857281698651832
0.28500000000000003       -0.15500000000000003     -5.6525388408790604
0.29500000000000004       -0.15500000000000003     -5.404764365854476
0.30500000000000005       -0.15500000000000003     -5.12612097441081
0.31499999999999995       -0.15500000000000003     -4.829896099086341
0.32499999999999996       -0.15500000000000003     -4.520942899966656
0.33499999999999996       -0.15500000000000003     -4.209048155037465
0.345                     -0.15500000000000003     -3.8987643211242258
0.355                     -0.15500000000000003     -3.593525305614321
0.365                     -0.15500000000000003     -3.294165217769489
0.375                     -0.15500000000000003     -3.005772347790213
0.385                     -0.15500000000000003     -2.726175418689195
0.395                     -0.15500000000000003     -2.454041563450545
0.405                     -0.15500000000000003     -2.1912594991058167
0.41500000000000004       -0.15500000000000003     -1.9377790643806634
0.42500000000000004       -0.15500000000000003     -1.6909468084817547
0.43500000000000005       -0.15500000000000003     -1.4505102874429667
0.44499999999999995       -0.15500000000000003     -1.2177653584726897
0.45499999999999996       -0.15500000000000003     -0.9892539815661294
0.46499999999999997       -0.15500000000000003     -0.7649636738281345
0.475                     -0.15500000000000003     -0.5441331577259234
0.485                     -0.15500000000000003     -0.32542663489488177
0.495                     -0.15500000000000003     -0.10835683145241148
-0.495                    -0.14500000000000002     0.10290232587514936
-0.485                    -0.14500000000000002     0.30901748771185567
-0.475                    -0.14500000000000002     0.5165571809416747
-0.46499999999999997      -0.14500000000000002     0.7259398002963735
-0.45499999999999996      -0.14500000000000002     0.9383138087636738
-0.44499999999999995      -0.14500000000000002     1.154313923470255
-0.43500000000000005      -0.14500000000000002     1.373896942362137
-0.42500000000000004      -0.14500000000000002     1.5999543066465378
-0.41500000000000004      -0.14500000000000002     1.830701257499058
-0.405                    -0.14500000000000002     2.0675135925982344
-0.395                    -0.14500000000000002     2.3112352366256346
-0.385                    -0.14500000000000002     2.5625593434581475
-0.375                    -0.14500000000000002     2.820926186603401
-0.365                    -0.14500000000000002     3.084109318881133
-0.355                    -0.14500000000000002     3.3540933851045054
-0.345                    -0.14500000000000002     3.6273004479673574
-0.33499999999999996      -0.14500000000000002     3.9019938988762704
-0.32499999999999996      -0.14500000000000002     4.174556194932848
-0.31499999999999995      -0.14500000000000002     4.441330744574003
-0.30499999999999994      -0.14500000000000002     4.692883804593762
-0.29500000000000004      -0.14500000000000002     4.925037377560216
-0.28500000000000003      -0.14500000000000002     5.131306019399631
-0.275                    -0.14500000000000002     5.298062818876019
-0.265                    -0.14500000000000002     5.4205671121123515
-0.255                    -0.14500000000000002     5.487230651664333
-0.245                    -0.14500000000000002     0.28110490083869877
-0.235                    -0.14500000000000002     0.29116778142957855
-0.22499999999999998      -0.14500000000000002     0.2970859237038326
-0.21500000000000005      -0.14500000000000002     0.2997101930268826
-0.20500000000000004      -0.14500000000000002     0.29856746947587
-0.19500000000000003      -0.14500000000000002     0.2941301575819466
-0.18500000000000003      -0.14500000000000002     0.28716312216829465
-0.17500000000000002      -0.14500000000000002     0.2771391356198336
-0.165                    -0.14500000000000002     0.26543076641784324
-0.15500000000000003      -0.14500000000000002     0.2522698547936102
-0.14500000000000002      -0.14500000000000002     0.23772427651988437
-0.135                    -0.14500000000000002     0.22246451959694014
-0.125                    -0.14500000000000002     0.20656969653305168
-0.11499999999999999      -0.14500000000000002     0.19022578430360682
-0.10499999999999998      -0.14500000000000002     0.17359851231128687
-0.09499999999999997      -0.14500000000000002     0.1569026495881758
-0.08499999999999999      -0.14500000000000002     0.14016164740576187
-0.07499999999999998      -0.14500000000000002     0.12343368949336764
-0.06499999999999997      -0.14500000000000002     0.10675606295632178
-0.054999999999999966     -0.14500000000000002     0.09014921029000789
-0.04499999999999996      -0.14500000000000002     0.07362083402506414
-0.03499999999999995      -0.14500000000000002     0.05716868230808814
-0.025000000000000022     -0.14500000000000002     0.04078294951193584
-0.015000000000000013     -0.14500000000000002     0.024448344049801563
-0.0050000000000000044    -0.14500000000000002     0.008145852193820247
0.0050000000000000044     -0.14500000000000002     -0.008145693859603398
0.015000000000000013      -0.14500000000000002     -0.02444816681128259
0.025000000000000022      -0.14500000000000002     -0.04078273295709778
0.03500000000000003       -0.14500000000000002     -0.057168394996665484
0.04500000000000004       -0.14500000000000002     -0.07362040958332727
0.05500000000000005       -0.14500000000000002     -0.09014851563586035
0.06499999999999995       -0.14500000000000002     -0.10675489153254603
0.07499999999999996       -0.14500000000000002     -0.12343149852523538
0.08499999999999996       -0.14500000000000002     -0.14015785510918022
0.09499999999999997       -0.14500000000000002     -0.156897314019659
0.10499999999999998       -0.14500000000000002     -0.17359207901694163
0.11499999999999999       -0.14500000000000002     -0.1901787008877136
0.125                     -0.14500000000000002     -0.20642813233223478
0.135                     -0.14500000000000002     -0.22227138295983195
0.14500000000000002       -0.14500000000000002     -0.2376838583297598
0.15500000000000003       -0.14500000000000002     -0.2522721071374434
0.16500000000000004       -0.14500000000000002     -0.2654687657579018
0.17500000000000004       -0.14500000000000002     -0.2771163200215767
0.18500000000000005       -0.14500000000000002     -0.2871585045195957
0.19499999999999995       -0.14500000000000002     -0.29413396398436475
0.20499999999999996       -0.14500000000000002     -0.29855577126487276
0.21499999999999997       -0.14500000000000002     -0.2997084425393126
0.22499999999999998       -0.14500000000000002     -0.297084329803738
0.235                     -0.14500000000000002     -0.2911622694534799
0.245                     -0.14500000000000002     -0.2811022149807627
0.255                     -0.14500000000000002     -5.487537252562959
0.265                     -0.14500000000000002     -5.420141081716224
0.275                     -0.14500000000000002     -5.29820373523944
0.28500000000000003       -0.14500000000000002     -5.131584991708564
0.29500000000000004       -0.14500000000000002     -4.926435050991245
0.30500000000000005       -0.14500000000000002     -4.692875062590275
0.31499999999999995       -0.14500000000000002     -4.441316328261848
0.32499999999999996       -0.14500000000000002     -4.1745454419368
0.33499999999999996       -0.14500000000000002     -3.901986555567987
0.345                     -0.14500000000000002     -3.627295149696991
0.355                     -0.14500000000000002     -3.354098898696776
0.365                     -0.14500000000000002     -3.0838121539272265
0.375                     -0.14500000000000002     -2.820655204061012
0.385                     -0.14500000000000002     -2.5638879690929173
0.395                     -0.14500000000000002     -2.312469556114422
0.405                     -0.14500000000000002     -2.0682189289080135
0.41500000000000004       -0.14500000000000002     -1.8314286538414208
0.42500000000000004       -0.14500000000000002     -1.600014514127082
0.43500000000000005       -0.14500000000000002     -1.37391706568161
0.44499999999999995       -0.14500000000000002     -1.1543072868705906
0.45499999999999996       -0.14500000000000002     -0.9383100377336291
0.46499999999999997       -0.14500000000000002     -0.7259392184730302
0.475                     -0.14500000000000002     -0.5165562426215615
0.485                     -0.14500000000000002     -0.3090169497508555
0.495                     -0.14500000000000002     -0.10290214555223542
-0.495                    -0.135                   0.0970376365626322
-0.485                    -0.135                   0.2913792566838822
-0.475                    -0.135                   0.4869403666843368
-0.46499999999999997      -0.135                   0.6840745889561219
-0.45499999999999996      -0.135                   0.8837482284864677
-0.44499999999999995      -0.135                   1.086479711056512
-0.43500000000000005      -0.135                   1.2922212345604294
-0.42500000000000004      -0.135                   1.5033033264457174
-0.41500000000000004      -0.135                   1.718059589482607
-0.405                    -0.135                   1.9377565283613767
-0.395                    -0.135                   2.162770418210755
-0.385                    -0.135                   2.3934744088845576
-0.375                    -0.135                   2.629421133119962
-0.365                    -0.135                   2.868218592797689
-0.355                    -0.135                   3.11070777329536
-0.345                    -0.135                   3.3542599808564617
-0.33499999999999996      -0.135                   3.5967737864819185
-0.32499999999999996      -0.135                   3.8347106889057727
-0.31499999999999995      -0.135                   4.065236826418413
-0.30499999999999994      -0.135                   4.279632233496727
-0.29500000000000004      -0.135                   4.47555224853852
-0.28500000000000003      -0.135                   4.647652811446164
-0.275                    -0.135                   4.785809090655766
-0.265                    -0.135                   4.88570381268687
-0.255                    -0.135                   4.940198469493282
-0.245                    -0.135                   0.2525746706264158
-0.235                    -0.135                   0.2609299936469256
-0.22499999999999998      -0.135                   0.2659682433089188
-0.21500000000000005      -0.135                   0.2683552404508731
-0.20500000000000004      -0.135                   0.26766181864673655
-0.19500000000000003      -0.135                   0.2642260069929705
-0.18500000000000003      -0.135                   0.2586449180043928
-0.17500000000000002      -0.135                   0.2503368469211722
-0.165                    -0.135                   0.2404995720259535
-0.15500000000000003      -0.135                   0.2292596548199981
-0.14500000000000002      -0.135                   0.2167239994157626
-0.135                    -0.135                   0.20331181138344046
-0.125                    -0.135                   0.1892627838935539
-0.11499999999999999      -0.135                   0.17472120711687467
-0.10499999999999998      -0.135                   0.15982849125720122
-0.09499999999999997      -0.135                   0.14472398060615888
-0.08499999999999999      -0.135                   0.1294935284927874
-0.07499999999999998      -0.135                   0.11420081543036531
-0.06499999999999997      -0.135                   0.09889078766696002
-0.054999999999999966     -0.135                   0.08359278888269728
-0.04499999999999996      -0.135                   0.0683236339205564
-0.03499999999999995      -0.135                   0.05309025790421629
-0.025000000000000022     -0.135                   0.037892005421099384
-0.015000000000000013     -0.135                   0.02272263300648092
-0.0050000000000000044    -0.135                   0.007572074755898939
0.0050000000000000044     -0.135                   -0.007571962390841236
0.015000000000000013      -0.135                   -0.0227225019866637
0.025000000000000022      -0.135                   -0.03789183014077935
0.03500000000000003       -0.135                   -0.05308999848585927
0.04500000000000004       -0.135                   -0.0683232271730958
0.05500000000000005       -0.135                   -0.0835921427451467
0.06499999999999995       -0.135                   -0.09888975254204979
0.07499999999999996       -0.135                   -0.11419923019047928
0.08499999999999996       -0.135                   -0.1294910528232549
0.09499999999999997       -0.135                   -0.144720281016248
0.10499999999999998       -0.135                   -0.15982145919491586
0.11499999999999999       -0.135                   -0.17470948812638198
0.125                     -0.135                   -0.1892639930547091
0.135                     -0.135                   -0.2033564509488186
0.14500000000000002       -0.135                   -0.21653720933517207
0.15500000000000003       -0.135                   -0.2292505287808808
0.16500000000000004       -0.135                   -0.24051650306571304
0.17500000000000004       -0.135                   -0.2503237324901164
0.18500000000000005       -0.135                   -0.2586426628105869
0.19499999999999995       -0.135                   -0.26422630958040827
0.20499999999999996       -0.135                   -0.2676539721974578
0.21499999999999997       -0.135                   -0.2683527754639954
0.22499999999999998       -0.135                   -0.26596536383857483
0.235                     -0.135                   -0.26092614048388896
0.245                     -0.135                   -0.2525720282235824
0.255                     -0.135                   -4.940430799343602
0.265                     -0.135                   -4.88548319722554
0.275                     -0.135                   -4.7854833713559515
0.28500000000000003       -0.135                   -4.647763659239047
0.29500000000000004       -0.135                   -4.476484137858847
0.30500000000000005       -0.135                   -4.279621291710043
0.31499999999999995       -0.135                   -4.065219226393026
0.32499999999999996       -0.135                   -3.834696517695761
0.33499999999999996       -0.135                   -3.5967626922377463
0.345                     -0.135                   -3.3542507290257433
0.355                     -0.135                   -3.110707571600102
0.365                     -0.135                   -2.867889417243248
0.375                     -0.135                   -2.629108991346925
0.385                     -0.135                   -2.3947516863910465
0.395                     -0.135                   -2.1639673009836784
0.405                     -0.135                   -1.9384831656137465
0.41500000000000004       -0.135                   -1.7188105062402244
0.42500000000000004       -0.135                   -1.5032724051140178
0.43500000000000005       -0.135                   -1.2921988706829666
0.44499999999999995       -0.135                   -1.0864705861037294
0.45499999999999996       -0.135                   -0.8837438796303516
0.46499999999999997       -0.135                   -0.6840735152466522
0.475                     -0.135                   -0.4869392066177056
0.485                     -0.135                   -0.2913785353546814
0.495                     -0.135                   -0.09703739564824332
-0.495                    -0.125                   0.09082102519606394
-0.485                    -0.125                   0.2726878014946692
-0.475                    -0.125                   0.4555813825186874
-0.46499999999999997      -0.125                   0.6397948013386099
-0.45499999999999996      -0.125                   0.8261266347546865
-0.44499999999999995      -0.125                   1.0149903249566705
-0.43500000000000005      -0.125                   1.20634273278921
-0.42500000000000004      -0.125                   1.4019931617606574
-0.41500000000000004      -0.125                   1.6004344850177006
-0.405                    -0.125                   1.8028162446844989
-0.395                    -0.125                   2.009134829577775
-0.385                    -0.125                   2.2195473367609253
-0.375                    -0.125                   2.4335097245309214
-0.365                    -0.125                   2.64902870376244
-0.355                    -0.125                   2.8659298929935915
-0.345                    -0.125                   3.0822265346077984
-0.33499999999999996      -0.125                   3.2957662582209224
-0.32499999999999996      -0.125                   3.503251884287579
-0.31499999999999995      -0.125                   3.7025504058043737
-0.30499999999999994      -0.125                   3.885792068065328
-0.29500000000000004      -0.125                   4.051971597588135
-0.28500000000000003      -0.125                   4.196354810399953
-0.275                    -0.125                   4.311026423825979
-0.265                    -0.125                   4.394516214657159
-0.255                    -0.125                   4.439383424976626
-0.245                    -0.125                   0.22659301841332535
-0.235                    -0.125                   0.23356447859652008
-0.22499999999999998      -0.125                   0.23784099722774954
-0.21500000000000005      -0.125                   0.2399567909461382
-0.20500000000000004      -0.125                   0.23953375706145152
-0.19500000000000003      -0.125                   0.23681877324216316
-0.18500000000000003      -0.125                   0.2322813344668475
-0.17500000000000002      -0.125                   0.22534413537727005
-0.165                    -0.125                   0.21703741421547917
-0.15500000000000003      -0.125                   0.20742505074349538
-0.14500000000000002      -0.125                   0.1965666424775918
-0.135                    -0.125                   0.18489548476856044
-0.125                    -0.125                   0.17247628866289233
-0.11499999999999999      -0.125                   0.15951935852445587
-0.10499999999999998      -0.125                   0.14622543339669392
-0.09499999999999997      -0.125                   0.13265069150675401
-0.08499999999999999      -0.125                   0.11888032676522897
-0.07499999999999998      -0.125                   0.10498711041994824
-0.06499999999999997      -0.125                   0.09102062962249136
-0.054999999999999966     -0.125                   0.07701691910614272
-0.04499999999999996      -0.125                   0.06300031283760177
-0.03499999999999995      -0.125                   0.04898527728440172
-0.025000000000000022     -0.125                   0.03497879083387545
-0.015000000000000013     -0.125                   0.02098225289550726
-0.0050000000000000044    -0.125                   0.0069932007908732885
0.0050000000000000044     -0.125                   -0.0069931064462736
0.015000000000000013      -0.125                   -0.020982175223110744
0.025000000000000022      -0.125                   -0.034978793014516896
0.03500000000000003       -0.125                   -0.04898548044521789
0.04500000000000004       -0.125                   -0.06300082018897513
0.05500000000000005       -0.125                   -0.07701802338475972
0.06499999999999995       -0.125                   -0.09102306358629164
0.07499999999999996       -0.125                   -0.10499206402876382
0.08499999999999996       -0.125                   -0.11888987308434196
0.09499999999999997       -0.125                   -0.13266452311080457
0.10499999999999998       -0.125                   -0.1462500647814533
0.11499999999999999       -0.125                   -0.1595550686855738
0.125                     -0.125                   -0.1724877373771676
0.135                     -0.125                   -0.18485747577605594
0.14500000000000002       -0.125                   -0.1963961166276249
0.15500000000000003       -0.125                   -0.20741116598597387
0.16500000000000004       -0.125                   -0.21704519501429687
0.17500000000000004       -0.125                   -0.2253366368291836
0.18500000000000005       -0.125                   -0.2322787252684293
0.19499999999999995       -0.125                   -0.2368163637385976
0.20499999999999996       -0.125                   -0.23952834441909943
0.21499999999999997       -0.125                   -0.2399539287832937
0.22499999999999998       -0.125                   -0.2378380302743608
0.235                     -0.125                   -0.23356144311259186
0.245                     -0.125                   -0.22659079149471495
0.255                     -0.125                   -4.439480419133531
0.265                     -0.125                   -4.394289690900607
0.275                     -0.125                   -4.311074896336706
0.28500000000000003       -0.125                   -4.196625239393413
0.29500000000000004       -0.125                   -4.052440361459787
0.30500000000000005       -0.125                   -3.885778523000482
0.31499999999999995       -0.125                   -3.7025303026445613
0.32499999999999996       -0.125                   -3.5032349738182234
0.33499999999999996       -0.125                   -3.295752129535799
0.345                     -0.125                   -3.082214068867927
0.355                     -0.125                   -2.865931591851677
0.365                     -0.125                   -2.648818583717457
0.375                     -0.125                   -2.4333708748688423
0.385                     -0.125                   -2.22076710051887
0.395                     -0.125                   -2.0102907881181906
0.405                     -0.125                   -1.8035501512953322
0.41500000000000004       -0.125                   -1.6011899476693472
0.42500000000000004       -0.125                   -1.4019793303754398
0.43500000000000005       -0.125                   -1.2063162519538082
0.44499999999999995       -0.125                   -1.0149770907785864
0.45499999999999996       -0.125                   -0.8261218257885261
0.46499999999999997       -0.125                   -0.639793189682095
0.475                     -0.125                   -0.45557983395798374
0.485                     -0.125                   -0.2726868898801911
0.495                     -0.125                   -0.09082072114101436
-0.495                    -0.11499999999999999     0.08430731425602289
-0.485                    -0.11499999999999999     0.2531083883609426
-0.475                    -0.11499999999999999     0.42275940663137135
-0.46499999999999997      -0.11499999999999999     0.5934986660919179
-0.45499999999999996      -0.11499999999999999     0.7659735407740556
-0.44499999999999995      -0.11499999999999999     0.9405045110096353
-0.43500000000000005      -0.11499999999999999     1.1170016226744792
-0.42500000000000004      -0.11499999999999999     1.2968827908418064
-0.41500000000000004      -0.11499999999999999     1.478943661995629
-0.405                    -0.11499999999999999     1.6639793025595555
-0.395                    -0.11499999999999999     1.8517985274918303
-0.385                    -0.11499999999999999     2.042398230464954
-0.375                    -0.11499999999999999     2.235427204463207
-0.365                    -0.11499999999999999     2.4287223762939334
-0.355                    -0.11499999999999999     2.6216511369855198
-0.345                    -0.11499999999999999     2.8129503654633154
-0.33499999999999996      -0.11499999999999999     3.000415369075583
-0.32499999999999996      -0.11499999999999999     3.1810557242078517
-0.31499999999999995      -0.11499999999999999     3.3533101870980317
-0.30499999999999994      -0.11499999999999999     3.5101893532768997
-0.29500000000000004      -0.11499999999999999     3.6514403143708023
-0.28500000000000003      -0.11499999999999999     3.7737036970044926
-0.275                    -0.11499999999999999     3.8701603718769846
-0.265                    -0.11499999999999999     3.9389828746164994
-0.255                    -0.11499999999999999     3.976637848589064
-0.245                    -0.11499999999999999     0.20269282331786087
-0.235                    -0.11499999999999999     0.20852746001409628
-0.22499999999999998      -0.11499999999999999     0.21214818526783574
-0.21500000000000005      -0.11499999999999999     0.21399119522824606
-0.20500000000000004      -0.11499999999999999     0.21372816262760352
-0.19500000000000003      -0.11499999999999999     0.21154284203910834
-0.18500000000000003      -0.11499999999999999     0.2078077908691398
-0.17500000000000002      -0.11499999999999999     0.20198060944693452
-0.165                    -0.11499999999999999     0.19493917907333014
-0.15500000000000003      -0.11499999999999999     0.1867042572432922
-0.14500000000000002      -0.11499999999999999     0.17714456262706335
-0.135                    -0.11499999999999999     0.16715063456697976
-0.125                    -0.11499999999999999     0.156227044320012
-0.11499999999999999      -0.11499999999999999     0.14485742770256138
-0.10499999999999998      -0.11499999999999999     0.13297607057846683
-0.09499999999999997      -0.11499999999999999     0.12080042779840028
-0.08499999999999999      -0.11499999999999999     0.10840875725733667
-0.07499999999999998      -0.11499999999999999     0.09585161073147219
-0.06499999999999997      -0.11499999999999999     0.08318697207164405
-0.054999999999999966     -0.11499999999999999     0.07045123562983235
-0.04499999999999996      -0.11499999999999999     0.05767231473674883
-0.03499999999999995      -0.11499999999999999     0.04486923627879946
-0.025000000000000022     -0.11499999999999999     0.03205399028726674
-0.015000000000000013     -0.11499999999999999     0.019233505425717112
-0.0050000000000000044    -0.11499999999999999     0.006411262790066985
0.0050000000000000044     -0.11499999999999999     -0.006411322565043065
0.015000000000000013      -0.11499999999999999     -0.019233465879437972
0.025000000000000022      -0.11499999999999999     -0.03205369748692988
0.03500000000000003       -0.11499999999999999     -0.044868460443012737
0.04500000000000004       -0.11499999999999999     -0.057670810642434844
0.05500000000000005       -0.11499999999999999     -0.07044883704696758
0.06499999999999995       -0.11499999999999999     -0.08318245185182604
0.07499999999999996       -0.11499999999999999     -0.09584384926151301
0.08499999999999996       -0.11499999999999999     -0.10839663028619384
0.09499999999999997       -0.11499999999999999     -0.1207893271827345
0.10499999999999998       -0.11499999999999999     -0.13296322726930043
0.11499999999999999       -0.11499999999999999     -0.14484425326457995
0.125                     -0.11499999999999999     -0.1561981153752381
0.135                     -0.11499999999999999     -0.16714208122485275
0.14500000000000002       -0.11499999999999999     -0.17715395766896336
0.15500000000000003       -0.11499999999999999     -0.18669417751064543
0.16500000000000004       -0.11499999999999999     -0.19494327484668972
0.17500000000000004       -0.11499999999999999     -0.20197752058027163
0.18500000000000005       -0.11499999999999999     -0.20780704813006423
0.19499999999999995       -0.11499999999999999     -0.21153994752535255
0.20499999999999996       -0.11499999999999999     -0.21372421668029062
0.21499999999999997       -0.11499999999999999     -0.2139883482157927
0.22499999999999998       -0.11499999999999999     -0.21214539896243423
0.235                     -0.11499999999999999     -0.20852487449570845
0.245                     -0.11499999999999999     -0.20269105867375004
0.255                     -0.11499999999999999     -3.9767754271598506
0.265                     -0.11499999999999999     -3.9392462600347926
0.275                     -0.11499999999999999     -3.869689837818896
0.28500000000000003       -0.11499999999999999     -3.7734038286993155
0.29500000000000004       -0.11499999999999999     -3.6518293649926363
0.30500000000000005       -0.11499999999999999     -3.5101722008762835
0.31499999999999995       -0.11499999999999999     -3.3532880452660834
0.32499999999999996       -0.11499999999999999     -3.1810364774800632
0.33499999999999996       -0.11499999999999999     -3.000398711270762
0.345                     -0.11499999999999999     -2.8129353265151806
0.355                     -0.11499999999999999     -2.6216450321034586
0.365                     -0.11499999999999999     -2.428514920276484
0.375                     -0.11499999999999999     -2.2352663899135052
0.385                     -0.11499999999999999     -2.0435748672056917
0.395                     -0.11499999999999999     -1.8529192367641372
0.405                     -0.11499999999999999     -1.6647131091598544
0.41500000000000004       -0.11499999999999999     -1.4797008374948462
0.42500000000000004       -0.11499999999999999     -1.2968957133860215
0.43500000000000005       -0.11499999999999999     -1.1169844689284787
0.44499999999999995       -0.11499999999999999     -0.9404865639000093
0.45499999999999996       -0.11499999999999999     -0.7659683571297649
0.46499999999999997       -0.11499999999999999     -0.5934964069760582
0.475                     -0.11499999999999999     -0.42275748618209263
0.485                     -0.11499999999999999     -0.2531072815683899
0.495                     -0.11499999999999999     -0.0843069456003036
-0.495                    -0.10499999999999998     0.07754695617094853
-0.485                    -0.10499999999999998     0.23279289760515098
-0.475                    -0.10499999999999998     0.3887301196342605
-0.46499999999999997      -0.10499999999999998     0.5455486327095116
-0.45499999999999996      -0.10499999999999998     0.7037625103882448
-0.44499999999999995      -0.10499999999999998     0.8636132302096371
-0.43500000000000005      -0.10499999999999998     1.0250121416520415
-0.42500000000000004      -0.10499999999999998     1.1890093734514267
-0.41500000000000004      -0.10499999999999998     1.3545536030462415
-0.405                    -0.10499999999999998     1.5223420185816388
-0.395                    -0.10499999999999998     1.6919677962144277
-0.385                    -0.10499999999999998     1.8633386316074763
-0.375                    -0.10499999999999998     2.036200591471868
-0.365                    -0.10499999999999998     2.208466253813924
-0.355                    -0.10499999999999998     2.379157869191971
-0.345                    -0.10499999999999998     2.5475360127968045
-0.33499999999999996      -0.10499999999999998     2.711483272432389
-0.32499999999999996      -0.10499999999999998     2.8683433778052176
-0.31499999999999995      -0.10499999999999998     3.0170069963594415
-0.30499999999999994      -0.10499999999999998     3.151335452838822
-0.29500000000000004      -0.10499999999999998     3.2715863223141923
-0.28500000000000003      -0.10499999999999998     3.37483940977463
-0.275                    -0.10499999999999998     3.4558139174275766
-0.265                    -0.10499999999999998     3.5141655323990335
-0.255                    -0.10499999999999998     3.545596568291387
-0.245                    -0.10499999999999998     0.18051078554108813
-0.235                    -0.10499999999999998     0.18539998716133255
-0.22499999999999998      -0.10499999999999998     0.18845671905853578
-0.21500000000000005      -0.10499999999999998     0.19004113732411554
-0.20500000000000004      -0.10499999999999998     0.18987071612603756
-0.19500000000000003      -0.10499999999999998     0.18808436820694396
-0.18500000000000003      -0.10499999999999998     0.18498141355723874
-0.17500000000000002      -0.10499999999999998     0.18006605310995383
-0.165                    -0.10499999999999998     0.17408376589805918
-0.15500000000000003      -0.10499999999999998     0.1670268811200799
-0.14500000000000002      -0.10499999999999998     0.1590845320707217
-0.135                    -0.10499999999999998     0.1500858816024504
-0.125                    -0.10499999999999998     0.14051999152362882
-0.11499999999999999      -0.10499999999999998     0.13045576359348843
-0.10499999999999998      -0.10499999999999998     0.12000190833768443
-0.09499999999999997      -0.10499999999999998     0.10914253355281289
-0.08499999999999999      -0.10499999999999998     0.0980744674755556
-0.07499999999999998      -0.10499999999999998     0.08681744960153992
-0.06499999999999997      -0.10499999999999998     0.0754216109924073
-0.054999999999999966     -0.10499999999999998     0.06392895549174682
-0.04499999999999996      -0.10499999999999998     0.05236991972492433
-0.03499999999999995      -0.10499999999999998     0.04076630703320916
-0.025000000000000022     -0.10499999999999998     0.02913478387597479
-0.015000000000000013     -0.10499999999999998     0.01748654715140674
-0.0050000000000000044    -0.10499999999999998     0.0058296837424336445
0.0050000000000000044     -0.10499999999999998     -0.005829831799815111
0.015000000000000013      -0.10499999999999998     -0.01748669738924491
0.025000000000000022      -0.10499999999999998     -0.029134928778262292
0.03500000000000003       -0.10499999999999998     -0.04076652260420133
0.04500000000000004       -0.10499999999999998     -0.05237012987123535
0.05500000000000005       -0.10499999999999998     -0.06392933073112772
0.06499999999999995       -0.10499999999999998     -0.07542173213732895
0.07499999999999996       -0.10499999999999998     -0.08681754508194217
0.08499999999999996       -0.10499999999999998     -0.09807650906139997
0.09499999999999997       -0.10499999999999998     -0.10914579991657547
0.10499999999999998       -0.10499999999999998     -0.11996034470848826
0.11499999999999999       -0.10499999999999998     -0.13044976914818562
0.125                     -0.10499999999999998     -0.1405027229540643
0.135                     -0.10499999999999998     -0.1500847002659782
0.14500000000000002       -0.10499999999999998     -0.15893025404858463
0.15500000000000003       -0.10499999999999998     -0.16701986723887785
0.16500000000000004       -0.10499999999999998     -0.17408505185469347
0.17500000000000004       -0.10499999999999998     -0.18006325346880203
0.18500000000000005       -0.10499999999999998     -0.1849800311196077
0.19499999999999995       -0.10499999999999998     -0.18808168737848519
0.20499999999999996       -0.10499999999999998     -0.1898676508165167
0.21499999999999997       -0.10499999999999998     -0.19003847469470259
0.22499999999999998       -0.10499999999999998     -0.18845417180347113
0.235                     -0.10499999999999998     -0.18539765386299223
0.245                     -0.10499999999999998     -0.18050820546739033
0.255                     -0.10499999999999998     -3.5456289062038877
0.265                     -0.10499999999999998     -3.51414661881795
0.275                     -0.10499999999999998     -3.456209534678294
0.28500000000000003       -0.10499999999999998     -3.3745823077682076
0.29500000000000004       -0.10499999999999998     -3.272006881980303
0.30500000000000005       -0.10499999999999998     -3.1513143312635066
0.31499999999999995       -0.10499999999999998     -3.0169832113401753
0.32499999999999996       -0.10499999999999998     -2.868322137204018
0.33499999999999996       -0.10499999999999998     -2.711464418933801
0.345                     -0.10499999999999998     -2.547518720953768
0.355                     -0.10499999999999998     -2.3791455720187002
0.365                     -0.10499999999999998     -2.2082057800105304
0.375                     -0.10499999999999998     -2.0359478585431248
0.385                     -0.10499999999999998     -1.8644806190524008
0.395                     -0.10499999999999998     -1.6930599348934905
0.405                     -0.10499999999999998     -1.5230487555513186
0.41500000000000004       -0.10499999999999998     -1.3552668611942593
0.42500000000000004       -0.10499999999999998     -1.1890606878151004
0.43500000000000005       -0.10499999999999998     -1.0250097080631804
0.44499999999999995       -0.10499999999999998     -0.8635911302158945
0.45499999999999996       -0.10499999999999998     -0.7037573002051047
0.46499999999999997       -0.10499999999999998     -0.5455456936708885
0.475                     -0.10499999999999998     -0.3887279134769983
0.485                     -0.10499999999999998     -0.23279159675291794
0.495                     -0.10499999999999998     -0.07754652288326724
-0.495                    -0.09499999999999997     0.07058533863487071
-0.485                    -0.09499999999999997     0.21187776917011547
-0.475                    -0.09499999999999997     0.3537222440339747
-0.46499999999999997      -0.09499999999999997     0.496267069092994
-0.45499999999999996      -0.09499999999999997     0.6399116292020324
-0.44499999999999995      -0.09499999999999997     0.7848331125765924
-0.43500000000000005      -0.09499999999999997     0.930969772820788
-0.42500000000000004      -0.09499999999999997     1.0790461917605398
-0.41500000000000004      -0.09499999999999997     1.228072306484293
-0.405                    -0.09499999999999997     1.3787975646003896
-0.395                    -0.09499999999999997     1.5306101317098353
-0.385                    -0.09499999999999997     1.6833768089161083
-0.375                    -0.09499999999999997     1.8368202858888765
-0.365                    -0.09499999999999997     1.9892179798356437
-0.355                    -0.09499999999999997     2.1392851246904456
-0.345                    -0.09499999999999997     2.2865964858182224
-0.33499999999999996      -0.09499999999999997     2.4292409319264863
-0.32499999999999996      -0.09499999999999997     2.5648969818892624
-0.31499999999999995      -0.09499999999999997     2.6928032174686507
-0.30499999999999994      -0.09499999999999997     2.8076184397561974
-0.29500000000000004      -0.09499999999999997     2.909931561673261
-0.28500000000000003      -0.09499999999999997     2.9974033316822215
-0.275                    -0.09499999999999997     3.0660357678625303
-0.265                    -0.09499999999999997     3.114683512133979
-0.255                    -0.09499999999999997     3.14105182440494
-0.245                    -0.09499999999999997     0.159756538440746
-0.235                    -0.09499999999999997     0.1638509591236641
-0.22499999999999998      -0.09499999999999997     0.16642183271738986
-0.21500000000000005      -0.09499999999999997     0.1677688434553346
-0.20500000000000004      -0.09499999999999997     0.16765066895621317
-0.19500000000000003      -0.09499999999999997     0.16617361295283217
-0.18500000000000003      -0.09499999999999997     0.16358041529855427
-0.17500000000000002      -0.09499999999999997     0.15942662717591816
-0.165                    -0.09499999999999997     0.15434288722441902
-0.15500000000000003      -0.09499999999999997     0.14830467449920093
-0.14500000000000002      -0.09499999999999997     0.14146651628169593
-0.135                    -0.09499999999999997     0.1336781669153595
-0.125                    -0.09499999999999997     0.12534296127343936
-0.11499999999999999      -0.09499999999999997     0.11652108079073287
-0.10499999999999998      -0.09499999999999997     0.10735704843375515
-0.09499999999999997      -0.09499999999999997     0.09760927242359685
-0.08499999999999999      -0.09499999999999997     0.08790673537123439
-0.07499999999999998      -0.09499999999999997     0.07788984040269042
-0.06499999999999997      -0.09499999999999997     0.06773087864587524
-0.054999999999999966     -0.09499999999999997     0.05746621849948497
-0.04499999999999996      -0.09499999999999997     0.04710745765135016
-0.03499999999999995      -0.09499999999999997     0.03668848013018078
-0.025000000000000022     -0.09499999999999997     0.026229951817583697
-0.015000000000000013     -0.09499999999999997     0.015746888905312062
-0.0050000000000000044    -0.09499999999999997     0.005250047779782108
0.0050000000000000044     -0.09499999999999997     -0.0052515515155846515
0.015000000000000013      -0.09499999999999997     -0.01574923626361624
0.025000000000000022      -0.09499999999999997     -0.02623320548849506
0.03500000000000003       -0.09499999999999997     -0.03669193322133424
0.04500000000000004       -0.09499999999999997     -0.047112232833853795
0.05500000000000005       -0.09499999999999997     -0.05747856691391462
0.06499999999999995       -0.09499999999999997     -0.06776616277704761
0.07499999999999996       -0.09499999999999997     -0.07792938151266071
0.08499999999999996       -0.09499999999999997     -0.0879241413863383
0.09499999999999997       -0.09499999999999997     -0.09781625088339752
0.10499999999999998       -0.09499999999999997     -0.10735141428203576
0.11499999999999999       -0.09499999999999997     -0.11653352069987477
0.125                     -0.09499999999999997     -0.1253329968333574
0.135                     -0.09499999999999997     -0.13367814549218338
0.14500000000000002       -0.09499999999999997     -0.14133054642496745
0.15500000000000003       -0.09499999999999997     -0.14830008348710066
0.16500000000000004       -0.09499999999999997     -0.15434257883716962
0.17500000000000004       -0.09499999999999997     -0.15942438526136016
0.18500000000000005       -0.09499999999999997     -0.16357858292434457
0.19499999999999995       -0.09499999999999997     -0.1661711886351327
0.20499999999999996       -0.09499999999999997     -0.16764812314992383
0.21499999999999997       -0.09499999999999997     -0.16776641611436105
0.22499999999999998       -0.09499999999999997     -0.1664195108243689
0.235                     -0.09499999999999997     -0.16384880213860242
0.245                     -0.09499999999999997     -0.15975469433952583
0.255                     -0.09499999999999997     -3.14110911240806
0.265                     -0.09499999999999997     -3.1147194494743644
0.275                     -0.09499999999999997     -3.065752218753296
0.28500000000000003       -0.09499999999999997     -2.9973381506852235
0.29500000000000004       -0.09499999999999997     -2.910386156990114
0.30500000000000005       -0.09499999999999997     -2.807597863646464
0.31499999999999995       -0.09499999999999997     -2.692778005405529
0.32499999999999996       -0.09499999999999997     -2.5648740020758396
0.33499999999999996       -0.09499999999999997     -2.4292200936090893
0.345                     -0.09499999999999997     -2.286577289341807
0.355                     -0.09499999999999997     -2.1392700360594574
0.365                     -0.09499999999999997     -1.9890417898886312
0.375                     -0.09499999999999997     -1.836691819138366
0.385                     -0.09499999999999997     -1.6844757428798118
0.395                     -0.09499999999999997     -1.5316691575509864
0.405                     -0.09499999999999997     -1.379491847584072
0.41500000000000004       -0.09499999999999997     -1.2287882722917658
0.42500000000000004       -0.09499999999999997     -1.0790175313723012
0.43500000000000005       -0.09499999999999997     -0.9309330232204047
0.44499999999999995       -0.09499999999999997     -0.7848084742391279
0.45499999999999996       -0.09499999999999997     -0.6399064090162128
0.46499999999999997       -0.09499999999999997     -0.49626350934953223
0.475                     -0.09499999999999997     -0.3537198599262297
0.485                     -0.09499999999999997     -0.2118762762695212
0.495                     -0.09499999999999997     -0.07058484123948006
-0.495                    -0.08499999999999999     0.06346241469086067
-0.485                    -0.08499999999999999     0.19048292392764665
-0.475                    -0.08499999999999999     0.31793584363060745
-0.46499999999999997      -0.08499999999999999     0.4459343813621359
-0.45499999999999996      -0.08499999999999999     0.5747815301884103
-0.44499999999999995      -0.08499999999999999     0.7046030179212437
-0.43500000000000005      -0.08499999999999999     0.8353128022937426
-0.42500000000000004      -0.08499999999999999     0.9674213052886103
-0.41500000000000004      -0.08499999999999999     1.100143027557408
-0.405                    -0.08499999999999999     1.234040736321046
-0.395                    -0.08499999999999999     1.368461912968563
-0.385                    -0.08499999999999999     1.503245733643496
-0.375                    -0.08499999999999999     1.6382247074285772
-0.365                    -0.08499999999999999     1.7717571162518198
-0.355                    -0.08499999999999999     1.902508669328256
-0.345                    -0.08499999999999999     2.0303758412116366
-0.33499999999999996      -0.08499999999999999     2.1536094877200185
-0.32499999999999996      -0.08499999999999999     2.2702083404029167
-0.31499999999999995      -0.08499999999999999     2.379672002398337
-0.30499999999999994      -0.08499999999999999     2.477397677430318
-0.29500000000000004      -0.08499999999999999     2.5641148156283293
-0.28500000000000003      -0.08499999999999999     2.6380139306777437
-0.275                    -0.08499999999999999     2.695547186713384
-0.265                    -0.08499999999999999     2.7364804899375486
-0.255                    -0.08499999999999999     2.7587121695504493
-0.245                    -0.08499999999999999     0.14019434252374197
-0.235                    -0.08499999999999999     0.14361259815726157
-0.22499999999999998      -0.08499999999999999     0.14576335808459362
-0.21500000000000005      -0.08499999999999999     0.14689638214112222
-0.20500000000000004      -0.08499999999999999     0.1468070487387152
-0.19500000000000003      -0.08499999999999999     0.1455774670436938
-0.18500000000000003      -0.08499999999999999     0.14340545884135736
-0.17500000000000002      -0.08499999999999999     0.13989936426690974
-0.165                    -0.08499999999999999     0.13558981433016415
-0.15500000000000003      -0.08499999999999999     0.13044379886736124
-0.14500000000000002      -0.08499999999999999     0.1244639396292655
-0.135                    -0.08499999999999999     0.11788661904100195
-0.125                    -0.08499999999999999     0.11067399795877719
-0.11499999999999999      -0.08499999999999999     0.10301247630303578
-0.10499999999999998      -0.08499999999999999     0.09501255471946024
-0.09499999999999997      -0.08499999999999999     0.08660669686969413
-0.08499999999999999      -0.08499999999999999     0.07798229998922324
-0.07499999999999998      -0.08499999999999999     0.06919561249495487
-0.06499999999999997      -0.08499999999999999     0.06022137090573665
-0.054999999999999966     -0.08499999999999999     0.05110905153899381
-0.04499999999999996      -0.08499999999999999     0.041911761533029335
-0.03499999999999995      -0.08499999999999999     0.032654897361382496
-0.025000000000000022     -0.08499999999999999     0.023352730510453057
-0.015000000000000013     -0.08499999999999999     0.014022603822141377
-0.0050000000000000044    -0.08499999999999999     0.004676096628529081
0.0050000000000000044     -0.08499999999999999     -0.0046756995091072895
0.015000000000000013      -0.08499999999999999     -0.014022140193645782
0.025000000000000022      -0.08499999999999999     -0.023351942262081593
0.03500000000000003       -0.08499999999999999     -0.032652583019597614
0.04500000000000004       -0.08499999999999999     -0.04190769310157805
0.05500000000000005       -0.08499999999999999     -0.05109835336399726
0.06499999999999995       -0.08499999999999999     -0.06019782938592755
0.07499999999999996       -0.08499999999999999     -0.06917413156199359
0.08499999999999996       -0.08499999999999999     -0.07797578876471789
0.09499999999999997       -0.08499999999999999     -0.08660261176015638
0.10499999999999998       -0.08499999999999999     -0.09501273574750257
0.11499999999999999       -0.08499999999999999     -0.10301958908486597
0.125                     -0.08499999999999999     -0.11066892813170881
0.135                     -0.08499999999999999     -0.11788587706706721
0.14500000000000002       -0.08499999999999999     -0.12446785350289247
0.15500000000000003       -0.08499999999999999     -0.13044078624582767
0.16500000000000004       -0.08499999999999999     -0.1355887555105617
0.17500000000000004       -0.08499999999999999     -0.1398974427904136
0.18500000000000005       -0.08499999999999999     -0.14340353339360945
0.19499999999999995       -0.08499999999999999     -0.1455752895367084
0.20499999999999996       -0.08499999999999999     -0.14680481593095607
0.21499999999999997       -0.08499999999999999     -0.1468941701696167
0.22499999999999998       -0.08499999999999999     -0.14576121374523154
0.235                     -0.08499999999999999     -0.14361056964673935
0.245                     -0.08499999999999999     -0.14019258092363884
0.255                     -0.08499999999999999     -2.758787969934815
0.265                     -0.08499999999999999     -2.7366825345817745
0.275                     -0.08499999999999999     -2.6955124231105856
0.28500000000000003       -0.08499999999999999     -2.638041283142684
0.29500000000000004       -0.08499999999999999     -2.5645460108871703
0.30500000000000005       -0.08499999999999999     -2.4773726581715323
0.31499999999999995       -0.08499999999999999     -2.3796452653308506
0.32499999999999996       -0.08499999999999999     -2.2701836692042434
0.33499999999999996       -0.08499999999999999     -2.1535867877085906
0.345                     -0.08499999999999999     -2.0303549149877327
0.355                     -0.08499999999999999     -1.9024910826786083
0.365                     -0.08499999999999999     -1.7716173679655753
0.375                     -0.08499999999999999     -1.6381513321955197
0.385                     -0.08499999999999999     -1.5043024993627085
0.395                     -0.08499999999999999     -1.3694848026037931
0.405                     -0.08499999999999999     -1.2346994781929759
0.41500000000000004       -0.08499999999999999     -1.10080261779256
0.42500000000000004       -0.08499999999999999     -0.9673980402084794
0.43500000000000005       -0.08499999999999999     -0.8352702377987384
0.44499999999999995       -0.08499999999999999     -0.7045805247904298
0.45499999999999996       -0.08499999999999999     -0.5747760225212986
0.46499999999999997       -0.08499999999999999     -0.445930269399625
0.475                     -0.08499999999999999     -0.317933368081583
0.485                     -0.08499999999999999     -0.19048124126385346
0.495                     -0.08499999999999999     -0.06346185407703331
-0.495                    -0.07499999999999998     0.05621261596955662
-0.485                    -0.07499999999999998     0.16871153996177668
-0.475                    -0.07499999999999998     0.2815422040990825
-0.46499999999999997      -0.07499999999999998     0.39478911404765427
-0.45499999999999996      -0.07499999999999998     0.5086760983877809
-0.44499999999999995      -0.07499999999999998     0.6232884192351662
-0.43500000000000005      -0.07499999999999998     0.7385673357219957
-0.42500000000000004      -0.07499999999999998     0.8548115642167033
-0.41500000000000004      -0.07499999999999998     0.9712831885473605
-0.405                    -0.07499999999999998     1.0886197536613904
-0.395                    -0.07499999999999998     1.2060681853931285
-0.385                    -0.07499999999999998     1.3234679732193797
-0.375                    -0.07499999999999998     1.4407367546869523
-0.365                    -0.07499999999999998     1.5563553802738284
-0.355                    -0.07499999999999998     1.6690224438848986
-0.345                    -0.07499999999999998     1.7788435207622086
-0.33499999999999996      -0.07499999999999998     1.8842632357470421
-0.32499999999999996      -0.07499999999999998     1.9835801000823494
-0.31499999999999995      -0.07499999999999998     2.076484045039109
-0.30499999999999994      -0.07499999999999998     2.1590514639470797
-0.29500000000000004      -0.07499999999999998     2.23210031528356
-0.28500000000000003      -0.07499999999999998     2.2941457530554317
-0.275                    -0.07499999999999998     2.3425156982235666
-0.265                    -0.07499999999999998     2.3765837499961435
-0.255                    -0.07499999999999998     2.395019788309014
-0.245                    -0.07499999999999998     0.12162718081219737
-0.235                    -0.07499999999999998     0.12446355908301143
-0.22499999999999998      -0.07499999999999998     0.12624904696792782
-0.21500000000000005      -0.07499999999999998     0.12719114024704936
-0.20500000000000004      -0.07499999999999998     0.12711785475170245
-0.19500000000000003      -0.07499999999999998     0.12609301665250428
-0.18500000000000003      -0.07499999999999998     0.12427782259032938
-0.17500000000000002      -0.07499999999999998     0.12133288514326068
-0.165                    -0.07499999999999998     0.11770131041302251
-0.15500000000000003      -0.07499999999999998     0.11334721132413961
-0.14500000000000002      -0.07499999999999998     0.10826775059945248
-0.135                    -0.07499999999999998     0.10265846143474278
-0.125                    -0.07499999999999998     0.09647981588681986
-0.11499999999999999      -0.07499999999999998     0.08989768104956397
-0.10499999999999998      -0.07499999999999998     0.08299931499442437
-0.09499999999999997      -0.07499999999999998     0.07576575784605666
-0.08499999999999999      -0.07499999999999998     0.06826660178239052
-0.07499999999999998      -0.07499999999999998     0.06060029691028035
-0.06499999999999997      -0.07499999999999998     0.05272351203376502
-0.054999999999999966     -0.07499999999999998     0.0447888151726481
-0.04499999999999996      -0.07499999999999998     0.036756748016387064
-0.03499999999999995      -0.07499999999999998     0.02865403756462115
-0.025000000000000022     -0.07499999999999998     0.020500836547967083
-0.015000000000000013     -0.07499999999999998     0.012313236402107464
-0.0050000000000000044    -0.07499999999999998     0.004105795462123751
0.0050000000000000044     -0.07499999999999998     -0.004107857505175616
0.015000000000000013      -0.07499999999999998     -0.012315251981107167
0.025000000000000022      -0.07499999999999998     -0.020504131510278967
0.03500000000000003       -0.07499999999999998     -0.028659342493966733
0.04500000000000004       -0.07499999999999998     -0.03676503440553347
0.05500000000000005       -0.07499999999999998     -0.04480191500573483
0.06499999999999995       -0.07499999999999998     -0.05274688701155128
0.07499999999999996       -0.07499999999999998     -0.060576864938582275
0.08499999999999996       -0.07499999999999998     -0.06826485362914525
0.09499999999999997       -0.07499999999999998     -0.07574374881031076
0.10499999999999998       -0.07499999999999998     -0.08300116744970865
0.11499999999999999       -0.07499999999999998     -0.08990236429531251
0.125                     -0.07499999999999998     -0.09647716869292822
0.135                     -0.07499999999999998     -0.10265740197849027
0.14500000000000002       -0.07499999999999998     -0.10826907364554472
0.15500000000000003       -0.07499999999999998     -0.11334514803408524
0.16500000000000004       -0.07499999999999998     -0.11769998481812394
0.17500000000000004       -0.07499999999999998     -0.12133118334062942
0.18500000000000005       -0.07499999999999998     -0.12427599365855713
0.19499999999999995       -0.07499999999999998     -0.12609105440449753
0.20499999999999996       -0.07499999999999998     -0.12711583226172252
0.21499999999999997       -0.07499999999999998     -0.1271890983455819
0.22499999999999998       -0.07499999999999998     -0.1262470271636289
0.235                     -0.07499999999999998     -0.12446159721071126
0.245                     -0.07499999999999998     -0.12162486858191812
0.255                     -0.07499999999999998     -2.3950631276613024
0.265                     -0.07499999999999998     -2.3766160288963647
0.275                     -0.07499999999999998     -2.342192776607135
0.28500000000000003       -0.07499999999999998     -2.2942461075347182
0.29500000000000004       -0.07499999999999998     -2.2324238178969154
0.30500000000000005       -0.07499999999999998     -2.1590261039708167
0.31499999999999995       -0.07499999999999998     -2.0764557664125505
0.32499999999999996       -0.07499999999999998     -1.983553753399633
0.33499999999999996       -0.07499999999999998     -1.884238760094064
0.345                     -0.07499999999999998     -1.778820895759985
0.355                     -0.07499999999999998     -1.6690022190575746
0.365                     -0.07499999999999998     -1.556184305665738
0.375                     -0.07499999999999998     -1.4406028961928428
0.385                     -0.07499999999999998     -1.3244853492341946
0.395                     -0.07499999999999998     -1.2070541409165756
0.405                     -0.07499999999999998     -1.0892808737219397
0.41500000000000004       -0.07499999999999998     -0.9719626778986239
0.42500000000000004       -0.07499999999999998     -0.8547780086420858
0.43500000000000005       -0.07499999999999998     -0.7385205804370116
0.44499999999999995       -0.07499999999999998     -0.6232704855321742
0.45499999999999996       -0.07499999999999998     -0.5086701039863115
0.46499999999999997       -0.07499999999999998     -0.3947844977251975
0.475                     -0.07499999999999998     -0.2815396424443293
0.485                     -0.07499999999999998     -0.1687096724924686
0.495                     -0.07499999999999998     -0.05621199379248765
-0.495                    -0.06499999999999997     0.04886500130061222
-0.485                    -0.06499999999999997     0.14665053771210523
-0.475                    -0.06499999999999997     0.2446850611141258
-0.46499999999999997      -0.06499999999999997     0.3430296790693177
-0.45499999999999996      -0.06499999999999997     0.4418452498235794
-0.44499999999999995      -0.06499999999999997     0.5411851794003155
-0.43500000000000005      -0.06499999999999997     0.6409680688287267
-0.42500000000000004      -0.06499999999999997     0.7413825451154139
-0.41500000000000004      -0.06499999999999997     0.8418898968393265
-0.405                    -0.06499999999999997     0.9429313424469028
-0.395                    -0.06499999999999997     1.0438035542686848
-0.385                    -0.06499999999999997     1.1443752231222817
-0.375                    -0.06499999999999997     1.2446335358436045
-0.365                    -0.06499999999999997     1.3431751309657898
-0.355                    -0.06499999999999997     1.4388052899680872
-0.345                    -0.06499999999999997     1.5317663667643586
-0.33499999999999996      -0.06499999999999997     1.6207037613772144
-0.32499999999999996      -0.06499999999999997     1.7041940429836586
-0.31499999999999995      -0.06499999999999997     1.7820610981286222
-0.30499999999999994      -0.06499999999999997     1.8510081916683419
-0.29500000000000004      -0.06499999999999997     1.9117699685250216
-0.28500000000000003      -0.06499999999999997     1.963369509354095
-0.275                    -0.06499999999999997     2.0034730173226265
-0.265                    -0.06499999999999997     2.0317056061710446
-0.255                    -0.06499999999999997     2.0468964008179
-0.245                    -0.06499999999999997     0.10388730024882875
-0.235                    -0.06499999999999997     0.10621705118592217
-0.22499999999999998      -0.06499999999999997     0.10768260962925069
-0.21500000000000005      -0.06499999999999997     0.10845506770245095
-0.20500000000000004      -0.06499999999999997     0.10839161143946541
-0.19500000000000003      -0.06499999999999997     0.10754194589824806
-0.18500000000000003      -0.06499999999999997     0.10603668645597963
-0.17500000000000002      -0.06499999999999997     0.10358712243623813
-0.165                    -0.06499999999999997     0.10055919636468191
-0.15500000000000003      -0.06499999999999997     0.0969177300542583
-0.14500000000000002      -0.06499999999999997     0.09265637746295852
-0.135                    -0.06499999999999997     0.08793497683114992
-0.125                    -0.06499999999999997     0.0827162516517781
-0.11499999999999999      -0.06499999999999997     0.07714296575100832
-0.10499999999999998      -0.06499999999999997     0.07128547334411905
-0.09499999999999997      -0.06499999999999997     0.0651066132049607
-0.08499999999999999      -0.06499999999999997     0.05871548057253406
-0.07499999999999998      -0.06499999999999997     0.05215484484845945
-0.06499999999999997      -0.06499999999999997     0.04544358888210809
-0.054999999999999966     -0.06499999999999997     0.03863072643122223
-0.04499999999999996      -0.06499999999999997     0.03174692785523803
-0.03499999999999995      -0.06499999999999997     0.02473365684431883
-0.025000000000000022     -0.06499999999999997     0.01769234314389223
-0.015000000000000013     -0.06499999999999997     0.010623972658834191
-0.0050000000000000044    -0.06499999999999997     0.0035440592652093983
0.0050000000000000044     -0.06499999999999997     -0.003541716878942225
0.015000000000000013      -0.06499999999999997     -0.010621841109127672
0.025000000000000022      -0.06499999999999997     -0.01768483478355165
0.03500000000000003       -0.06499999999999997     -0.024720459277489226
0.04500000000000004       -0.06499999999999997     -0.03170630974568667
0.05500000000000005       -0.06499999999999997     -0.03863883931359169
0.06499999999999995       -0.06499999999999997     -0.04548014011420776
0.07499999999999996       -0.06499999999999997     -0.05216166568968106
0.08499999999999996       -0.06499999999999997     -0.05872238175771827
0.09499999999999997       -0.06499999999999997     -0.06509377343070355
0.10499999999999998       -0.06499999999999997     -0.07128668501042057
0.11499999999999999       -0.06499999999999997     -0.07714500074160924
0.125                     -0.06499999999999997     -0.08271456993296056
0.135                     -0.06499999999999997     -0.087934076407862
0.14500000000000002       -0.06499999999999997     -0.09265641599961327
0.15500000000000003       -0.06499999999999997     -0.09691626565779643
0.16500000000000004       -0.06499999999999997     -0.10055791138620673
0.17500000000000004       -0.06499999999999997     -0.10358560591913601
0.18500000000000005       -0.06499999999999997     -0.10603502279991517
0.19499999999999995       -0.06499999999999997     -0.10754016634402319
0.20499999999999996       -0.06499999999999997     -0.10838974942679869
0.21499999999999997       -0.06499999999999997     -0.10845315514461618
0.22499999999999998       -0.06499999999999997     -0.1076806798575376
0.235                     -0.06499999999999997     -0.10621513079243527
0.245                     -0.06499999999999997     -0.10388530661863626
0.255                     -0.06499999999999997     -2.046905192188831
0.265                     -0.06499999999999997     -2.031661353505797
0.275                     -0.06499999999999997     -2.0032131357791334
0.28500000000000003       -0.06499999999999997     -1.963558448543381
0.29500000000000004       -0.06499999999999997     -1.9120968008543286
0.30500000000000005       -0.06499999999999997     -1.8509804610653475
0.31499999999999995       -0.06499999999999997     -1.782031185800463
0.32499999999999996       -0.06499999999999997     -1.7041659910017302
0.33499999999999996       -0.06499999999999997     -1.6206775668259183
0.345                     -0.06499999999999997     -1.5317420508277237
0.355                     -0.06499999999999997     -1.4387833491394986
0.365                     -0.06499999999999997     -1.3430509996151727
0.375                     -0.06499999999999997     -1.2445717594951304
0.385                     -0.06499999999999997     -1.1453516217944895
0.395                     -0.06499999999999997     -1.0447546671446375
0.405                     -0.06499999999999997     -0.9435589239763225
0.41500000000000004       -0.06499999999999997     -0.8425133588350135
0.42500000000000004       -0.06499999999999997     -0.7413760337563815
0.43500000000000005       -0.06499999999999997     -0.6409308374772991
0.44499999999999995       -0.06499999999999997     -0.5411706664629321
0.45499999999999996       -0.06499999999999997     -0.44183876577909587
0.46499999999999997       -0.06499999999999997     -0.3430245970912438
0.475                     -0.06499999999999997     -0.2446821571731448
0.485                     -0.06499999999999997     -0.14664849122229384
0.495                     -0.06499999999999997     -0.0488643198603711
-0.495                    -0.054999999999999966    0.041443590612360026
-0.485                    -0.054999999999999966    0.12437161131231278
-0.475                    -0.054999999999999966    0.20748190756341955
-0.46499999999999997      -0.054999999999999966    0.2908173469677564
-0.45499999999999996      -0.054999999999999966    0.3744896823588917
-0.44499999999999995      -0.054999999999999966    0.45853039574038235
-0.43500000000000005      -0.054999999999999966    0.5428906966521936
-0.42500000000000004      -0.054999999999999966    0.6276392931618204
-0.41500000000000004      -0.054999999999999966    0.7122363436018375
-0.405                    -0.054999999999999966    0.7972434425975712
-0.395                    -0.054999999999999966    0.8819047913840095
-0.385                    -0.054999999999999966    0.9661432120115307
-0.375                    -0.054999999999999966    1.0500077045138312
-0.365                    -0.054999999999999966    1.1321936151097134
-0.355                    -0.054999999999999966    1.2116725875494865
-0.345                    -0.054999999999999966    1.2887627061592184
-0.33499999999999996      -0.054999999999999966    1.3623128225317487
-0.32499999999999996      -0.054999999999999966    1.4311565529410473
-0.31499999999999995      -0.054999999999999966    1.4952077591319153
-0.30499999999999994      -0.054999999999999966    1.551750504206609
-0.29500000000000004      -0.054999999999999966    1.601496160263764
-0.28500000000000003      -0.054999999999999966    1.643682503024742
-0.275                    -0.054999999999999966    1.6763328954584154
-0.265                    -0.054999999999999966    1.6992297265315983
-0.255                    -0.054999999999999966    1.711652751057784
-0.245                    -0.054999999999999966    0.08682958008429864
-0.235                    -0.054999999999999966    0.0887122518159913
-0.22499999999999998      -0.054999999999999966    0.0898949447549171
-0.21500000000000005      -0.054999999999999966    0.09051659187728944
-0.20500000000000004      -0.054999999999999966    0.09046070003777373
-0.19500000000000003      -0.054999999999999966    0.08976576743859255
-0.18500000000000003      -0.054999999999999966    0.08853630409743118
-0.17500000000000002      -0.054999999999999966    0.0865322543227478
-0.165                    -0.054999999999999966    0.08405081564366013
-0.15500000000000003      -0.054999999999999966    0.08105981391162231
-0.14500000000000002      -0.054999999999999966    0.0775509776174772
-0.135                    -0.054999999999999966    0.0736532808086281
-0.125                    -0.054999999999999966    0.06933287121734111
-0.11499999999999999      -0.054999999999999966    0.06470891255960964
-0.10499999999999998      -0.054999999999999966    0.05983961634899515
-0.09499999999999997      -0.054999999999999966    0.054682674241576024
-0.08499999999999999      -0.054999999999999966    0.04934735866560658
-0.07499999999999998      -0.054999999999999966    0.04385548737973011
-0.06499999999999997      -0.054999999999999966    0.038234441098268235
-0.054999999999999966     -0.054999999999999966    0.0324963502443687
-0.04499999999999996      -0.054999999999999966    0.026689921737499844
-0.03499999999999995      -0.054999999999999966    0.020825222702512747
-0.025000000000000022     -0.054999999999999966    0.014902632699261176
-0.015000000000000013     -0.054999999999999966    0.008952471535792483
-0.0050000000000000044    -0.054999999999999966    0.002985818956233288
0.0050000000000000044     -0.054999999999999966    -0.0029857192508870867
0.015000000000000013      -0.054999999999999966    -0.008951987657724203
0.025000000000000022      -0.054999999999999966    -0.014900684025292321
0.03500000000000003       -0.054999999999999966    -0.02082145798624424
0.04500000000000004       -0.054999999999999966    -0.02670075879658551
0.05500000000000005       -0.054999999999999966    -0.03252791699065938
0.06499999999999995       -0.054999999999999966    -0.03813966989187634
0.07499999999999996       -0.054999999999999966    -0.043859623613658916
0.08499999999999996       -0.054999999999999966    -0.04935288019466899
0.09499999999999997       -0.054999999999999966    -0.05467948444953663
0.10499999999999998       -0.054999999999999966    -0.0598396881014196
0.11499999999999999       -0.054999999999999966    -0.06471036999383273
0.125                     -0.054999999999999966    -0.06933194935219689
0.135                     -0.054999999999999966    -0.07365262410246487
0.14500000000000002       -0.054999999999999966    -0.07755053181273297
0.15500000000000003       -0.054999999999999966    -0.08105872662198976
0.16500000000000004       -0.054999999999999966    -0.08404966094169075
0.17500000000000004       -0.054999999999999966    -0.08653091511669686
0.18500000000000005       -0.054999999999999966    -0.08853480659519164
0.19499999999999995       -0.054999999999999966    -0.0897641411546033
0.20499999999999996       -0.054999999999999966    -0.09045896628375516
0.21499999999999997       -0.054999999999999966    -0.0905147762921672
0.22499999999999998       -0.054999999999999966    -0.08989307602331564
0.235                     -0.054999999999999966    -0.08871035366991009
0.245                     -0.054999999999999966    -0.08682780312696536
0.255                     -0.054999999999999966    -1.7116529615726108
0.265                     -0.054999999999999966    -1.6992085581670153
0.275                     -0.054999999999999966    -1.676035860924003
0.28500000000000003       -0.054999999999999966    -1.643744460540944
0.29500000000000004       -0.054999999999999966    -1.6017506348292159
0.30500000000000005       -0.054999999999999966    -1.5517211028103617
0.31499999999999995       -0.054999999999999966    -1.495176127124921
0.32499999999999996       -0.054999999999999966    -1.4311267663066474
0.33499999999999996       -0.054999999999999966    -1.3622848909592875
0.345                     -0.054999999999999966    -1.2887366779490108
0.355                     -0.054999999999999966    -1.2116488955174418
0.365                     -0.054999999999999966    -1.1320720665892736
0.375                     -0.054999999999999966    -1.0499437603483557
0.385                     -0.054999999999999966    -0.9670850899280765
0.395                     -0.054999999999999966    -0.8828273576292176
0.405                     -0.054999999999999966    -0.7978770786515774
0.41500000000000004       -0.054999999999999966    -0.7128890605758116
0.42500000000000004       -0.054999999999999966    -0.6276155402715631
0.43500000000000005       -0.054999999999999966    -0.5428441525922381
0.44499999999999995       -0.054999999999999966    -0.45851723708562986
0.45499999999999996       -0.054999999999999966    -0.3744828218913625
0.46499999999999997       -0.054999999999999966    -0.29081200499771853
0.475                     -0.054999999999999966    -0.2074782019613508
0.485                     -0.054999999999999966    -0.12436939680009118
0.495                     -0.054999999999999966    -0.041442853330167395
-0.495                    -0.04499999999999996     0.033967842650241664
-0.485                    -0.04499999999999996     0.10193269484318535
-0.475                    -0.04499999999999996     0.17002710078537575
-0.46499999999999997      -0.04499999999999996     0.23828004524533242
-0.45499999999999996      -0.04499999999999996     0.3067662313205446
-0.44499999999999995      -0.04499999999999996     0.3755035795320225
-0.43500000000000005      -0.04499999999999996     0.44442729011990423
-0.42500000000000004      -0.04499999999999996     0.5135680332316213
-0.41500000000000004      -0.04499999999999996     0.5825167932991562
-0.405                    -0.04499999999999996     0.6517222861106002
-0.395                    -0.04499999999999996     0.7204992771623395
-0.385                    -0.04499999999999996     0.7888299576902966
-0.375                    -0.04499999999999996     0.8568221328245329
-0.365                    -0.04499999999999996     0.9232576401211077
-0.355                    -0.04499999999999996     0.9873164860593704
-0.345                    -0.04499999999999996     1.0493429835129078
-0.33499999999999996      -0.04499999999999996     1.1083896995940847
-0.32499999999999996      -0.04499999999999996     1.1635285214056807
-0.31499999999999995      -0.04499999999999996     1.214729406539817
-0.30499999999999994      -0.04499999999999996     1.259819773894236
-0.29500000000000004      -0.04499999999999996     1.299390397545892
-0.28500000000000003      -0.04499999999999996     1.3328853948528376
-0.275                    -0.04499999999999996     1.3587479233752617
-0.265                    -0.04499999999999996     1.3769525501246562
-0.255                    -0.04499999999999996     1.3868530540510733
-0.245                    -0.04499999999999996     0.07032549655507125
-0.235                    -0.04499999999999996     0.07180792294906269
-0.22499999999999998      -0.04499999999999996     0.07273755528990478
-0.21500000000000005      -0.04499999999999996     0.073224416290401
-0.20500000000000004      -0.04499999999999996     0.07317605412738004
-0.19500000000000003      -0.04499999999999996     0.07262179709368866
-0.18500000000000003      -0.04499999999999996     0.07164336216959555
-0.17500000000000002      -0.04499999999999996     0.07004735466401257
-0.165                    -0.04499999999999996     0.06806883773311001
-0.15500000000000003      -0.04499999999999996     0.06568011295681231
-0.14500000000000002      -0.04499999999999996     0.06287239587493332
-0.135                    -0.04499999999999996     0.059747438735456626
-0.125                    -0.04499999999999996     0.05627574786478107
-0.11499999999999999      -0.04499999999999996     0.052553424125591164
-0.10499999999999998      -0.04499999999999996     0.04862713390122053
-0.09499999999999997      -0.04499999999999996     0.04445942551734561
-0.08499999999999999      -0.04499999999999996     0.04014200153152814
-0.07499999999999998      -0.04499999999999996     0.03569131569526007
-0.06499999999999997      -0.04499999999999996     0.031120921871774954
-0.054999999999999966     -0.04499999999999996     0.02647706607635314
-0.04499999999999996      -0.04499999999999996     0.02173431652192903
-0.03499999999999995      -0.04499999999999996     0.01690990606850562
-0.025000000000000022     -0.04499999999999996     0.012105775375573558
-0.015000000000000013     -0.04499999999999996     0.007273646747648854
-0.0050000000000000044    -0.04499999999999996     0.002420046951783661
0.0050000000000000044     -0.04499999999999996     -0.00243995360625604
0.015000000000000013      -0.04499999999999996     -0.007294582747874756
0.025000000000000022      -0.04499999999999996     -0.012132394819673209
0.03500000000000003       -0.04499999999999996     -0.016941082267749152
0.04500000000000004       -0.04499999999999996     -0.021726777869758962
0.05500000000000005       -0.04499999999999996     -0.02640976607852963
0.06499999999999995       -0.04499999999999996     -0.031045085939467754
0.07499999999999996       -0.04499999999999996     -0.035691664356846786
0.08499999999999996       -0.04499999999999996     -0.040145238621406065
0.09499999999999997       -0.04499999999999996     -0.0444555956830186
0.10499999999999998       -0.04499999999999996     -0.04862748954803919
0.11499999999999999       -0.04499999999999996     -0.05255475476842264
0.125                     -0.04499999999999996     -0.05627531563110466
0.135                     -0.04499999999999996     -0.059746995615199694
0.14500000000000002       -0.04499999999999996     -0.06287188732648019
0.15500000000000003       -0.04499999999999996     -0.06567928599085349
0.16500000000000004       -0.04499999999999996     -0.06806784795115917
0.17500000000000004       -0.04499999999999996     -0.07004618164651788
0.18500000000000005       -0.04499999999999996     -0.07164201669013437
0.19499999999999995       -0.04499999999999996     -0.07262030043636969
0.20499999999999996       -0.04499999999999996     -0.0731744224923716
0.21499999999999997       -0.04499999999999996     -0.07322267047905484
0.22499999999999998       -0.04499999999999996     -0.07273571924588396
0.235                     -0.04499999999999996     -0.07180601763133154
0.245                     -0.04499999999999996     -0.07032363546922227
0.255                     -0.04499999999999996     -1.3868678030631258
0.265                     -0.04499999999999996     -1.3770793815973548
0.275                     -0.04499999999999996     -1.358657579732577
0.28500000000000003       -0.04499999999999996     -1.3329821281442946
0.29500000000000004       -0.04499999999999996     -1.2996474224050871
0.30500000000000005       -0.04499999999999996     -1.2597876034906932
0.31499999999999995       -0.04499999999999996     -1.214696002265157
0.32499999999999996       -0.04499999999999996     -1.1634969355765747
0.33499999999999996       -0.04499999999999996     -1.1083599897354617
0.345                     -0.04499999999999996     -1.0493152224511988
0.355                     -0.04499999999999996     -0.987291109383932
0.365                     -0.04499999999999996     -0.9231372934091837
0.375                     -0.04499999999999996     -0.8567578862756591
0.385                     -0.04499999999999996     -0.7897394174702299
0.395                     -0.04499999999999996     -0.721395480163217
0.405                     -0.04499999999999996     -0.6523273475392948
0.41500000000000004       -0.04499999999999996     -0.583122277379033
0.42500000000000004       -0.04499999999999996     -0.5135529904999601
0.43500000000000005       -0.04499999999999996     -0.4443855061751947
0.44499999999999995       -0.04499999999999996     -0.37548968706684605
0.45499999999999996       -0.04499999999999996     -0.3067590248468903
0.46499999999999997       -0.04499999999999996     -0.23827435223758187
0.475                     -0.04499999999999996     -0.1700230705309309
0.485                     -0.04499999999999996     -0.10193032358603205
0.495                     -0.04499999999999996     -0.03396705319678972
-0.495                    -0.03499999999999995     0.026453235451768364
-0.485                    -0.03499999999999995     0.07937972556558748
-0.475                    -0.03499999999999995     0.13239468003251886
-0.46499999999999997      -0.03499999999999995     0.1855169059162307
-0.45499999999999996      -0.03499999999999995     0.23879403836633628
-0.44499999999999995      -0.03499999999999995     0.29223681682853453
-0.43500000000000005      -0.03499999999999995     0.34578944780093934
-0.42500000000000004      -0.03499999999999995     0.3994474486364936
-0.41500000000000004      -0.03499999999999995     0.45283482558157573
-0.405                    -0.03499999999999995     0.5064433427649956
-0.395                    -0.03499999999999995     0.559616725336042
-0.385                    -0.03499999999999995     0.6123929901727792
-0.375                    -0.03499999999999995     0.6649382928708008
-0.365                    -0.03499999999999995     0.716113904479073
-0.355                    -0.03499999999999995     0.7653370806551152
-0.345                    -0.03499999999999995     0.8129399913512998
-0.33499999999999996      -0.03499999999999995     0.8581776281450431
-0.32499999999999996      -0.03499999999999995     0.9003444909406539
-0.31499999999999995      -0.03499999999999995     0.9394411550476605
-0.30499999999999994      -0.03499999999999995     0.9738082794562217
-0.29500000000000004      -0.03499999999999995     1.0038611171560774
-0.28500000000000003      -0.03499999999999995     1.029384490381517
-0.275                    -0.03499999999999995     1.0491190460808129
-0.265                    -0.03499999999999995     1.06290491260404
-0.255                    -0.03499999999999995     1.0703391983780648
-0.245                    -0.03499999999999995     0.054259539676166924
-0.235                    -0.03499999999999995     0.05537756357338708
-0.22499999999999998      -0.03499999999999995     0.05607750072528006
-0.21500000000000005      -0.03499999999999995     0.056442673381454256
-0.20500000000000004      -0.03499999999999995     0.056402902234005126
-0.19500000000000003      -0.03499999999999995     0.055979764942122756
-0.18500000000000003      -0.03499999999999995     0.05523460485329679
-0.17500000000000002      -0.03499999999999995     0.05401892586999679
-0.165                    -0.03499999999999995     0.05251071217593828
-0.15500000000000003      -0.03499999999999995     0.050687684762664276
-0.14500000000000002      -0.03499999999999995     0.0485417542827804
-0.135                    -0.03499999999999995     0.046149929138465495
-0.125                    -0.03499999999999995     0.04348810605983289
-0.11499999999999999      -0.03499999999999995     0.04063050757655162
-0.10499999999999998      -0.03499999999999995     0.037611857368176516
-0.09499999999999997      -0.03499999999999995     0.03440161031949174
-0.08499999999999999      -0.03499999999999995     0.031074187318232305
-0.07499999999999998      -0.03499999999999995     0.02763827291747134
-0.06499999999999997      -0.03499999999999995     0.024102151991826304
-0.054999999999999966     -0.03499999999999995     0.020515019239667254
-0.04499999999999996      -0.03499999999999995     0.016852162444877195
-0.03499999999999995      -0.03499999999999995     0.01321909817568212
-0.025000000000000022     -0.03499999999999995     0.009449456568802361
-0.015000000000000013     -0.03499999999999995     0.0056795568284258025
-0.0050000000000000044    -0.03499999999999995     0.0019021395266918262
0.0050000000000000044     -0.03499999999999995     -0.001883719607974399
0.015000000000000013      -0.03499999999999995     -0.005665088087752679
0.025000000000000022      -0.03499999999999995     -0.009446291271288487
0.03500000000000003       -0.03499999999999995     -0.013200175790075264
0.04500000000000004       -0.03499999999999995     -0.016820601267436786
0.05500000000000005       -0.03499999999999995     -0.02049447473942223
0.06499999999999995       -0.03499999999999995     -0.02412872226949503
0.07499999999999996       -0.03499999999999995     -0.027638124765189787
0.08499999999999996       -0.03499999999999995     -0.031076134508751352
0.09499999999999997       -0.03499999999999995     -0.034400707607062486
0.10499999999999998       -0.03499999999999995     -0.037612237286197114
0.11499999999999999       -0.03499999999999995     -0.0406314036498685
0.125                     -0.03499999999999995     -0.043488026641860245
0.135                     -0.03499999999999995     -0.04614970655768502
0.14500000000000002       -0.03499999999999995     -0.04854136717193569
0.15500000000000003       -0.03499999999999995     -0.050687068557408566
0.16500000000000004       -0.03499999999999995     -0.05250989524011662
0.17500000000000004       -0.03499999999999995     -0.05401790975540166
0.18500000000000005       -0.03499999999999995     -0.05523339640450331
0.19499999999999995       -0.03499999999999995     -0.05597837904849712
0.20499999999999996       -0.03499999999999995     -0.05640135157846515
0.21499999999999997       -0.03499999999999995     -0.05644097465831521
0.22499999999999998       -0.03499999999999995     -0.056075672984718494
0.235                     -0.03499999999999995     -0.05537562275878827
0.245                     -0.03499999999999995     -0.05425746768972317
0.255                     -0.03499999999999995     -1.0703570011408488
0.265                     -0.03499999999999995     -1.062955646606838
0.275                     -0.03499999999999995     -1.0489153083368297
0.28500000000000003       -0.03499999999999995     -1.029442644855635
0.29500000000000004       -0.03499999999999995     -1.0041529524197585
0.30500000000000005       -0.03499999999999995     -0.9737740226876497
0.31499999999999995       -0.03499999999999995     -0.9394058311138167
0.32499999999999996       -0.03499999999999995     -0.9003110074383471
0.33499999999999996       -0.03499999999999995     -0.8581460742804126
0.345                     -0.03499999999999995     -0.8129104664801119
0.355                     -0.03499999999999995     -0.7653100804840278
0.365                     -0.03499999999999995     -0.7159945905649465
0.375                     -0.03499999999999995     -0.6648736005375042
0.385                     -0.03499999999999995     -0.613279722415939
0.395                     -0.03499999999999995     -0.5604923983073675
0.405                     -0.03499999999999995     -0.5070654801038632
0.41500000000000004       -0.03499999999999995     -0.45347596405045465
0.42500000000000004       -0.03499999999999995     -0.39946054377347195
0.43500000000000005       -0.03499999999999995     -0.3457611549805506
0.44499999999999995       -0.03499999999999995     -0.29222131981481425
0.45499999999999996       -0.03499999999999995     -0.23878640722314515
0.46499999999999997       -0.03499999999999995     -0.1855108658612039
0.475                     -0.03499999999999995     -0.13239041435781473
0.485                     -0.03499999999999995     -0.07937720849704988
0.495                     -0.03499999999999995     -0.026452397634329827
-0.495                    -0.025000000000000022    0.018911919615277384
-0.485                    -0.025000000000000022    0.056748621240302555
-0.475                    -0.025000000000000022    0.09464181706999852
-0.46499999999999997      -0.025000000000000022    0.13260315616065554
-0.45499999999999996      -0.025000000000000022    0.17066090029170056
-0.44499999999999995      -0.025000000000000022    0.20882241876358876
-0.43500000000000005      -0.025000000000000022    0.2470628919891169
-0.42500000000000004      -0.025000000000000022    0.2853393979347345
-0.41500000000000004      -0.025000000000000022    0.3232576834917964
-0.405                    -0.025000000000000022    0.36143164601652755
-0.395                    -0.025000000000000022    0.3992137280045611
-0.385                    -0.025000000000000022    0.4367121669828151
-0.375                    -0.025000000000000022    0.4741405054107872
-0.365                    -0.025000000000000022    0.5104342033037028
-0.355                    -0.025000000000000022    0.5452673051817101
-0.345                    -0.025000000000000022    0.5789315094238745
-0.33499999999999996      -0.025000000000000022    0.6108823415551541
-0.32499999999999996      -0.025000000000000022    0.6406246776752482
-0.31499999999999995      -0.025000000000000022    0.6681712588713538
-0.30499999999999994      -0.025000000000000022    0.6923517149583063
-0.29500000000000004      -0.025000000000000022    0.7135164489948238
-0.28500000000000003      -0.025000000000000022    0.7313903261811561
-0.275                    -0.025000000000000022    0.7452910347187327
-0.265                    -0.025000000000000022    0.7549519789636179
-0.255                    -0.025000000000000022    0.760120338923457
-0.245                    -0.025000000000000022    0.03852522083238341
-0.235                    -0.025000000000000022    0.039305623112738886
-0.22499999999999998      -0.025000000000000022    0.03979342211147241
-0.21500000000000005      -0.025000000000000022    0.04004705232435413
-0.20500000000000004      -0.025000000000000022    0.04001728930566628
-0.19500000000000003      -0.025000000000000022    0.03971893026832163
-0.18500000000000003      -0.025000000000000022    0.03919466236743574
-0.17500000000000002      -0.025000000000000022    0.038339460998685126
-0.165                    -0.025000000000000022    0.03727794531492079
-0.15500000000000003      -0.025000000000000022    0.03599384921679416
-0.14500000000000002      -0.025000000000000022    0.03448072603760011
-0.135                    -0.025000000000000022    0.03279251438061692
-0.125                    -0.025000000000000022    0.03091138139775751
-0.11499999999999999      -0.025000000000000022    0.028890084027537455
-0.10499999999999998      -0.025000000000000022    0.02675243322073584
-0.09499999999999997      -0.025000000000000022    0.024476079519189398
-0.08499999999999999      -0.025000000000000022    0.022115555107767193
-0.07499999999999998      -0.025000000000000022    0.019675054927034807
-0.06499999999999997      -0.025000000000000022    0.017162119500909512
-0.054999999999999966     -0.025000000000000022    0.01461021642921878
-0.04499999999999996      -0.025000000000000022    0.012003011707847122
-0.03499999999999995      -0.025000000000000022    0.009373562832777793
-0.025000000000000022     -0.025000000000000022    0.006714437680670926
-0.015000000000000013     -0.025000000000000022    0.004013869105364165
-0.0050000000000000044    -0.025000000000000022    0.001336914216153673
0.0050000000000000044     -0.025000000000000022    -0.0013477560726755655
0.015000000000000013      -0.025000000000000022    -0.00403241108807606
0.025000000000000022      -0.025000000000000022    -0.0067078309160137906
0.03500000000000003       -0.025000000000000022    -0.009376975980686098
0.04500000000000004       -0.025000000000000022    -0.011988210377182895
0.05500000000000005       -0.025000000000000022    -0.014601611402895287
0.06499999999999995       -0.025000000000000022    -0.017175984843817105
0.07499999999999996       -0.025000000000000022    -0.019675919637762718
0.08499999999999996       -0.025000000000000022    -0.022117026292633568
0.09499999999999997       -0.025000000000000022    -0.024476209714151764
0.10499999999999998       -0.025000000000000022    -0.02675295271777145
0.11499999999999999       -0.025000000000000022    -0.02889078550931856
0.125                     -0.025000000000000022    -0.03091159262962151
0.135                     -0.025000000000000022    -0.03279252132367105
0.14500000000000002       -0.025000000000000022    -0.034480522852391005
0.15500000000000003       -0.025000000000000022    -0.03599342558186436
0.16500000000000004       -0.025000000000000022    -0.03727729945578373
0.17500000000000004       -0.025000000000000022    -0.0383385945200132
0.18500000000000005       -0.025000000000000022    -0.03919357912337773
0.19499999999999995       -0.025000000000000022    -0.03971764044499082
0.20499999999999996       -0.025000000000000022    -0.04001580261138571
0.21499999999999997       -0.025000000000000022    -0.04004538220674192
0.22499999999999998       -0.025000000000000022    -0.039791584992826756
0.235                     -0.025000000000000022    -0.039303633303092056
0.245                     -0.025000000000000022    -0.03852314650956146
0.255                     -0.025000000000000022    -0.76011957582989
0.265                     -0.025000000000000022    -0.7549595050185189
0.275                     -0.025000000000000022    -0.7450862322309604
0.28500000000000003       -0.025000000000000022    -0.7314792694994594
0.29500000000000004       -0.025000000000000022    -0.7137212591690627
0.30500000000000005       -0.025000000000000022    -0.6923157875469883
0.31499999999999995       -0.025000000000000022    -0.6681338215550454
0.32499999999999996       -0.025000000000000022    -0.6405891647560225
0.33499999999999996       -0.025000000000000022    -0.6108488546306319
0.345                     -0.025000000000000022    -0.5789001656321417
0.355                     -0.025000000000000022    -0.5452385910642477
0.365                     -0.025000000000000022    -0.5103152359604906
0.375                     -0.025000000000000022    -0.4740753794426098
0.385                     -0.025000000000000022    -0.4375804498654077
0.395                     -0.025000000000000022    -0.4000733359267059
0.405                     -0.025000000000000022    -0.36203263095022287
0.41500000000000004       -0.025000000000000022    -0.3238749518078805
0.42500000000000004       -0.025000000000000022    -0.2852687576820756
0.43500000000000005       -0.025000000000000022    -0.24699414998337943
0.44499999999999995       -0.025000000000000022    -0.20880568646776965
0.45499999999999996       -0.025000000000000022    -0.17065277467336415
0.46499999999999997       -0.025000000000000022    -0.1325968112064686
0.475                     -0.025000000000000022    -0.0946374131976313
0.485                     -0.025000000000000022    -0.05674597278252236
0.495                     -0.025000000000000022    -0.018911038102743305
-0.495                    -0.015000000000000013    0.011353420951522253
-0.485                    -0.015000000000000013    0.03406740416070875
-0.475                    -0.015000000000000013    0.056812659680986144
-0.46499999999999997      -0.015000000000000013    0.07959529315051839
-0.45499999999999996      -0.015000000000000013    0.10243011136115854
-0.44499999999999995      -0.015000000000000013    0.12532277052952168
-0.43500000000000005      -0.015000000000000013    0.14823030704559415
-0.42500000000000004      -0.015000000000000013    0.17113758560284964
-0.41500000000000004      -0.015000000000000013    0.19378150271338512
-0.405                    -0.015000000000000013    0.21663931417538018
-0.395                    -0.015000000000000013    0.23918701873052584
-0.385                    -0.015000000000000013    0.26160812726824645
-0.375                    -0.015000000000000013    0.2841566378402547
-0.365                    -0.015000000000000013    0.305836297025337
-0.355                    -0.015000000000000013    0.3265925871610307
-0.345                    -0.015000000000000013    0.3466574595424561
-0.33499999999999996      -0.015000000000000013    0.3656851329624544
-0.32499999999999996      -0.015000000000000013    0.38338214517602864
-0.31499999999999995      -0.015000000000000013    0.39976094313220756
-0.30499999999999994      -0.015000000000000013    0.4141255881149277
-0.29500000000000004      -0.015000000000000013    0.4266334147255293
-0.28500000000000003      -0.015000000000000013    0.43722211573845016
-0.275                    -0.015000000000000013    0.44556898130267797
-0.265                    -0.015000000000000013    0.45124002584230993
-0.255                    -0.015000000000000013    0.45432823474436645
-0.245                    -0.015000000000000013    0.023023345457730215
-0.235                    -0.015000000000000013    0.023484442968566555
-0.22499999999999998      -0.015000000000000013    0.02377231948901226
-0.21500000000000005      -0.015000000000000013    0.023921618590165394
-0.20500000000000004      -0.015000000000000013    0.023903160159179038
-0.19500000000000003      -0.015000000000000013    0.023725588330080427
-0.18500000000000003      -0.015000000000000013    0.02341407916537719
-0.17500000000000002      -0.015000000000000013    0.022906038444773458
-0.165                    -0.015000000000000013    0.022275256147298306
-0.15500000000000003      -0.015000000000000013    0.02151184157750663
-0.14500000000000002      -0.015000000000000013    0.020611665885837738
-0.135                    -0.015000000000000013    0.01960667319900722
-0.125                    -0.015000000000000013    0.018485940886343144
-0.11499999999999999      -0.015000000000000013    0.017281022203405882
-0.10499999999999998      -0.015000000000000013    0.01600575556292938
-0.09499999999999997      -0.015000000000000013    0.01464650939615808
-0.08499999999999999      -0.015000000000000013    0.013236663768537937
-0.07499999999999998      -0.015000000000000013    0.011777882344105706
-0.06499999999999997      -0.015000000000000013    0.01027553146272453
-0.054999999999999966     -0.015000000000000013    0.00874935015397682
-0.04499999999999996      -0.015000000000000013    0.007188111875649383
-0.03499999999999995      -0.015000000000000013    0.005611396627152487
-0.025000000000000022     -0.015000000000000013    0.004026193333061201
-0.015000000000000013     -0.015000000000000013    0.002557531002992164
-0.0050000000000000044    -0.015000000000000013    7.821490671631182E-4
0.0050000000000000044     -0.015000000000000013    -7.869461778113873E-4
0.015000000000000013      -0.015000000000000013    -0.0024278448672703234
0.025000000000000022      -0.015000000000000013    -0.004036542254253206
0.03500000000000003       -0.015000000000000013    -0.005625368901732486
0.04500000000000004       -0.015000000000000013    -0.0071818770565243994
0.05500000000000005       -0.015000000000000013    -0.008744427906805186
0.06499999999999995       -0.015000000000000013    -0.010283124923262221
0.07499999999999996       -0.015000000000000013    -0.011778944402593083
0.08499999999999996       -0.015000000000000013    -0.013238190973126507
0.09499999999999997       -0.015000000000000013    -0.014647302585274247
0.10499999999999998       -0.015000000000000013    -0.01600651743410708
0.11499999999999999       -0.015000000000000013    -0.01728174549555206
0.125                     -0.015000000000000013    -0.01848640731267892
0.135                     -0.015000000000000013    -0.019606916041652767
0.14500000000000002       -0.015000000000000013    -0.020611667665605182
0.15500000000000003       -0.015000000000000013    -0.02151160868373836
0.16500000000000004       -0.015000000000000013    -0.022274779693798763
0.17500000000000004       -0.015000000000000013    -0.022905316713604407
0.18500000000000005       -0.015000000000000013    -0.02341311299295512
0.19499999999999995       -0.015000000000000013    -0.023724383467708776
0.20499999999999996       -0.015000000000000013    -0.02390172370276389
0.21499999999999997       -0.015000000000000013    -0.02391996134726071
0.22499999999999998       -0.015000000000000013    -0.023770456122974792
0.235                     -0.015000000000000013    -0.023482387777477243
0.245                     -0.015000000000000013    -0.02302118853350521
0.255                     -0.015000000000000013    -0.4543220346067187
0.265                     -0.015000000000000013    -0.45122944584682045
0.275                     -0.015000000000000013    -0.445529065358528
0.28500000000000003       -0.015000000000000013    -0.4372833177577604
0.29500000000000004       -0.015000000000000013    -0.4268299721553035
0.30500000000000005       -0.015000000000000013    -0.41408654517717025
0.31499999999999995       -0.015000000000000013    -0.39972118005067614
0.32499999999999996       -0.015000000000000013    -0.38334444873441953
0.33499999999999996       -0.015000000000000013    -0.36564960774146016
0.345                     -0.015000000000000013    -0.34662422822469807
0.355                     -0.015000000000000013    -0.3265621283472342
0.365                     -0.015000000000000013    -0.3057169254645373
0.375                     -0.015000000000000013    -0.2840908747735966
0.385                     -0.015000000000000013    -0.2624644214507299
0.395                     -0.015000000000000013    -0.24003721424245583
0.405                     -0.015000000000000013    -0.21722547659462066
0.41500000000000004       -0.015000000000000013    -0.19437334910585236
0.42500000000000004       -0.015000000000000013    -0.17114651434286543
0.43500000000000005       -0.015000000000000013    -0.1482029132358207
0.44499999999999995       -0.015000000000000013    -0.1253068063405749
0.45499999999999996       -0.015000000000000013    -0.10242160115019772
0.46499999999999997       -0.015000000000000013    -0.07958868844443145
0.475                     -0.015000000000000013    -0.05680801296153959
0.485                     -0.015000000000000013    -0.03406463945199789
0.495                     -0.015000000000000013    -0.011352501064436638
-0.495                    -0.0050000000000000044   0.0037853725958285622
-0.485                    -0.0050000000000000044   0.011358402991305638
-0.475                    -0.0050000000000000044   0.018941451088579697
-0.46499999999999997      -0.0050000000000000044   0.0265363843815436
-0.45499999999999996      -0.0050000000000000044   0.03414766500530675
-0.44499999999999995      -0.0050000000000000044   0.041782279000472045
-0.43500000000000005      -0.0050000000000000044   0.04943143057744237
-0.42500000000000004      -0.0050000000000000044   0.05706713541565023
-0.41500000000000004      -0.0050000000000000044   0.06437528887077093
-0.405                    -0.0050000000000000044   0.07199234273518362
-0.395                    -0.0050000000000000044   0.07939747336389757
-0.385                    -0.0050000000000000044   0.08686082257602834
-0.375                    -0.0050000000000000044   0.09467608273416772
-0.365                    -0.0050000000000000044   0.10190154881399849
-0.355                    -0.0050000000000000044   0.10876683950931465
-0.345                    -0.0050000000000000044   0.1154332110357359
-0.33499999999999996      -0.0050000000000000044   0.12175218203039151
-0.32499999999999996      -0.0050000000000000044   0.12762673063133434
-0.31499999999999995      -0.0050000000000000044   0.13306180323752415
-0.30499999999999994      -0.0050000000000000044   0.13782564186298885
-0.29500000000000004      -0.0050000000000000044   0.14186834386339342
-0.28500000000000003      -0.0050000000000000044   0.1454507292011158
-0.275                    -0.0050000000000000044   0.1482521856112271
-0.265                    -0.0050000000000000044   0.15012762072285213
-0.255                    -0.0050000000000000044   0.15113295734755638
-0.245                    -0.0050000000000000044   0.0076591669864711776
-0.235                    -0.0050000000000000044   0.007811677457169708
-0.22499999999999998      -0.0050000000000000044   0.00790683432245487
-0.21500000000000005      -0.0050000000000000044   0.007956112051488162
-0.20500000000000004      -0.0050000000000000044   0.007949841246109202
-0.19500000000000003      -0.0050000000000000044   0.007890865213482812
-0.18500000000000003      -0.0050000000000000044   0.0077875051432556575
-0.17500000000000002      -0.0050000000000000044   0.007618965303976211
-0.165                    -0.0050000000000000044   0.007409682650925342
-0.15500000000000003      -0.0050000000000000044   0.007156339155955038
-0.14500000000000002      -0.0050000000000000044   0.006857522326527032
-0.135                    -0.0050000000000000044   0.006523781295953768
-0.125                    -0.0050000000000000044   0.006151481478894993
-0.11499999999999999      -0.0050000000000000044   0.005751170835551989
-0.10499999999999998      -0.0050000000000000044   0.005327257377132355
-0.09499999999999997      -0.0050000000000000044   0.0048751588147410985
-0.08499999999999999      -0.0050000000000000044   0.004406258176274491
-0.07499999999999998      -0.0050000000000000044   0.003920942802665195
-0.06499999999999997      -0.0050000000000000044   0.0034209527341886314
-0.054999999999999966     -0.0050000000000000044   0.002911925944658833
-0.04499999999999996      -0.0050000000000000044   0.0023908142643875863
-0.03499999999999995      -0.0050000000000000044   0.0018648554286855301
-0.025000000000000022     -0.0050000000000000044   0.0013366871892515064
-0.015000000000000013     -0.0050000000000000044   7.849671230815147E-4
-0.0050000000000000044    -0.0050000000000000044   2.590330057685719E-4
0.0050000000000000044     -0.0050000000000000044   -2.600222837259025E-4
0.015000000000000013      -0.0050000000000000044   -8.828446759707731E-4
0.025000000000000022      -0.0050000000000000044   -0.0013441296788982982
0.03500000000000003       -0.0050000000000000044   -0.001875287948067239
0.04500000000000004       -0.0050000000000000044   -0.0023907381733749844
0.05500000000000005       -0.0050000000000000044   -0.002910770527535078
0.06499999999999995       -0.0050000000000000044   -0.003426329551842855
0.07499999999999996       -0.0050000000000000044   -0.00392244925126306
0.08499999999999996       -0.0050000000000000044   -0.004407902549615983
0.09499999999999997       -0.0050000000000000044   -0.004876429973023733
0.10499999999999998       -0.0050000000000000044   -0.005328285665797239
0.11499999999999999       -0.0050000000000000044   -0.005752042136634827
0.125                     -0.0050000000000000044   -0.006152203730081851
0.135                     -0.0050000000000000044   -0.0065242671284977405
0.14500000000000002       -0.0050000000000000044   -0.006857735893731842
0.15500000000000003       -0.0050000000000000044   -0.007156301905467899
0.16500000000000004       -0.0050000000000000044   -0.007409377511418347
0.17500000000000004       -0.0050000000000000044   -0.00761838700495332
0.18500000000000005       -0.0050000000000000044   -0.007786651400920164
0.19499999999999995       -0.0050000000000000044   -0.007889737384573436
0.20499999999999996       -0.0050000000000000044   -0.00794844399242578
0.21499999999999997       -0.0050000000000000044   -0.007954453796614303
0.22499999999999998       -0.0050000000000000044   -0.007904927810301388
0.235                     -0.0050000000000000044   -0.007809535986382343
0.245                     -0.0050000000000000044   -0.007656828751862577
0.255                     -0.0050000000000000044   -0.1511259414536994
0.265                     -0.0050000000000000044   -0.15010297237279246
0.275                     -0.0050000000000000044   -0.14813534200391132
0.28500000000000003       -0.0050000000000000044   -0.14547751000185372
0.29500000000000004       -0.0050000000000000044   -0.14211925376059753
0.30500000000000005       -0.0050000000000000044   -0.1377836244459587
0.31499999999999995       -0.0050000000000000044   -0.13301953330906713
0.32499999999999996       -0.0050000000000000044   -0.12758670018001794
0.33499999999999996       -0.0050000000000000044   -0.12171450545480411
0.345                     -0.0050000000000000044   -0.11539801782609516
0.355                     -0.0050000000000000044   -0.10873459992831158
0.365                     -0.0050000000000000044   -0.10178106640364604
0.375                     -0.0050000000000000044   -0.09460944532816029
0.385                     -0.0050000000000000044   -0.08771776391861863
0.395                     -0.0050000000000000044   -0.08024821717287978
0.405                     -0.0050000000000000044   -0.0725931168097027
0.41500000000000004       -0.0050000000000000044   -0.06499816323810137
0.42500000000000004       -0.0050000000000000044   -0.05705294457973764
0.43500000000000005       -0.0050000000000000044   -0.04938928886775784
0.44499999999999995       -0.0050000000000000044   -0.04176636793707189
0.45499999999999996       -0.0050000000000000044   -0.03413890282166676
0.46499999999999997       -0.0050000000000000044   -0.02652953754542864
0.475                     -0.0050000000000000044   -0.01893661711318373
0.485                     -0.0050000000000000044   -0.011355542096424642
0.495                     -0.0050000000000000044   -0.0037844208982562577
-0.495                    0.0050000000000000044    -0.0037857333222461875
-0.485                    0.0050000000000000044    -0.011359481736519683
-0.475                    0.0050000000000000044    -0.018943131589452378
-0.46499999999999997      0.0050000000000000044    -0.026538648470335602
-0.45499999999999996      0.0050000000000000044    -0.034150852792855346
-0.44499999999999995      0.0050000000000000044    -0.04176983820329383
-0.43500000000000005      0.0050000000000000044    -0.04941860367449635
-0.42500000000000004      0.0050000000000000044    -0.057088172278810134
-0.41500000000000004      0.0050000000000000044    -0.06500288713328217
-0.405                    0.0050000000000000044    -0.07260448169420153
-0.395                    0.0050000000000000044    -0.08031006490468684
-0.385                    0.0050000000000000044    -0.08776611651795463
-0.375                    0.0050000000000000044    -0.0946341472370591
-0.365                    0.0050000000000000044    -0.10180964826190575
-0.355                    0.0050000000000000044    -0.10877399683118938
-0.345                    0.0050000000000000044    -0.11543964345946023
-0.33499999999999996      0.0050000000000000044    -0.12175850502963215
-0.32499999999999996      0.0050000000000000044    -0.12763290364472368
-0.31499999999999995      0.0050000000000000044    -0.13306776623446126
-0.30499999999999994      0.0050000000000000044    -0.1378340327564871
-0.29500000000000004      0.0050000000000000044    -0.1421393482993949
-0.28500000000000003      0.0050000000000000044    -0.14554711861133995
-0.275                    0.0050000000000000044    -0.14827802302261262
-0.265                    0.0050000000000000044    -0.15015719186862952
-0.255                    0.0050000000000000044    -0.1511908626750369
-0.245                    0.0050000000000000044    -0.00765945249740696
-0.235                    0.0050000000000000044    -0.007811950578030746
-0.22499999999999998      0.0050000000000000044    -0.007907131468328998
-0.21500000000000005      0.0050000000000000044    -0.007956440805259035
-0.20500000000000004      0.0050000000000000044    -0.007950212623143216
-0.19500000000000003      0.0050000000000000044    -0.007891290528903028
-0.18500000000000003      0.0050000000000000044    -0.0077879943759739945
-0.17500000000000002      0.0050000000000000044    -0.007619533094924691
-0.165                    0.0050000000000000044    -0.007410338010269246
-0.15500000000000003      0.0050000000000000044    -0.007157091967059159
-0.14500000000000002      0.0050000000000000044    -0.006858357878172683
-0.135                    0.0050000000000000044    -0.006524796889834761
-0.125                    0.0050000000000000044    -0.006152627845395386
-0.11499999999999999      0.0050000000000000044    -0.005752220392238883
-0.10499999999999998      0.0050000000000000044    -0.005328422541595046
-0.09499999999999997      0.0050000000000000044    -0.004876620135888743
-0.08499999999999999      0.0050000000000000044    -0.0044079452113265916
-0.07499999999999998      0.0050000000000000044    -0.003922490162338477
-0.06499999999999997      0.0050000000000000044    -0.0034229113217065787
-0.054999999999999966     0.0050000000000000044    -0.002918201069689985
-0.04499999999999996      0.0050000000000000044    -0.0024020733023633056
-0.03499999999999995      0.0050000000000000044    -0.0018746870915329339
-0.025000000000000022     0.0050000000000000044    -0.001342866425545708
-0.015000000000000013     0.0050000000000000044    -8.787275012309692E-4
-0.0050000000000000044    0.0050000000000000044    -2.58443574807643E-4
0.0050000000000000044     0.0050000000000000044    2.617658939954026E-4
0.015000000000000013      0.0050000000000000044    7.825582488294458E-4
0.025000000000000022      0.0050000000000000044    0.001336006155497671
0.03500000000000003       0.0050000000000000044    0.00186477773965521
0.04500000000000004       0.0050000000000000044    0.0023939710515890056
0.05500000000000005       0.0050000000000000044    0.0029145096380887026
0.06499999999999995       0.0050000000000000044    0.003419111854015
0.07499999999999996       0.0050000000000000044    0.003920599230823996
0.08499999999999996       0.0050000000000000044    0.004406070956648023
0.09499999999999997       0.0050000000000000044    0.004875020835072519
0.10499999999999998       0.0050000000000000044    0.005327119984229967
0.11499999999999999       0.0050000000000000044    0.0057511271027266275
0.125                     0.0050000000000000044    0.006151624898542707
0.135                     0.0050000000000000044    0.0065240531338588426
0.14500000000000002       0.0050000000000000044    0.006857925047370372
0.15500000000000003       0.0050000000000000044    0.007156924738382031
0.16500000000000004       0.0050000000000000044    0.007410466192265153
0.17500000000000004       0.0050000000000000044    0.007619965605130119
0.18500000000000005       0.0050000000000000044    0.007788736885288472
0.19499999999999995       0.0050000000000000044    0.007892346259239957
0.20499999999999996       0.0050000000000000044    0.007951579309292356
0.21499999999999997       0.0050000000000000044    0.007958112273271922
0.22499999999999998       0.0050000000000000044    0.00790909637578352
0.235                     0.0050000000000000044    0.00781419617990764
0.245                     0.0050000000000000044    0.007661911786087217
0.255                     0.0050000000000000044    0.15119951614298088
0.265                     0.0050000000000000044    0.15014572069912901
0.275                     0.0050000000000000044    0.14832023737309896
0.28500000000000003       0.0050000000000000044    0.14553820514220206
0.29500000000000004       0.0050000000000000044    0.1419267903043533
0.30500000000000005       0.0050000000000000044    0.13787828345977005
0.31499999999999995       0.0050000000000000044    0.1331127242872583
0.32499999999999996       0.0050000000000000044    0.12767542637641327
0.33499999999999996       0.0050000000000000044    0.12179845355441898
0.345                     0.0050000000000000044    0.11547687509156646
0.355                     0.0050000000000000044    0.10880804899434793
0.365                     0.0050000000000000044    0.10193190479259329
0.375                     0.0050000000000000044    0.09470208623434928
0.385                     0.0050000000000000044    0.08690791283711974
0.395                     0.0050000000000000044    0.07945583770086984
0.405                     0.0050000000000000044    0.07201656723981387
0.41500000000000004       0.0050000000000000044    0.06439704802490809
0.42500000000000004       0.0050000000000000044    0.05710641157972418
0.43500000000000005       0.0050000000000000044    0.049460103003013955
0.44499999999999995       0.0050000000000000044    0.04178654473432175
0.45499999999999996       0.0050000000000000044    0.03415978345765325
0.46499999999999997       0.0050000000000000044    0.026545697459027906
0.475                     0.0050000000000000044    0.018948118615384146
0.485                     0.0050000000000000044    0.01136241618868894
0.495                     0.0050000000000000044    0.0037867092552090753
-0.495                    0.015000000000000013     -0.011353786032501034
-0.485                    0.015000000000000013     -0.034068495769986384
-0.475                    0.015000000000000013     -0.056814395253240946
-0.46499999999999997      0.015000000000000013     -0.07959758202659373
-0.45499999999999996      0.015000000000000013     -0.10243326596956592
-0.44499999999999995      0.015000000000000013     -0.12530887911043465
-0.43500000000000005      0.015000000000000013     -0.14823773485909442
-0.42500000000000004      0.015000000000000013     -0.1712012642794889
-0.41500000000000004      0.015000000000000013     -0.19441575539605793
-0.405                    0.015000000000000013     -0.2172584497917236
-0.395                    0.015000000000000013     -0.2401016577182844
-0.385                    0.015000000000000013     -0.26251767445057794
-0.375                    0.015000000000000013     -0.2841143963070749
-0.365                    0.015000000000000013     -0.3057437425036369
-0.355                    0.015000000000000013     -0.3265998179921894
-0.345                    0.015000000000000013     -0.3466639484444656
-0.33499999999999996      0.015000000000000013     -0.36569149911291277
-0.32499999999999996      0.015000000000000013     -0.3833883496284045
-0.31499999999999995      0.015000000000000013     -0.399766950439016
-0.30499999999999994      0.015000000000000013     -0.4141340690589175
-0.29500000000000004      0.015000000000000013     -0.42684878685935246
-0.28500000000000003      0.015000000000000013     -0.43733044546388555
-0.275                    0.015000000000000013     -0.44549526077855717
-0.265                    0.015000000000000013     -0.4512776573285464
-0.255                    0.015000000000000013     -0.45437578736994055
-0.245                    0.015000000000000013     -0.023023653906918184
-0.235                    0.015000000000000013     -0.023484709997177333
-0.22499999999999998      0.015000000000000013     -0.023772607756342268
-0.21500000000000005      0.015000000000000013     -0.0239219367699377
-0.20500000000000004      0.015000000000000013     -0.02390352006938201
-0.19500000000000003      0.015000000000000013     -0.023726001844948996
-0.18500000000000003      0.015000000000000013     -0.023414556650550367
-0.17500000000000002      0.015000000000000013     -0.022906595201590108
-0.165                    0.015000000000000013     -0.022275901369775974
-0.15500000000000003      0.015000000000000013     -0.021512586349956564
-0.14500000000000002      0.015000000000000013     -0.020612486604306923
-0.135                    0.015000000000000013     -0.019607685555428134
-0.125                    0.015000000000000013     -0.018487108435266464
-0.11499999999999999      0.015000000000000013     -0.017282059227909485
-0.10499999999999998      0.015000000000000013     -0.01600685883653341
-0.09499999999999997      0.015000000000000013     -0.014647776286949465
-0.08499999999999999      0.015000000000000013     -0.013238516159233882
-0.07499999999999998      0.015000000000000013     -0.011779338584673837
-0.06499999999999997      0.015000000000000013     -0.010279474322032911
-0.054999999999999966     0.015000000000000013     -0.008757288037912758
-0.04499999999999996      0.015000000000000013     -0.007208101872691941
-0.03499999999999995      0.015000000000000013     -0.005628314201651108
-0.025000000000000022     0.015000000000000013     -0.004033535785815445
-0.015000000000000013     0.015000000000000013     -0.0024213648000568355
-0.0050000000000000044    0.015000000000000013     -7.952599294185347E-4
0.0050000000000000044     0.015000000000000013     7.831674504359398E-4
0.015000000000000013      0.015000000000000013     0.002392397955418346
0.025000000000000022      0.015000000000000013     0.004026063128264923
0.03500000000000003       0.015000000000000013     0.005612599987742328
0.04500000000000004       0.015000000000000013     0.007184636299157887
0.05500000000000005       0.015000000000000013     0.008747216350826648
0.06499999999999995       0.015000000000000013     0.01027599340937968
0.07499999999999996       0.015000000000000013     0.011777309498484101
0.08499999999999996       0.015000000000000013     0.013236278373710775
0.09499999999999997       0.015000000000000013     0.014645916048436902
0.10499999999999998       0.015000000000000013     0.016005331624569408
0.11499999999999999       0.015000000000000013     0.017280755551084326
0.125                     0.015000000000000013     0.01848579254369298
0.135                     0.015000000000000013     0.019606666668124717
0.14500000000000002       0.015000000000000013     0.020611823218473546
0.15500000000000003       0.015000000000000013     0.021512201403453446
0.16500000000000004       0.015000000000000013     0.022275842998491502
0.17500000000000004       0.015000000000000013     0.022906875762231493
0.18500000000000005       0.015000000000000013     0.02341518565538081
0.19499999999999995       0.015000000000000013     0.023726987430563895
0.20499999999999996       0.015000000000000013     0.023904862565565566
0.21499999999999997       0.015000000000000013     0.023923632260789418
0.22499999999999998       0.015000000000000013     0.02377464611350888
0.235                     0.015000000000000013     0.023487078387802285
0.245                     0.015000000000000013     0.023026279055855525
0.255                     0.015000000000000013     0.4543819481979483
0.265                     0.015000000000000013     0.45130144574068254
0.275                     0.015000000000000013     0.4455555188852145
0.28500000000000003       0.015000000000000013     0.43726589945458727
0.29500000000000004       0.015000000000000013     0.4266643280555513
0.30500000000000005       0.015000000000000013     0.41418167382569493
0.31499999999999995       0.015000000000000013     0.3998148456362287
0.32499999999999996       0.015000000000000013     0.3834335596918379
0.33499999999999996       0.015000000000000013     0.36573385000581027
0.345                     0.015000000000000013     0.3467032939083481
0.355                     0.015000000000000013     0.3266357061354199
0.365                     0.015000000000000013     0.3058684225338766
0.375                     0.015000000000000013     0.2841841066059203
0.385                     0.015000000000000013     0.2616538064114451
0.395                     0.015000000000000013     0.23924109234604884
0.405                     0.015000000000000013     0.2166746583969541
0.41500000000000004       0.015000000000000013     0.1938225658782926
0.42500000000000004       0.015000000000000013     0.1712061843758761
0.43500000000000005       0.015000000000000013     0.14827058512213398
0.44499999999999995       0.015000000000000013     0.1253266925903631
0.45499999999999996       0.015000000000000013     0.1024423858884802
0.46499999999999997       0.015000000000000013     0.07960477036507996
0.475                     0.015000000000000013     0.05681945668570165
0.485                     0.015000000000000013     0.034071477985435195
0.495                     0.015000000000000013     0.011354777465498955
-0.495                    0.025000000000000022     -0.018912293635665378
-0.485                    0.025000000000000022     -0.05674974034050706
-0.475                    0.025000000000000022     -0.09464372894433382
-0.46499999999999997      0.025000000000000022     -0.13260549534298605
-0.45499999999999996      0.025000000000000022     -0.17066406425571046
-0.44499999999999995      0.025000000000000022     -0.20880696955083522
-0.43500000000000005      0.025000000000000022     -0.247017386051823
-0.42500000000000004      0.025000000000000022     -0.28529859551898085
-0.41500000000000004      0.025000000000000022     -0.3238952545653291
-0.405                    0.025000000000000022     -0.36205338370602513
-0.395                    0.025000000000000022     -0.40013669346940617
-0.385                    0.025000000000000022     -0.4376322391728422
-0.375                    0.025000000000000022     -0.474097634726661
-0.365                    0.025000000000000022     -0.5103403307344934
-0.355                    0.025000000000000022     -0.5452746840197733
-0.345                    0.025000000000000022     -0.5789381140419181
-0.33499999999999996      0.025000000000000022     -0.6108887954757165
-0.32499999999999996      0.025000000000000022     -0.6406309261807053
-0.31499999999999995      0.025000000000000022     -0.6681772396443364
-0.30499999999999994      0.025000000000000022     -0.6923591452673747
-0.29500000000000004      0.025000000000000022     -0.7133131670004786
-0.28500000000000003      0.025000000000000022     -0.7314364844106649
-0.275                    0.025000000000000022     -0.7452377939995074
-0.265                    0.025000000000000022     -0.7549482858013903
-0.255                    0.025000000000000022     -0.7601790899112189
-0.245                    0.025000000000000022     -0.03852553022396421
-0.235                    0.025000000000000022     -0.03930587393816154
-0.22499999999999998      0.025000000000000022     -0.03979369124917298
-0.21500000000000005      0.025000000000000022     -0.040047348710729125
-0.20500000000000004      0.025000000000000022     -0.040017625720565775
-0.19500000000000003      0.025000000000000022     -0.03971931960492725
-0.18500000000000003      0.025000000000000022     -0.039195116083249104
-0.17500000000000002      0.025000000000000022     -0.038339995004406546
-0.165                    0.025000000000000022     -0.037278569632626546
-0.15500000000000003      0.025000000000000022     -0.03599459386168746
-0.14500000000000002      0.025000000000000022     -0.03448149845928583
-0.135                    0.025000000000000022     -0.03279349985646718
-0.125                    0.025000000000000022     -0.030912564851739432
-0.11499999999999999      0.025000000000000022     -0.028891057692732147
-0.10499999999999998      0.025000000000000022     -0.026753394277363896
-0.09499999999999997      0.025000000000000022     -0.024476965412219442
-0.08499999999999999      0.025000000000000022     -0.022117713421664575
-0.07499999999999998      0.025000000000000022     -0.01967625548718388
-0.06499999999999997      0.025000000000000022     -0.017170795042005693
-0.054999999999999966     0.025000000000000022     -0.01461297759288982
-0.04499999999999996      0.025000000000000022     -0.011990521291942002
-0.03499999999999995      0.025000000000000022     -0.009333582101305637
-0.025000000000000022     0.025000000000000022     -0.00669807615250928
-0.015000000000000013     0.025000000000000022     -0.004030160442198394
-0.0050000000000000044    0.025000000000000022     -0.0013496021040850792
0.0050000000000000044     0.025000000000000022     0.0013350928689987995
0.015000000000000013      0.025000000000000022     0.004010069189234855
0.025000000000000022      0.025000000000000022     0.006713987243472275
0.03500000000000003       0.025000000000000022     0.009378296289179744
0.04500000000000004       0.025000000000000022     0.011995916600412215
0.05500000000000005       0.025000000000000022     0.014605273316561806
0.06499999999999995       0.025000000000000022     0.01716545356029542
0.07499999999999996       0.025000000000000022     0.01967408490277478
0.08499999999999996       0.025000000000000022     0.022114974424482625
0.09499999999999997       0.025000000000000022     0.024474822202932955
0.10499999999999998       0.025000000000000022     0.026751734232959734
0.11499999999999999       0.025000000000000022     0.028889633051704777
0.125                     0.025000000000000022     0.0309109037101436
0.135                     0.025000000000000022     0.0327921983990791
0.14500000000000002       0.025000000000000022     0.03448061032310079
0.15500000000000003       0.025000000000000022     0.035993956969548435
0.16500000000000004       0.025000000000000022     0.03727831087233713
0.17500000000000004       0.025000000000000022     0.03834011339478138
0.18500000000000005       0.025000000000000022     0.03919562520826503
0.19499999999999995       0.025000000000000022     0.039720233883599576
0.20499999999999996       0.025000000000000022     0.0400189481463471
0.21499999999999997       0.025000000000000022     0.04004907784268141
0.22499999999999998       0.025000000000000022     0.03979581820453859
0.235                     0.025000000000000022     0.039308386344600876
0.245                     0.025000000000000022     0.038528332410081134
0.255                     0.025000000000000022     0.7601946649967317
0.265                     0.025000000000000022     0.7550065908221768
0.275                     0.025000000000000022     0.7453494451020428
0.28500000000000003       0.025000000000000022     0.7314312215881955
0.29500000000000004       0.025000000000000022     0.7134884964882531
0.30500000000000005       0.025000000000000022     0.6924128834287444
0.31499999999999995       0.025000000000000022     0.6682284511484227
0.32499999999999996       0.025000000000000022     0.640679046272794
0.33499999999999996       0.025000000000000022     0.6109336798942309
0.345                     0.025000000000000022     0.5789796410378543
0.355                     0.025000000000000022     0.5453124189512266
0.365                     0.025000000000000022     0.5104681281972034
0.375                     0.025000000000000022     0.4741690916666528
0.385                     0.025000000000000022     0.4367600220506773
0.395                     0.025000000000000022     0.39926778999676316
0.405                     0.025000000000000022     0.36145275568606117
0.41500000000000004       0.025000000000000022     0.3232691539282797
0.42500000000000004       0.025000000000000022     0.2853241055978941
0.43500000000000005       0.025000000000000022     0.24706595299250012
0.44499999999999995       0.025000000000000022     0.2088253240479787
0.45499999999999996       0.025000000000000022     0.1706733651268877
0.46499999999999997       0.025000000000000022     0.13261273450491728
0.475                     0.025000000000000022     0.09464873929766782
0.485                     0.025000000000000022     0.05675273898435762
0.495                     0.025000000000000022     0.018913290185366805
-0.495                    0.03500000000000003      -0.02645362257993611
-0.485                    0.03500000000000003      -0.07938088326883985
-0.475                    0.03500000000000003      -0.13239652969843974
-0.46499999999999997      0.03500000000000003      -0.1855193495526919
-0.45499999999999996      0.03500000000000003      -0.23879739364436148
-0.44499999999999995      0.03500000000000003      -0.29222321852267896
-0.43500000000000005      0.03500000000000003      -0.34580058663419777
-0.42500000000000004      0.03500000000000003      -0.39951736674032645
-0.41500000000000004      0.03500000000000003      -0.4534776420574076
-0.405                    0.03500000000000003      -0.5070728564837845
-0.395                    0.03500000000000003      -0.560555830858263
-0.385                    0.03500000000000003      -0.6133285858923898
-0.375                    0.03500000000000003      -0.6648944929593767
-0.365                    0.03500000000000003      -0.7160180369691034
-0.355                    0.03500000000000003      -0.765344687728458
-0.345                    0.03500000000000003      -0.8129467784816029
-0.33499999999999996      0.03500000000000003      -0.8581842257844556
-0.32499999999999996      0.03500000000000003      -0.9003508322113021
-0.31499999999999995      0.03500000000000003      -0.9394471514889631
-0.30499999999999994      0.03500000000000003      -0.9738167838559093
-0.29500000000000004      0.03500000000000003      -1.0041507940533734
-0.28500000000000003      0.03500000000000003      -1.0294840594224297
-0.275                    0.03500000000000003      -1.049043324574086
-0.265                    0.03500000000000003      -1.0629832001067143
-0.255                    0.03500000000000003      -1.070398117523382
-0.245                    0.03500000000000003      -0.05425973533097306
-0.235                    0.03500000000000003      -0.05537778861386755
-0.22499999999999998      0.03500000000000003      -0.05607773995814114
-0.21500000000000005      0.03500000000000003      -0.056442935821991114
-0.20500000000000004      0.03500000000000003      -0.05640320204463478
-0.19500000000000003      0.03500000000000003      -0.055980116338190555
-0.18500000000000003      0.03500000000000003      -0.055235019403312435
-0.17500000000000002      0.03500000000000003      -0.05401942054891151
-0.165                    0.03500000000000003      -0.05251129366190521
-0.15500000000000003      0.03500000000000003      -0.05068843756799879
-0.14500000000000002      0.03500000000000003      -0.048542503347619004
-0.135                    0.03500000000000003      -0.046150823378042105
-0.125                    0.03500000000000003      -0.04348926693046451
-0.11499999999999999      0.03500000000000003      -0.04063135186697764
-0.10499999999999998      0.03500000000000003      -0.03761265613704268
-0.09499999999999997      0.03500000000000003      -0.034402103447803256
-0.08499999999999999      0.03500000000000003      -0.031076702407943912
-0.07499999999999998      0.03500000000000003      -0.027639160028599008
-0.06499999999999997      0.03500000000000003      -0.0241248219284671
-0.054999999999999966     0.03500000000000003      -0.020504140845844177
-0.04499999999999996      0.03500000000000003      -0.016841975217289473
-0.03499999999999995      0.03500000000000003      -0.013171921844363332
-0.025000000000000022     0.03500000000000003      -0.009425869737372361
-0.015000000000000013     0.03500000000000003      -0.005657461960609567
-0.0050000000000000044    0.03500000000000003      -0.0018796026819529743
0.0050000000000000044     0.03500000000000003      0.0019052187176669122
0.015000000000000013      0.03500000000000003      0.0056848653977397134
0.025000000000000022      0.03500000000000003      0.009461091475742478
0.03500000000000003       0.03500000000000003      0.01322125097880189
0.04500000000000004       0.03500000000000003      0.016842086311612547
0.05500000000000005       0.03500000000000003      0.020509825776258594
0.06499999999999995       0.03500000000000003      0.02410894305091915
0.07499999999999996       0.03500000000000003      0.027637561514893605
0.08499999999999996       0.03500000000000003      0.031073111216969096
0.09499999999999997       0.03500000000000003      0.03439944373209869
0.10499999999999998       0.03500000000000003      0.037610913848368455
0.11499999999999999       0.03500000000000003      0.04062993013445748
0.125                     0.03500000000000003      0.04348721941364175
0.135                     0.03500000000000003      0.046149259779184604
0.14500000000000002       0.03500000000000003      0.04854135216027089
0.15500000000000003       0.03500000000000003      0.05068750501214936
0.16500000000000004       0.03500000000000003      0.052510825911201264
0.17500000000000004       0.03500000000000003      0.05401936559243836
0.18500000000000005       0.03500000000000003      0.055235400212382046
0.19499999999999995       0.03500000000000003      0.0559809549088186
0.20499999999999996       0.03500000000000003      0.056404506070741434
0.21499999999999997       0.03500000000000003      0.05644470703640536
0.22499999999999998       0.03500000000000003      0.056079970617446406
0.235                     0.03500000000000003      0.05538046578251965
0.245                     0.03500000000000003      0.05426282701628793
0.255                     0.03500000000000003      1.0704088189723961
0.265                     0.03500000000000003      1.0630042261095696
0.275                     0.03500000000000003      1.0492020904908586
0.28500000000000003       0.03500000000000003      1.0294606396015524
0.29500000000000004       0.03500000000000003      1.0039746058455705
0.30500000000000005       0.03500000000000003      0.9738713138560939
0.31499999999999995       0.03500000000000003      0.9395018858815547
0.32499999999999996       0.03500000000000003      0.9004020290311416
0.33499999999999996       0.03500000000000003      0.8582317593821358
0.345                     0.03500000000000003      0.8129905372034116
0.355                     0.03500000000000003      0.7653842587330644
0.365                     0.03500000000000003      0.7161496470470183
0.375                     0.03500000000000003      0.6649678770611445
0.385                     0.03500000000000003      0.6124427918813069
0.395                     0.03500000000000003      0.5596730530380611
0.405                     0.03500000000000003      0.5064866698229551
0.41500000000000004       0.03500000000000003      0.45288691686760885
0.42500000000000004       0.03500000000000003      0.399518219221477
0.43500000000000005       0.03500000000000003      0.34583785940770895
0.44499999999999995       0.03500000000000003      0.2922405209139356
0.45499999999999996       0.03500000000000003      0.23880671371256312
0.46499999999999997       0.03500000000000003      0.18552654657611356
0.475                     0.03500000000000003      0.13240155901132766
0.485                     0.03500000000000003      0.07938386312679313
0.495                     0.03500000000000003      0.02645461221064238
-0.495                    0.04500000000000004      -0.03396824753033911
-0.485                    0.04500000000000004      -0.10193390599309282
-0.475                    0.04500000000000004      -0.17002901283072447
-0.46499999999999997      0.04500000000000004      -0.23828261903364023
-0.45499999999999996      0.04500000000000004      -0.3067698110802439
-0.44499999999999995      0.04500000000000004      -0.37549181992622493
-0.43500000000000005      0.04500000000000004      -0.4444162374065854
-0.42500000000000004      0.04500000000000004      -0.5135916751968921
-0.41500000000000004      0.04500000000000004      -0.5831615193854205
-0.405                    0.04500000000000004      -0.6523550967548406
-0.395                    0.04500000000000004      -0.7214576277779585
-0.385                    0.04500000000000004      -0.7897867788207265
-0.375                    0.04500000000000004      -0.8567770720866292
-0.365                    0.04500000000000004      -0.9231590979187558
-0.355                    0.04500000000000004      -0.9873244139172641
-0.345                    0.04500000000000004      -1.0493500312847388
-0.33499999999999996      0.04500000000000004      -1.1083965096143373
-0.32499999999999996      0.04500000000000004      -1.163535014100347
-0.31499999999999995      0.04500000000000004      -1.214735507016485
-0.30499999999999994      0.04500000000000004      -1.259827075652197
-0.29500000000000004      0.04500000000000004      -1.2996237715815369
-0.28500000000000003      0.04500000000000004      -1.3330073140016339
-0.275                    0.04500000000000004      -1.358719783132642
-0.265                    0.04500000000000004      -1.3771372703353109
-0.255                    0.04500000000000004      -1.3869084555913105
-0.245                    0.04500000000000004      -0.07032575959981102
-0.235                    0.04500000000000004      -0.07180812041107743
-0.22499999999999998      0.04500000000000004      -0.07273775444937769
-0.21500000000000005      0.04500000000000004      -0.07322463100142329
-0.20500000000000004      0.04500000000000004      -0.07317630249379903
-0.19500000000000003      0.04500000000000004      -0.07262209516869689
-0.18500000000000003      0.04500000000000004      -0.07164371194278374
-0.17500000000000002      0.04500000000000004      -0.0700478036173422
-0.165                    0.04500000000000004      -0.06806934492528005
-0.15500000000000003      0.04500000000000004      -0.06568089450561843
-0.14500000000000002      0.04500000000000004      -0.0628731669841045
-0.135                    0.04500000000000004      -0.05974815015167678
-0.125                    0.04500000000000004      -0.0562768045783244
-0.11499999999999999      0.04500000000000004      -0.052554268699907425
-0.10499999999999998      0.04500000000000004      -0.0486277546820304
-0.09499999999999997      0.04500000000000004      -0.04445958744753398
-0.08499999999999999      0.04500000000000004      -0.040145088993412514
-0.07499999999999998      0.04500000000000004      -0.03569191627690316
-0.06499999999999997      0.04500000000000004      -0.031154398573448816
-0.054999999999999966     0.04500000000000004      -0.026410287666124077
-0.04499999999999996      0.04500000000000004      -0.021738667370982512
-0.03499999999999995      0.04500000000000004      -0.01696847658382694
-0.025000000000000022     0.04500000000000004      -0.01214756279125595
-0.015000000000000013     0.04500000000000004      -0.007303174990994421
-0.0050000000000000044    0.04500000000000004      -0.002445391298863342
0.0050000000000000044     0.04500000000000004      0.0024115954641246162
0.015000000000000013      0.04500000000000004      0.0072613161801342585
0.025000000000000022      0.04500000000000004      0.012090212951420654
0.03500000000000003       0.04500000000000004      0.0169013751197582
0.04500000000000004       0.04500000000000004      0.021727237713889735
0.05500000000000005       0.04500000000000004      0.02647132971338806
0.06499999999999995       0.04500000000000004      0.03113457103899009
0.07499999999999996       0.04500000000000004      0.03568992333154597
0.08499999999999996       0.04500000000000004      0.040141589834775004
0.09499999999999997       0.04500000000000004      0.04445594500097627
0.10499999999999998       0.04500000000000004      0.04862599815140811
0.11499999999999999       0.04500000000000004      0.052552764560161336
0.125                     0.04500000000000004      0.05627438683025332
0.135                     0.04500000000000004      0.05974637406330885
0.14500000000000002       0.04500000000000004      0.0628717280269484
0.15500000000000003       0.04500000000000004      0.06567959493361286
0.16500000000000004       0.04500000000000004      0.06806866514000398
0.17500000000000004       0.04500000000000004      0.07004754802071034
0.18500000000000005       0.04500000000000004      0.07164395937206791
0.19499999999999995       0.04500000000000004      0.07262284932338048
0.20499999999999996       0.04500000000000004      0.0731775869622524
0.21499999999999997       0.04500000000000004      0.07322645177249854
0.22499999999999998       0.04500000000000004      0.07274010394127117
0.235                     0.04500000000000004      0.07181098225214555
0.245                     0.04500000000000004      0.07032898720035519
0.255                     0.04500000000000004      1.3869311974310108
0.265                     0.04500000000000004      1.377133157915864
0.275                     0.04500000000000004      1.3589257059900444
0.28500000000000003       0.04500000000000004      1.332954960060647
0.29500000000000004       0.04500000000000004      1.2994570541499968
0.30500000000000005       0.04500000000000004      1.2598875020856468
0.31499999999999995       0.04500000000000004      1.214794007555298
0.32499999999999996       0.04500000000000004      1.1635894789478414
0.33499999999999996       0.04500000000000004      1.10844679264558
0.345                     0.04500000000000004      1.049396045249864
0.355                     0.04500000000000004      0.9873657750451343
0.365                     0.04500000000000004      0.9232951034500729
0.375                     0.04500000000000004      0.856852891286735
0.385                     0.04500000000000004      0.788877749578333
0.395                     0.04500000000000004      0.7205546927339626
0.405                     0.04500000000000004      0.6517489751780374
0.41500000000000004       0.04500000000000004      0.5825326427185971
0.42500000000000004       0.04500000000000004      0.5136422033090753
0.43500000000000005       0.04500000000000004      0.4444775814885702
0.44499999999999995       0.04500000000000004      0.3755085063472734
0.45499999999999996       0.04500000000000004      0.30677893451490235
0.46499999999999997       0.04500000000000004      0.2382897028083164
0.475                     0.04500000000000004      0.17003397145376198
0.485                     0.04500000000000004      0.10193682355736655
0.495                     0.04500000000000004      0.0339692158528635
-0.495                    0.05500000000000005      -0.041444017683232914
-0.485                    0.05500000000000005      -0.12437288906147614
-0.475                    0.05500000000000005      -0.20748393955781808
-0.46499999999999997      0.05500000000000005      -0.2908200831548413
-0.45499999999999996      0.05500000000000005      -0.3744934323122706
-0.44499999999999995      0.05500000000000005      -0.4585192690961435
-0.43500000000000005      0.05500000000000005      -0.5428781043757454
-0.42500000000000004      0.05500000000000005      -0.6276614174971655
-0.41500000000000004      0.05500000000000005      -0.7128899997159053
-0.405                    0.05500000000000005      -0.7978871352805044
-0.395                    0.05500000000000005      -0.8828847195261389
-0.385                    0.05500000000000005      -0.9671248916791342
-0.375                    0.05500000000000005      -1.049961077523676
-0.365                    0.05500000000000005      -1.1320917083722293
-0.355                    0.05500000000000005      -1.2116809478505672
-0.345                    0.05500000000000005      -1.288770106623403
-0.33499999999999996      0.05500000000000005      -1.362319924942895
-0.32499999999999996      0.05500000000000005      -1.4311632672439885
-0.31499999999999995      0.05500000000000005      -1.4952139787595513
-0.30499999999999994      0.05500000000000005      -1.5517601939458388
-0.29500000000000004      0.05500000000000005      -1.6018141005260418
-0.28500000000000003      0.05500000000000005      -1.64382560350316
-0.275                    0.05500000000000005      -1.676141708835368
-0.265                    0.05500000000000005      -1.6993651800479483
-0.255                    0.05500000000000005      -1.7116990430017154
-0.245                    0.05500000000000005      -0.08682988467108999
-0.235                    0.05500000000000005      -0.08871240487684418
-0.22499999999999998      0.05500000000000005      -0.08989508796983614
-0.21500000000000005      0.05500000000000005      -0.09051674186561343
-0.20500000000000004      0.05500000000000005      -0.09046087951170279
-0.19500000000000003      0.05500000000000005      -0.08976599457409407
-0.18500000000000003      0.05500000000000005      -0.08853655663671134
-0.17500000000000002      0.05500000000000005      -0.08653264282605733
-0.165                    0.05500000000000005      -0.08405122842851642
-0.15500000000000003      0.05500000000000005      -0.08106061854459767
-0.14500000000000002      0.05500000000000005      -0.07755185273475718
-0.135                    0.05500000000000005      -0.07365378173233239
-0.125                    0.05500000000000005      -0.06933372477813293
-0.11499999999999999      0.05500000000000005      -0.06470895040939695
-0.10499999999999998      0.05500000000000005      -0.05983813534336946
-0.09499999999999997      0.05500000000000005      -0.05468422630093528
-0.08499999999999999      0.05500000000000005      -0.04935067285774153
-0.07499999999999998      0.05500000000000005      -0.04385239450223821
-0.06499999999999997      0.05500000000000005      -0.038174235883900565
-0.054999999999999966     0.05500000000000005      -0.03252621833493663
-0.04499999999999996      0.05500000000000005      -0.026696506757161842
-0.03499999999999995      0.05500000000000005      -0.02081818296420579
-0.025000000000000022     0.05500000000000005      -0.014899886368993975
-0.015000000000000013     0.05500000000000005      -0.008952300702219418
-0.0050000000000000044    0.05500000000000005      -0.002986807242791656
0.0050000000000000044     0.05500000000000005      0.002985107435847567
0.015000000000000013      0.05500000000000005      0.00895128990299554
0.025000000000000022      0.05500000000000005      0.014901584658275624
0.03500000000000003       0.05500000000000005      0.020821551446914555
0.04500000000000004       0.05500000000000005      0.0266843258760332
0.05500000000000005       0.05500000000000005      0.032493662552461444
0.06499999999999995       0.05500000000000005      0.0381073229765434
0.07499999999999996       0.05500000000000005      0.043853816406752344
0.08499999999999996       0.05500000000000005      0.049346566163869454
0.09499999999999997       0.05500000000000005      0.05467895674749457
0.10499999999999998       0.05500000000000005      0.05983778743325274
0.11499999999999999       0.05500000000000005      0.0647071961033987
0.125                     0.05500000000000005      0.06933095662080291
0.135                     0.05500000000000005      0.07365177617145946
0.14500000000000002       0.05500000000000005      0.07755011584441718
0.15500000000000003       0.05500000000000005      0.08105887622153318
0.16500000000000004       0.05500000000000005      0.08405032365645249
0.17500000000000004       0.05500000000000005      0.0865321593893782
0.18500000000000005       0.05500000000000005      0.0885366647729029
0.19499999999999995       0.05500000000000005      0.08976665013034335
0.20499999999999996       0.05500000000000005      0.09046213970155748
0.21499999999999997       0.05500000000000005      0.09051861885370727
0.22499999999999998       0.05500000000000005      0.08989757603907833
0.235                     0.05500000000000005      0.08871548794877526
0.245                     0.05500000000000005      0.08683340651921867
0.255                     0.05500000000000005      1.7117178535209518
0.265                     0.05500000000000005      1.6993430881558425
0.275                     0.05500000000000005      1.6764213170518119
0.28500000000000003       0.05500000000000005      1.6437673455519217
0.29500000000000004       0.05500000000000005      1.6015640274383998
0.30500000000000005       0.05500000000000005      1.5518230601173997
0.31499999999999995       0.05500000000000005      1.4952765896444475
0.32499999999999996       0.05500000000000005      1.4312211815850446
0.33499999999999996       0.05500000000000005      1.3623730356469963
0.345                     0.05500000000000005      1.2888183607972366
0.355                     0.05500000000000005      1.211724002578194
0.365                     0.05500000000000005      1.13223242025623
0.375                     0.05500000000000005      1.0500395257148227
0.385                     0.05500000000000005      0.9661887134820972
0.395                     0.05500000000000005      0.8819594183951764
0.405                     0.05500000000000005      0.7972885212074026
0.41500000000000004       0.05500000000000005      0.7122893884826524
0.42500000000000004       0.05500000000000005      0.6276815636664708
0.43500000000000005       0.05500000000000005      0.542920595297403
0.44499999999999995       0.05500000000000005      0.4585356046783886
0.45499999999999996       0.05500000000000005      0.374502095994508
0.46499999999999997       0.05500000000000005      0.2908269559236345
0.475                     0.05500000000000005      0.20748878486040212
0.485                     0.05500000000000005      0.12437569471913434
0.495                     0.05500000000000005      0.041444948140153315
-0.495                    0.06499999999999995      -0.04886545499023498
-0.485                    0.06499999999999995      -0.1466518954601952
-0.475                    0.06499999999999995      -0.2446872887370546
-0.46499999999999997      0.06499999999999995      -0.34303261910450544
-0.45499999999999996      0.06499999999999995      -0.4418490959017518
-0.44499999999999995      0.06499999999999995      -0.5411736374295799
-0.43500000000000005      0.06499999999999995      -0.6409756683490855
-0.42500000000000004      0.06499999999999995      -0.7414488798027605
-0.41500000000000004      0.06499999999999995      -0.8425596154998516
-0.405                    0.06499999999999995      -0.9435929954577282
-0.395                    0.06499999999999995      -1.044806364335713
-0.385                    0.06499999999999995      -1.1453857683790147
-0.375                    0.06499999999999995      -1.2445850216688825
-0.365                    0.06499999999999995      -1.3430691283820693
-0.355                    0.06499999999999995      -1.4388142400536594
-0.345                    0.06499999999999995      -1.5317742276334556
-0.33499999999999996      0.06499999999999995      -1.6207112499762104
-0.32499999999999996      0.06499999999999995      -1.7042010439929243
-0.31499999999999995      0.06499999999999995      -1.7820675066556646
-0.30499999999999994      0.06499999999999995      -1.8510174959963734
-0.29500000000000004      0.06499999999999995      -1.9121575136152842
-0.28500000000000003      0.06499999999999995      -1.9635799675322687
-0.275                    0.06499999999999995      -2.0032899490513927
-0.265                    0.06499999999999995      -2.0317937139803917
-0.255                    0.06499999999999995      -2.0469611071009126
-0.245                    0.06499999999999995      -0.10388741390046619
-0.235                    0.06499999999999995      -0.10621713988527404
-0.22499999999999998      0.06499999999999995      -0.10768267674910703
-0.21500000000000005      0.06499999999999995      -0.1084551321267071
-0.20500000000000004      0.06499999999999995      -0.10839170113735008
-0.19500000000000003      0.06499999999999995      -0.10754208277782595
-0.18500000000000003      0.06499999999999995      -0.10603680200222243
-0.17500000000000002      0.06499999999999995      -0.10358743510019508
-0.165                    0.06499999999999995      -0.1005595175166063
-0.15500000000000003      0.06499999999999995      -0.0969185262951271
-0.14500000000000002      0.06499999999999995      -0.09265742625882467
-0.135                    0.06499999999999995      -0.08793534500881606
-0.125                    0.06499999999999995      -0.08271670494691818
-0.11499999999999999      0.06499999999999995      -0.07714148475015747
-0.10499999999999998      0.06499999999999995      -0.07128140139533912
-0.09499999999999997      0.06499999999999995      -0.06510433544886496
-0.08499999999999999      0.06499999999999995      -0.058716985382403664
-0.07499999999999998      0.06499999999999995      -0.05213666326731925
-0.06499999999999997      0.06499999999999995      -0.04552144035967132
-0.054999999999999966     0.06499999999999995      -0.0386630464183213
-0.04499999999999996      0.06499999999999995      -0.03171285101763033
-0.03499999999999995      0.06499999999999995      -0.02471342080679051
-0.025000000000000022     0.06499999999999995      -0.01768092648410402
-0.015000000000000013     0.06499999999999995      -0.010620079835121032
-0.0050000000000000044    0.06499999999999995      -0.0035404847503173187
0.0050000000000000044     0.06499999999999995      0.0035473116365096757
0.015000000000000013      0.06499999999999995      0.010632662479792998
0.025000000000000022      0.06499999999999995      0.017703089247675052
0.03500000000000003       0.06499999999999995      0.02474756642294551
0.04500000000000004       0.06499999999999995      0.031752897396700064
0.05500000000000005       0.06499999999999995      0.03863439117435519
0.06499999999999995       0.06499999999999995      0.045441762729751645
0.07499999999999996       0.06499999999999995      0.0521528285446351
0.08499999999999996       0.06499999999999995      0.0587146747470797
0.09499999999999997       0.06499999999999995      0.06510471216819269
0.10499999999999998       0.06499999999999995      0.07128337142961527
0.11499999999999999       0.06499999999999995      0.07714115296647606
0.125                     0.06499999999999995      0.08271357979333516
0.135                     0.06499999999999995      0.08793299759577167
0.14500000000000002       0.06499999999999995      0.09265543521598829
0.15500000000000003       0.06499999999999995      0.09691624417081357
0.16500000000000004       0.06499999999999995      0.10055835721302508
0.17500000000000004       0.06499999999999995      0.1035866871078781
0.18500000000000005       0.06499999999999995      0.10603676724446132
0.19499999999999995       0.06499999999999995      0.10754261717517011
0.20499999999999996       0.06499999999999995      0.1083929273063049
0.21499999999999997       0.06499999999999995      0.10845706983295145
0.22499999999999998       0.06499999999999995      0.10768532313070978
0.235                     0.06499999999999995      0.106220481911663
0.245                     0.06499999999999995      0.10389127801768439
0.255                     0.06499999999999995      2.047008729231777
0.265                     0.06499999999999995      2.0318685146120856
0.275                     0.06499999999999995      2.0035564489770916
0.28500000000000003       0.06499999999999995      1.9634088697785046
0.29500000000000004       0.06499999999999995      1.9118497518227002
0.30500000000000005       0.06499999999999995      1.8510864730829297
0.31499999999999995       0.06499999999999995      1.7821345067770835
0.32499999999999996       0.06499999999999995      1.704262588558123
0.33499999999999996       0.06499999999999995      1.6207672303602862
0.345                     0.06499999999999995      1.531824652003344
0.355                     0.06499999999999995      1.438858817081325
0.365                     0.06499999999999995      1.3432147175023488
0.375                     0.06499999999999995      1.2446662308153975
0.385                     0.06499999999999995      1.1444229565855863
0.395                     0.06499999999999995      1.0438603724091422
0.405                     0.06499999999999995      0.9429520898443684
0.41500000000000004       0.06499999999999995      0.841904040198294
0.42500000000000004       0.06499999999999995      0.7414471383792005
0.43500000000000005       0.06499999999999995      0.6410148619193592
0.44499999999999995       0.06499999999999995      0.5411895400526134
0.45499999999999996       0.06499999999999995      0.4418570695256179
0.46499999999999997       0.06499999999999995      0.3430391407498945
0.475                     0.06499999999999995      0.244691921209494
0.485                     0.06499999999999995      0.14665453257816807
0.495                     0.06499999999999995      0.04886632873294161
-0.495                    0.07499999999999996      -0.05621310063803264
-0.485                    0.07499999999999996      -0.16871299104957416
-0.475                    0.07499999999999996      -0.28154467068259237
-0.46499999999999997      0.07499999999999996      -0.39479230196413084
-0.45499999999999996      0.07499999999999996      -0.5086800397108391
-0.44499999999999995      0.07499999999999996      -0.6232770411864408
-0.43500000000000005      0.07499999999999996      -0.7385178925147784
-0.42500000000000004      0.07499999999999996      -0.854767190175636
-0.41500000000000004      0.07499999999999996      -0.9719631704154992
-0.405                    0.07499999999999996      -1.0892930897269697
-0.395                    0.07499999999999996      -1.2070998757866533
-0.385                    0.07499999999999996      -1.3245133564434184
-0.375                    0.07499999999999996      -1.440686091982343
-0.365                    0.07499999999999996      -1.556244416282027
-0.355                    0.07499999999999996      -1.6690322008591352
-0.345                    0.07499999999999996      -1.7788519586027576
-0.33499999999999996      0.07499999999999996      -1.8842712242441166
-0.32499999999999996      0.07499999999999996      -1.9835874845335013
-0.31499999999999995      0.07499999999999996      -2.076490622793983
-0.30499999999999994      0.07499999999999996      -2.159061421735089
-0.29500000000000004      0.07499999999999996      -2.2324425066536264
-0.28500000000000003      0.07499999999999996      -2.2943337467484923
-0.275                    0.07499999999999996      -2.3422800995056097
-0.265                    0.07499999999999996      -2.376747442170995
-0.255                    0.07499999999999996      -2.395101642313051
-0.245                    0.07499999999999996      -0.12162721564298806
-0.235                    0.07499999999999996      -0.12446357136477104
-0.22499999999999998      0.07499999999999996      -0.12624901655857457
-0.21500000000000005      0.07499999999999996      -0.12719109362500092
-0.20500000000000004      0.07499999999999996      -0.12711782945350336
-0.19500000000000003      0.07499999999999996      -0.1260930429170628
-0.18500000000000003      0.07499999999999996      -0.12427776679754743
-0.17500000000000002      0.07499999999999996      -0.12133310250663953
-0.165                    0.07499999999999996      -0.11770159113883283
-0.15500000000000003      0.07499999999999996      -0.11334792743269873
-0.14500000000000002      0.07499999999999996      -0.10826914910842333
-0.135                    0.07499999999999996      -0.10265931251103666
-0.125                    0.07499999999999996      -0.09648006113037155
-0.11499999999999999      0.07499999999999996      -0.0899015338212763
-0.10499999999999998      0.07499999999999996      -0.08299849855927732
-0.09499999999999997      0.07499999999999996      -0.07590502229754748
-0.08499999999999999      0.07499999999999996      -0.06825395743562979
-0.07499999999999998      0.07499999999999996      -0.060600001768278844
-0.06499999999999997      0.07499999999999996      -0.05276089384561544
-0.054999999999999966     0.07499999999999996      -0.04480618196541286
-0.04499999999999996      0.07499999999999996      -0.03676828629176043
-0.03499999999999995      0.07499999999999996      -0.028663269631053367
-0.025000000000000022     0.07499999999999996      -0.02050690817802092
-0.015000000000000013     0.07499999999999996      -0.01231784530129687
-0.0050000000000000044    0.07499999999999996      -0.004110653229233208
0.0050000000000000044     0.07499999999999996      0.004101969379689763
0.015000000000000013      0.07499999999999996      0.012307790193517576
0.025000000000000022      0.07499999999999996      0.020492943193914925
0.03500000000000003       0.07499999999999996      0.02864413882446115
0.04500000000000004       0.07499999999999996      0.0367450171196424
0.05500000000000005       0.07499999999999996      0.04477971432754302
0.06499999999999995       0.07499999999999996      0.05271265695216698
0.07499999999999996       0.07499999999999996      0.06059013808398106
0.08499999999999996       0.07499999999999996      0.06826276220996164
0.09499999999999997       0.07499999999999996      0.07575814188305685
0.10499999999999998       0.07499999999999996      0.08299765706851758
0.11499999999999999       0.07499999999999996      0.08989818076894096
0.125                     0.07499999999999996      0.09647633681122869
0.135                     0.07499999999999996      0.10265603877294893
0.14500000000000002       0.07499999999999996      0.10826690842884545
0.15500000000000003       0.07499999999999996      0.11334500566107408
0.16500000000000004       0.07499999999999996      0.11770012368161331
0.17500000000000004       0.07499999999999996      0.12133205171372197
0.18500000000000005       0.07499999999999996      0.12427758510557396
0.19499999999999995       0.07499999999999996      0.12609342076586927
0.20499999999999996       0.07499999999999996      0.12711900514040764
0.21499999999999997       0.07499999999999996      0.12719309311701466
0.22499999999999998       0.07499999999999996      0.12625183893075587
0.235                     0.07499999999999996      0.12446720015751112
0.245                     0.07499999999999996      0.1216315429101229
0.255                     0.07499999999999996      2.395154946070761
0.265                     0.07499999999999996      2.3767712423051535
0.275                     0.07499999999999996      2.342578776929999
0.28500000000000003       0.07499999999999996      2.294238724098875
0.29500000000000004       0.07499999999999996      2.2321348117836806
0.30500000000000005       0.07499999999999996      2.159136611649899
0.31499999999999995       0.07499999999999996      2.076562426879292
0.32499999999999996       0.07499999999999996      1.9836528150740662
0.33499999999999996       0.07499999999999996      1.8843300559791203
0.345                     0.07499999999999996      1.7789044024323246
0.355                     0.07499999999999996      1.6690782198189993
0.365                     0.07499999999999996      1.5563952296288903
0.375                     0.07499999999999996      1.440770187887864
0.385                     0.07499999999999996      1.3235282133228026
0.395                     0.07499999999999996      1.206137073505289
0.405                     0.07499999999999996      1.0886387569014033
0.41500000000000004       0.07499999999999996      0.9712969549507982
0.42500000000000004       0.07499999999999996      0.8548513480335771
0.43500000000000005       0.07499999999999996      0.7386006212845757
0.44499999999999995       0.07499999999999996      0.6232908829700534
0.45499999999999996       0.07499999999999996      0.5086871926099406
0.46499999999999997       0.07499999999999996      0.3947982854105021
0.475                     0.07499999999999996      0.28154895482987286
0.485                     0.07499999999999996      0.16871539615442543
0.495                     0.07499999999999996      0.05621389648501918
-0.495                    0.08499999999999996      -0.06346293439725059
-0.485                    0.08499999999999996      -0.19048448000208396
-0.475                    0.08499999999999996      -0.3179383101649762
-0.46499999999999997      0.08499999999999996      -0.44593793342924926
-0.45499999999999996      0.08499999999999996      -0.5747857520343587
-0.44499999999999995      0.08499999999999996      -0.7045956135810911
-0.43500000000000005      0.08499999999999996      -0.8353192977025401
-0.42500000000000004      0.08499999999999996      -0.9674895777327919
-0.41500000000000004      0.08499999999999996      -1.1008274271171814
-0.405                    0.08499999999999996      -1.2347249620541048
-0.395                    0.08499999999999996      -1.3695294254646058
-0.385                    0.08499999999999996      -1.504331952959049
-0.375                    0.08499999999999996      -1.6381722283067575
-0.365                    0.08499999999999996      -1.7716398779749056
-0.355                    0.08499999999999996      -1.9025201904048856
-0.345                    0.08499999999999996      -2.0303849542824253
-0.33499999999999996      0.08499999999999996      -2.1536181655037154
-0.32499999999999996      0.08499999999999996      -2.2702162398116172
-0.31499999999999995      0.08499999999999996      -2.379678886465655
-0.30499999999999994      0.08499999999999996      -2.477408193850863
-0.29500000000000004      0.08499999999999996      -2.5645650719695823
-0.28500000000000003      0.08499999999999996      -2.6382446863408404
-0.275                    0.08499999999999996      -2.6955445938237013
-0.265                    0.08499999999999996      -2.736773216101483
-0.255                    0.08499999999999996      -2.7588135060891545
-0.245                    0.08499999999999996      -0.1401944293557733
-0.235                    0.08499999999999996      -0.1436125136373505
-0.22499999999999998      0.08499999999999996      -0.14576320061104298
-0.21500000000000005      0.08499999999999996      -0.1468961915843181
-0.20500000000000004      0.08499999999999996      -0.14680686918522667
-0.19500000000000003      0.08499999999999996      -0.14557736566592894
-0.18500000000000003      0.08499999999999996      -0.1434052641116068
-0.17500000000000002      0.08499999999999996      -0.1398994525215187
-0.165                    0.08499999999999996      -0.13559030272060546
-0.15500000000000003      0.08499999999999996      -0.13044427300442862
-0.14500000000000002      0.08499999999999996      -0.12446560564399078
-0.135                    0.08499999999999996      -0.11788921635510974
-0.125                    0.08499999999999996      -0.11067453437630803
-0.11499999999999999      0.08499999999999996      -0.10302289960590372
-0.10499999999999998      0.08499999999999996      -0.09501233628127181
-0.09499999999999997      0.08499999999999996      -0.08660573127758653
-0.08499999999999999      0.08499999999999996      -0.07796898169453925
-0.07499999999999998      0.08499999999999996      -0.06916431374688159
-0.06499999999999997      0.08499999999999996      -0.060187867601271705
-0.054999999999999966     0.08499999999999996      -0.05109379464225583
-0.04499999999999996      0.08499999999999996      -0.04190661331382728
-0.03499999999999995      0.08499999999999996      -0.03265258850413488
-0.025000000000000022     0.08499999999999996      -0.02335338626417638
-0.015000000000000013     0.08499999999999996      -0.014024185127198052
-0.0050000000000000044    0.08499999999999996      -0.0046778590068328185
0.0050000000000000044     0.08499999999999996      0.004674344440317668
0.015000000000000013      0.08499999999999996      0.014021366526762336
0.025000000000000022      0.08499999999999996      0.02335285314080693
0.03500000000000003       0.08499999999999996      0.032656337209942876
0.04500000000000004       0.08499999999999996      0.041917593847820456
0.05500000000000005       0.08499999999999996      0.05111427348406394
0.06499999999999995       0.08499999999999996      0.060221197241048685
0.07499999999999996       0.08499999999999996      0.06919745304317004
0.08499999999999996       0.08499999999999996      0.07797889270370462
0.09499999999999997       0.08499999999999996      0.08659727878011836
0.10499999999999998       0.08499999999999996      0.09501156909448127
0.11499999999999999       0.08499999999999996      0.1030149884533813
0.125                     0.08499999999999996      0.11066919854250301
0.135                     0.08499999999999996      0.11788395183953071
0.14500000000000002       0.08499999999999996      0.12446356099212608
0.15500000000000003       0.08499999999999996      0.13044070169721067
0.16500000000000004       0.08499999999999996      0.1355883188020694
0.17500000000000004       0.08499999999999996      0.13989804724695887
0.18500000000000005       0.08499999999999996      0.14340490451877486
0.19499999999999995       0.08499999999999996      0.1455775313102663
0.20499999999999996       0.08499999999999996      0.14680797038513305
0.21499999999999997       0.08499999999999996      0.14689825035368642
0.22499999999999998       0.08499999999999996      0.14576621926781286
0.235                     0.08499999999999996      0.14361646919206805
0.245                     0.08499999999999996      0.1401991074957465
0.255                     0.08499999999999996      2.7588544742571344
0.265                     0.08499999999999996      2.7367832688844373
0.275                     0.08499999999999996      2.695886168590062
0.28500000000000003       0.08499999999999996      2.6380797144656754
0.29500000000000004       0.08499999999999996      2.5641807555401783
0.30500000000000005       0.08499999999999996      2.47748850031374
0.31499999999999995       0.08499999999999996      2.3797557577525765
0.32499999999999996       0.08499999999999996      2.270285421602779
0.33499999999999996       0.08499999999999996      2.1536797340882003
0.345                     0.08499999999999996      2.030439159622695
0.355                     0.08499999999999996      1.9025668475698012
0.365                     0.08499999999999996      1.7717959104482475
0.375                     0.08499999999999996      1.6382577787254036
0.385                     0.08499999999999996      1.5033248108230026
0.395                     0.08499999999999996      1.3685473221895066
0.405                     0.08499999999999996      1.2340461584452846
0.41500000000000004       0.08499999999999996      1.1001391418352213
0.42500000000000004       0.08499999999999996      0.9674936774581511
0.43500000000000005       0.08499999999999996      0.8353630022901939
0.44499999999999995       0.08499999999999996      0.7046042628357725
0.45499999999999996       0.08499999999999996      0.5747918877038174
0.46499999999999997       0.08499999999999996      0.44594316730730554
0.475                     0.08499999999999996      0.3179421067894168
0.485                     0.08499999999999996      0.19048658187315937
0.495                     0.08499999999999996      0.06346362869733468
-0.495                    0.09499999999999997      -0.07058589736618615
-0.485                    0.09499999999999997      -0.21187944255257207
-0.475                    0.09499999999999997      -0.35372513484193746
-0.46499999999999997      0.09499999999999997      -0.49627087729108155
-0.45499999999999996      0.09499999999999997      -0.639916204822061
-0.44499999999999995      0.09499999999999997      -0.784828711529201
-0.43500000000000005      0.09499999999999997      -0.9309270985025648
-0.42500000000000004      0.09499999999999997      -1.079011033149925
-0.41500000000000004      0.09499999999999997      -1.2287669170521625
-0.405                    0.09499999999999997      -1.3794922832508
-0.395                    0.09499999999999997      -1.5317164405551225
-0.385                    0.09499999999999997      -1.6845101753268352
-0.375                    0.09499999999999997      -1.836787467071673
-0.365                    0.09499999999999997      -1.9891099394238836
-0.355                    0.09499999999999997      -2.1392984261464107
-0.345                    0.09499999999999997      -2.2866064650090436
-0.33499999999999996      0.09499999999999997      -2.429250519765887
-0.32499999999999996      0.09499999999999997      -2.5649055558491227
-0.31499999999999995      0.09499999999999997      -2.6928105667079194
-0.30499999999999994      0.09499999999999997      -2.8076308001865584
-0.29500000000000004      0.09499999999999997      -2.9103888059063365
-0.28500000000000003      0.09499999999999997      -2.997676872952269
-0.275                    0.09499999999999997      -3.0656998220507035
-0.265                    0.09499999999999997      -3.114690534467627
-0.255                    0.09499999999999997      -3.1411198085946808
-0.245                    0.09499999999999997      -0.15975658395989
-0.235                    0.09499999999999997      -0.1638507285559001
-0.22499999999999998      0.09499999999999997      -0.1664215053744158
-0.21500000000000005      0.09499999999999997      -0.16776847193375488
-0.20500000000000004      0.09499999999999997      -0.16765026352507562
-0.19500000000000003      0.09499999999999997      -0.16617337252986886
-0.18500000000000003      0.09499999999999997      -0.1635802908915025
-0.17500000000000002      0.09499999999999997      -0.1594265289452892
-0.165                    0.09499999999999997      -0.15434419888613116
-0.15500000000000003      0.09499999999999997      -0.14830439933331263
-0.14500000000000002      0.09499999999999997      -0.14132601157314184
-0.135                    0.09499999999999997      -0.13368650071035404
-0.125                    0.09499999999999997      -0.1253440642881145
-0.11499999999999999      0.09499999999999997      -0.1165179392422715
-0.10499999999999998      0.09499999999999997      -0.10731767942126424
-0.09499999999999997      0.09499999999999997      -0.09771334422356404
-0.08499999999999999      0.09499999999999997      -0.08798055349438982
-0.07499999999999998      0.09499999999999997      -0.07797057643512062
-0.06499999999999997      0.09499999999999997      -0.06778654090413738
-0.054999999999999966     0.09499999999999997      -0.057486271046286674
-0.04499999999999996      0.09499999999999997      -0.047117271235777025
-0.03499999999999995      0.09499999999999997      -0.03669495616253471
-0.025000000000000022     0.09499999999999997      -0.026235217519285925
-0.015000000000000013     0.09499999999999997      -0.015751179766141377
-0.0050000000000000044    0.09499999999999997      -0.005254355636566288
0.0050000000000000044     0.09499999999999997      0.005246337919800226
0.015000000000000013      0.09499999999999997      0.015742311135454656
0.025000000000000022      0.09499999999999997      0.02622397435510493
0.03500000000000003       0.09499999999999997      0.03667965469929868
0.04500000000000004       0.09499999999999997      0.0470932704361644
0.05500000000000005       0.09499999999999997      0.05744505172424397
0.06499999999999995       0.09499999999999997      0.06772194991748393
0.07499999999999996       0.09499999999999997      0.07789328335184109
0.08499999999999996       0.09499999999999997      0.0879049351411254
0.09499999999999997       0.09499999999999997      0.09760307864200968
0.10499999999999998       0.09499999999999997      0.10735822115458404
0.11499999999999999       0.09499999999999997      0.11652984037898761
0.125                     0.09499999999999997      0.1253366098769355
0.135                     0.09499999999999997      0.13367487732668337
0.14500000000000002       0.09499999999999997      0.14132276939949406
0.15500000000000003       0.09499999999999997      0.14830028368103854
0.16500000000000004       0.09499999999999997      0.15434115312044705
0.17500000000000004       0.09499999999999997      0.15942467506772573
0.18500000000000005       0.09499999999999997      0.16357958336277534
0.19499999999999995       0.09499999999999997      0.1661732434008627
0.20499999999999996       0.09499999999999997      0.1676512551202265
0.21499999999999997       0.09499999999999997      0.16777057514187277
0.22499999999999998       0.09499999999999997      0.16642474394163287
0.235                     0.09499999999999997      0.16385508167229546
0.245                     0.09499999999999997      0.15976178944094954
0.255                     0.09499999999999997      3.141141108385682
0.265                     0.09499999999999997      3.114826784736124
0.275                     0.09499999999999997      3.0661336460337276
0.28500000000000003       0.09499999999999997      2.997545629012734
0.29500000000000004       0.09499999999999997      2.9099936263760924
0.30500000000000005       0.09499999999999997      2.8077159306288877
0.31499999999999995       0.09499999999999997      2.6928926995079507
0.32499999999999996       0.09499999999999997      2.5649785594034427
0.33499999999999996       0.09499999999999997      2.4293145784341164
0.345                     0.09499999999999997      2.286662010091746
0.355                     0.09499999999999997      2.139345679631049
0.365                     0.09499999999999997      1.9892693061707973
0.375                     0.09499999999999997      1.83687156739839
0.385                     0.09499999999999997      1.6834589205845418
0.395                     0.09499999999999997      1.5307008169702314
0.405                     0.09499999999999997      1.378811433343035
0.41500000000000004       0.09499999999999997      1.2281079481645278
0.42500000000000004       0.09499999999999997      1.0790370378058896
0.43500000000000005       0.09499999999999997      0.9309910298255488
0.44499999999999995       0.09499999999999997      0.7848331781894444
0.45499999999999996       0.09499999999999997      0.6399210780293174
0.46499999999999997       0.09499999999999997      0.49627536732144506
0.475                     0.09499999999999997      0.35372787100936876
0.485                     0.09499999999999997      0.21188116355315856
0.495                     0.09499999999999997      0.07058646417686276
-0.495                    0.10499999999999998      -0.07754755750134734
-0.485                    0.10499999999999998      -0.2327946993357557
-0.475                    0.10499999999999998      -0.3887332637654879
-0.46499999999999997      0.10499999999999998      -0.5455527718360997
-0.45499999999999996      0.10499999999999998      -0.70376755274253
-0.44499999999999995      0.10499999999999998      -0.8636101639879996
-0.43500000000000005      0.10499999999999998      -1.0250177337687774
-0.42500000000000004      0.10499999999999998      -1.1890779190741512
-0.41500000000000004      0.10499999999999998      -1.3552616144480183
-0.405                    0.10499999999999998      -1.5230544556344445
-0.395                    0.10499999999999998      -1.6931169741773786
-0.385                    0.10499999999999998      -1.8645289874039435
-0.375                    0.10499999999999998      -2.0359908204397357
-0.365                    0.10499999999999998      -2.2082412652923438
-0.355                    0.10499999999999998      -2.3791727049230076
-0.345                    0.10499999999999998      -2.547547140466037
-0.33499999999999996      0.10499999999999998      -2.71149400824865
-0.32499999999999996      0.10499999999999998      -2.8683528031815797
-0.31499999999999995      0.10499999999999998      -3.0170148648932127
-0.30499999999999994      0.10499999999999998      -3.151347809093025
-0.29500000000000004      0.10499999999999998      -3.2721101985792416
-0.28500000000000003      0.10499999999999998      -3.3751768532650885
-0.275                    0.10499999999999998      -3.4558603212054013
-0.265                    0.10499999999999998      -3.514138682542466
-0.255                    0.10499999999999998      -3.5456729370428093
-0.245                    0.10499999999999998      -0.1805102862053758
-0.235                    0.10499999999999998      -0.1853995608014145
-0.22499999999999998      0.10499999999999998      -0.18845618306207257
-0.21500000000000005      0.10499999999999998      -0.19004055410806586
-0.20500000000000004      0.10499999999999998      -0.18986994678655833
-0.19500000000000003      0.10499999999999998      -0.18808401802775165
-0.18500000000000003      0.10499999999999998      -0.184981618206848
-0.17500000000000002      0.10499999999999998      -0.1800655316670543
-0.165                    0.10499999999999998      -0.17408668109244552
-0.15500000000000003      0.10499999999999998      -0.1670247290415432
-0.14500000000000002      0.10499999999999998      -0.15892460770197658
-0.135                    0.10499999999999998      -0.15010233935373662
-0.125                    0.10499999999999998      -0.14056068712876169
-0.11499999999999999      0.10499999999999998      -0.13045794881054462
-0.10499999999999998      0.10499999999999998      -0.11999627481837516
-0.09499999999999997      0.10499999999999998      -0.1091511966758203
-0.08499999999999999      0.10499999999999998      -0.0980776988591856
-0.07499999999999998      0.10499999999999998      -0.08682081303288669
-0.06499999999999997      0.10499999999999998      -0.07542554711170624
-0.054999999999999966     0.10499999999999998      -0.06393257217240489
-0.04499999999999996      0.10499999999999998      -0.05237288077597668
-0.03499999999999995      0.10499999999999998      -0.04076919598628592
-0.025000000000000022     0.10499999999999998      -0.029137662990706303
-0.015000000000000013     0.10499999999999998      -0.017489599821033153
-0.0050000000000000044    0.10499999999999998      -0.005832867145272758
0.0050000000000000044     0.10499999999999998      0.005826503580237841
0.015000000000000013      0.10499999999999998      0.01748319598374337
0.025000000000000022      0.10499999999999998      0.029131214437370545
0.03500000000000003       0.10499999999999998      0.040762581562660216
0.04500000000000004       0.10499999999999998      0.05236577818402566
0.05500000000000005       0.10499999999999998      0.06392506716395019
0.06499999999999995       0.10499999999999998      0.07541738680305343
0.07499999999999996       0.10499999999999998      0.08681300003235037
0.08499999999999996       0.10499999999999998      0.09807039046506816
0.09499999999999997       0.10499999999999998      0.10913771818908913
0.10499999999999998       0.10499999999999998      0.12001051548025998
0.11499999999999999       0.10499999999999998      0.13045641502087335
0.125                     0.10499999999999998      0.14051307439675398
0.135                     0.10499999999999998      0.150081011161177
0.14500000000000002       0.10499999999999998      0.15891814502185753
0.15500000000000003       0.10499999999999998      0.16702043565450708
0.16500000000000004       0.10499999999999998      0.1740819080473628
0.17500000000000004       0.10499999999999998      0.18006317813296846
0.18500000000000005       0.10499999999999998      0.18498029738111654
0.19499999999999995       0.10499999999999998      0.18808346827287892
0.20499999999999996       0.10499999999999998      0.18987079437874144
0.21499999999999997       0.10499999999999998      0.19004265323766845
0.22499999999999998       0.10499999999999998      0.18845964308488306
0.235                     0.10499999999999998      0.185404381505208
0.245                     0.10499999999999998      0.18051627495329114
0.255                     0.10499999999999998      3.5457026630223254
0.265                     0.10499999999999998      3.514287045883407
0.275                     0.10499999999999998      3.4563879606837915
0.28500000000000003       0.10499999999999998      3.375004352062433
0.29500000000000004       0.10499999999999998      3.271677108062704
0.30500000000000005       0.10499999999999998      3.1514404286520374
0.31499999999999995       0.10499999999999998      3.0171025657490986
0.32499999999999996       0.10499999999999998      2.8684295024211792
0.33499999999999996       0.10499999999999998      2.711560130047502
0.345                     0.10499999999999998      2.547603399844583
0.355                     0.10499999999999998      2.379220596953502
0.365                     0.10499999999999998      2.208452588918192
0.375                     0.10499999999999998      2.0361509348946356
0.385                     0.10499999999999998      1.863411268114973
0.395                     0.10499999999999998      1.6920505004559558
0.405                     0.10499999999999998      1.5223393084179833
0.41500000000000004       0.10499999999999998      1.3545571434379369
0.42500000000000004       0.10499999999999998      1.1890555863626844
0.43500000000000005       0.10499999999999998      1.0250627171780877
0.44499999999999995       0.10499999999999998      0.863611704297341
0.45499999999999996       0.10499999999999998      0.7037708040716382
0.46499999999999997       0.10499999999999998      0.5455562536098881
0.475                     0.10499999999999998      0.38873511924430204
0.485                     0.10499999999999998      0.23279595423920796
0.495                     0.10499999999999998      0.07754796856525559
-0.495                    0.11499999999999999      -0.08430796111332484
-0.485                    0.11499999999999999      -0.25311032746668616
-0.475                    0.11499999999999999      -0.4227627686987887
-0.46499999999999997      0.11499999999999999      -0.5935032109383087
-0.45499999999999996      0.11499999999999999      -0.7659788793229829
-0.44499999999999995      0.11499999999999999      -0.940500863152721
-0.43500000000000005      0.11499999999999999      -1.1169909676514465
-0.42500000000000004      0.11499999999999999      -1.2969168202985628
-0.41500000000000004      0.11499999999999999      -1.4796634789038805
-0.405                    0.11499999999999999      -1.664703021089342
-0.395                    0.11499999999999999      -1.852984866589125
-0.385                    0.11499999999999999      -2.043641599073041
-0.375                    0.11499999999999999      -2.235198804050782
-0.365                    0.11499999999999999      -2.428479441876334
-0.355                    0.11499999999999999      -2.621667182157438
-0.345                    0.11499999999999999      -2.812963303851433
-0.33499999999999996      0.11499999999999999      -3.0004275334390798
-0.32499999999999996      0.11499999999999999      -3.181066262943631
-0.31499999999999995      0.11499999999999999      -3.3533188799466984
-0.30499999999999994      0.11499999999999999      -3.510204803929497
-0.29500000000000004      0.11499999999999999      -3.6519972685466655
-0.28500000000000003      0.11499999999999999      -3.7737913099529123
-0.275                    0.11499999999999999      -3.870078079368625
-0.265                    0.11499999999999999      -3.93887556817441
-0.255                    0.11499999999999999      -3.976809499662693
-0.245                    0.11499999999999999      -0.2026925187349775
-0.235                    0.11499999999999999      -0.20852678933852076
-0.22499999999999998      0.11499999999999999      -0.2121474330678268
-0.21500000000000005      0.11499999999999999      -0.2139904422280665
-0.20500000000000004      0.11499999999999999      -0.21372677514315797
-0.19500000000000003      0.11499999999999999      -0.21154254087176128
-0.18500000000000003      0.11499999999999999      -0.20780853856388148
-0.17500000000000002      0.11499999999999999      -0.2019795259512307
-0.165                    0.11499999999999999      -0.19494502393132151
-0.15500000000000003      0.11499999999999999      -0.1866993680908422
-0.14500000000000002      0.11499999999999999      -0.17715519670252888
-0.135                    0.11499999999999999      -0.1671481882866317
-0.125                    0.11499999999999999      -0.15622783797192596
-0.11499999999999999      0.11499999999999999      -0.1447521140435697
-0.10499999999999998      0.11499999999999999      -0.13289103663380786
-0.09499999999999997      0.11499999999999999      -0.12073242793644567
-0.08499999999999999      0.11499999999999999      -0.10837192831007769
-0.07499999999999998      0.11499999999999999      -0.09583458265043987
-0.06499999999999997      0.11499999999999999      -0.08317873048716251
-0.054999999999999966     0.11499999999999999      -0.07044907169168368
-0.04499999999999996      0.11499999999999999      -0.05767315055393851
-0.03499999999999995      0.11499999999999999      -0.04487155333788451
-0.025000000000000022     0.11499999999999999      -0.03205691985496628
-0.015000000000000013     0.11499999999999999      -0.019236695417646388
-0.0050000000000000044    0.11499999999999999      -0.006414607002909634
0.0050000000000000044     0.11499999999999999      0.006407895144604936
0.015000000000000013      0.11499999999999999      0.019230099346657425
0.025000000000000022      0.11499999999999999      0.032050607616383786
0.03500000000000003       0.11499999999999999      0.044865927905703984
0.04500000000000004       0.11499999999999999      0.057669022424136074
0.05500000000000005       0.11499999999999999      0.07044785558537114
0.06499999999999995       0.11499999999999999      0.08318326317092328
0.07499999999999996       0.11499999999999999      0.0958474186606395
0.08499999999999996       0.11499999999999999      0.10840375169024696
0.09499999999999997       0.11499999999999999      0.12079453018907316
0.10499999999999998       0.11499999999999999      0.1329793985234069
0.11499999999999999       0.11499999999999999      0.1448541162485526
0.125                     0.11499999999999999      0.15621741143676005
0.135                     0.11499999999999999      0.16714389999592072
0.14500000000000002       0.11499999999999999      0.17713112618707783
0.15500000000000003       0.11499999999999999      0.18669739503340566
0.16500000000000004       0.11499999999999999      0.19493783531115572
0.17500000000000004       0.11499999999999999      0.2019763623479207
0.18500000000000005       0.11499999999999999      0.20780627940592922
0.19499999999999995       0.11499999999999999      0.21154134137091773
0.20499999999999996       0.11499999999999999      0.21372750356901804
0.21499999999999997       0.11499999999999999      0.21399240342151415
0.22499999999999998       0.11499999999999999      0.21215108021246465
0.235                     0.11499999999999999      0.20853216743398661
0.245                     0.11499999999999999      0.20269949912177765
0.255                     0.11499999999999999      3.9767636530679056
0.265                     0.11499999999999999      3.9391832784731378
0.275                     0.11499999999999999      3.870205028721223
0.28500000000000003       0.11499999999999999      3.773792610156491
0.29500000000000004       0.11499999999999999      3.651441532764011
0.30500000000000005       0.11499999999999999      3.5103057212321147
0.31499999999999995       0.11499999999999999      3.35341215069829
0.32499999999999996       0.11499999999999999      3.181146340131903
0.33499999999999996       0.11499999999999999      3.000495035629129
0.345                     0.11499999999999999      2.8130191554435235
0.355                     0.11499999999999999      2.6217172594328133
0.365                     0.11499999999999999      2.4287115341396657
0.375                     0.11499999999999999      2.2353861122699357
0.385                     0.11499999999999999      2.042458248226808
0.395                     0.11499999999999999      1.8518744875000621
0.405                     0.11499999999999999      1.6639988472943603
0.41500000000000004       0.11499999999999999      1.4789984080065217
0.42500000000000004       0.11499999999999999      1.296990394242215
0.43500000000000005       0.11499999999999999      1.1170869921162705
0.44499999999999995       0.11499999999999999      0.9404995919489352
0.45499999999999996       0.11499999999999999      0.76598039000379
0.46499999999999997       0.11499999999999999      0.5935053801957224
0.475                     0.11499999999999999      0.4227637910907447
0.485                     0.11499999999999999      0.2531110258559863
0.495                     0.11499999999999999      0.0843081864893449
-0.495                    0.125                    -0.09082171956566754
-0.485                    0.125                    -0.27268988466011024
-0.475                    0.125                    -0.4555850203977343
-0.46499999999999997      0.125                    -0.6397997483993692
-0.45499999999999996      0.125                    -0.8261322887146783
-0.44499999999999995      0.125                    -1.0149872811043963
-0.43500000000000005      0.125                    -1.2063274929301997
-0.42500000000000004      0.125                    -1.4020185827317846
-0.41500000000000004      0.125                    -1.6011542703037094
-0.405                    0.125                    -1.803542655382648
-0.395                    0.125                    -2.010356520542004
-0.385                    0.125                    -2.22084089984493
-0.375                    0.125                    -2.433416162851273
-0.365                    0.125                    -2.6488722874912867
-0.355                    0.125                    -2.865947447565617
-0.345                    0.125                    -3.0822419389932065
-0.33499999999999996      0.125                    -3.295780195213311
-0.32499999999999996      0.125                    -3.503263815153616
-0.31499999999999995      0.125                    -3.702560480686998
-0.30499999999999994      0.125                    -3.8858115480187223
-0.29500000000000004      0.125                    -4.052685512285848
-0.28500000000000003      0.125                    -4.196422532881172
-0.275                    0.125                    -4.3120045404747955
-0.265                    0.125                    -4.394497628574925
-0.255                    0.125                    -4.4396002724343475
-0.245                    0.125                    -0.2265926155301372
-0.235                    0.125                    -0.23356339143799687
-0.22499999999999998      0.125                    -0.23784009780084148
-0.21500000000000005      0.125                    -0.23995604505186918
-0.20500000000000004      0.125                    -0.2395312909090066
-0.19500000000000003      0.125                    -0.2368190342637888
-0.18500000000000003      0.125                    -0.23228236465035934
-0.17500000000000002      0.125                    -0.22534171286028482
-0.165                    0.125                    -0.2170468742415821
-0.15500000000000003      0.125                    -0.20741709504036976
-0.14500000000000002      0.125                    -0.19640958194213454
-0.135                    0.125                    -0.18485756385973673
-0.125                    0.125                    -0.17251720102987633
-0.11499999999999999      0.125                    -0.15961528386527846
-0.10499999999999998      0.125                    -0.1462962339487177
-0.09499999999999997      0.125                    -0.13269639516582998
-0.08499999999999999      0.125                    -0.11891094401315172
-0.07499999999999998      0.125                    -0.10500375335701762
-0.06499999999999997      0.125                    -0.09102996962157306
-0.054999999999999966     0.125                    -0.07702264332641562
-0.04499999999999996      0.125                    -0.0630043074611919
-0.03499999999999995      0.125                    -0.04898865972313615
-0.025000000000000022     0.125                    -0.03498204631381441
-0.015000000000000013     0.125                    -0.020985571761791277
-0.0050000000000000044    0.125                    -0.006996668828236352
0.0050000000000000044     0.125                    0.006989442279291325
0.015000000000000013      0.125                    0.020978259969716362
0.025000000000000022      0.125                    0.034974516201678796
0.03500000000000003       0.125                    0.048980683088871046
0.04500000000000004       0.125                    0.06299537994024718
0.05500000000000005       0.125                    0.07701170494416942
0.06499999999999995       0.125                    0.09101534598961791
0.07499999999999996       0.125                    0.10498160823129865
0.08499999999999996       0.125                    0.11887574701444947
0.09499999999999997       0.125                    0.13264317971069062
0.10499999999999998       0.125                    0.14621111752697402
0.11499999999999999       0.125                    0.15950246523824774
0.125                     0.125                    0.17246636576788887
0.135                     0.125                    0.1848893476804392
0.14500000000000002       0.125                    0.19676468829794658
0.15500000000000003       0.125                    0.20741862861171967
0.16500000000000004       0.125                    0.21703737635660758
0.17500000000000004       0.125                    0.2253375487409528
0.18500000000000005       0.125                    0.23227886501075545
0.19499999999999995       0.125                    0.23681679754207607
0.20499999999999996       0.125                    0.23953202538620388
0.21499999999999997       0.125                    0.23995758085504804
0.22499999999999998       0.125                    0.23784386604950214
0.235                     0.125                    0.2335695026648068
0.245                     0.125                    0.22660064057819795
0.255                     0.125                    4.439468435426079
0.265                     0.125                    4.3941265106928995
0.275                     0.125                    4.311836993837542
0.28500000000000003       0.125                    4.196472607745818
0.29500000000000004       0.125                    4.0520037465630026
0.30500000000000005       0.125                    3.885918571888041
0.31499999999999995       0.125                    3.702658838482847
0.32499999999999996       0.125                    3.503346649605021
0.33499999999999996       0.125                    3.2958480517374085
0.345                     0.125                    3.0822958849453173
0.355                     0.125                    2.865999861565882
0.365                     0.125                    2.64907443600643
0.375                     0.125                    2.4335663857378904
0.385                     0.125                    2.219597716953942
0.395                     0.125                    2.0092115646708066
0.405                     0.125                    1.802817688253139
0.41500000000000004       0.125                    1.6004569472738588
0.42500000000000004       0.125                    1.402006744467542
0.43500000000000005       0.125                    1.2063823430535763
0.44499999999999995       0.125                    1.0149808398608968
0.45499999999999996       0.125                    0.8261317734849243
0.46499999999999997       0.125                    0.6398003864841684
0.475                     0.125                    0.4555850169183202
0.485                     0.125                    0.2726899335196151
0.495                     0.125                    0.09082172853365478
-0.495                    0.135                    -0.09703837882287303
-0.485                    0.135                    -0.2913814842738134
-0.475                    0.135                    -0.48694429338232226
-0.46499999999999997      0.135                    -0.6840799088983971
-0.45499999999999996      0.135                    -0.8837541040925032
-0.44499999999999995      0.135                    -1.0864782341394061
-0.43500000000000005      0.135                    -1.2922222263151184
-0.42500000000000004      0.135                    -1.503347998784733
-0.41500000000000004      0.135                    -1.718784387769965
-0.405                    0.135                    -1.9384866396607419
-0.395                    0.135                    -2.1640230905678095
-0.385                    0.135                    -2.394827500383073
-0.375                    0.135                    -2.629131216657413
-0.365                    0.135                    -2.867924640593344
-0.355                    0.135                    -3.1107089861486372
-0.345                    0.135                    -3.354278138222057
-0.33499999999999996      0.135                    -3.596790119215555
-0.32499999999999996      0.135                    -3.8347244356423005
-0.31499999999999995      0.135                    -4.0652488438933005
-0.30499999999999994      0.135                    -4.279649777361058
-0.29500000000000004      0.135                    -4.4766270877393595
-0.28500000000000003      0.135                    -4.647642205158377
-0.275                    0.135                    -4.784912649096242
-0.265                    0.135                    -4.885574654473885
-0.255                    0.135                    -4.940431055523163
-0.245                    0.135                    -0.25257387340320747
-0.235                    0.135                    -0.2609281134722323
-0.22499999999999998      0.135                    -0.26596750916814926
-0.21500000000000005      0.135                    -0.26835495663299014
-0.20500000000000004      0.135                    -0.2676573161733984
-0.19500000000000003      0.135                    -0.2642274905734041
-0.18500000000000003      0.135                    -0.2586497068577387
-0.17500000000000002      0.135                    -0.2503347286344706
-0.165                    0.135                    -0.2405186966819386
-0.15500000000000003      0.135                    -0.22926199118109025
-0.14500000000000002      0.135                    -0.21654331595422605
-0.135                    0.135                    -0.20335621285372874
-0.125                    0.135                    -0.18925689106029608
-0.11499999999999999      0.135                    -0.17469830233966377
-0.10499999999999998      0.135                    -0.1598132714710232
-0.09499999999999997      0.135                    -0.1447146527841312
-0.08499999999999999      0.135                    -0.12948894699991342
-0.07499999999999998      0.135                    -0.11419998550144328
-0.06499999999999997      0.135                    -0.09889193563111576
-0.054999999999999966     0.135                    -0.08359492598202678
-0.04499999999999996      0.135                    -0.06832633968360824
-0.03499999999999995      0.135                    -0.05309330702380066
-0.025000000000000022     0.135                    -0.037895293168503486
-0.015000000000000013     0.135                    -0.022726119970570835
-0.0050000000000000044    0.135                    -0.0075757437470542754
0.0050000000000000044     0.135                    0.007568116924176138
0.015000000000000013      0.135                    0.022718482964421582
0.025000000000000022      0.135                    0.03788764905903008
0.03500000000000003       0.135                    0.05308568527902935
0.04500000000000004       0.135                    0.06831883507686598
0.05500000000000005       0.135                    0.08358778468141281
0.06499999999999995       0.135                    0.09888559412343056
0.07499999999999996       0.135                    0.11419554870786897
0.08499999999999996       0.135                    0.12948792759277694
0.09499999999999997       0.135                    0.1447180760504807
0.10499999999999998       0.135                    0.15982313748770594
0.11499999999999999       0.135                    0.17471853022101413
0.125                     0.135                    0.18925514286601697
0.135                     0.135                    0.20331107361159972
0.14500000000000002       0.135                    0.21687976558044397
0.15500000000000003       0.135                    0.22925286609140016
0.16500000000000004       0.135                    0.24050094787358756
0.17500000000000004       0.135                    0.2503278694463802
0.18500000000000005       0.135                    0.2586439549291413
0.19499999999999995       0.135                    0.26422323060475605
0.20499999999999996       0.135                    0.2676580846212602
0.21499999999999997       0.135                    0.26835584309623073
0.22499999999999998       0.135                    0.26597125907642294
0.235                     0.135                    0.2609351848262804
0.245                     0.135                    0.2525829009248213
0.255                     0.135                    4.940463331279773
0.265                     0.135                    4.8857160889201054
0.275                     0.135                    4.786152386129459
0.28500000000000003       0.135                    4.647655067207893
0.29500000000000004       0.135                    4.475705633735288
0.30500000000000005       0.135                    4.279765821537808
0.31499999999999995       0.135                    4.065351393347271
0.32499999999999996       0.135                    3.834808730383429
0.33499999999999996       0.135                    3.596856649243122
0.345                     0.135                    3.354328695813873
0.355                     0.135                    3.1107720931978804
0.365                     0.135                    2.8681577667514375
0.375                     0.135                    2.6293254419513516
0.385                     0.135                    2.39353101441786
0.395                     0.135                    2.1628565653653524
0.405                     0.135                    1.9377480362881663
0.41500000000000004       0.135                    1.7180719284664718
0.42500000000000004       0.135                    1.5033490343248985
0.43500000000000005       0.135                    1.2922798076340598
0.44499999999999995       0.135                    1.086467119873845
0.45499999999999996       0.135                    0.8837513503238057
0.46499999999999997       0.135                    0.6840788387707732
0.475                     0.135                    0.4869430540253177
0.485                     0.135                    0.29138079157874586
0.495                     0.135                    0.09703814095213659
-0.495                    0.14500000000000002      -0.102903115235641
-0.485                    0.14500000000000002      -0.3090198580885044
-0.475                    0.14500000000000002      -0.5165612332633032
-0.46499999999999997      0.14500000000000002      -0.7259455430563122
-0.45499999999999996      0.14500000000000002      -0.9383199110760749
-0.44499999999999995      0.14500000000000002      -1.1543130525235767
-0.43500000000000005      0.14500000000000002      -1.3739074224079957
-0.42500000000000004      0.14500000000000002      -1.5999997474137473
-0.41500000000000004      0.14500000000000002      -1.831406757290722
-0.405                    0.14500000000000002      -2.068227400206605
-0.395                    0.14500000000000002      -2.3125067313425234
-0.385                    0.14500000000000002      -2.563956448401271
-0.375                    0.14500000000000002      -2.820678618323001
-0.365                    0.14500000000000002      -3.08384794499446
-0.355                    0.14500000000000002      -3.3540959023305845
-0.345                    0.14500000000000002      -3.6273216192030375
-0.33499999999999996      0.14500000000000002      -3.9020137949184743
-0.32499999999999996      0.14500000000000002      -4.174572586881311
-0.31499999999999995      0.14500000000000002      -4.44134544109491
-0.30499999999999994      0.14500000000000002      -4.692904851435728
-0.29500000000000004      0.14500000000000002      -4.926341369641392
-0.28500000000000003      0.14500000000000002      -5.131254001460945
-0.275                    0.14500000000000002      -5.298716393870791
-0.265                    0.14500000000000002      -5.4201364016410025
-0.255                    0.14500000000000002      -5.487482172227658
-0.245                    0.14500000000000002      -0.2811037344149838
-0.235                    0.14500000000000002      -0.29116420900712114
-0.22499999999999998      0.14500000000000002      -0.2970861131069569
-0.21500000000000005      0.14500000000000002      -0.2997118402243615
-0.20500000000000004      0.14500000000000002      -0.2985587202657669
-0.19500000000000003      0.14500000000000002      -0.2941328321827825
-0.18500000000000003      0.14500000000000002      -0.2871756761295501
-0.17500000000000002      0.14500000000000002      -0.2771388810728723
-0.165                    0.14500000000000002      -0.26547269227418724
-0.15500000000000003      0.14500000000000002      -0.2522845151061901
-0.14500000000000002      0.14500000000000002      -0.23769351234123803
-0.135                    0.14500000000000002      -0.2225071439740418
-0.125                    0.14500000000000002      -0.2065240143366509
-0.11499999999999999      0.14500000000000002      -0.19017861023797877
-0.10499999999999998      0.14500000000000002      -0.1735926615605763
-0.09499999999999997      0.14500000000000002      -0.15688956139695165
-0.08499999999999999      0.14500000000000002      -0.14015724997420875
-0.07499999999999998      0.14500000000000002      -0.12343317419873756
-0.06499999999999997      0.14500000000000002      -0.10675736051183549
-0.054999999999999966     0.14500000000000002      -0.09015145537858871
-0.04499999999999996      0.14500000000000002      -0.07362367730070218
-0.03499999999999995      0.14500000000000002      -0.057171878419580935
-0.025000000000000022     0.14500000000000002      -0.040786388615174474
-0.015000000000000013     0.14500000000000002      -0.02445198776365487
-0.0050000000000000044    0.14500000000000002      -0.008149691549306226
0.0050000000000000044     0.14500000000000002      0.008141657856526763
0.015000000000000013      0.14500000000000002      0.024443930776726575
0.025000000000000022      0.14500000000000002      0.0407782945035251
0.03500000000000003       0.14500000000000002      0.05716376775438903
0.04500000000000004       0.14500000000000002      0.07361576403638992
0.05500000000000005       0.14500000000000002      0.09014422997029214
0.06499999999999995       0.14500000000000002      0.10675167953218079
0.07499999999999996       0.14500000000000002      0.12343078607790403
0.08499999999999996       0.14500000000000002      0.1401613151963943
0.09499999999999997       0.14500000000000002      0.15690642713167335
0.10499999999999998       0.14500000000000002      0.1736063188691901
0.11499999999999999       0.14500000000000002      0.19022408464127238
0.125                     0.14500000000000002      0.20656968703315215
0.135                     0.14500000000000002      0.22247538544343115
0.14500000000000002       0.14500000000000002      0.2375155161161615
0.15500000000000003       0.14500000000000002      0.25226616998730833
0.16500000000000004       0.14500000000000002      0.2654370743334127
0.17500000000000004       0.14500000000000002      0.27712323215641277
0.18500000000000005       0.14500000000000002      0.287157219251128
0.19499999999999995       0.14500000000000002      0.2941265104607851
0.20499999999999996       0.14500000000000002      0.2985596968944364
0.21499999999999997       0.14500000000000002      0.29971161024057835
0.22499999999999998       0.14500000000000002      0.2970895876765667
0.235                     0.14500000000000002      0.29117263358568835
0.245                     0.14500000000000002      0.28111362723751654
0.255                     0.14500000000000002      5.487646277512397
0.265                     0.14500000000000002      5.420073752951339
0.275                     0.14500000000000002      5.298033049571131
0.28500000000000003       0.14500000000000002      5.1313739507168386
0.29500000000000004       0.14500000000000002      4.92544538724411
0.30500000000000005       0.14500000000000002      4.693022544981446
0.31499999999999995       0.14500000000000002      4.441450655841834
0.32499999999999996       0.14500000000000002      4.174655868865187
0.33499999999999996       0.14500000000000002      3.902076329127212
0.345                     0.14500000000000002      3.627367064530908
0.355                     0.14500000000000002      3.354160810532761
0.365                     0.14500000000000002      3.084085939271631
0.375                     0.14500000000000002      2.8208881604591056
0.385                     0.14500000000000002      2.562621311770215
0.395                     0.14500000000000002      2.311334274291262
0.405                     0.14500000000000002      2.0674808211434144
0.41500000000000004       0.14500000000000002      1.830697148726486
0.42500000000000004       0.14500000000000002      1.6000058888884894
0.43500000000000005       0.14500000000000002      1.3739588119890698
0.44499999999999995       0.14500000000000002      1.1542995156650022
0.45499999999999996       0.14500000000000002      0.9383147871810387
0.46499999999999997       0.14500000000000002      0.7259425927886554
0.475                     0.14500000000000002      0.5165586395025628
0.485                     0.14500000000000002      0.3090183358262095
0.495                     0.14500000000000002      0.10290260142942032
-0.495                    0.15500000000000003      -0.10835778925863337
-0.485                    0.15500000000000003      -0.3254295075440723
-0.475                    0.15500000000000003      -0.5441380682247541
-0.46499999999999997      0.15500000000000003      -0.7649700150118974
-0.45499999999999996      0.15500000000000003      -0.9892634648324261
-0.44499999999999995      0.15500000000000003      -1.2177734120348305
-0.43500000000000005      0.15500000000000003      -1.450507005864523
-0.42500000000000004      0.15500000000000003      -1.6909616664445366
-0.41500000000000004      0.15500000000000003      -1.9377647619136766
-0.405                    0.15500000000000003      -2.1912776380546504
-0.395                    0.15500000000000003      -2.454057557915071
-0.385                    0.15500000000000003      -2.7262259621824114
-0.375                    0.15500000000000003      -3.005897701428438
-0.365                    0.15500000000000003      -3.294270256778219
-0.355                    0.15500000000000003      -3.593537189553814
-0.345                    0.15500000000000003      -3.8987897618670218
-0.33499999999999996      0.15500000000000003      -4.209075768901869
-0.32499999999999996      0.15500000000000003      -4.520971058093181
-0.31499999999999995      0.15500000000000003      -4.829925047208292
-0.30499999999999994      0.15500000000000003      -5.1261511429513575
-0.29500000000000004      0.15500000000000003      -5.404709223537509
-0.28500000000000003      0.15500000000000003      -5.652786770286866
-0.275                    0.15500000000000003      -5.856783497541997
-0.265                    0.15500000000000003      -6.007808340480551
-0.255                    0.15500000000000003      -6.09148523688728
-0.245                    0.15500000000000003      -0.312800400020393
-0.235                    0.15500000000000003      -0.32499616041317836
-0.22499999999999998      0.15500000000000003      -0.33192717328486765
-0.21500000000000005      0.15500000000000003      -0.33469650811687757
-0.20500000000000004      0.15500000000000003      -0.3327887181700646
-0.19500000000000003      0.15500000000000003      -0.3269562732000679
-0.18500000000000003      0.15500000000000003      -0.31814954281128394
-0.17500000000000002      0.15500000000000003      -0.3059234167604643
-0.165                    0.15500000000000003      -0.2919524313926729
-0.15500000000000003      0.15500000000000003      -0.27634227631222075
-0.14500000000000002      0.15500000000000003      -0.25961961254745347
-0.135                    0.15500000000000003      -0.24212901866795278
-0.125                    0.15500000000000003      -0.22414583644803088
-0.11499999999999999      0.15500000000000003      -0.20588787478544646
-0.10499999999999998      0.15500000000000003      -0.1875097922799398
-0.09499999999999997      0.15500000000000003      -0.16912278135649217
-0.08499999999999999      0.15500000000000003      -0.150802699490157
-0.07499999999999998      0.15500000000000003      -0.13259592967867206
-0.06499999999999997      0.15500000000000003      -0.11452701525533371
-0.054999999999999966     0.15500000000000003      -0.09660350169673393
-0.04499999999999996      0.15500000000000003      -0.07882044582274261
-0.03499999999999995      0.15500000000000003      -0.06116336542186218
-0.025000000000000022     0.15500000000000003      -0.043610745892152636
-0.015000000000000013     0.15500000000000003      -0.026136055303481953
-0.0050000000000000044    0.15500000000000003      -0.008709409395152079
0.0050000000000000044     0.15500000000000003      0.008701001514168638
0.015000000000000013      0.15500000000000003      0.026127614912695662
0.025000000000000022      0.15500000000000003      0.04360224033734994
0.03500000000000003       0.15500000000000003      0.061154758078089344
0.04500000000000004       0.15500000000000003      0.07881166693536557
0.05500000000000005       0.15500000000000003      0.09659440447333623
0.06499999999999995       0.15500000000000003      0.11451735430026133
0.07499999999999996       0.15500000000000003      0.1325852920150794
0.08499999999999996       0.15500000000000003      0.15079027102248688
0.09499999999999997       0.15500000000000003      0.16910775031914227
0.10499999999999998       0.15500000000000003      0.18749135220033963
0.11499999999999999       0.15500000000000003      0.20586597024333742
0.125                     0.15500000000000003      0.22412035666155816
0.135                     0.15500000000000003      0.24209779982007262
0.14500000000000002       0.15500000000000003      0.25957829892317363
0.15500000000000003       0.15500000000000003      0.27645816573519255
0.16500000000000004       0.15500000000000003      0.2919404295476369
0.17500000000000004       0.15500000000000003      0.3058964889925164
0.18500000000000005       0.15500000000000003      0.3181061867838366
0.19499999999999995       0.15500000000000003      0.3269506890535183
0.20499999999999996       0.15500000000000003      0.3327939653563661
0.21499999999999997       0.15500000000000003      0.334693284249056
0.22499999999999998       0.15500000000000003      0.3319299332216019
0.235                     0.15500000000000003      0.325007104114178
0.245                     0.15500000000000003      0.312813127405974
0.255                     0.15500000000000003      6.09142800776749
0.265                     0.15500000000000003      6.008078253962481
0.275                     0.15500000000000003      5.857331494279208
0.28500000000000003       0.15500000000000003      5.652019285460028
0.29500000000000004       0.15500000000000003      5.403300877247659
0.30500000000000005       0.15500000000000003      5.1262719617378565
0.31499999999999995       0.15500000000000003      4.830029858421028
0.32499999999999996       0.15500000000000003      4.5210494447785265
0.33499999999999996       0.15500000000000003      4.20913034384985
0.345                     0.15500000000000003      3.898828005232172
0.355                     0.15500000000000003      3.5935875577963543
0.365                     0.15500000000000003      3.294411397634775
0.375                     0.15500000000000003      3.0060201059018254
0.385                     0.15500000000000003      2.7248696713413096
0.395                     0.15500000000000003      2.4529002919516216
0.405                     0.15500000000000003      2.1905272179399535
0.41500000000000004       0.15500000000000003      1.9370617140591833
0.42500000000000004       0.15500000000000003      1.6909774961296336
0.43500000000000005       0.15500000000000003      1.4505632241566957
0.44499999999999995       0.15500000000000003      1.217759454322561
0.45499999999999996       0.15500000000000003      0.9892558109292224
0.46499999999999997       0.15500000000000003      0.7649649863449355
0.475                     0.15500000000000003      0.5441339771412004
0.485                     0.15500000000000003      0.3254270750250612
0.495                     0.15500000000000003      0.10835697295458857
-0.495                    0.16500000000000004      -0.11334236931102026
-0.485                    0.16500000000000004      -0.34042898632259266
-0.475                    0.16500000000000004      -0.5693656470361361
-0.46499999999999997      0.16500000000000004      -0.8007083210479919
-0.45499999999999996      0.16500000000000004      -1.035989798550336
-0.44499999999999995      0.16500000000000004      -1.276097535227393
-0.43500000000000005      0.16500000000000004      -1.5211030985848026
-0.42500000000000004      0.16500000000000004      -1.7750934983575632
-0.41500000000000004      0.16500000000000004      -2.036428777382831
-0.405                    0.16500000000000004      -2.30593480982147
-0.395                    0.16500000000000004      -2.586663750900229
-0.385                    0.16500000000000004      -2.8792830025800953
-0.375                    0.16500000000000004      -3.1817886508453057
-0.365                    0.16500000000000004      -3.4958606333313753
-0.355                    0.16500000000000004      -3.8255878749303065
-0.345                    0.16500000000000004      -4.165055471454302
-0.33499999999999996      0.16500000000000004      -4.514354285830819
-0.32499999999999996      0.16500000000000004      -4.870696244256067
-0.31499999999999995      0.16500000000000004      -5.228657988265553
-0.30499999999999994      0.16500000000000004      -5.5788232712686465
-0.29500000000000004      0.16500000000000004      -5.913434334586839
-0.28500000000000003      0.16500000000000004      -6.216678459290563
-0.275                    0.16500000000000004      -6.470144054446678
-0.265                    0.16500000000000004      -6.660817708193008
-0.255                    0.16500000000000004      -6.766372239811858
-0.245                    0.16500000000000004      -0.34850951069496716
-0.235                    0.16500000000000004      -0.3634219207166609
-0.22499999999999998      0.16500000000000004      -0.37147565077913214
-0.21500000000000005      0.16500000000000004      -0.37417267917996355
-0.20500000000000004      0.16500000000000004      -0.37102171749761226
-0.19500000000000003      0.16500000000000004      -0.3631777000983618
-0.18500000000000003      0.16500000000000004      -0.35189321760805115
-0.17500000000000002      0.16500000000000004      -0.336917185407529
-0.165                    0.16500000000000004      -0.3200519570945062
-0.15500000000000003      0.16500000000000004      -0.30173824311042097
-0.14500000000000002      0.16500000000000004      -0.2823004795492814
-0.135                    0.16500000000000004      -0.26231732374272276
-0.125                    0.16500000000000004      -0.24205129502063016
-0.11499999999999999      0.16500000000000004      -0.2217011016358299
-0.10499999999999998      0.16500000000000004      -0.20140906817422355
-0.09499999999999997      0.16500000000000004      -0.1812674139355579
-0.08499999999999999      0.16500000000000004      -0.1613304535320852
-0.07499999999999998      0.16500000000000004      -0.1416258518847121
-0.06499999999999997      0.16500000000000004      -0.12216070540672641
-0.054999999999999966     0.16500000000000004      -0.10292635131740901
-0.04499999999999996      0.16500000000000004      -0.08390245371341187
-0.03499999999999995      0.16500000000000004      -0.06506020719347827
-0.025000000000000022     0.16500000000000004      -0.0463647123160853
-0.015000000000000013     0.16500000000000004      -0.02777680034225405
-0.0050000000000000044    0.16500000000000004      -0.009254499617861178
0.0050000000000000044     0.16500000000000004      0.00924574636258102
0.015000000000000013      0.16500000000000004      0.02776800726573514
0.025000000000000022      0.16500000000000004      0.04635583960098266
0.03500000000000003       0.16500000000000004      0.06505121519489121
0.04500000000000004       0.16500000000000004      0.08389331429564795
0.05500000000000005       0.16500000000000004      0.10291712690783505
0.06499999999999995       0.16500000000000004      0.12215157171830393
0.07499999999999996       0.16500000000000004      0.14161720124966748
0.08499999999999996       0.16500000000000004      0.16132312571530183
0.09499999999999997       0.16500000000000004      0.18126288326965412
0.10499999999999998       0.16500000000000004      0.20140892222227258
0.11499999999999999       0.16500000000000004      0.22170530925572507
0.125                     0.16500000000000004      0.24206198386989541
0.135                     0.16500000000000004      0.2623390985830554
0.14500000000000002       0.16500000000000004      0.2823286530374389
0.15500000000000003       0.16500000000000004      0.30177156852337816
0.16500000000000004       0.16500000000000004      0.3201545668798502
0.17500000000000004       0.16500000000000004      0.3367773910053984
0.18500000000000005       0.16500000000000004      0.3517656193727703
0.19499999999999995       0.16500000000000004      0.36317132396271745
0.20499999999999996       0.16500000000000004      0.371040886586691
0.21499999999999997       0.16500000000000004      0.3741622095030408
0.22499999999999998       0.16500000000000004      0.37147701078788486
0.235                     0.16500000000000004      0.3634375062839865
0.245                     0.16500000000000004      0.34852425012564936
0.255                     0.16500000000000004      6.766326927150828
0.265                     0.16500000000000004      6.6612142050831835
0.275                     0.16500000000000004      6.471800559409061
0.28500000000000003       0.16500000000000004      6.2162723855003605
0.29500000000000004       0.16500000000000004      5.911751633695815
0.30500000000000005       0.16500000000000004      5.578946797743399
0.31499999999999995       0.16500000000000004      5.2287572605728485
0.32499999999999996       0.16500000000000004      4.87076380997766
0.33499999999999996       0.16500000000000004      4.514394921593407
0.345                     0.16500000000000004      4.165083379791252
0.355                     0.16500000000000004      3.825647427478316
0.365                     0.16500000000000004      3.4959983441801796
0.375                     0.16500000000000004      3.181942618990618
0.385                     0.16500000000000004      2.877922413860503
0.395                     0.16500000000000004      2.585544609824307
0.405                     0.16500000000000004      2.3051980277518345
0.41500000000000004       0.16500000000000004      2.035760147141616
0.42500000000000004       0.16500000000000004      1.7751304766639038
0.43500000000000005       0.16500000000000004      1.521169238423056
0.44499999999999995       0.16500000000000004      1.2760854490206839
0.45499999999999996       0.16500000000000004      1.035979354246141
0.46499999999999997       0.16500000000000004      0.8007009648878807
0.475                     0.16500000000000004      0.5693599190865086
0.485                     0.16500000000000004      0.3404255748740468
0.495                     0.16500000000000004      0.11334122796863966
-0.495                    0.17500000000000004      -0.11779671044106266
-0.485                    0.17500000000000004      -0.35383627366991277
-0.475                    0.17500000000000004      -0.5919325892524512
-0.46499999999999997      0.17500000000000004      -0.8327100313579194
-0.45499999999999996      0.17500000000000004      -1.0778926074553077
-0.44499999999999995      0.17500000000000004      -1.3285027466480699
-0.43500000000000005      0.17500000000000004      -1.5846412958925384
-0.42500000000000004      0.17500000000000004      -1.8510332841779018
-0.41500000000000004      0.17500000000000004      -2.1259489386029955
-0.405                    0.17500000000000004      -2.4103948136874758
-0.395                    0.17500000000000004      -2.708088694503303
-0.385                    0.17500000000000004      -3.020421160674715
-0.375                    0.17500000000000004      -3.3454137184706667
-0.365                    0.17500000000000004      -3.685090181878479
-0.355                    0.17500000000000004      -4.045944208442023
-0.345                    0.17500000000000004      -4.421226217897981
-0.33499999999999996      0.17500000000000004      -4.812612089507084
-0.32499999999999996      0.17500000000000004      -5.218575757607795
-0.31499999999999995      0.17500000000000004      -5.63304584113132
-0.30499999999999994      0.17500000000000004      -6.048370444577451
-0.29500000000000004      0.17500000000000004      -6.4528832154487645
-0.28500000000000003      0.17500000000000004      -6.828664475466951
-0.275                    0.17500000000000004      -7.1492487095274555
-0.265                    0.17500000000000004      -7.395070367101653
-0.255                    0.17500000000000004      -7.531935773403433
-0.245                    0.17500000000000004      -0.3894313785236818
-0.235                    0.17500000000000004      -0.40786585291994015
-0.22499999999999998      0.17500000000000004      -0.4170953822989816
-0.21500000000000005      0.17500000000000004      -0.4192730551893362
-0.20500000000000004      0.17500000000000004      -0.4140471461046644
-0.19500000000000003      0.17500000000000004      -0.40334418415591244
-0.18500000000000003      0.17500000000000004      -0.3886661803227298
-0.17500000000000002      0.17500000000000004      -0.36942223965155563
-0.165                    0.17500000000000004      -0.3492965954762042
-0.15500000000000003      0.17500000000000004      -0.3277678420483916
-0.14500000000000002      0.17500000000000004      -0.3054455808929788
-0.135                    0.17500000000000004      -0.2827681094623813
-0.125                    0.17500000000000004      -0.2600470478114971
-0.11499999999999999      0.17500000000000004      -0.23747756322157443
-0.10499999999999998      0.17500000000000004      -0.21518079451715266
-0.09499999999999997      0.17500000000000004      -0.19322500470960335
-0.08499999999999999      0.17500000000000004      -0.17164007726006503
-0.07499999999999998      0.17500000000000004      -0.15042872049477296
-0.06499999999999997      0.17500000000000004      -0.12957469145575828
-0.054999999999999966     0.17500000000000004      -0.10904844035621863
-0.04499999999999996      0.17500000000000004      -0.08881102358535031
-0.03499999999999995      0.17500000000000004      -0.0688168938083038
-0.025000000000000022     0.17500000000000004      -0.049015920578852956
-0.015000000000000013     0.17500000000000004      -0.029354870979318548
-0.0050000000000000044    0.17500000000000004      -0.009778521349630864
0.0050000000000000044     0.17500000000000004      0.009769460758263904
0.015000000000000013      0.17500000000000004      0.029345763041362716
0.025000000000000022      0.17500000000000004      0.04900671750795027
0.03500000000000003       0.17500000000000004      0.06880754693236213
0.04500000000000004       0.17500000000000004      0.08880147932754312
0.05500000000000005       0.17500000000000004      0.10903858579791859
0.06499999999999995       0.17500000000000004      0.12956428595680336
0.07499999999999996       0.17500000000000004      0.15041729667032655
0.08499999999999996       0.17500000000000004      0.17162671990294598
0.09499999999999997       0.17500000000000004      0.19320810086551887
0.10499999999999998       0.17500000000000004      0.21515808363275823
0.11499999999999999       0.17500000000000004      0.23744710001597014
0.125                     0.17500000000000004      0.26000550066208916
0.135                     0.17500000000000004      0.28270745826270627
0.14500000000000002       0.17500000000000004      0.3053607451273024
0.15500000000000003       0.17500000000000004      0.3276762565079139
0.16500000000000004       0.17500000000000004      0.3492972561460448
0.17500000000000004       0.17500000000000004      0.36979301014162047
0.18500000000000005       0.17500000000000004      0.3883434632886349
0.19499999999999995       0.17500000000000004      0.40329208520665816
0.20499999999999996       0.17500000000000004      0.4141088089486935
0.21499999999999997       0.17500000000000004      0.4192437406602352
0.22499999999999998       0.17500000000000004      0.41708940200939537
0.235                     0.17500000000000004      0.4078924087261271
0.245                     0.17500000000000004      0.3894491822322692
0.255                     0.17500000000000004      7.5317909980889794
0.265                     0.17500000000000004      7.394701768846687
0.275                     0.17500000000000004      7.150319652065832
0.28500000000000003       0.17500000000000004      6.828176447638668
0.29500000000000004       0.17500000000000004      6.450981141502638
0.30500000000000005       0.17500000000000004      6.048478711235873
0.31499999999999995       0.17500000000000004      5.6331321387446565
0.32499999999999996       0.17500000000000004      5.218623967258935
0.33499999999999996       0.17500000000000004      4.81263065166776
0.345                     0.17500000000000004      4.421243108310506
0.355                     0.17500000000000004      4.045962151361181
0.365                     0.17500000000000004      3.685172889664699
0.375                     0.17500000000000004      3.3456103640166077
0.385                     0.17500000000000004      3.0190939915230786
0.395                     0.17500000000000004      2.707051556098204
0.405                     0.17500000000000004      2.409656977707029
0.41500000000000004       0.17500000000000004      2.125282032179058
0.42500000000000004       0.17500000000000004      1.8511026507520398
0.43500000000000005       0.17500000000000004      1.5847149685177158
0.44499999999999995       0.17500000000000004      1.3284917480128229
0.45499999999999996       0.17500000000000004      1.0778789480584123
0.46499999999999997       0.17500000000000004      0.8327001267109182
0.475                     0.17500000000000004      0.591925169631395
0.485                     0.17500000000000004      0.3538318310650652
0.495                     0.17500000000000004      0.11779522700599898
-0.495                    0.18500000000000005      -0.12166263809095312
-0.485                    0.18500000000000005      -0.36547509235623465
-0.475                    0.18500000000000005      -0.611536241503444
-0.46499999999999997      0.18500000000000005      -0.8605350442722255
-0.45499999999999996      0.18500000000000005      -1.1143755584822372
-0.44499999999999995      0.18500000000000005      -1.3742133190489199
-0.43500000000000005      0.18500000000000005      -1.6401899145197092
-0.42500000000000004      0.18500000000000005      -1.9176314413228965
-0.41500000000000004      0.18500000000000005      -2.204640365210807
-0.405                    0.18500000000000005      -2.5026601346683117
-0.395                    0.18500000000000005      -2.8159340750705653
-0.385                    0.18500000000000005      -3.146649021337339
-0.375                    0.18500000000000005      -3.493101728688245
-0.365                    0.18500000000000005      -3.8574427714486035
-0.355                    0.18500000000000005      -4.249179685504771
-0.345                    0.18500000000000005      -4.660979980379949
-0.33499999999999996      0.18500000000000005      -5.096616912865102
-0.32499999999999996      0.18500000000000005      -5.556800280510686
-0.31499999999999995      0.18500000000000005      -6.035351744304734
-0.30499999999999994      0.18500000000000005      -6.528784329321319
-0.29500000000000004      0.18500000000000005      -7.02299853538392
-0.28500000000000003      0.18500000000000005      -7.4923959309017505
-0.275                    0.18500000000000005      -7.907147034166542
-0.265                    0.18500000000000005      -8.232828495407546
-0.255                    0.18500000000000005      -8.416623530309664
-0.245                    0.18500000000000005      -0.4373566387577412
-0.235                    0.18500000000000005      -0.46044769626058724
-0.22499999999999998      0.18500000000000005      -0.4707321487671834
-0.21500000000000005      0.18500000000000005      -0.4714851339682866
-0.20500000000000004      0.18500000000000005      -0.4627347521588945
-0.19500000000000003      0.18500000000000005      -0.447739845567682
-0.18500000000000003      0.18500000000000005      -0.4279955062709746
-0.17500000000000002      0.18500000000000005      -0.4050025767040033
-0.165                    0.18500000000000005      -0.38035411067579616
-0.15500000000000003      0.18500000000000005      -0.3548183261440272
-0.14500000000000002      0.18500000000000005      -0.32898920065139237
-0.135                    0.18500000000000005      -0.303257463283785
-0.125                    0.18500000000000005      -0.277863269542479
-0.11499999999999999      0.18500000000000005      -0.2529475088231834
-0.10499999999999998      0.18500000000000005      -0.22858051480966424
-0.09499999999999997      0.18500000000000005      -0.20478541552455454
-0.08499999999999999      0.18500000000000005      -0.18155334642051457
-0.07499999999999998      0.18500000000000005      -0.15885404745421283
-0.06499999999999997      0.18500000000000005      -0.13664297871292774
-0.054999999999999966     0.18500000000000005      -0.11486612479660607
-0.04499999999999996      0.18500000000000005      -0.09346324284899765
-0.03499999999999995      0.18500000000000005      -0.07237004963496929
-0.025000000000000022     0.18500000000000005      -0.051519685098526224
-0.015000000000000013     0.18500000000000005      -0.030843688142624615
-0.0050000000000000044    0.18500000000000005      -0.010272650247259207
0.0050000000000000044     0.18500000000000005      0.010263332145086679
0.015000000000000013      0.18500000000000005      0.030834315614981733
0.025000000000000022      0.18500000000000005      0.05151020288582231
0.03500000000000003       0.18500000000000005      0.0723604007873746
0.04500000000000004       0.18500000000000005      0.09345336787123415
0.05500000000000005       0.18500000000000005      0.11485595967775453
0.06499999999999995       0.18500000000000005      0.13663245877154395
0.07499999999999996       0.18500000000000005      0.15884310622476505
0.08499999999999996       0.18500000000000005      0.18154194139737
0.09499999999999997       0.18500000000000005      0.20477352697338347
0.10499999999999998       0.18500000000000005      0.22856814030410533
0.11499999999999999       0.18500000000000005      0.25293462844683745
0.125                     0.18500000000000005      0.27784983474066394
0.135                     0.18500000000000005      0.3032434421274388
0.14500000000000002       0.18500000000000005      0.3289774316187959
0.15500000000000003       0.18500000000000005      0.3548175251441421
0.16500000000000004       0.18500000000000005      0.3803765840423807
0.17500000000000004       0.18500000000000005      0.4050076601157713
0.18500000000000005       0.18500000000000005      0.4279393669243845
0.19499999999999995       0.18500000000000005      0.4472372964586384
0.20499999999999996       0.18500000000000005      0.4629148242776022
0.21499999999999997       0.18500000000000005      0.4714161153830787
0.22499999999999998       0.18500000000000005      0.47069116952150125
0.235                     0.18500000000000005      0.46050431432868777
0.245                     0.18500000000000005      0.43737695729016934
0.255                     0.18500000000000005      8.416276369886873
0.265                     0.18500000000000005      8.231144953235003
0.275                     0.18500000000000005      7.907140593874544
0.28500000000000003       0.18500000000000005      7.491440157592763
0.29500000000000004       0.18500000000000005      7.018918538867126
0.30500000000000005       0.18500000000000005      6.5288746753963665
0.31499999999999995       0.18500000000000005      6.035412005938184
0.32499999999999996       0.18500000000000005      5.556818389189374
0.33499999999999996       0.18500000000000005      5.096603708464713
0.345                     0.18500000000000005      4.660982041560111
0.355                     0.18500000000000005      4.249191215856143
0.365                     0.18500000000000005      3.85746844638399
0.375                     0.18500000000000005      3.4932473877065036
0.385                     0.18500000000000005      3.1454198977733654
0.395                     0.18500000000000005      2.8150222072636417
0.405                     0.18500000000000005      2.501984196972816
0.41500000000000004       0.18500000000000005      2.2040743652650647
0.42500000000000004       0.18500000000000005      1.9176600657830676
0.43500000000000005       0.18500000000000005      1.6402384966281431
0.44499999999999995       0.18500000000000005      1.374202163140012
0.45499999999999996       0.18500000000000005      1.1143585124885398
0.46499999999999997       0.18500000000000005      0.8605225024187177
0.475                     0.18500000000000005      0.6115270970517201
0.485                     0.18500000000000005      0.36546958661980966
0.495                     0.18500000000000005      0.12166080240916699
-0.495                    0.19499999999999995      -0.12488624913026314
-0.485                    0.19499999999999995      -0.37518190711446664
-0.475                    0.19499999999999995      -0.6278948678872496
-0.46499999999999997      0.19499999999999995      -0.8837715549862679
-0.45499999999999996      0.19499999999999995      -1.1448769949986577
-0.44499999999999995      0.19499999999999995      -1.4124898890201507
-0.43500000000000005      0.19499999999999995      -1.6867801837294394
-0.42500000000000004      0.19499999999999995      -1.9736649106232278
-0.41500000000000004      0.19499999999999995      -2.2710867742045338
-0.405                    0.19499999999999995      -2.5808450107105845
-0.395                    0.19499999999999995      -2.907766648360486
-0.385                    0.19499999999999995      -3.2548912814947073
-0.375                    0.19499999999999995      -3.6207014974123553
-0.365                    0.19499999999999995      -4.007853917184661
-0.355                    0.19499999999999995      -4.429112257683954
-0.345                    0.19499999999999995      -4.8765113421410575
-0.33499999999999996      0.19499999999999995      -5.356854694384268
-0.32499999999999996      0.19499999999999995      -5.874201828018499
-0.31499999999999995      0.19499999999999995      -6.423222603931237
-0.30499999999999994      0.19499999999999995      -7.008479275920585
-0.29500000000000004      0.19499999999999995      -7.610580392496814
-0.28500000000000003      0.19499999999999995      -8.208711393203771
-0.275                    0.19499999999999995      -8.75882119850371
-0.265                    0.19499999999999995      -9.205766229779343
-0.255                    0.19499999999999995      -9.463551151617821
-0.245                    0.19499999999999995      -0.495131843358962
-0.235                    0.19499999999999995      -0.5244703187018729
-0.22499999999999998      0.19499999999999995      -0.5353083096004241
-0.21500000000000005      0.19499999999999995      -0.5328021048256915
-0.20500000000000004      0.19499999999999995      -0.5181012305918102
-0.19500000000000003      0.19499999999999995      -0.49671221756779005
-0.18500000000000003      0.19499999999999995      -0.47020966208157233
-0.17500000000000002      0.19499999999999995      -0.4415242720984338
-0.165                    0.19499999999999995      -0.4118714932233729
-0.15500000000000003      0.19499999999999995      -0.3819715154191954
-0.14500000000000002      0.19499999999999995      -0.35237746619975496
-0.135                    0.19499999999999995      -0.3234035052105355
-0.125                    0.19499999999999995      -0.2952213284688696
-0.11499999999999999      0.19499999999999995      -0.26789869872993677
-0.10499999999999998      0.19499999999999995      -0.24144041895033297
-0.09499999999999997      0.19499999999999995      -0.21581362614489308
-0.08499999999999999      0.19499999999999995      -0.1909623725909455
-0.07499999999999998      0.19499999999999995      -0.16681695726481394
-0.06499999999999997      0.19499999999999995      -0.14329987230763663
-0.054999999999999966     0.19499999999999995      -0.12032944857304528
-0.04499999999999996      0.19499999999999995      -0.09782200649328843
-0.03499999999999995      0.19499999999999995      -0.0756931069345228
-0.025000000000000022     0.19499999999999995      -0.053858224390410214
-0.015000000000000013     0.19499999999999995      -0.03223304957549544
-0.0050000000000000044    0.19499999999999995      -0.010733561727931829
0.0050000000000000044     0.19499999999999995      0.010724037626459904
0.015000000000000013      0.19499999999999995      0.03222346475155291
0.025000000000000022      0.19499999999999995      0.05384851691900394
0.03500000000000003       0.19499999999999995      0.07568321243417131
0.04500000000000004       0.19499999999999995      0.0978118568048103
0.05500000000000005       0.19499999999999995      0.120318970457447
0.06499999999999995       0.19499999999999995      0.1432889864444178
0.07499999999999996       0.19499999999999995      0.16680558993721206
0.08499999999999996       0.19499999999999995      0.19095052039278926
0.09499999999999997       0.19499999999999995      0.2158015075036701
0.10499999999999998       0.19499999999999995      0.2414288444531394
0.11499999999999999       0.19499999999999995      0.26788977665432867
0.125                     0.19499999999999995      0.29521993229690224
0.135                     0.19499999999999995      0.3234198352143949
0.14500000000000002       0.19499999999999995      0.35243066719664284
0.15500000000000003       0.19499999999999995      0.38212658927619714
0.16500000000000004       0.19499999999999995      0.4122159535564833
0.17500000000000004       0.19499999999999995      0.4422993212824622
0.18500000000000005       0.19499999999999995      0.4709963848550842
0.19499999999999995       0.19499999999999995      0.49649485171102015
0.20499999999999996       0.19499999999999995      0.518448719971218
0.21499999999999997       0.19499999999999995      0.5325787030110263
0.22499999999999998       0.19499999999999995      0.5350935771445791
0.235                     0.19499999999999995      0.524618129696961
0.245                     0.19499999999999995      0.4951336536764046
0.255                     0.19499999999999995      9.46267954859644
0.265                     0.19499999999999995      9.202732248077268
0.275                     0.19499999999999995      8.758171328319577
0.28500000000000003       0.19499999999999995      8.2057519029986
0.29500000000000004       0.19499999999999995      7.607623754282685
0.30500000000000005       0.19499999999999995      7.008512596020346
0.31499999999999995       0.19499999999999995      6.42324027222125
0.32499999999999996       0.19499999999999995      5.874177253558344
0.33499999999999996       0.19499999999999995      5.356800889665905
0.345                     0.19499999999999995      4.876491919324728
0.355                     0.19499999999999995      4.429049713627052
0.365                     0.19499999999999995      4.007750197908791
0.375                     0.19499999999999995      3.620718388717549
0.385                     0.19499999999999995      3.253770899505632
0.395                     0.19499999999999995      2.9069976809919673
0.405                     0.19499999999999995      2.580231739139035
0.41500000000000004       0.19499999999999995      2.2705688000544626
0.42500000000000004       0.19499999999999995      1.9736778980542482
0.43500000000000005       0.19499999999999995      1.6868305241619908
0.44499999999999995       0.19499999999999995      1.412469408117289
0.45499999999999996       0.19499999999999995      1.144856216156466
0.46499999999999997       0.19499999999999995      0.8837563942456228
0.475                     0.19499999999999995      0.6278839256684705
0.485                     0.19499999999999995      0.37517533206295184
0.495                     0.19499999999999995      0.12488405961966009
-0.495                    0.20499999999999996      -0.12742030483268962
-0.485                    0.20499999999999996      -0.3828132232981716
-0.475                    0.20499999999999996      -0.6407603532447013
-0.46499999999999997      0.20499999999999996      -0.9020552006175535
-0.45499999999999996      0.20499999999999996      -1.1688961597681384
-0.44499999999999995      0.20499999999999996      -1.4426620344815717
-0.43500000000000005      0.20499999999999996      -1.7235770877048537
-0.42500000000000004      0.20499999999999996      -2.018014846835598
-0.41500000000000004      0.20499999999999996      -2.323766849756673
-0.405                    0.20499999999999996      -2.6430711421245925
-0.395                    0.20499999999999996      -2.981205759697655
-0.385                    0.20499999999999996      -3.342004354628358
-0.375                    0.20499999999999996      -3.7244025259911524
-0.365                    0.20499999999999996      -4.131209320403315
-0.355                    0.20499999999999996      -4.57868255107411
-0.345                    0.20499999999999996      -5.058735580442509
-0.33499999999999996      0.20499999999999996      -5.581529540352832
-0.32499999999999996      0.20499999999999996      -6.1557495269001095
-0.31499999999999995      0.20499999999999996      -6.778252868571997
-0.30499999999999994      0.20499999999999996      -7.467048230113917
-0.29500000000000004      0.20499999999999996      -8.203576686993728
-0.28500000000000003      0.20499999999999996      -8.969953128545399
-0.275                    0.20499999999999996      -9.711631800263163
-0.265                    0.20499999999999996      -10.35897100935
-0.255                    0.20499999999999996      -10.743656117611181
-0.245                    0.20499999999999996      -0.567642990877566
-0.235                    0.20499999999999996      -0.6053252684114057
-0.22499999999999998      0.20499999999999996      -0.6155797762273778
-0.21500000000000005      0.20499999999999996      -0.6046843905515402
-0.20500000000000004      0.20499999999999996      -0.5813025179303395
-0.19500000000000003      0.20499999999999996      -0.5503813170357361
-0.18500000000000003      0.20499999999999996      -0.5157128889354681
-0.17500000000000002      0.20499999999999996      -0.4797373043865605
-0.165                    0.20499999999999996      -0.44386567286221634
-0.15500000000000003      0.20499999999999996      -0.4088561206430086
-0.14500000000000002      0.20499999999999996      -0.3750796039945641
-0.135                    0.20499999999999996      -0.3426617154881626
-0.125                    0.20499999999999996      -0.31161426341371623
-0.11499999999999999      0.20499999999999996      -0.2818810612542322
-0.10499999999999998      0.20499999999999996      -0.2533718809115868
-0.09499999999999997      0.20499999999999996      -0.2259789402673249
-0.08499999999999999      0.20499999999999996      -0.1995881630779479
-0.07499999999999998      0.20499999999999996      -0.17408399349054804
-0.06499999999999997      0.20499999999999996      -0.14935221772709895
-0.054999999999999966     0.20499999999999996      -0.12528131109240803
-0.04499999999999996      0.20499999999999996      -0.1017629158041089
-0.03499999999999995      0.20499999999999996      -0.07869179703057227
-0.025000000000000022     0.20499999999999996      -0.055965499970007215
-0.015000000000000013     0.20499999999999996      -0.033483839308019014
-0.0050000000000000044    0.20499999999999996      -0.011148296281483283
0.0050000000000000044     0.20499999999999996      0.011138632663801218
0.015000000000000013      0.20499999999999996      0.033474109988887335
0.025000000000000022      0.20499999999999996      0.05595563775241175
0.03500000000000003       0.20499999999999996      0.07868173157241642
0.04500000000000004       0.20499999999999996      0.10175257181527542
0.05500000000000005       0.20499999999999996      0.12527060643829202
0.06499999999999995       0.20499999999999996      0.14934106125326707
0.07499999999999996       0.20499999999999996      0.17407228009184195
0.08499999999999996       0.20499999999999996      0.19957576685929013
0.09499999999999997       0.20499999999999996      0.22596560216831563
0.10499999999999998       0.20499999999999996      0.25335712595599347
0.11499999999999999       0.20499999999999996      0.2818638806974292
0.125                     0.20499999999999996      0.3115919681262511
0.135                     0.20499999999999996      0.342629818369673
0.14500000000000002       0.20499999999999996      0.37502966970939156
0.15500000000000003       0.20499999999999996      0.4087719277064821
0.16500000000000004       0.20499999999999996      0.4437056576628322
0.17500000000000004       0.20499999999999996      0.4794638386851773
0.18500000000000005       0.20499999999999996      0.5152902790529481
0.19499999999999995       0.20499999999999996      0.5497538764321916
0.20499999999999996       0.20499999999999996      0.581478267094667
0.21499999999999997       0.20499999999999996      0.6049496008735531
0.22499999999999998       0.20499999999999996      0.6144138764009028
0.235                     0.20499999999999996      0.6058461930898886
0.245                     0.20499999999999996      0.5675568529808999
0.255                     0.20499999999999996      10.74069383912257
0.265                     0.20499999999999996      10.357974914212136
0.275                     0.20499999999999996      9.719277978125945
0.28500000000000003       0.20499999999999996      8.96638074153583
0.29500000000000004       0.20499999999999996      8.199123449060266
0.30500000000000005       0.20499999999999996      7.466996813650603
0.31499999999999995       0.20499999999999996      6.778207855481753
0.32499999999999996       0.20499999999999996      6.155667739239618
0.33499999999999996       0.20499999999999996      5.581429189483757
0.345                     0.20499999999999996      5.058681444975839
0.355                     0.20499999999999996      4.578587814007534
0.365                     0.20499999999999996      4.1310667981313145
0.375                     0.20499999999999996      3.7244043729806435
0.385                     0.20499999999999996      3.3410686520691826
0.395                     0.20499999999999996      2.9805886023570736
0.405                     0.20499999999999996      2.6425568553501932
0.41500000000000004       0.20499999999999996      2.3233451800455214
0.42500000000000004       0.20499999999999996      2.0180102477678616
0.43500000000000005       0.20499999999999996      1.7236061609227988
0.44499999999999995       0.20499999999999996      1.4426314336476764
0.45499999999999996       0.20499999999999996      1.1688717132798345
0.46499999999999997       0.20499999999999996      0.9020375154546656
0.475                     0.20499999999999996      0.6407476102625935
0.485                     0.20499999999999996      0.3828056040305796
0.495                     0.20499999999999996      0.12741776992889697
-0.495                    0.21499999999999997      -0.12922655898854885
-0.485                    0.21499999999999997      -0.3882527060686982
-0.475                    0.21499999999999997      -0.6499306852541054
-0.46499999999999997      0.21499999999999997      -0.9150880043243319
-0.45499999999999996      0.21499999999999997      -1.1860202772941797
-0.44499999999999995      0.21499999999999997      -1.4641804062523818
-0.43500000000000005      0.21499999999999997      -1.7498292130305515
-0.42500000000000004      0.21499999999999997      -2.0496865851175983
-0.41500000000000004      0.21499999999999997      -2.3614469765091215
-0.405                    0.21499999999999997      -2.6877109630334233
-0.395                    0.21499999999999997      -3.0341188282820077
-0.385                    0.21499999999999997      -3.4051448815112693
-0.375                    0.21499999999999997      -3.800203595769432
-0.365                    0.21499999999999997      -4.222268554369492
-0.355                    0.21499999999999997      -4.690824901202234
-0.345                    0.21499999999999997      -5.197863306786481
-0.33499999999999996      0.21499999999999997      -5.757128537187128
-0.32499999999999996      0.21499999999999997      -6.382751539064287
-0.31499999999999995      0.21499999999999997      -7.07518732309137
-0.30499999999999994      0.21499999999999997      -7.871906431056409
-0.29500000000000004      0.21499999999999997      -8.760843977053383
-0.28500000000000003      0.21499999999999997      -9.73946197293094
-0.275                    0.21499999999999997      -10.769944603342504
-0.265                    0.21499999999999997      -11.75246823910095
-0.255                    0.21499999999999997      -12.38125667982905
-0.245                    0.21499999999999997      -0.6638901609252628
-0.235                    0.21499999999999997      -0.7131925987949614
-0.22499999999999998      0.21499999999999997      -0.7154657904697501
-0.21500000000000005      0.21499999999999997      -0.6899299016587292
-0.20500000000000004      0.21499999999999997      -0.65173059964863
-0.19500000000000003      0.21499999999999997      -0.6072444852317389
-0.18500000000000003      0.21499999999999997      -0.5616938345142017
-0.17500000000000002      0.21499999999999997      -0.5171693619271167
-0.165                    0.21499999999999997      -0.4746241163390579
-0.15500000000000003      0.21499999999999997      -0.43436084226820526
-0.14500000000000002      0.21499999999999997      -0.39637967748831215
-0.135                    0.21499999999999997      -0.3605634949173009
-0.125                    0.21499999999999997      -0.3267322703157447
-0.11499999999999999      0.21499999999999997      -0.2946888211432963
-0.10499999999999998      0.21499999999999997      -0.2642369589141822
-0.09499999999999997      0.21499999999999997      -0.2351895803486741
-0.08499999999999999      0.21499999999999997      -0.20737093683794683
-0.07499999999999998      0.21499999999999997      -0.18061758565028185
-0.06499999999999997      0.21499999999999997      -0.15477762720286137
-0.054999999999999966     0.21499999999999997      -0.12970941230577182
-0.04499999999999996      0.21499999999999997      -0.10528005524113837
-0.03499999999999995      0.21499999999999997      -0.0813639199689078
-0.025000000000000022     0.21499999999999997      -0.05784115631888653
-0.015000000000000013     0.21499999999999997      -0.03459631172475497
-0.0050000000000000044    0.21499999999999997      -0.011517016184882323
0.0050000000000000044     0.21499999999999997      0.011507274867625483
0.015000000000000013      0.21499999999999997      0.03458650110923145
0.025000000000000022      0.21499999999999997      0.057831205525900486
0.03500000000000003       0.21499999999999997      0.08135375442495274
0.04500000000000004       0.21499999999999997      0.10526959432942817
0.05500000000000005       0.21499999999999997      0.12969856695269755
0.06499999999999995       0.21499999999999997      0.1547662974382149
0.07499999999999996       0.21499999999999997      0.1806056571888348
0.08499999999999996       0.21499999999999997      0.20735827724141132
0.09499999999999997       0.21499999999999997      0.23517605294020427
0.10499999999999998       0.21499999999999997      0.2642224623432696
0.11499999999999999       0.21499999999999997      0.294673440643237
0.125                     0.21499999999999997      0.32671688131460996
0.135                     0.21499999999999997      0.36054983098350135
0.14500000000000002       0.21499999999999997      0.396370782289182
0.15500000000000003       0.21499999999999997      0.4343622748651228
0.16500000000000004       0.21499999999999997      0.4746584508565377
0.17500000000000004       0.21499999999999997      0.5172682187328945
0.18500000000000005       0.21499999999999997      0.561925551424423
0.19499999999999995       0.21499999999999997      0.6076944632847141
0.20499999999999996       0.21499999999999997      0.6519258253282487
0.21499999999999997       0.21499999999999997      0.6904436585828462
0.22499999999999998       0.21499999999999997      0.7146402316639069
0.235                     0.21499999999999997      0.71431402308977
0.245                     0.21499999999999997      0.6638781773837508
0.255                     0.21499999999999997      12.373691052330344
0.265                     0.21499999999999997      11.742710087629689
0.275                     0.21499999999999997      10.776795371852756
0.28500000000000003       0.21499999999999997      9.734583004616297
0.29500000000000004       0.21499999999999997      8.756399267540075
0.30500000000000005       0.21499999999999997      7.871757235691511
0.31499999999999995       0.21499999999999997      7.075054201206001
0.32499999999999996       0.21499999999999997      6.382598348823194
0.33499999999999996       0.21499999999999997      5.756977860484426
0.345                     0.21499999999999997      5.197762722924541
0.355                     0.21499999999999997      4.690697581978867
0.365                     0.21499999999999997      4.22215789504429
0.375                     0.21499999999999997      3.800204410782527
0.385                     0.21499999999999997      3.404445521528352
0.395                     0.21499999999999997      3.033663383717041
0.405                     0.21499999999999997      2.6873377435548473
0.41500000000000004       0.21499999999999997      2.361153982833109
0.42500000000000004       0.21499999999999997      2.049660659310959
0.43500000000000005       0.21499999999999997      1.7498198999175258
0.44499999999999995       0.21499999999999997      1.4641461265301245
0.45499999999999996       0.21499999999999997      1.1859925904352657
0.46499999999999997       0.21499999999999997      0.9150679468918668
0.475                     0.21499999999999997      0.6499162630439628
0.485                     0.21499999999999997      0.38824409865446796
0.495                     0.21499999999999997      0.12922369743985485
-0.495                    0.22499999999999998      -0.13027784523578845
-0.485                    0.22499999999999998      -0.39141757820664225
-0.475                    0.22499999999999998      -0.6552613340369362
-0.46499999999999997      0.22499999999999998      -0.9226554872408741
-0.45499999999999996      0.22499999999999998      -1.1959496250765937
-0.44499999999999995      0.22499999999999998      -1.4766432605794932
-0.43500000000000005      0.22499999999999998      -1.7650158640929305
-0.42500000000000004      0.22499999999999998      -2.0680088507738645
-0.41500000000000004      0.22499999999999998      -2.383198010517347
-0.405                    0.22499999999999998      -2.713507242733909
-0.395                    0.22499999999999998      -3.064803965343927
-0.385                    0.22499999999999998      -3.4419798506019603
-0.375                    0.22499999999999998      -3.8448754669343117
-0.365                    0.22499999999999998      -4.27660619930387
-0.355                    0.22499999999999998      -4.759008012278969
-0.345                    0.22499999999999998      -5.284469927217909
-0.33499999999999996      0.22499999999999998      -5.869834258003706
-0.32499999999999996      0.22499999999999998      -6.534466621194838
-0.31499999999999995      0.22499999999999998      -7.283168862657675
-0.30499999999999994      0.22499999999999998      -8.176484527778939
-0.29500000000000004      0.22499999999999998      -9.215789633516948
-0.28500000000000003      0.22499999999999998      -10.437810229591264
-0.275                    0.22499999999999998      -11.873393593072679
-0.265                    0.22499999999999998      -13.450359256813982
-0.255                    0.22499999999999998      -14.623671054397505
-0.245                    0.22499999999999998      -0.8035316951261393
-0.235                    0.22499999999999998      -0.8686962084601859
-0.22499999999999998      0.22499999999999998      -0.8446440344769144
-0.21500000000000005      0.22499999999999998      -0.7906783464732712
-0.20500000000000004      0.22499999999999998      -0.7276415316816838
-0.19500000000000003      0.22499999999999998      -0.6652019983853279
-0.18500000000000003      0.22499999999999998      -0.60720862345363
-0.17500000000000002      0.22499999999999998      -0.5531848645317154
-0.165                    0.22499999999999998      -0.5035877661133554
-0.15500000000000003      0.22499999999999998      -0.457966938052607
-0.14500000000000002      0.22499999999999998      -0.4158420363463051
-0.135                    0.22499999999999998      -0.37675412073389225
-0.125                    0.22499999999999998      -0.34029569769728596
-0.11499999999999999      0.22499999999999998      -0.3061056999007974
-0.10499999999999998      0.22499999999999998      -0.27387191487116525
-0.09499999999999997      0.22499999999999998      -0.2433221234168741
-0.08499999999999999      0.22499999999999998      -0.2142177636904421
-0.07499999999999998      0.22499999999999998      -0.18634782077543832
-0.06499999999999997      0.22499999999999998      -0.15952367010447688
-0.054999999999999966     0.22499999999999998      -0.13357473001440212
-0.04499999999999996      0.22499999999999998      -0.10834483431023045
-0.03499999999999995      0.22499999999999998      -0.0836891715684942
-0.025000000000000022     0.22499999999999998      -0.059471670075765815
-0.015000000000000013     0.22499999999999998      -0.035562729539321936
-0.0050000000000000044    0.22499999999999998      -0.011837203805441732
0.0050000000000000044     0.22499999999999998      0.0118274461914325
0.015000000000000013      0.22499999999999998      0.03555290036547376
0.025000000000000022      0.22499999999999998      0.05946169669311985
0.03500000000000003       0.22499999999999998      0.08367897721643658
0.04500000000000004       0.22499999999999998      0.10833433520338076
0.05500000000000005       0.22499999999999998      0.13356383214392054
0.06499999999999995       0.22499999999999998      0.15951226778184946
0.07499999999999996       0.22499999999999998      0.18633579141294376
0.08499999999999996       0.22499999999999998      0.21420496144821755
0.09499999999999997       0.22499999999999998      0.24330836545919965
0.10499999999999998       0.22499999999999998      0.27385682627357255
0.11499999999999999       0.22499999999999998      0.3060885065519301
0.125                     0.22499999999999998      0.3402746408567623
0.135                     0.22499999999999998      0.37672565075644115
0.14500000000000002       0.22499999999999998      0.4157969082266959
0.15500000000000003       0.22499999999999998      0.4578890505323443
0.16500000000000004       0.22499999999999998      0.5034465712017209
0.17500000000000004       0.22499999999999998      0.5529001775980191
0.18500000000000005       0.22499999999999998      0.6059163307706967
0.19499999999999995       0.22499999999999998      0.6646085483725983
0.20499999999999996       0.22499999999999998      0.7271957129848943
0.21499999999999997       0.22499999999999998      0.7902316265913214
0.22499999999999998       0.22499999999999998      0.8497877618256098
0.235                     0.22499999999999998      0.8700684577434856
0.245                     0.22499999999999998      0.8046659131249356
0.255                     0.22499999999999998      14.608609559194292
0.265                     0.22499999999999998      13.435249901373254
0.275                     0.22499999999999998      11.893955481329705
0.28500000000000003       0.22499999999999998      10.437218452442664
0.29500000000000004       0.22499999999999998      9.21093130700163
0.30500000000000005       0.22499999999999998      8.176157181382145
0.31499999999999995       0.22499999999999998      7.282934385691334
0.32499999999999996       0.22499999999999998      6.534226428578933
0.33499999999999996       0.22499999999999998      5.869627578673374
0.345                     0.22499999999999998      5.284317576950052
0.355                     0.22499999999999998      4.758845539821209
0.365                     0.22499999999999998      4.276432040372754
0.375                     0.22499999999999998      3.8448188954009197
0.385                     0.22499999999999998      3.441534397913884
0.395                     0.22499999999999998      3.0645188276935365
0.405                     0.22499999999999998      2.713295442217664
0.41500000000000004       0.22499999999999998      2.3830472537358176
0.42500000000000004       0.22499999999999998      2.0679512657465295
0.43500000000000005       0.22499999999999998      1.7649783822124903
0.44499999999999995       0.22499999999999998      1.4766049849775271
0.45499999999999996       0.22499999999999998      1.1959189068171163
0.46499999999999997       0.22499999999999998      0.9226333273073379
0.475                     0.22499999999999998      0.6552454111128725
0.485                     0.22499999999999998      0.3914080661774051
0.495                     0.22499999999999998      0.13027468562087563
-0.495                    0.235                    -0.13055974668824888
-0.485                    0.235                    -0.39226374968652067
-0.475                    0.235                    -0.656674500016436
-0.46499999999999997      0.235                    -0.9246405582325536
-0.45499999999999996      0.235                    -1.1985175065708056
-0.44499999999999995      0.235                    -1.479814610380373
-0.43500000000000005      0.235                    -1.7688278264277244
-0.42500000000000004      0.235                    -2.0725226354120707
-0.41500000000000004      0.235                    -2.388451233692109
-0.405                    0.235                    -2.7196650385144676
-0.395                    0.235                    -3.0721505087574172
-0.385                    0.235                    -3.4509169301288836
-0.375                    0.235                    -3.8562040475483315
-0.365                    0.235                    -4.29095576149885
-0.355                    0.235                    -4.778280287316477
-0.345                    0.235                    -5.310988271681246
-0.33499999999999996      0.235                    -5.90785261926915
-0.32499999999999996      0.235                    -6.591673932275626
-0.31499999999999995      0.235                    -7.370829083182599
-0.30499999999999994      0.235                    -8.325249376732074
-0.29500000000000004      0.235                    -9.472278142881663
-0.28500000000000003      0.235                    -10.907580269245898
-0.275                    0.235                    -12.827214211141182
-0.265                    0.235                    -15.38705318720622
-0.255                    0.235                    -18.07107404534156
-0.245                    0.235                    -1.048141838638955
-0.235                    0.235                    -1.0890798048839088
-0.22499999999999998      0.235                    -1.0010678745880455
-0.21500000000000005      0.235                    -0.8962045877767082
-0.20500000000000004      0.235                    -0.8012404952186785
-0.19500000000000003      0.235                    -0.7186930507582474
-0.18500000000000003      0.235                    -0.6469062599945232
-0.17500000000000002      0.235                    -0.5838312284547555
-0.165                    0.235                    -0.5277835768192745
-0.15500000000000003      0.235                    -0.47742090061109366
-0.14500000000000002      0.235                    -0.4317098011644589
-0.135                    0.235                    -0.3898424759774457
-0.125                    0.235                    -0.3511809438598448
-0.11499999999999999      0.235                    -0.31521169815005123
-0.10499999999999998      0.235                    -0.2815153921468436
-0.09499999999999997      0.235                    -0.24974360859897615
-0.08499999999999999      0.235                    -0.21960205794420062
-0.07499999999999998      0.235                    -0.19083811392005146
-0.06499999999999997      0.235                    -0.1632314059600617
-0.054999999999999966     0.235                    -0.13658658921377764
-0.04499999999999996      0.235                    -0.11072776947361263
-0.03499999999999995      0.235                    -0.08549399236613908
-0.025000000000000022     0.235                    -0.06073560568853509
-0.015000000000000013     0.235                    -0.036311214543047754
-0.0050000000000000044    0.235                    -0.01208505390212622
0.0050000000000000044     0.235                    0.012075365768225765
0.015000000000000013      0.235                    0.03630145187628386
0.025000000000000022      0.235                    0.06072570175132341
0.03500000000000003       0.235                    0.08548386739659009
0.04500000000000004       0.235                    0.11071734458954552
0.05500000000000005       0.235                    0.13657576393427462
0.06499999999999995       0.235                    0.16322007400998473
0.07499999999999996       0.235                    0.19082615740734354
0.08499999999999996       0.235                    0.21958932072539028
0.09499999999999997       0.235                    0.24972990582796228
0.10499999999999998       0.235                    0.28150048408684825
0.11499999999999999       0.235                    0.31519523383821024
0.125                     0.235                    0.35116237239589054
0.135                     0.235                    0.38982089073914494
0.14500000000000002       0.235                    0.4316832631787406
0.15500000000000003       0.235                    0.4773867276192618
0.16500000000000004       0.235                    0.5277352285372672
0.17500000000000004       0.235                    0.5837564616743407
0.18500000000000005       0.235                    0.6467734243532277
0.19499999999999995       0.235                    0.7184831781432308
0.20499999999999996       0.235                    0.8008927740904142
0.21499999999999997       0.235                    0.8955552043457828
0.22499999999999998       0.235                    0.9995862605606352
0.235                     0.235                    1.1065274835073637
0.245                     0.235                    1.0501209405224756
0.255                     0.235                    18.012355192858053
0.265                     0.235                    15.35682971829732
0.275                     0.235                    12.829435026426609
0.28500000000000003       0.235                    10.909646937981279
0.29500000000000004       0.235                    9.469348918363323
0.30500000000000005       0.235                    8.32478981055148
0.31499999999999995       0.235                    7.370512137813705
0.32499999999999996       0.235                    6.591337263078657
0.33499999999999996       0.235                    5.9075835061648405
0.345                     0.235                    5.310790300675926
0.355                     0.235                    4.778095437208293
0.365                     0.235                    4.290763408715776
0.375                     0.235                    3.8560864028689537
0.385                     0.235                    3.450768703462721
0.395                     0.235                    3.072046780010826
0.405                     0.235                    2.7196163756897356
0.41500000000000004       0.235                    2.3884466821897803
0.42500000000000004       0.235                    2.07246131129736
0.43500000000000005       0.235                    1.7687760786958222
0.44499999999999995       0.235                    1.4797736708936924
0.45499999999999996       0.235                    1.198483943387835
0.46499999999999997       0.235                    0.9246166803219467
0.475                     0.235                    0.6566572823635966
0.485                     0.235                    0.39225344382654725
0.495                     0.235                    0.13055632683475693
-0.495                    0.245                    -0.13007169101837235
-0.485                    0.245                    -0.39078919161732983
-0.475                    0.245                    -0.6541652230368129
-0.46499999999999997      0.245                    -0.9210329934379189
-0.45499999999999996      0.245                    -1.1937048809394355
-0.44499999999999995      0.245                    -1.4736643023367293
-0.43500000000000005      0.245                    -1.7612008039050409
-0.42500000000000004      0.245                    -2.0631511600677612
-0.41500000000000004      0.245                    -2.377024963543441
-0.405                    0.245                    -2.705942797985652
-0.395                    0.245                    -3.055805971408887
-0.385                    0.245                    -3.4313367253589035
-0.375                    0.245                    -3.8332499959669235
-0.365                    0.245                    -4.2638182908287945
-0.355                    0.245                    -4.746212334659845
-0.345                    0.245                    -5.273331641854725
-0.33499999999999996      0.245                    -5.864232425917564
-0.32499999999999996      0.245                    -6.541852211309134
-0.31499999999999995      0.245                    -7.315630101547612
-0.30499999999999994      0.245                    -8.270926693007262
-0.29500000000000004      0.245                    -9.432107701189295
-0.28500000000000003      0.245                    -10.93198884357082
-0.275                    0.245                    -13.068464299101347
-0.265                    0.245                    -16.60933019564689
-0.255                    0.245                    -24.31149698463875
-0.245                    0.245                    -1.7434931755919365
-0.235                    0.245                    -1.4217094289449363
-0.22499999999999998      0.245                    -1.1627461961461734
-0.21500000000000005      0.245                    -0.9903365043451515
-0.20500000000000004      0.245                    -0.8625913104720269
-0.19500000000000003      0.245                    -0.761712742106468
-0.18500000000000003      0.245                    -0.678612861324666
-0.17500000000000002      0.245                    -0.6080647868639062
-0.165                    0.245                    -0.5467978575405965
-0.15500000000000003      0.245                    -0.4926434961957966
-0.14500000000000002      0.245                    -0.4440853702841139
-0.135                    0.245                    -0.40002159214638766
-0.125                    0.245                    -0.3596256595554337
-0.11499999999999999      0.245                    -0.32225947215556516
-0.10499999999999998      0.245                    -0.28741798506659677
-0.09499999999999997      0.245                    -0.2546916598985689
-0.08499999999999999      0.245                    -0.22374207590002015
-0.07499999999999998      0.245                    -0.19428377645961348
-0.06499999999999997      0.245                    -0.16607129141726773
-0.054999999999999966     0.245                    -0.13888951379183823
-0.04499999999999996      0.245                    -0.11254714352729422
-0.03499999999999995      0.245                    -0.08687026720733115
-0.025000000000000022     0.245                    -0.06169849874473243
-0.015000000000000013     0.245                    -0.036881055138678676
-0.0050000000000000044    0.245                    -0.012273652262663859
0.0050000000000000044     0.245                    0.012264110100090875
0.015000000000000013      0.245                    0.0368713959237823
0.025000000000000022      0.245                    0.06168875436212318
0.03500000000000003       0.245                    0.08686025745960535
0.04500000000000004       0.245                    0.11253688166341647
0.05500000000000005       0.245                    0.13887886206201472
0.06499999999999995       0.245                    0.16606009076713235
0.07499999999999996       0.245                    0.1942720430331235
0.08499999999999996       0.245                    0.22372958683848765
0.09499999999999997       0.245                    0.2546781864318888
0.10499999999999998       0.245                    0.28740328693587003
0.11499999999999999       0.245                    0.3222435397814536
0.125                     0.245                    0.35960773848809424
0.135                     0.245                    0.40000148495792587
0.14500000000000002       0.245                    0.4440626431735524
0.15500000000000003       0.245                    0.492617658727454
0.16500000000000004       0.245                    0.5467680654271021
0.17500000000000004       0.245                    0.6080322036663404
0.18500000000000005       0.245                    0.678584478503069
0.19499999999999995       0.245                    0.7617016067102185
0.20499999999999996       0.245                    0.8626261481919357
0.21499999999999997       0.245                    0.9905302803484233
0.22499999999999998       0.245                    1.1632500901000071
0.235                     0.245                    1.4175480699970961
0.245                     0.245                    1.870722317813943
0.255                     0.245                    23.78926997618018
0.265                     0.245                    16.653638089732794
0.275                     0.245                    13.095106555749908
0.28500000000000003       0.245                    10.932639175302086
0.29500000000000004       0.245                    9.429077369940785
0.30500000000000005       0.245                    8.27027741214674
0.31499999999999995       0.245                    7.315274326034995
0.32499999999999996       0.245                    6.541446935783597
0.33499999999999996       0.245                    5.86390936304727
0.345                     0.245                    5.273097766394923
0.355                     0.245                    4.745975891647873
0.365                     0.245                    4.263664547755553
0.375                     0.245                    3.8330079113050033
0.385                     0.245                    3.431529913435547
0.395                     0.245                    3.055893796574402
0.405                     0.245                    2.7060476940641403
0.41500000000000004       0.245                    2.3771692167499907
0.42500000000000004       0.245                    2.06307176745392
0.43500000000000005       0.245                    1.7611422126791467
0.44499999999999995       0.245                    1.4736182553330792
0.45499999999999996       0.245                    1.1936683007605247
0.46499999999999997       0.245                    0.9210078390813408
0.475                     0.245                    0.6541469120461443
0.485                     0.245                    0.3907782288530939
0.495                     0.245                    0.13006805685947143
-0.495                    0.255                    -0.1288273559578883
-0.485                    0.255                    -0.3870351976611346
-0.475                    0.255                    -0.6478036344888096
-0.46499999999999997      0.255                    -0.9119333000950292
-0.45499999999999996      0.255                    -1.1816455133096788
-0.44499999999999995      0.255                    -1.458359034940031
-0.43500000000000005      0.255                    -1.7423662056888816
-0.42500000000000004      0.255                    -2.0401427841034803
-0.41500000000000004      0.255                    -2.3492488855924947
-0.405                    0.255                    -2.6727097207808086
-0.395                    0.255                    -3.0162505528524832
-0.385                    0.255                    -3.383747375094643
-0.375                    0.255                    -3.776474145166773
-0.365                    0.255                    -4.195719652049547
-0.355                    0.255                    -4.663609794186897
-0.345                    0.255                    -5.172100146921707
-0.33499999999999996      0.255                    -5.739178790332559
-0.32499999999999996      0.255                    -6.384066371666847
-0.31499999999999995      0.255                    -7.1139935410742225
-0.30499999999999994      0.255                    -8.000303102410577
-0.29500000000000004      0.255                    -9.054685910077723
-0.28500000000000003      0.255                    -10.379133040835939
-0.275                    0.255                    -12.19601004762876
-0.265                    0.255                    -14.791940089112966
-0.255                    0.255                    -17.97843741752854
-0.245                    0.255                    -8.633433275141613
-0.235                    0.255                    -3.300608680282494
-0.22499999999999998      0.255                    -2.052078685200968
-0.21500000000000005      0.255                    -1.5333830765021048
-0.20500000000000004      0.255                    -1.2291029290665847
-0.19500000000000003      0.255                    -1.027432342417569
-0.18500000000000003      0.255                    -0.8797822078684021
-0.17500000000000002      0.255                    -0.7635507954682907
-0.165                    0.255                    -0.6705896171417862
-0.15500000000000003      0.255                    -0.5929115940894008
-0.14500000000000002      0.255                    -0.5261185324663984
-0.135                    0.255                    -0.4677180092451181
-0.125                    0.255                    -0.4158903139218637
-0.11499999999999999      0.255                    -0.36909746570108837
-0.10499999999999998      0.255                    -0.32687616410180453
-0.09499999999999997      0.255                    -0.2875546382840639
-0.08499999999999999      0.255                    -0.2512302061434184
-0.07499999999999998      0.255                    -0.21701963777741184
-0.06499999999999997      0.255                    -0.18479016231640344
-0.054999999999999966     0.255                    -0.15402600647394138
-0.04499999999999996      0.255                    -0.12446317721332889
-0.03499999999999995      0.255                    -0.095859084683525
-0.025000000000000022     0.255                    -0.06793236930298008
-0.015000000000000013     0.255                    -0.04052953174823415
-0.0050000000000000044    0.255                    -0.013398659443282668
0.0050000000000000044     0.255                    0.013609695799459587
0.015000000000000013      0.255                    0.040723992790390184
0.025000000000000022      0.255                    0.0681478819253698
0.03500000000000003       0.255                    0.09607180533021165
0.04500000000000004       0.255                    0.12469790742329678
0.05500000000000005       0.255                    0.15430160019514005
0.06499999999999995       0.255                    0.18509876103462375
0.07499999999999996       0.255                    0.2174112388274807
0.08499999999999996       0.255                    0.2515730105385501
0.09499999999999997       0.255                    0.2880466351607538
0.10499999999999998       0.255                    0.32723458162558927
0.11499999999999999       0.255                    0.369925007729762
0.125                     0.255                    0.41668476348627337
0.135                     0.255                    0.46869229667049694
0.14500000000000002       0.255                    0.5272443682715675
0.15500000000000003       0.255                    0.5944988030491913
0.16500000000000004       0.255                    0.6729642826844611
0.17500000000000004       0.255                    0.7674033978298667
0.18500000000000005       0.255                    0.8836006104306762
0.19499999999999995       0.255                    1.0342144267183357
0.20499999999999996       0.255                    1.240324379209369
0.21499999999999997       0.255                    1.5497919333429309
0.22499999999999998       0.255                    2.1119528495206055
0.235                     0.255                    3.375806338157247
0.245                     0.255                    8.936384866912164
0.255                     0.255                    17.77562148968559
0.265                     0.255                    14.745016698139693
0.275                     0.255                    12.195085887999085
0.28500000000000003       0.255                    10.384265046652843
0.29500000000000004       0.255                    9.062465214770526
0.30500000000000005       0.255                    7.999631233219212
0.31499999999999995       0.255                    7.1136092521295495
0.32499999999999996       0.255                    6.3836805009006525
0.33499999999999996       0.255                    5.738843091860872
0.345                     0.255                    5.1718366324622735
0.355                     0.255                    4.663150846861669
0.365                     0.255                    4.19582359056065
0.375                     0.255                    3.776187650719976
0.385                     0.255                    3.3843776702493784
0.395                     0.255                    3.0165164274913785
0.405                     0.255                    2.6729488595458104
0.41500000000000004       0.255                    2.3495264240321347
0.42500000000000004       0.255                    2.040032157704502
0.43500000000000005       0.255                    1.742312609757903
0.44499999999999995       0.255                    1.4583060631368596
0.45499999999999996       0.255                    1.1816057299524907
0.46499999999999997       0.255                    0.9119074273053513
0.475                     0.255                    0.6477844273155142
0.485                     0.255                    0.38702373246462685
0.495                     0.255                    0.12882355935241918
-0.495                    0.265                    -0.12685433024687853
-0.485                    0.265                    -0.3810853502632625
-0.475                    0.265                    -0.6377331432708218
-0.46499999999999997      0.265                    -0.8975502044651336
-0.45499999999999996      0.265                    -1.162622664377711
-0.44499999999999995      0.265                    -1.4342696442326286
-0.43500000000000005      0.265                    -1.7127693102619332
-0.42500000000000004      0.265                    -2.004085952754835
-0.41500000000000004      0.265                    -2.3059031419243894
-0.405                    0.265                    -2.6209500212954993
-0.395                    0.265                    -2.9547604052841336
-0.385                    0.265                    -3.309842092602139
-0.375                    0.265                    -3.687934975133885
-0.365                    0.265                    -4.089644152934383
-0.355                    0.265                    -4.534474265807006
-0.345                    0.265                    -5.012927405846959
-0.33499999999999996      0.265                    -5.54070564629739
-0.32499999999999996      0.265                    -6.1306342629779635
-0.31499999999999995      0.265                    -6.785382960374477
-0.30499999999999994      0.265                    -7.548395015909534
-0.29500000000000004      0.265                    -8.410634702979848
-0.28500000000000003      0.265                    -9.40165664105433
-0.275                    0.265                    -10.511537463128718
-0.265                    0.265                    -11.467445412022016
-0.255                    0.265                    -11.13095516939623
-0.245                    0.265                    -8.061612297202828
-0.235                    0.265                    -4.999041372764509
-0.22499999999999998      0.265                    -3.315675340587404
-0.21500000000000005      0.265                    -2.403407787407332
-0.20500000000000004      0.265                    -1.8547430684252504
-0.19500000000000003      0.265                    -1.4909470488894385
-0.18500000000000003      0.265                    -1.2349820194824588
-0.17500000000000002      0.265                    -1.0441990920553508
-0.165                    0.265                    -0.8951066315280514
-0.15500000000000003      0.265                    -0.7749441639787165
-0.14500000000000002      0.265                    -0.6754021855456358
-0.135                    0.265                    -0.5915329497167932
-0.125                    0.265                    -0.5190698408837306
-0.11499999999999999      0.265                    -0.4555986779103023
-0.10499999999999998      0.265                    -0.39906210900494443
-0.09499999999999997      0.265                    -0.34821387021384
-0.08499999999999999      0.265                    -0.3018734749316536
-0.07499999999999998      0.265                    -0.2591946591651322
-0.06499999999999997      0.265                    -0.21943017550347577
-0.054999999999999966     0.265                    -0.18201531710269592
-0.04499999999999996      0.265                    -0.14654878462195597
-0.03499999999999995      0.265                    -0.11255526826994355
-0.025000000000000022     0.265                    -0.07961963634897984
-0.015000000000000013     0.265                    -0.04747409009905823
-0.0050000000000000044    0.265                    -0.015741588082164526
0.0050000000000000044     0.265                    0.01582065068259908
0.015000000000000013      0.265                    0.04753558233458044
0.025000000000000022      0.265                    0.07968583461732948
0.03500000000000003       0.265                    0.1126153770549081
0.04500000000000004       0.265                    0.14662219433125756
0.05500000000000005       0.265                    0.18210776586485622
0.06499999999999995       0.265                    0.21948487438862685
0.07499999999999996       0.265                    0.25922834646871706
0.08499999999999996       0.265                    0.30192220529465885
0.09499999999999997       0.265                    0.34824190439110225
0.10499999999999998       0.265                    0.39914144887484326
0.11499999999999999       0.265                    0.45563454455282226
0.125                     0.265                    0.5191663576285919
0.135                     0.265                    0.5917134147416618
0.14500000000000002       0.265                    0.6757960673971866
0.15500000000000003       0.265                    0.7751029727511423
0.16500000000000004       0.265                    0.8954088239961493
0.17500000000000004       0.265                    1.04441739510537
0.18500000000000005       0.265                    1.2361455314214709
0.19499999999999995       0.265                    1.4924696015086738
0.20499999999999996       0.265                    1.8543908426806865
0.21499999999999997       0.265                    2.4054204231932204
0.22499999999999998       0.265                    3.312517926547926
0.235                     0.265                    4.998052538142758
0.245                     0.265                    8.094615346758019
0.255                     0.265                    11.120243284453124
0.265                     0.265                    11.490950539428113
0.275                     0.265                    10.51354528793155
0.28500000000000003       0.265                    9.408481231033079
0.29500000000000004       0.265                    8.416981694388198
0.30500000000000005       0.265                    7.547869141312333
0.31499999999999995       0.265                    6.784940847285355
0.32499999999999996       0.265                    6.130433673523697
0.33499999999999996       0.265                    5.540417398547149
0.345                     0.265                    5.0125531357017294
0.355                     0.265                    4.53350787322438
0.365                     0.265                    4.09007919234304
0.375                     0.265                    3.6877489640014147
0.385                     0.265                    3.3108193249886213
0.395                     0.265                    2.9551167217857923
0.405                     0.265                    2.6212764462854388
0.41500000000000004       0.265                    2.3062744129602386
0.42500000000000004       0.265                    2.0039917974384167
0.43500000000000005       0.265                    1.712731388760119
0.44499999999999995       0.265                    1.4342094766698779
0.45499999999999996       0.265                    1.1625805286518585
0.46499999999999997       0.265                    0.897524008085604
0.475                     0.265                    0.6377134325609006
0.485                     0.265                    0.3810735495215738
0.495                     0.265                    0.12685042538022628
-0.495                    0.275                    -0.12419303910478163
-0.485                    0.275                    -0.373062246673598
-0.475                    0.275                    -0.6241645393821784
-0.46499999999999997      0.275                    -0.87819173067804
-0.45499999999999996      0.275                    -1.1370565506887296
-0.44499999999999995      0.275                    -1.401953639140757
-0.43500000000000005      0.275                    -1.673131481903738
-0.42500000000000004      0.275                    -1.9559379584358112
-0.41500000000000004      0.275                    -2.2481630933171886
-0.405                    0.275                    -2.552196941295435
-0.395                    0.275                    -2.8732605650954213
-0.385                    0.275                    -3.2123467506841337
-0.375                    0.275                    -3.571771826237182
-0.365                    0.275                    -3.951509085533658
-0.355                    0.275                    -4.36556561203119
-0.345                    0.275                    -4.805430374740624
-0.33499999999999996      0.275                    -5.283097630158835
-0.32499999999999996      0.275                    -5.8045490535699
-0.31499999999999995      0.275                    -6.36618552585233
-0.30499999999999994      0.275                    -6.98354022113093
-0.29500000000000004      0.275                    -7.633070694378347
-0.28500000000000003      0.275                    -8.293143866741218
-0.275                    0.275                    -8.844577019694498
-0.265                    0.275                    -9.063550591523097
-0.255                    0.275                    -8.474255939185639
-0.245                    0.275                    -6.972665759525853
-0.235                    0.275                    -5.242348983936495
-0.22499999999999998      0.275                    -3.872175505803966
-0.21500000000000005      0.275                    -2.9369021766835886
-0.20500000000000004      0.275                    -2.299107632888738
-0.19500000000000003      0.275                    -1.8535189796763234
-0.18500000000000003      0.275                    -1.5285856043192325
-0.17500000000000002      0.275                    -1.2823260050143688
-0.165                    0.275                    -1.0903143310796395
-0.15500000000000003      0.275                    -0.9362816405517833
-0.14500000000000002      0.275                    -0.8097721563410687
-0.135                    0.275                    -0.70362356341235
-0.125                    0.275                    -0.6131023679321856
-0.11499999999999999      0.275                    -0.5346032840986936
-0.10499999999999998      0.275                    -0.46571104415704667
-0.09499999999999997      0.275                    -0.40417498402359797
-0.08499999999999999      0.275                    -0.34875199509087906
-0.07499999999999998      0.275                    -0.29821540738703334
-0.06499999999999997      0.275                    -0.25160252731421906
-0.054999999999999966     0.275                    -0.20821821428899057
-0.04499999999999996      0.275                    -0.1671477606283247
-0.03499999999999995      0.275                    -0.12815064184812286
-0.025000000000000022     0.275                    -0.09048510051286485
-0.015000000000000013     0.275                    -0.05390029333545954
-0.0050000000000000044    0.275                    -0.017900872605650875
0.0050000000000000044     0.275                    0.017906630222796593
0.015000000000000013      0.275                    0.05388936933599098
0.025000000000000022      0.275                    0.0904696298906913
0.03500000000000003       0.275                    0.12813610371978257
0.04500000000000004       0.275                    0.1671936318692815
0.05500000000000005       0.275                    0.20818523642321907
0.06499999999999995       0.275                    0.251664877970029
0.07499999999999996       0.275                    0.29827922182579414
0.08499999999999996       0.275                    0.3488364331718117
0.09499999999999997       0.275                    0.4042745387285436
0.10499999999999998       0.275                    0.46574389838573893
0.11499999999999999       0.275                    0.5348449063469616
0.125                     0.275                    0.6132699889533342
0.135                     0.275                    0.7038276269945527
0.14500000000000002       0.275                    0.8099472544932382
0.15500000000000003       0.275                    0.9366782676644334
0.16500000000000004       0.275                    1.0908195499666817
0.17500000000000004       0.275                    1.2829214154908186
0.18500000000000005       0.275                    1.5295868703076394
0.19499999999999995       0.275                    1.8537781768718844
0.20499999999999996       0.275                    2.3003240082505183
0.21499999999999997       0.275                    2.9360769425974045
0.22499999999999998       0.275                    3.8720891035813523
0.235                     0.275                    5.235279722360417
0.245                     0.275                    6.979372316888174
0.255                     0.275                    8.471397194501549
0.265                     0.275                    9.062429662274923
0.275                     0.275                    8.854028999774187
0.28500000000000003       0.275                    8.299629307637588
0.29500000000000004       0.275                    7.64035362260222
0.30500000000000005       0.275                    6.9832664917039935
0.31499999999999995       0.275                    6.3657414201418305
0.32499999999999996       0.275                    5.804501320198398
0.33499999999999996       0.275                    5.282872530077725
0.345                     0.275                    4.804875500327391
0.355                     0.275                    4.363618575401489
0.365                     0.275                    3.9510510309061715
0.375                     0.275                    3.571197142642731
0.385                     0.275                    3.2133162249596126
0.395                     0.275                    2.873641121200336
0.405                     0.275                    2.5525010056652775
0.41500000000000004       0.275                    2.248583449948253
0.42500000000000004       0.275                    1.95580447693726
0.43500000000000005       0.275                    1.6730937945660855
0.44499999999999995       0.275                    1.4018832356273094
0.45499999999999996       0.275                    1.1370132390881373
0.46499999999999997       0.275                    0.8781650325577743
0.475                     0.275                    0.6241451305923533
0.485                     0.275                    0.37305027687025927
0.495                     0.275                    0.12418908081502167
-0.495                    0.28500000000000003      -0.12089501891163223
-0.485                    0.28500000000000003      -0.3631222060016057
-0.475                    0.28500000000000003      -0.6073676718523302
-0.46499999999999997      0.28500000000000003      -0.8542510106396222
-0.45499999999999996      0.28500000000000003      -1.1054841422053805
-0.44499999999999995      0.28500000000000003      -1.3621237510680402
-0.43500000000000005      0.28500000000000003      -1.624306002034814
-0.42500000000000004      0.28500000000000003      -1.8968069214340773
-0.41500000000000004      0.28500000000000003      -2.177489265738485
-0.405                    0.28500000000000003      -2.4683734138259865
-0.395                    0.28500000000000003      -2.7753996550047475
-0.385                    0.28500000000000003      -3.0943750344451786
-0.375                    0.28500000000000003      -3.4294189352919204
-0.365                    0.28500000000000003      -3.7844963086699295
-0.355                    0.28500000000000003      -4.164734201613289
-0.345                    0.28500000000000003      -4.561350973815749
-0.33499999999999996      0.28500000000000003      -4.983802948971203
-0.32499999999999996      0.28500000000000003      -5.432636893533015
-0.31499999999999995      0.28500000000000003      -5.897550294232218
-0.30499999999999994      0.28500000000000003      -6.376162281230357
-0.29500000000000004      0.28500000000000003      -6.848505219805929
-0.28500000000000003      0.28500000000000003      -7.252386582832287
-0.275                    0.28500000000000003      -7.512935705809099
-0.265                    0.28500000000000003      -7.470472914662196
-0.255                    0.28500000000000003      -6.99058254311808
-0.245                    0.28500000000000003      -6.075971482709065
-0.235                    0.28500000000000003      -4.98818778511702
-0.22499999999999998      0.28500000000000003      -3.9818026169937184
-0.21500000000000005      0.28500000000000003      -3.1746708232246874
-0.20500000000000004      0.28500000000000003      -2.562087249471773
-0.19500000000000003      0.28500000000000003      -2.09762806837891
-0.18500000000000003      0.28500000000000003      -1.7437837508632583
-0.17500000000000002      0.28500000000000003      -1.4678121450713206
-0.165                    0.28500000000000003      -1.2484113537675512
-0.15500000000000003      0.28500000000000003      -1.0704902910797216
-0.14500000000000002      0.28500000000000003      -0.9236242964170742
-0.135                    0.28500000000000003      -0.8003008577268247
-0.125                    0.28500000000000003      -0.6951620855460305
-0.11499999999999999      0.28500000000000003      -0.6041267075089536
-0.10499999999999998      0.28500000000000003      -0.5246714799986876
-0.09499999999999997      0.28500000000000003      -0.45402424197664004
-0.08499999999999999      0.28500000000000003      -0.39081823753417666
-0.07499999999999998      0.28500000000000003      -0.333337692668465
-0.06499999999999997      0.28500000000000003      -0.2806096836720826
-0.054999999999999966     0.28500000000000003      -0.23165261817578653
-0.04499999999999996      0.28500000000000003      -0.18574932929027455
-0.03499999999999995      0.28500000000000003      -0.1421769689948178
-0.025000000000000022     0.28500000000000003      -0.10035463982262627
-0.015000000000000013     0.28500000000000003      -0.05971961284262761
-0.0050000000000000044    0.28500000000000003      -0.019822128641862946
0.0050000000000000044     0.28500000000000003      0.019853202003019987
0.015000000000000013      0.28500000000000003      0.059767463410253185
0.025000000000000022      0.28500000000000003      0.10041033215873085
0.03500000000000003       0.28500000000000003      0.14223448942652794
0.04500000000000004       0.28500000000000003      0.18581091590993992
0.05500000000000005       0.28500000000000003      0.23172656387532697
0.06499999999999995       0.28500000000000003      0.28062564904212195
0.07499999999999996       0.28500000000000003      0.3334035380282785
0.08499999999999996       0.28500000000000003      0.3908662501478375
0.09499999999999997       0.28500000000000003      0.4541914043727502
0.10499999999999998       0.28500000000000003      0.5248283807678575
0.11499999999999999       0.28500000000000003      0.6043685739111879
0.125                     0.28500000000000003      0.6952847418032633
0.135                     0.28500000000000003      0.8004330632402343
0.14500000000000002       0.28500000000000003      0.9237753742038421
0.15500000000000003       0.28500000000000003      1.0707154243527839
0.16500000000000004       0.28500000000000003      1.248351096921965
0.17500000000000004       0.28500000000000003      1.4681309162378966
0.18500000000000005       0.28500000000000003      1.744005611933602
0.19499999999999995       0.28500000000000003      2.098949272213872
0.20499999999999996       0.28500000000000003      2.562008870778791
0.21499999999999997       0.28500000000000003      3.1748225777720336
0.22499999999999998       0.28500000000000003      3.9790774269292797
0.235                     0.28500000000000003      4.98234288391086
0.245                     0.28500000000000003      6.07209521277025
0.255                     0.28500000000000003      6.984592497917902
0.265                     0.28500000000000003      7.4689855396961775
0.275                     0.28500000000000003      7.5099391603289405
0.28500000000000003       0.28500000000000003      7.250784884280392
0.29500000000000004       0.28500000000000003      6.841787955190199
0.30500000000000005       0.28500000000000003      6.3759735403670135
0.31499999999999995       0.28500000000000003      5.897132602276628
0.32499999999999996       0.28500000000000003      5.43247396596594
0.33499999999999996       0.28500000000000003      4.983545548649031
0.345                     0.28500000000000003      4.5607429434066376
0.355                     0.28500000000000003      4.165857590779723
0.365                     0.28500000000000003      3.7849059010017925
0.375                     0.28500000000000003      3.430213149051901
0.385                     0.28500000000000003      3.0947055705935327
0.395                     0.28500000000000003      2.772889704570389
0.405                     0.28500000000000003      2.468688912494315
0.41500000000000004       0.28500000000000003      2.1779307211597927
0.42500000000000004       0.28500000000000003      1.8966888344538546
0.43500000000000005       0.28500000000000003      1.6243135724041622
0.44499999999999995       0.28500000000000003      1.3620458696270532
0.45499999999999996       0.28500000000000003      1.1054408142009748
0.46499999999999997       0.28500000000000003      0.8542237067086944
0.475                     0.28500000000000003      0.6073484441776316
0.485                     0.28500000000000003      0.3631102338269301
0.495                     0.28500000000000003      0.12089106148246742
-0.495                    0.29500000000000004      -0.11702067766435675
-0.485                    0.29500000000000004      -0.3514484202331545
-0.475                    0.29500000000000004      -0.5876572383717473
-0.46499999999999997      0.29500000000000004      -0.8261880542725848
-0.45499999999999996      0.29500000000000004      -1.0685327059362386
-0.44499999999999995      0.29500000000000004      -1.3155957652359689
-0.43500000000000005      0.29500000000000004      -1.567380346831584
-0.42500000000000004      0.29500000000000004      -1.8281136317985869
-0.41500000000000004      0.29500000000000004      -2.0957793466768235
-0.405                    0.29500000000000004      -2.372038626210127
-0.395                    0.29500000000000004      -2.6598396950127494
-0.385                    0.29500000000000004      -2.9599536162358504
-0.375                    0.29500000000000004      -3.2720364303364065
-0.365                    0.29500000000000004      -3.5954898403695807
-0.355                    0.29500000000000004      -3.939965956215751
-0.345                    0.29500000000000004      -4.293035780454957
-0.33499999999999996      0.29500000000000004      -4.660028269677454
-0.32499999999999996      0.29500000000000004      -5.030786565978474
-0.31499999999999995      0.29500000000000004      -5.414217742423503
-0.30499999999999994      0.29500000000000004      -5.776358505663268
-0.29500000000000004      0.29500000000000004      -6.106870841532242
-0.28500000000000003      0.29500000000000004      -6.348131863039725
-0.275                    0.29500000000000004      -6.450409434358335
-0.265                    0.29500000000000004      -6.341563963237149
-0.255                    0.29500000000000004      -5.969184252032846
-0.245                    0.29500000000000004      -5.3581793192443
-0.235                    0.29500000000000004      -4.617559888414462
-0.22499999999999998      0.29500000000000004      -3.8786001406203923
-0.21500000000000005      0.29500000000000004      -3.2227723208116004
-0.20500000000000004      0.29500000000000004      -2.6781996086365325
-0.19500000000000003      0.29500000000000004      -2.2376134493467816
-0.18500000000000003      0.29500000000000004      -1.884059910725
-0.17500000000000002      0.29500000000000004      -1.5984924657620923
-0.165                    0.29500000000000004      -1.3661988645956171
-0.15500000000000003      0.29500000000000004      -1.1744384489395543
-0.14500000000000002      0.29500000000000004      -1.0144524578636265
-0.135                    0.29500000000000004      -0.8791909635858701
-0.125                    0.29500000000000004      -0.7631967053926019
-0.11499999999999999      0.29500000000000004      -0.6628531491903686
-0.10499999999999998      0.29500000000000004      -0.5748712536319545
-0.09499999999999997      0.29500000000000004      -0.4969033876136564
-0.08499999999999999      0.29500000000000004      -0.4270603444392691
-0.07499999999999998      0.29500000000000004      -0.36374808070377185
-0.06499999999999997      0.29500000000000004      -0.3058556405571835
-0.054999999999999966     0.29500000000000004      -0.2522157635378335
-0.04499999999999996      0.29500000000000004      -0.20205674161138631
-0.03499999999999995      0.29500000000000004      -0.154518354375341
-0.025000000000000022     0.29500000000000004      -0.10898336904892858
-0.015000000000000013     0.29500000000000004      -0.0647958495644616
-0.0050000000000000044    0.29500000000000004      -0.021479165651726362
0.0050000000000000044     0.29500000000000004      0.021611917672544223
0.015000000000000013      0.29500000000000004      0.06495991561905612
0.025000000000000022      0.29500000000000004      0.10912875459075622
0.03500000000000003       0.29500000000000004      0.15467591410924797
0.04500000000000004       0.29500000000000004      0.20221006649421724
0.05500000000000005       0.29500000000000004      0.2524139329814261
0.06499999999999995       0.29500000000000004      0.3060502702987833
0.07499999999999996       0.29500000000000004      0.36399037991554906
0.08499999999999996       0.29500000000000004      0.42730391744225926
0.09499999999999997       0.29500000000000004      0.4971678294130015
0.10499999999999998       0.29500000000000004      0.5751924275484726
0.11499999999999999       0.29500000000000004      0.6632183677925241
0.125                     0.29500000000000004      0.7636885173262726
0.135                     0.29500000000000004      0.8795649097198748
0.14500000000000002       0.29500000000000004      1.0149608526844531
0.15500000000000003       0.29500000000000004      1.1750017812348688
0.16500000000000004       0.29500000000000004      1.3666085021463914
0.17500000000000004       0.29500000000000004      1.5989076414409737
0.18500000000000005       0.29500000000000004      1.8838083090402051
0.19499999999999995       0.29500000000000004      2.2370490568973764
0.20499999999999996       0.29500000000000004      2.676753903393319
0.21499999999999997       0.29500000000000004      3.2196452213170232
0.22499999999999998       0.29500000000000004      3.870866360023456
0.235                     0.29500000000000004      4.607939177928529
0.245                     0.29500000000000004      5.344665611918344
0.255                     0.29500000000000004      5.961516659186373
0.265                     0.29500000000000004      6.339813754233546
0.275                     0.29500000000000004      6.457499741261245
0.28500000000000003       0.29500000000000004      6.342406009101865
0.29500000000000004       0.29500000000000004      6.106526444495842
0.30500000000000005       0.29500000000000004      5.7762570478928765
0.31499999999999995       0.29500000000000004      5.4139632108810645
0.32499999999999996       0.29500000000000004      5.031164935320419
0.33499999999999996       0.29500000000000004      4.659585312715418
0.345                     0.29500000000000004      4.292539863808429
0.355                     0.29500000000000004      3.9411853805642636
0.365                     0.29500000000000004      3.5981294910037604
0.375                     0.29500000000000004      3.270788971534305
0.385                     0.29500000000000004      2.9575730345993634
0.395                     0.29500000000000004      2.6598783158912624
0.405                     0.29500000000000004      2.3710635680619987
0.41500000000000004       0.29500000000000004      2.0961221884187706
0.42500000000000004       0.29500000000000004      1.8280034826435667
0.43500000000000005       0.29500000000000004      1.5674072266949963
0.44499999999999995       0.29500000000000004      1.3155229489634337
0.45499999999999996       0.29500000000000004      1.0684905780690812
0.46499999999999997       0.29500000000000004      0.826160691738913
0.475                     0.29500000000000004      0.5876383018903368
0.485                     0.29500000000000004      0.3514366123175279
0.495                     0.29500000000000004      0.117016773868869
-0.495                    0.30500000000000005      -0.11263672163998706
-0.485                    0.30500000000000005      -0.33824307397696884
-0.475                    0.30500000000000005      -0.5653809464750879
-0.46499999999999997      0.30500000000000005      -0.7945089046353573
-0.45499999999999996      0.30500000000000005      -1.026889344786028
-0.44499999999999995      0.30500000000000005      -1.2632630686893265
-0.43500000000000005      0.30500000000000005      -1.5035941070554202
-0.42500000000000004      0.30500000000000005      -1.7513545993151354
-0.41500000000000004      0.30500000000000005      -2.004733749332984
-0.405                    0.30500000000000005      -2.2654274100597576
-0.395                    0.30500000000000005      -2.5360340019852288
-0.385                    0.30500000000000005      -2.8111083381893422
-0.375                    0.30500000000000005      -3.0998486016290485
-0.365                    0.30500000000000005      -3.3940642920908886
-0.355                    0.30500000000000005      -3.699493781410098
-0.345                    0.30500000000000005      -4.011577545554246
-0.33499999999999996      0.30500000000000005      -4.326271987711976
-0.32499999999999996      0.30500000000000005      -4.635822559288087
-0.31499999999999995      0.30500000000000005      -4.9405945391962405
-0.30499999999999994      0.30500000000000005      -5.216002833242243
-0.29500000000000004      0.30500000000000005      -5.441669318837199
-0.28500000000000003      0.30500000000000005      -5.588862193703193
-0.275                    0.30500000000000005      -5.617741285372816
-0.265                    0.30500000000000005      -5.493186100514379
-0.255                    0.30500000000000005      -5.19981159736345
-0.245                    0.30500000000000005      -4.758910782792157
-0.235                    0.30500000000000005      -4.227135204915555
-0.22499999999999998      0.30500000000000005      -3.6728411384555955
-0.21500000000000005      0.30500000000000005      -3.149553008485256
-0.20500000000000004      0.30500000000000005      -2.6857035875879944
-0.19500000000000003      0.30500000000000005      -2.28898481529572
-0.18500000000000003      0.30500000000000005      -1.95556763675188
-0.17500000000000002      0.30500000000000005      -1.6769291432164266
-0.165                    0.30500000000000005      -1.4437443295349084
-0.15500000000000003      0.30500000000000005      -1.2475592455518836
-0.14500000000000002      0.30500000000000005      -1.0812447036199728
-0.135                    0.30500000000000005      -0.9390304059660082
-0.125                    0.30500000000000005      -0.81630051429444
-0.11499999999999999      0.30500000000000005      -0.7093786671998572
-0.10499999999999998      0.30500000000000005      -0.6153362233531254
-0.09499999999999997      0.30500000000000005      -0.5318183625380613
-0.08499999999999999      0.30500000000000005      -0.45691643892610045
-0.07499999999999998      0.30500000000000005      -0.38906641718463675
-0.06499999999999997      0.30500000000000005      -0.32696886648551526
-0.054999999999999966     0.30500000000000005      -0.26953000977218267
-0.04499999999999996      0.30500000000000005      -0.2158111059370924
-0.03499999999999995      0.30500000000000005      -0.1649949877944863
-0.025000000000000022     0.30500000000000005      -0.11635137290340936
-0.015000000000000013     0.30500000000000005      -0.06921686777495495
-0.0050000000000000044    0.30500000000000005      -0.022970776695160566
0.0050000000000000044     0.30500000000000005      0.022982031515851986
0.015000000000000013      0.30500000000000005      0.06922832920419353
0.025000000000000022      0.30500000000000005      0.11636366362071726
0.03500000000000003       0.30500000000000005      0.16500829543008422
0.04500000000000004       0.30500000000000005      0.21582627333918936
0.05500000000000005       0.30500000000000005      0.2695469122307941
0.06499999999999995       0.30500000000000005      0.3269888395824694
0.07499999999999996       0.30500000000000005      0.3890890797444513
0.08499999999999996       0.30500000000000005      0.45694414768932745
0.09499999999999997       0.30500000000000005      0.5318503509991643
0.10499999999999998       0.30500000000000005      0.6153759516470245
0.11499999999999999       0.30500000000000005      0.7094257464117248
0.125                     0.30500000000000005      0.8163585527416046
0.135                     0.30500000000000005      0.939100822198057
0.14500000000000002       0.30500000000000005      1.0813323333205318
0.15500000000000003       0.30500000000000005      1.2476667070887828
0.16500000000000004       0.30500000000000005      1.4438816498220035
0.17500000000000004       0.30500000000000005      1.677097441567895
0.18500000000000005       0.30500000000000005      1.9557836328460496
0.19499999999999995       0.30500000000000005      2.2892590872033196
0.20499999999999996       0.30500000000000005      2.6860310182036216
0.21499999999999997       0.30500000000000005      3.1499690329992944
0.22499999999999998       0.30500000000000005      3.6732965287325925
0.235                     0.30500000000000005      4.2276286274219075
0.245                     0.30500000000000005      4.7593085363836
0.255                     0.30500000000000005      5.2001282454702675
0.265                     0.30500000000000005      5.493356118847814
0.275                     0.30500000000000005      5.617773166770753
0.28500000000000003       0.30500000000000005      5.5885802446348904
0.29500000000000004       0.30500000000000005      5.441350006146877
0.30500000000000005       0.30500000000000005      5.215503513866132
0.31499999999999995       0.30500000000000005      4.940425211241575
0.32499999999999996       0.30500000000000005      4.63652878532757
0.33499999999999996       0.30500000000000005      4.3254547238141186
0.345                     0.30500000000000005      4.011259479347672
0.355                     0.30500000000000005      3.7007016549112564
0.365                     0.30500000000000005      3.3956170146908704
0.375                     0.30500000000000005      3.10064987817384
0.385                     0.30500000000000005      2.8128585074611507
0.395                     0.30500000000000005      2.5331125197120627
0.405                     0.30500000000000005      2.264861072632897
0.41500000000000004       0.30500000000000005      2.0050285030841657
0.42500000000000004       0.30500000000000005      1.7512232003368098
0.43500000000000005       0.30500000000000005      1.5035604549428285
0.44499999999999995       0.30500000000000005      1.2632084767319185
0.45499999999999996       0.30500000000000005      1.0268495495158376
0.46499999999999997       0.30500000000000005      0.7944821817413512
0.475                     0.30500000000000005      0.5653622495624973
0.485                     0.30500000000000005      0.33823159021311255
0.495                     0.30500000000000005      0.11263292117020285
-0.495                    0.31499999999999995      -0.10781344865608133
-0.485                    0.31499999999999995      -0.3237190821890721
-0.475                    0.31499999999999995      -0.540903823589602
-0.46499999999999997      0.31499999999999995      -0.7597437257319726
-0.45499999999999996      0.31499999999999995      -0.9812715703015229
-0.44499999999999995      0.31499999999999995      -1.2060602189645238
-0.43500000000000005      0.31499999999999995      -1.4340599846251791
-0.42500000000000004      0.31499999999999995      -1.6679516751255647
-0.41500000000000004      0.31499999999999995      -1.9062054794889147
-0.405                    0.31499999999999995      -2.1498923882851386
-0.395                    0.31499999999999995      -2.402135432194683
-0.385                    0.31499999999999995      -2.656234293790959
-0.375                    0.31499999999999995      -2.917532183732874
-0.365                    0.31499999999999995      -3.1841827767180177
-0.355                    0.31499999999999995      -3.456255003466822
-0.345                    0.31499999999999995      -3.7258901119100756
-0.33499999999999996      0.31499999999999995      -3.9935290737963385
-0.32499999999999996      0.31499999999999995      -4.250584687293696
-0.31499999999999995      0.31499999999999995      -4.496330611756775
-0.30499999999999994      0.31499999999999995      -4.704065799216096
-0.29500000000000004      0.31499999999999995      -4.861660886847687
-0.28500000000000003      0.31499999999999995      -4.948998006430571
-0.275                    0.31499999999999995      -4.943280263032904
-0.265                    0.31499999999999995      -4.826572331565643
-0.255                    0.31499999999999995      -4.594387389710789
-0.245                    0.31499999999999995      -4.261809069316826
-0.235                    0.31499999999999995      -3.8615875107238935
-0.22499999999999998      0.31499999999999995      -3.433718756638285
-0.21500000000000005      0.31499999999999995      -3.013221571178917
-0.20500000000000004      0.31499999999999995      -2.623298593080108
-0.19500000000000003      0.31499999999999995      -2.2751114126090215
-0.18500000000000003      0.31499999999999995      -1.9711264968604496
-0.17500000000000002      0.31499999999999995      -1.7088502451825605
-0.165                    0.31499999999999995      -1.483593810148335
-0.15500000000000003      0.31499999999999995      -1.2901056974635878
-0.14500000000000002      0.31499999999999995      -1.1233793043891183
-0.135                    0.31499999999999995      -0.9789837304974753
-0.125                    0.31499999999999995      -0.8531403884322231
-0.11499999999999999      0.31499999999999995      -0.7426853342697939
-0.10499999999999998      0.31499999999999995      -0.6449907686370295
-0.09499999999999997      0.31499999999999995      -0.5578761876236058
-0.08499999999999999      0.31499999999999995      -0.47952565640730427
-0.07499999999999998      0.31499999999999995      -0.40841708247518227
-0.06499999999999997      0.31499999999999995      -0.34326243332159834
-0.054999999999999966     0.31499999999999995      -0.28295904561764473
-0.04499999999999996      0.31499999999999995      -0.22654961751288738
-0.03499999999999995      0.31499999999999995      -0.17318952594635562
-0.025000000000000022     0.31499999999999995      -0.12211953753131866
-0.015000000000000013     0.31499999999999995      -0.07264313467359784
-0.0050000000000000044    0.31499999999999995      -0.024106269568079597
0.0050000000000000044     0.31499999999999995      0.024120277109318522
0.015000000000000013      0.31499999999999995      0.07265754556857473
0.025000000000000022      0.31499999999999995      0.12213479598341337
0.03500000000000003       0.31499999999999995      0.17320602168607024
0.04500000000000004       0.31499999999999995      0.22656787497919595
0.05500000000000005       0.31499999999999995      0.2829796000334852
0.06499999999999995       0.31499999999999995      0.34328593221897563
0.07499999999999996       0.31499999999999995      0.4084442613616659
0.08499999999999996       0.31499999999999995      0.4795574488341856
0.09499999999999997       0.31499999999999995      0.5579135309990022
0.10499999999999998       0.31499999999999995      0.6450351424226994
0.11499999999999999       0.31499999999999995      0.7427381521000598
0.125                     0.31499999999999995      0.8532038020104835
0.135                     0.31499999999999995      0.9790601103807148
0.14500000000000002       0.31499999999999995      1.1234717566358654
0.15500000000000003       0.31499999999999995      1.2902180539935273
0.16500000000000004       0.31499999999999995      1.4837309818888116
0.17500000000000004       0.31499999999999995      1.7090172677293367
0.18500000000000005       0.31499999999999995      1.9713301919234993
0.19499999999999995       0.31499999999999995      2.27535731036636
0.20499999999999996       0.31499999999999995      2.623588213781005
0.21499999999999997       0.31499999999999995      3.013555053330549
0.22499999999999998       0.31499999999999995      3.4340812208058082
0.235                     0.31499999999999995      3.861948251907876
0.245                     0.31499999999999995      4.262121738417875
0.255                     0.31499999999999995      4.5946260483213734
0.265                     0.31499999999999995      4.826737295224717
0.275                     0.31499999999999995      4.94342466831273
0.28500000000000003       0.31499999999999995      4.949169464151765
0.29500000000000004       0.31499999999999995      4.8621820958012165
0.30500000000000005       0.31499999999999995      4.704857426723336
0.31499999999999995       0.31499999999999995      4.489392414086524
0.32499999999999996       0.31499999999999995      4.25140847192597
0.33499999999999996       0.31499999999999995      3.991742856776142
0.345                     0.31499999999999995      3.7254505867194894
0.355                     0.31499999999999995      3.455359362894967
0.365                     0.31499999999999995      3.185279731519529
0.375                     0.31499999999999995      2.9176416066276403
0.385                     0.31499999999999995      2.6557548882348634
0.395                     0.31499999999999995      2.3995508292133536
0.405                     0.31499999999999995      2.1500333546363475
0.41500000000000004       0.31499999999999995      1.9064519469109875
0.42500000000000004       0.31499999999999995      1.6678345633372516
0.43500000000000005       0.31499999999999995      1.4339845641358124
0.44499999999999995       0.31499999999999995      1.2060271567251704
0.45499999999999996       0.31499999999999995      0.9812346468582831
0.46499999999999997       0.31499999999999995      0.7597181316564274
0.475                     0.31499999999999995      0.5408855852978576
0.485                     0.31499999999999995      0.3237080912662549
0.495                     0.31499999999999995      0.10780979795426049
-0.495                    0.32499999999999996      -0.1026220981663144
-0.485                    0.32499999999999996      -0.3080920159230516
-0.475                    0.32499999999999996      -0.5145944314103446
-0.46499999999999997      0.32499999999999996      -0.7224258212761825
-0.45499999999999996      0.32499999999999996      -0.9323970278805227
-0.44499999999999995      0.32499999999999996      -1.1449270055674532
-0.43500000000000005      0.32499999999999996      -1.3599567993984465
-0.42500000000000004      0.32499999999999996      -1.5794222667757367
-0.41500000000000004      0.32499999999999996      -1.8020960511917838
-0.405                    0.32499999999999996      -2.02853892667045
-0.395                    0.32499999999999996      -2.261624995262764
-0.385                    0.32499999999999996      -2.493287581608598
-0.375                    0.32499999999999996      -2.730441321867545
-0.365                    0.32499999999999996      -2.969881809833282
-0.355                    0.32499999999999996      -3.208841368700114
-0.345                    0.32499999999999996      -3.4428429619763676
-0.33499999999999996      0.32499999999999996      -3.6695553343502354
-0.32499999999999996      0.32499999999999996      -3.884174265268882
-0.31499999999999995      0.32499999999999996      -4.078971086835338
-0.30499999999999994      0.32499999999999996      -4.238679608910701
-0.29500000000000004      0.32499999999999996      -4.353702594027709
-0.28500000000000003      0.32499999999999996      -4.3955430241793465
-0.275                    0.32499999999999996      -4.373379082649876
-0.265                    0.32499999999999996      -4.269730968024163
-0.255                    0.32499999999999996      -4.084427928195794
-0.245                    0.32499999999999996      -3.8279540593916295
-0.235                    0.32499999999999996      -3.5201122040541293
-0.22499999999999998      0.32499999999999996      -3.185205951443095
-0.21500000000000005      0.32499999999999996      -2.8462139589997832
-0.20500000000000004      0.32499999999999996      -2.520714278153946
-0.19500000000000003      0.32499999999999996      -2.2196114685001476
-0.18500000000000003      0.32499999999999996      -1.9479804221685413
-0.17500000000000002      0.32499999999999996      -1.70677384239238
-0.165                    0.32499999999999996      -1.4944860680561192
-0.15500000000000003      0.32499999999999996      -1.3083961372937551
-0.14500000000000002      0.32499999999999996      -1.1453585136133597
-0.135                    0.32499999999999996      -1.0022469627571127
-0.125                    0.32499999999999996      -0.8761717425425957
-0.11499999999999999      0.32499999999999996      -0.7645632741177906
-0.10499999999999998      0.32499999999999996      -0.6651842257001306
-0.09499999999999997      0.32499999999999996      -0.5761063036559051
-0.08499999999999999      0.32499999999999996      -0.49567298444171115
-0.07499999999999998      0.32499999999999996      -0.4224593017289351
-0.06499999999999997      0.32499999999999996      -0.3552330910187038
-0.054999999999999966     0.32499999999999996      -0.2929200441578246
-0.04499999999999996      0.32499999999999996      -0.23457308734907656
-0.03499999999999995      0.32499999999999996      -0.17934584098441064
-0.025000000000000022     0.32499999999999996      -0.12646963270714195
-0.015000000000000013     0.32499999999999996      -0.07523337184585444
-0.0050000000000000044    0.32499999999999996      -0.02496556446476461
0.0050000000000000044     0.32499999999999996      0.02498211432964581
0.015000000000000013      0.32499999999999996      0.07525036213746716
0.025000000000000022      0.32499999999999996      0.126487514710675
0.03500000000000003       0.32499999999999996      0.17936508572154253
0.04500000000000004       0.32499999999999996      0.23459421616951204
0.05500000000000005       0.32499999999999996      0.2929436390795104
0.06499999999999995       0.32499999999999996      0.35525981153767816
0.07499999999999996       0.32499999999999996      0.4224899132653377
0.08499999999999996       0.32499999999999996      0.49570837401682866
0.09499999999999997       0.32499999999999996      0.576147517197569
0.10499999999999998       0.32499999999999996      0.6652325244025121
0.11499999999999999       0.32499999999999996      0.7646201502471968
0.125                     0.32499999999999996      0.8762391956371687
0.135                     0.32499999999999996      1.0023275095469444
0.14500000000000002       0.32499999999999996      1.1454549943599943
0.15500000000000003       0.32499999999999996      1.3085114402120155
0.16500000000000004       0.32499999999999996      1.4946227202595992
0.17500000000000004       0.32499999999999996      1.706934994157507
0.18500000000000005       0.32499999999999996      1.948169133923301
0.19499999999999995       0.32499999999999996      2.219829776273855
0.20499999999999996       0.32499999999999996      2.5209616947595634
0.21499999999999997       0.32499999999999996      2.8464877993431514
0.22499999999999998       0.32499999999999996      3.185501580244903
0.235                     0.32499999999999996      3.520440761214843
0.245                     0.32499999999999996      3.828315040151608
0.255                     0.32499999999999996      4.084749391846401
0.265                     0.32499999999999996      4.269870829206667
0.275                     0.32499999999999996      4.373188245211111
0.28500000000000003       0.32499999999999996      4.395097852965364
0.29500000000000004       0.32499999999999996      4.352434470897066
0.30500000000000005       0.32499999999999996      4.237275413655766
0.31499999999999995       0.32499999999999996      4.078106427798058
0.32499999999999996       0.32499999999999996      3.8861260418814823
0.33499999999999996       0.32499999999999996      3.670408022110415
0.345                     0.32499999999999996      3.444198511775241
0.355                     0.32499999999999996      3.208566017356617
0.365                     0.32499999999999996      2.96835722224764
0.375                     0.32499999999999996      2.7303136318839787
0.385                     0.32499999999999996      2.4931964259597947
0.395                     0.32499999999999996      2.256721803956566
0.405                     0.32499999999999996      2.028543584206986
0.41500000000000004       0.32499999999999996      1.802185710551509
0.42500000000000004       0.32499999999999996      1.5793056833743861
0.43500000000000005       0.32499999999999996      1.3598621746070023
0.44499999999999995       0.32499999999999996      1.1449046269177359
0.45499999999999996       0.32499999999999996      0.9323631415698728
0.46499999999999997       0.32499999999999996      0.7224016145515435
0.475                     0.32499999999999996      0.514577177659973
0.485                     0.32499999999999996      0.30808160085696557
0.495                     0.32499999999999996      0.10261863374192615
-0.495                    0.33499999999999996      -0.09713242003403622
-0.485                    0.33499999999999996      -0.29157271008730845
-0.475                    0.33499999999999996      -0.4868121096236422
-0.46499999999999997      0.33499999999999996      -0.6830728435456663
-0.45499999999999996      0.33499999999999996      -0.8809584575579201
-0.44499999999999995      0.33499999999999996      -1.0807518397911338
-0.43500000000000005      0.33499999999999996      -1.2823746413708932
-0.42500000000000004      0.33499999999999996      -1.4871145232608143
-0.41500000000000004      0.33499999999999996      -1.694031219064728
-0.405                    0.33499999999999996      -1.903268618168525
-0.395                    0.33499999999999996      -2.11660779882493
-0.385                    0.33499999999999996      -2.3278409757578693
-0.375                    0.33499999999999996      -2.541428390656847
-0.365                    0.33499999999999996      -2.753885435293313
-0.355                    0.33499999999999996      -2.9645191400403945
-0.345                    0.33499999999999996      -3.1672195901118556
-0.33499999999999996      0.33499999999999996      -3.358941933742841
-0.32499999999999996      0.33499999999999996      -3.536329730735744
-0.31499999999999995      0.33499999999999996      -3.689239086221363
-0.30499999999999994      0.33499999999999996      -3.8135336349879196
-0.29500000000000004      0.33499999999999996      -3.896232425952345
-0.28500000000000003      0.33499999999999996      -3.92826882234883
-0.275                    0.33499999999999996      -3.9017748702688735
-0.265                    0.33499999999999996      -3.812316146945008
-0.255                    0.33499999999999996      -3.6611623519864054
-0.245                    0.33499999999999996      -3.4560736842028064
-0.235                    0.33499999999999996      -3.2103474965657313
-0.22499999999999998      0.33499999999999996      -2.9402177554327125
-0.21500000000000005      0.33499999999999996      -2.6616686088247263
-0.20500000000000004      0.33499999999999996      -2.38792824838238
-0.19500000000000003      0.33499999999999996      -2.128308078100261
-0.18500000000000003      0.33499999999999996      -1.8882652742724417
-0.17500000000000002      0.33499999999999996      -1.670161395243909
-0.165                    0.33499999999999996      -1.4742105636086507
-0.15500000000000003      0.33499999999999996      -1.299317981925114
-0.14500000000000002      0.33499999999999996      -1.1437022700124686
-0.135                    0.33499999999999996      -1.005306129180127
-0.125                    0.33499999999999996      -0.8820426331820101
-0.11499999999999999      0.33499999999999996      -0.7719286729913932
-0.10499999999999998      0.33499999999999996      -0.6731471611404629
-0.09499999999999997      0.33499999999999996      -0.5840668246224396
-0.08499999999999999      0.33499999999999996      -0.5032386381535332
-0.07499999999999998      0.33499999999999996      -0.42938063927871895
-0.06499999999999997      0.33499999999999996      -0.36135768051146044
-0.054999999999999966     0.33499999999999996      -0.29815987146541545
-0.04499999999999996      0.33499999999999996      -0.23888156442626496
-0.03499999999999995      0.33499999999999996      -0.1827017189025355
-0.025000000000000022     0.33499999999999996      -0.12886586916738452
-0.015000000000000013     0.33499999999999996      -0.07666961524924432
-0.0050000000000000044    0.33499999999999996      -0.02544336901938493
0.0050000000000000044     0.33499999999999996      0.025461949552621377
0.015000000000000013      0.33499999999999996      0.07668865331181962
0.025000000000000022      0.33499999999999996      0.1288858316521413
0.03500000000000003       0.33499999999999996      0.1827230963434232
0.04500000000000004       0.33499999999999996      0.23890488855397507
0.05500000000000005       0.33499999999999996      0.2981857284073186
0.06499999999999995       0.33499999999999996      0.361386722240681
0.07499999999999996       0.33499999999999996      0.4294136060238998
0.08499999999999996       0.33499999999999996      0.5032763800111866
0.09499999999999997       0.33499999999999996      0.5841103428011394
0.10499999999999998       0.33499999999999996      0.6731976038722678
0.11499999999999999       0.33499999999999996      0.7719873394489127
0.125                     0.33499999999999996      0.8821110355322475
0.135                     0.33499999999999996      1.0053859788303185
0.14500000000000002       0.33499999999999996      1.1437951250557745
0.15500000000000003       0.33499999999999996      1.2994255238675834
0.16500000000000004       0.33499999999999996      1.4743355195675747
0.17500000000000004       0.33499999999999996      1.6703069795968872
0.18500000000000005       0.33499999999999996      1.8884332750092625
0.19499999999999995       0.33499999999999996      2.128498146401668
0.20499999999999996       0.33499999999999996      2.3881377387246516
0.21499999999999997       0.33499999999999996      2.661892939092141
0.22499999999999998       0.33499999999999996      2.9404420573508077
0.235                     0.33499999999999996      3.210544473405932
0.245                     0.33499999999999996      3.4562090823741585
0.255                     0.33499999999999996      3.6612250641813375
0.265                     0.33499999999999996      3.8123247972873884
0.275                     0.33499999999999996      3.9017929495360733
0.28500000000000003       0.33499999999999996      3.928374976098624
0.29500000000000004       0.33499999999999996      3.8963448960719234
0.30500000000000005       0.33499999999999996      3.8137762235728303
0.31499999999999995       0.33499999999999996      3.690278044564934
0.32499999999999996       0.33499999999999996      3.5351759212196043
0.33499999999999996       0.33499999999999996      3.357756850406677
0.345                     0.33499999999999996      3.166368955219241
0.355                     0.33499999999999996      2.9642354121047845
0.365                     0.33499999999999996      2.754451305328871
0.375                     0.33499999999999996      2.5412631569313078
0.385                     0.33499999999999996      2.3277659045585963
0.395                     0.33499999999999996      2.116545423411168
0.405                     0.33499999999999996      1.9032352075835988
0.41500000000000004       0.33499999999999996      1.6939889235929018
0.42500000000000004       0.33499999999999996      1.487018386101795
0.43500000000000005       0.33499999999999996      1.2822888534435464
0.44499999999999995       0.33499999999999996      1.080731876226281
0.45499999999999996       0.33499999999999996      0.8809275283273514
0.46499999999999997       0.33499999999999996      0.6830501401113764
0.475                     0.33499999999999996      0.48679566933356
0.485                     0.33499999999999996      0.29156295251054587
0.495                     0.33499999999999996      0.09712917012890188
-0.495                    0.345                    -0.09141058696857485
-0.485                    0.345                    -0.2743609531069495
-0.475                    0.345                    -0.45789612732210117
-0.46499999999999997      0.345                    -0.6421711121490219
-0.45499999999999996      0.345                    -0.8276022218404613
-0.44499999999999995      0.345                    -1.0143548380426637
-0.43500000000000005      0.345                    -1.2023277643987598
-0.42500000000000004      0.345                    -1.3922645468181756
-0.41500000000000004      0.345                    -1.5834508070641604
-0.405                    0.345                    -1.7757800298325748
-0.395                    0.345                    -1.9699683324325505
-0.385                    0.345                    -2.1617286729988905
-0.375                    0.345                    -2.3534247850236554
-0.365                    0.345                    -2.541092555283285
-0.355                    0.345                    -2.7263570014747813
-0.345                    0.345                    -2.9017070817239903
-0.33499999999999996      0.345                    -3.0668544662055126
-0.32499999999999996      0.345                    -3.215808801216639
-0.31499999999999995      0.345                    -3.3403980485957447
-0.30499999999999994      0.345                    -3.435857260543955
-0.29500000000000004      0.345                    -3.4956739566605393
-0.28500000000000003      0.345                    -3.5140657725057167
-0.275                    0.345                    -3.486170124487586
-0.265                    0.345                    -3.4095718376897324
-0.255                    0.345                    -3.285736825222216
-0.245                    0.345                    -3.120264629864103
-0.235                    0.345                    -2.9222250999241552
-0.22499999999999998      0.345                    -2.7026819148567576
-0.21500000000000005      0.345                    -2.4728815884621973
-0.20500000000000004      0.345                    -2.2427091249275968
-0.19500000000000003      0.345                    -2.01979016254705
-0.18500000000000003      0.345                    -1.8092706319276814
-0.17500000000000002      0.345                    -1.614079927096519
-0.165                    0.345                    -1.435418370602612
-0.15500000000000003      0.345                    -1.2732760469068864
-0.14500000000000002      0.345                    -1.126878836671402
-0.135                    0.345                    -0.9950231254755337
-0.125                    0.345                    -0.8763077550995817
-0.11499999999999999      0.345                    -0.7692816001819622
-0.10499999999999998      0.345                    -0.6725302600024889
-0.09499999999999997      0.345                    -0.5847223047045276
-0.08499999999999999      0.345                    -0.5046289864899052
-0.07499999999999998      0.345                    -0.43112863490187436
-0.06499999999999997      0.345                    -0.3632016433332126
-0.054999999999999966     0.345                    -0.299920705458419
-0.04499999999999996      0.345                    -0.24043864105590274
-0.03499999999999995      0.345                    -0.1839754591065983
-0.025000000000000022     0.345                    -0.12980531592720013
-0.015000000000000013     0.345                    -0.07724386694169283
-0.0050000000000000044    0.345                    -0.02563596480213448
0.0050000000000000044     0.345                    0.02565614873095967
0.015000000000000013      0.345                    0.07726452122294347
0.025000000000000022      0.345                    0.12982690932129515
0.03500000000000003       0.345                    0.18399849260751466
0.04500000000000004       0.345                    0.24046364563319855
0.05500000000000005       0.345                    0.2999482710518251
0.06499999999999995       0.345                    0.3632324060959107
0.07499999999999996       0.345                    0.4311633245082831
0.08499999999999996       0.345                    0.5046684397137682
0.09499999999999997       0.345                    0.5847673878273305
0.10499999999999998       0.345                    0.6725820606874215
0.11499999999999999       0.345                    0.7693413625531917
0.125                     0.345                    0.8763771690637547
0.135                     0.345                    0.9951045237778793
0.14500000000000002       0.345                    1.1269746930359759
0.15500000000000003       0.345                    1.273388326916951
0.16500000000000004       0.345                    1.4355454737480784
0.17500000000000004       0.345                    1.6142196245945755
0.18500000000000005       0.345                    1.809424380638653
0.19499999999999995       0.345                    2.019955043980005
0.20499999999999996       0.345                    2.242884694477681
0.21499999999999997       0.345                    2.473062204454415
0.22499999999999998       0.345                    2.7028687082380856
0.235                     0.345                    2.9224250924388144
0.245                     0.345                    3.120482434719392
0.255                     0.345                    3.285959704742467
0.265                     0.345                    3.409754322950448
0.275                     0.345                    3.486240210835412
0.28500000000000003       0.345                    3.5138999086349543
0.29500000000000004       0.345                    3.495106271349428
0.30500000000000005       0.345                    3.4348649319513243
0.31499999999999995       0.345                    3.3394924265822397
0.32499999999999996       0.345                    3.2156847511269726
0.33499999999999996       0.345                    3.067135114926984
0.345                     0.345                    2.9016585246400854
0.355                     0.345                    2.7274593076583358
0.365                     0.345                    2.5414573380195975
0.375                     0.345                    2.3531380422518566
0.385                     0.345                    2.161654226628869
0.395                     0.345                    1.969872546277145
0.405                     0.345                    1.7757645085121752
0.41500000000000004       0.345                    1.5834066794725858
0.42500000000000004       0.345                    1.3921943049524828
0.43500000000000005       0.345                    1.2022595690312414
0.44499999999999995       0.345                    1.0143331885199274
0.45499999999999996       0.345                    0.827574119214022
0.46499999999999997       0.345                    0.6421500147137706
0.475                     0.345                    0.457880879595308
0.485                     0.345                    0.2743518951273245
0.495                     0.345                    0.09140757168984948
-0.495                    0.355                    -0.08551752714166483
-0.485                    0.355                    -0.2566404481514297
-0.475                    0.355                    -0.42815712002413875
-0.46499999999999997      0.355                    -0.60016370506181
-0.45499999999999996      0.355                    -0.7729125497734817
-0.44499999999999995      0.355                    -0.9464699066883071
-0.43500000000000005      0.355                    -1.120726469067293
-0.42500000000000004      0.355                    -1.2959602285291538
-0.41500000000000004      0.355                    -1.4716635847305293
-0.405                    0.355                    -1.6473241909449783
-0.395                    0.355                    -1.8218218492475509
-0.385                    0.355                    -1.9970317501851866
-0.375                    0.355                    -2.1684247814950197
-0.365                    0.355                    -2.33653563003368
-0.355                    0.355                    -2.496371400158395
-0.345                    0.355                    -2.6478803789749463
-0.33499999999999996      0.355                    -2.7872469400681723
-0.32499999999999996      0.355                    -2.910218092567902
-0.31499999999999995      0.355                    -3.012871173457711
-0.30499999999999994      0.355                    -3.0898074859293274
-0.29500000000000004      0.355                    -3.135775788738279
-0.28500000000000003      0.355                    -3.1492910017916245
-0.275                    0.355                    -3.1166868869205757
-0.265                    0.355                    -3.0519182001514764
-0.255                    0.355                    -2.950076177348393
-0.245                    0.355                    -2.8153907002632366
-0.235                    0.355                    -2.654241803335765
-0.22499999999999998      0.355                    -2.4743647978295087
-0.21500000000000005      0.355                    -2.283809187441051
-0.20500000000000004      0.355                    -2.0899755959308948
-0.19500000000000003      0.355                    -1.8989730165085348
-0.18500000000000003      0.355                    -1.7153310522019183
-0.17500000000000002      0.355                    -1.5420487333720985
-0.165                    0.355                    -1.3807995548781378
-0.15500000000000003      0.355                    -1.2322243869002136
-0.14500000000000002      0.355                    -1.0962414131023763
-0.135                    0.355                    -0.9722879635416177
-0.125                    0.355                    -0.8595169476758144
-0.11499999999999999      0.355                    -0.7569316893195719
-0.10499999999999998      0.355                    -0.6634791753423883
-0.09499999999999997      0.355                    -0.5781103860312271
-0.08499999999999999      0.355                    -0.49981399614512156
-0.07499999999999998      0.355                    -0.427634554905012
-0.06499999999999997      0.355                    -0.3606780667679743
-0.054999999999999966     0.355                    -0.29811190059521664
-0.04499999999999996      0.355                    -0.23915991959256644
-0.03499999999999995      0.355                    -0.18309576088793733
-0.025000000000000022     0.355                    -0.12923426758689516
-0.015000000000000013     0.355                    -0.07692290896321197
-0.0050000000000000044    0.355                    -0.025532126445767744
0.0050000000000000044     0.355                    0.025553364210679774
0.015000000000000013      0.355                    0.07694462842863459
0.025000000000000022      0.355                    0.1292568761621169
0.03500000000000003       0.355                    0.1831198127888456
0.04500000000000004       0.355                    0.23918590588945676
0.05500000000000005       0.355                    0.2981401654732849
0.06499999999999995       0.355                    0.36070893643517365
0.07499999999999996       0.355                    0.4276683817471394
0.08499999999999996       0.355                    0.4998521459035885
0.09499999999999997       0.355                    0.5781543595180949
0.10499999999999998       0.355                    0.6635289022413247
0.11499999999999999       0.355                    0.7569876605113279
0.125                     0.355                    0.8595791883568893
0.135                     0.355                    0.9723565590368821
0.14500000000000002       0.355                    1.0963136406558078
0.15500000000000003       0.355                    1.2323124533128293
0.16500000000000004       0.355                    1.3809071390107022
0.17500000000000004       0.355                    1.5421800451722731
0.18500000000000005       0.355                    1.71549343736379
0.19499999999999995       0.355                    1.8991461239090768
0.20499999999999996       0.355                    2.0901895898578005
0.21499999999999997       0.355                    2.284023195762984
0.22499999999999998       0.355                    2.4745397670059788
0.235                     0.355                    2.654349451477458
0.245                     0.355                    2.815433345135517
0.255                     0.355                    2.9500885800850654
0.265                     0.355                    3.0520477045476753
0.275                     0.355                    3.11728579417246
0.28500000000000003       0.355                    3.1441925593310245
0.29500000000000004       0.355                    3.1327397515984785
0.30500000000000005       0.355                    3.0858709382613085
0.31499999999999995       0.355                    3.013124147111597
0.32499999999999996       0.355                    2.9102729963957383
0.33499999999999996       0.355                    2.7872258483638603
0.345                     0.355                    2.6482486321319954
0.355                     0.355                    2.4972294027832334
0.365                     0.355                    2.3374394779068552
0.375                     0.355                    2.1674638147948
0.385                     0.355                    1.9970544161583055
0.395                     0.355                    1.8216527485853362
0.405                     0.355                    1.6472256944629322
0.41500000000000004       0.355                    1.471604783338515
0.42500000000000004       0.355                    1.295907767917555
0.43500000000000005       0.355                    1.1206772766628035
0.44499999999999995       0.355                    0.9464447039669892
0.45499999999999996       0.355                    0.7728871946764126
0.46499999999999997       0.355                    0.6001443338873855
0.475                     0.355                    0.4281430854828585
0.485                     0.355                    0.2566321365470543
0.495                     0.355                    0.08551476030660154
-0.495                    0.365                    -0.0795077101965802
-0.485                    0.365                    -0.23857518990467952
-0.475                    0.365                    -0.39787138340669514
-0.46499999999999997      0.365                    -0.5574420604447496
-0.45499999999999996      0.365                    -0.7174013097534502
-0.44499999999999995      0.365                    -0.8777342893473161
-0.43500000000000005      0.365                    -1.038341043014114
-0.42500000000000004      0.365                    -1.199091492941477
-0.41500000000000004      0.365                    -1.3597092809326723
-0.405                    0.365                    -1.5197171130147353
-0.395                    0.365                    -1.6791684872606822
-0.385                    0.365                    -1.8339104603260008
-0.375                    0.365                    -1.9872285060199602
-0.365                    0.365                    -2.134631745600572
-0.355                    0.365                    -2.275246151186124
-0.345                    0.365                    -2.4080530401207003
-0.33499999999999996      0.365                    -2.5251620943869
-0.32499999999999996      0.365                    -2.6272491891336784
-0.31499999999999995      0.365                    -2.7139474583200354
-0.30499999999999994      0.365                    -2.7750221415324177
-0.29500000000000004      0.365                    -2.811527772157099
-0.28500000000000003      0.365                    -2.817503533888953
-0.275                    0.365                    -2.7928132877754877
-0.265                    0.365                    -2.737336330687583
-0.255                    0.365                    -2.6522450363237056
-0.245                    0.365                    -2.540710921786882
-0.235                    0.365                    -2.407356275054667
-0.22499999999999998      0.365                    -2.2577997177048132
-0.21500000000000005      0.365                    -2.0980273180747133
-0.20500000000000004      0.365                    -1.933620951697634
-0.19500000000000003      0.365                    -1.7694916785767418
-0.18500000000000003      0.365                    -1.6094763920987418
-0.17500000000000002      0.365                    -1.4563357388411475
-0.165                    0.365                    -1.3118790097609576
-0.15500000000000003      0.365                    -1.1770533274350896
-0.14500000000000002      0.365                    -1.0521851889274103
-0.135                    0.365                    -0.9371417998290781
-0.125                    0.365                    -0.8314621675296792
-0.11499999999999999      0.365                    -0.7345056794541165
-0.10499999999999998      0.365                    -0.6455265187546217
-0.09499999999999997      0.365                    -0.5637182407104717
-0.08499999999999999      0.365                    -0.48827813810214593
-0.07499999999999998      0.365                    -0.4184048419690214
-0.06499999999999997      0.365                    -0.35333739946838705
-0.054999999999999966     0.365                    -0.2923384160062312
-0.04499999999999996      0.365                    -0.23471516590652186
-0.03499999999999995      0.365                    -0.1798012086054257
-0.025000000000000022     0.365                    -0.12696423268639023
-0.015000000000000013     0.365                    -0.0755927940836898
-0.0050000000000000044    0.365                    -0.025093133929289024
0.0050000000000000044     0.365                    0.025115965419843178
0.015000000000000013      0.365                    0.07561671788340618
0.025000000000000022      0.365                    0.12698776072281248
0.03500000000000003       0.365                    0.17982649561884045
0.04500000000000004       0.365                    0.23474236529185077
0.05500000000000005       0.365                    0.29237142364385704
0.06499999999999995       0.365                    0.3533716098899049
0.07499999999999996       0.365                    0.41844249312208603
0.08499999999999996       0.365                    0.4883223603754061
0.09499999999999997       0.365                    0.5637678699953028
0.10499999999999998       0.365                    0.6455835678734729
0.11499999999999999       0.365                    0.7345740114736543
0.125                     0.365                    0.8315256859419264
0.135                     0.365                    0.9372181664501227
0.14500000000000002       0.365                    1.0522731682033566
0.15500000000000003       0.365                    1.177157709804419
0.16500000000000004       0.365                    1.3119780153900535
0.17500000000000004       0.365                    1.4564622069601967
0.18500000000000005       0.365                    1.6096055019373239
0.19499999999999995       0.365                    1.7696413267503317
0.20499999999999996       0.365                    1.9337969849879073
0.21499999999999997       0.365                    2.0981864378492787
0.22499999999999998       0.365                    2.2579833487555447
0.235                     0.365                    2.4074862264041883
0.245                     0.365                    2.540776879076134
0.255                     0.365                    2.6522063461023606
0.265                     0.365                    2.737060443982074
0.275                     0.365                    2.792206520184152
0.28500000000000003       0.365                    2.817513630354597
0.29500000000000004       0.365                    2.810397791202206
0.30500000000000005       0.365                    2.7746736305220026
0.31499999999999995       0.365                    2.7133548243662062
0.32499999999999996       0.365                    2.628974602569798
0.33499999999999996       0.365                    2.5244940191155933
0.345                     0.365                    2.4073327554664843
0.355                     0.365                    2.2751950091716253
0.365                     0.365                    2.134870507663077
0.375                     0.365                    1.9870907680080308
0.385                     0.365                    1.8338608184096756
0.395                     0.365                    1.6791112249548368
0.405                     0.365                    1.519636522150705
0.41500000000000004       0.365                    1.359636375946252
0.42500000000000004       0.365                    1.199047558333632
0.43500000000000005       0.365                    1.0383069812482972
0.44499999999999995       0.365                    0.8777038416619689
0.45499999999999996       0.365                    0.7173786660771402
0.46499999999999997       0.365                    0.5574245122292965
0.475                     0.365                    0.3978584531099898
0.485                     0.365                    0.2385676631956528
0.495                     0.365                    0.07950520290094687
-0.495                    0.375                    -0.07342837617625975
-0.485                    0.375                    -0.22030718448489495
-0.475                    0.375                    -0.36727657263591595
-0.46499999999999997      0.375                    -0.5143414615072146
-0.45499999999999996      0.375                    -0.6615024953180768
-0.44499999999999995      0.375                    -0.8086850770042702
-0.43500000000000005      0.375                    -0.9557831414383458
-0.42500000000000004      0.375                    -1.102375837294531
-0.41500000000000004      0.375                    -1.2483634599818636
-0.405                    0.375                    -1.3931013425885368
-0.395                    0.375                    -1.5347891556019988
-0.385                    0.375                    -1.6750753211816658
-0.375                    0.375                    -1.8107180091347743
-0.365                    0.375                    -1.9415221940559242
-0.355                    0.375                    -2.063042045936392
-0.345                    0.375                    -2.1767968855051327
-0.33499999999999996      0.375                    -2.2789677941780297
-0.32499999999999996      0.375                    -2.366872736044641
-0.31499999999999995      0.375                    -2.437704636696367
-0.30499999999999994      0.375                    -2.4886149670443274
-0.29500000000000004      0.375                    -2.5163935617158018
-0.28500000000000003      0.375                    -2.5189957472382183
-0.275                    0.375                    -2.4974301991572485
-0.265                    0.375                    -2.450711711638391
-0.255                    0.375                    -2.3798229045454917
-0.245                    0.375                    -2.287131172764333
-0.235                    0.375                    -2.176247562956675
-0.22499999999999998      0.375                    -2.051501371201894
-0.21500000000000005      0.375                    -1.9171059034702154
-0.20500000000000004      0.375                    -1.7775402985456452
-0.19500000000000003      0.375                    -1.6365472457567307
-0.18500000000000003      0.375                    -1.4974046316173428
-0.17500000000000002      0.375                    -1.362714361596204
-0.165                    0.375                    -1.2340798152552281
-0.15500000000000003      0.375                    -1.112672282665855
-0.14500000000000002      0.375                    -0.9990112443585133
-0.135                    0.375                    -0.8932598897739439
-0.125                    0.375                    -0.7952755777444764
-0.11499999999999999      0.375                    -0.7046323798129634
-0.10499999999999998      0.375                    -0.6208688894380288
-0.09499999999999997      0.375                    -0.5433686120465495
-0.08499999999999999      0.375                    -0.47152893308089006
-0.07499999999999998      0.375                    -0.4046773020426002
-0.06499999999999997      0.375                    -0.34218894479130313
-0.054999999999999966     0.375                    -0.2834117959197471
-0.04499999999999996      0.375                    -0.22774669311056073
-0.03499999999999995      0.375                    -0.1745815300911886
-0.025000000000000022     0.375                    -0.12335263361717352
-0.015000000000000013     0.375                    -0.07348274480534656
-0.0050000000000000044    0.375                    -0.024435438049522418
0.0050000000000000044     0.375                    0.02434797187994775
0.015000000000000013      0.375                    0.07339274348669278
0.025000000000000022      0.375                    0.12326100651755212
0.03500000000000003       0.375                    0.17449653460792547
0.04500000000000004       0.375                    0.22765457308561565
0.05500000000000005       0.375                    0.28329404972362227
0.06499999999999995       0.375                    0.3420476863808375
0.07499999999999996       0.375                    0.4045200475635937
0.08499999999999996       0.375                    0.47132978110641943
0.09499999999999997       0.375                    0.5431311170702884
0.10499999999999998       0.375                    0.6205858458581588
0.11499999999999999       0.375                    0.70429979015546
0.125                     0.375                    0.7948917122816681
0.135                     0.375                    0.8928075764922028
0.14500000000000002       0.375                    0.9984901875145056
0.15500000000000003       0.375                    1.1120222236954191
0.16500000000000004       0.375                    1.2333476425642544
0.17500000000000004       0.375                    1.3618342304844475
0.18500000000000005       0.375                    1.4964594229852537
0.19499999999999995       0.375                    1.635508330902809
0.20499999999999996       0.375                    1.776406883217689
0.21499999999999997       0.375                    1.9160287977547767
0.22499999999999998       0.375                    2.050451945110737
0.235                     0.375                    2.17533964259151
0.245                     0.375                    2.286114319798628
0.255                     0.375                    2.3787909635712907
0.265                     0.375                    2.449745787062426
0.275                     0.375                    2.4965717948566812
0.28500000000000003       0.375                    2.519045104417188
0.29500000000000004       0.375                    2.516048745176903
0.30500000000000005       0.375                    2.4871197073061353
0.31499999999999995       0.375                    2.4376335775357774
0.32499999999999996       0.375                    2.3674092811107155
0.33499999999999996       0.375                    2.279099065837195
0.345                     0.375                    2.1768728776857813
0.355                     0.375                    2.0630870195198185
0.365                     0.375                    1.9418253207439307
0.375                     0.375                    1.8116604469814597
0.385                     0.375                    1.6756535960367742
0.395                     0.375                    1.5375205262413658
0.405                     0.375                    1.393009233338681
0.41500000000000004       0.375                    1.2482949516283885
0.42500000000000004       0.375                    1.1023525590209218
0.43500000000000005       0.375                    0.9557641614320715
0.44499999999999995       0.375                    0.8086462144370827
0.45499999999999996       0.375                    0.6614826707650288
0.46499999999999997       0.375                    0.5143256083432419
0.475                     0.375                    0.3672654291293753
0.485                     0.375                    0.22030049344445501
0.495                     0.375                    0.07342614195971464
-0.495                    0.385                    -0.06731916384166681
-0.485                    0.385                    -0.2019553947037167
-0.475                    0.385                    -0.33657121129245127
-0.46499999999999997      0.385                    -0.471138989581668
-0.45499999999999996      0.385                    -0.6055711776567332
-0.44499999999999995      0.385                    -0.7397542321368533
-0.43500000000000005      0.385                    -0.873553716190699
-0.42500000000000004      0.385                    -1.0063877112667754
-0.41500000000000004      0.385                    -1.1383081791556222
-0.405                    0.385                    -1.2685175100598372
-0.395                    0.385                    -1.3958373955117906
-0.385                    0.385                    -1.5202238772598093
-0.375                    0.385                    -1.6404697418593148
-0.365                    0.385                    -1.7539360435409446
-0.355                    0.385                    -1.8624247759120962
-0.345                    0.385                    -1.9608771156720948
-0.33499999999999996      0.385                    -2.0474990061646454
-0.32499999999999996      0.385                    -2.1212621330925003
-0.31499999999999995      0.385                    -2.1800594128640967
-0.30499999999999994      0.385                    -2.221817179485015
-0.29500000000000004      0.385                    -2.244520218951081
-0.28500000000000003      0.385                    -2.2460032627031623
-0.275                    0.385                    -2.2271626142738317
-0.265                    0.385                    -2.187408039007437
-0.255                    0.385                    -2.127824672925172
-0.245                    0.385                    -2.050373201117239
-0.235                    0.385                    -1.9576945098717076
-0.22499999999999998      0.385                    -1.8528665381091969
-0.21500000000000005      0.385                    -1.739360673074323
-0.20500000000000004      0.385                    -1.6205916757102088
-0.19500000000000003      0.385                    -1.4996348675654048
-0.18500000000000003      0.385                    -1.3791802766013603
-0.17500000000000002      0.385                    -1.2612732498434198
-0.165                    0.385                    -1.1475800794221414
-0.15500000000000003      0.385                    -1.0391673556160157
-0.14500000000000002      0.385                    -0.9367099471415941
-0.135                    0.385                    -0.8405437936911255
-0.125                    0.385                    -0.750701990044675
-0.11499999999999999      0.385                    -0.6670137052055196
-0.10499999999999998      0.385                    -0.5891600280913423
-0.09499999999999997      0.385                    -0.5167169556532087
-0.08499999999999999      0.385                    -0.4492046610329652
-0.07499999999999998      0.385                    -0.38610415464297887
-0.06499999999999997      0.385                    -0.3268838786742094
-0.054999999999999966     0.385                    -0.27100393078515594
-0.04499999999999996      0.385                    -0.21793070939955328
-0.03499999999999995      0.385                    -0.16713508178854397
-0.025000000000000022     0.385                    -0.11809964926759164
-0.015000000000000013     0.385                    -0.07031299351926634
-0.0050000000000000044    0.385                    -0.023272212074743948
0.0050000000000000044     0.385                    0.02352275181583252
0.015000000000000013      0.385                    0.07056861484089438
0.025000000000000022      0.385                    0.1183639152264675
0.03500000000000003       0.385                    0.16741317458937033
0.04500000000000004       0.385                    0.21823090168878423
0.05500000000000005       0.385                    0.2713368010712287
0.06499999999999995       0.385                    0.32725664026081347
0.07499999999999996       0.385                    0.3865252870700857
0.08499999999999996       0.385                    0.4496850884544017
0.09499999999999997       0.385                    0.5172731262148602
0.10499999999999998       0.385                    0.5898049232504405
0.11499999999999999       0.385                    0.6677649939142469
0.125                     0.385                    0.7515751907106534
0.135                     0.385                    0.8415557542399057
0.14500000000000002       0.385                    0.9378802810823572
0.15500000000000003       0.385                    1.040509484646762
0.16500000000000004       0.385                    1.1491255731792478
0.17500000000000004       0.385                    1.2630064325200436
0.18500000000000005       0.385                    1.3810923804934845
0.19499999999999995       0.385                    1.5017257345575246
0.20499999999999996       0.385                    1.622782527526823
0.21499999999999997       0.385                    1.7415991800039023
0.22499999999999998       0.385                    1.8550021837117043
0.235                     0.385                    1.9597191362634305
0.245                     0.385                    2.0523047560984793
0.255                     0.385                    2.129558387163854
0.265                     0.385                    2.1889254153798134
0.275                     0.385                    2.2285190848620573
0.28500000000000003       0.385                    2.2467830963127824
0.29500000000000004       0.385                    2.244619075877857
0.30500000000000005       0.385                    2.2216050283977964
0.31499999999999995       0.385                    2.1801302860095717
0.32499999999999996       0.385                    2.121203858016287
0.33499999999999996       0.385                    2.047472228990433
0.345                     0.385                    1.960855312811702
0.355                     0.385                    1.8622722863951222
0.365                     0.385                    1.7538010034619447
0.375                     0.385                    1.640027465939349
0.385                     0.385                    1.5204371395894203
0.395                     0.385                    1.3941936468229414
0.405                     0.385                    1.26842056468562
0.41500000000000004       0.385                    1.138189932615754
0.42500000000000004       0.385                    1.0063455015304186
0.43500000000000005       0.385                    0.8735366896539887
0.44499999999999995       0.385                    0.7397087694345714
0.45499999999999996       0.385                    0.6055549140328313
0.46499999999999997       0.385                    0.4711247877133644
0.475                     0.385                    0.33656301632564123
0.485                     0.385                    0.20194958544890085
0.495                     0.385                    0.06731716883574634
-0.495                    0.395                    -0.06121207128623851
-0.485                    0.395                    -0.1836157601950248
-0.475                    0.395                    -0.30591416448538666
-0.46499999999999997      0.395                    -0.4280548643109299
-0.45499999999999996      0.395                    -0.5498856148528493
-0.44499999999999995      0.395                    -0.6712710406571816
-0.43500000000000005      0.395                    -0.7920336220466027
-0.42500000000000004      0.395                    -0.9115385222238572
-0.41500000000000004      0.395                    -1.0300397567991837
-0.405                    0.395                    -1.1464389822342849
-0.395                    0.395                    -1.2595225986269902
-0.385                    0.395                    -1.3703345210480506
-0.375                    0.395                    -1.4759476491795027
-0.365                    0.395                    -1.5754763499040791
-0.355                    0.395                    -1.668619323645565
-0.345                    0.395                    -1.7537071152475097
-0.33499999999999996      0.395                    -1.8287233920918027
-0.32499999999999996      0.395                    -1.8894034496165375
-0.31499999999999995      0.395                    -1.9414361659337942
-0.30499999999999994      0.395                    -1.975318283343256
-0.29500000000000004      0.395                    -1.9930727077843358
-0.28500000000000003      0.395                    -1.9952227180043423
-0.275                    0.395                    -1.979752470913148
-0.265                    0.395                    -1.9461081239166305
-0.255                    0.395                    -1.8962168210135033
-0.245                    0.395                    -1.8314337548469233
-0.235                    0.395                    -1.7537779651245131
-0.22499999999999998      0.395                    -1.6656775868118814
-0.21500000000000005      0.395                    -1.5697633166565659
-0.20500000000000004      0.395                    -1.4686717823243178
-0.19500000000000003      0.395                    -1.364889851592931
-0.18500000000000003      0.395                    -1.2606180581811088
-0.17500000000000002      0.395                    -1.1576979193615458
-0.165                    0.395                    -1.0575676373693952
-0.15500000000000003      0.395                    -0.9612831279063059
-0.14500000000000002      0.395                    -0.8695559395351715
-0.135                    0.395                    -0.7827877383385129
-0.125                    0.395                    -0.7011377809871071
-0.11499999999999999      0.395                    -0.6245744069624166
-0.10499999999999998      0.395                    -0.552919847087658
-0.09499999999999997      0.395                    -0.4858906987482854
-0.08499999999999999      0.395                    -0.4231288895045253
-0.07499999999999998      0.395                    -0.36422600428703333
-0.06499999999999997      0.395                    -0.3087495613267208
-0.054999999999999966     0.395                    -0.25624418564263607
-0.04499999999999996      0.395                    -0.2062519329660546
-0.03499999999999995      0.395                    -0.15830933954487847
-0.025000000000000022     0.395                    -0.11195778330215234
-0.015000000000000013     0.395                    -0.06673870189556652
-0.0050000000000000044    0.395                    -0.022198653968651172
0.0050000000000000044     0.395                    0.02211502587011438
0.015000000000000013      0.395                    0.06665365772145293
0.025000000000000022      0.395                    0.11186941253596672
0.03500000000000003       0.395                    0.15821700232625346
0.04500000000000004       0.395                    0.2061527116241848
0.05500000000000005       0.395                    0.2561373042574786
0.06499999999999995       0.395                    0.3086299334488487
0.07499999999999996       0.395                    0.3640916190394847
0.08499999999999996       0.395                    0.422975053030612
0.09499999999999997       0.395                    0.4857159596103884
0.10499999999999998       0.395                    0.5527203612898575
0.11499999999999999       0.395                    0.6243454031842006
0.125                     0.395                    0.7008752449279143
0.135                     0.395                    0.7824874219544853
0.14500000000000002       0.395                    0.8692153074479734
0.15500000000000003       0.395                    0.9608999592129734
0.16500000000000004       0.395                    1.0571370505742124
0.17500000000000004       0.395                    1.157230184004277
0.18500000000000005       0.395                    1.2601112487720982
0.19499999999999995       0.395                    1.3643528659348618
0.20499999999999996       0.395                    1.4681186831764208
0.21499999999999997       0.395                    1.5692188309641963
0.22499999999999998       0.395                    1.6651688103455555
0.235                     0.395                    1.7533264319161503
0.245                     0.395                    1.8310648919474843
0.255                     0.395                    1.8959730431392003
0.265                     0.395                    1.946031419821665
0.275                     0.395                    1.9797809922073952
0.28500000000000003       0.395                    1.9945676399281922
0.29500000000000004       0.395                    1.9936045820870447
0.30500000000000005       0.395                    1.9757474557082961
0.31499999999999995       0.395                    1.9412571893549284
0.32499999999999996       0.395                    1.8921240606712786
0.33499999999999996       0.395                    1.828557876627002
0.345                     0.395                    1.753670444319086
0.355                     0.395                    1.668617346726137
0.365                     0.395                    1.5754000978439464
0.375                     0.395                    1.4759628844032289
0.385                     0.395                    1.370165022813353
0.395                     0.395                    1.258066690971873
0.405                     0.395                    1.1463059713283599
0.41500000000000004       0.395                    1.0298208778003868
0.42500000000000004       0.395                    0.9114668059685869
0.43500000000000005       0.395                    0.7920046429802028
0.44499999999999995       0.395                    0.671236162425572
0.45499999999999996       0.395                    0.5498732859218816
0.46499999999999997       0.395                    0.4280431392873254
0.475                     0.395                    0.3059087241130385
0.485                     0.395                    0.18361090405332448
0.495                     0.395                    0.06121016291324821
-0.495                    0.405                    -0.05513163093088025
-0.485                    0.405                    -0.16536190638414894
-0.475                    0.405                    -0.27542675555511664
-0.46499999999999997      0.405                    -0.38525489463351903
-0.45499999999999996      0.405                    -0.49465212327909214
-0.44499999999999995      0.405                    -0.603476202917058
-0.43500000000000005      0.405                    -0.7115279480143215
-0.42500000000000004      0.405                    -0.8181704557867775
-0.41500000000000004      0.405                    -0.9234545850756035
-0.405                    0.405                    -1.0263644570419075
-0.395                    0.405                    -1.1267409504806096
-0.385                    0.405                    -1.2236494919720684
-0.375                    0.405                    -1.3161494263202371
-0.365                    0.405                    -1.4033965007608913
-0.355                    0.405                    -1.4839687387179126
-0.345                    0.405                    -1.5568956320697964
-0.33499999999999996      0.405                    -1.6208039044153537
-0.32499999999999996      0.405                    -1.6743193064692292
-0.31499999999999995      0.405                    -1.7161331014927441
-0.30499999999999994      0.405                    -1.7451615833851761
-0.29500000000000004      0.405                    -1.7606641410621489
-0.28500000000000003      0.405                    -1.7613901823197686
-0.275                    0.405                    -1.7477426827638212
-0.265                    0.405                    -1.7197220911700883
-0.255                    0.405                    -1.6780532880989647
-0.245                    0.405                    -1.6239012329590512
-0.235                    0.405                    -1.5588482314459018
-0.22499999999999998      0.405                    -1.484797344935572
-0.21500000000000005      0.405                    -1.403811457054788
-0.20500000000000004      0.405                    -1.3179790054865261
-0.19500000000000003      0.405                    -1.229302622816805
-0.18500000000000003      0.405                    -1.1395828386313642
-0.17500000000000002      0.405                    -1.0503656208399708
-0.165                    0.405                    -0.9629119059368421
-0.15500000000000003      0.405                    -0.8781842983544639
-0.14500000000000002      0.405                    -0.7968782401441734
-0.135                    0.405                    -0.7194369586095006
-0.125                    0.405                    -0.6460921895058204
-0.11499999999999999      0.405                    -0.5769036038940574
-0.10499999999999998      0.405                    -0.5117934085931717
-0.09499999999999997      0.405                    -0.4505813727913712
-0.08499999999999999      0.405                    -0.3930104545157236
-0.07499999999999998      0.405                    -0.3387682399457419
-0.06499999999999997      0.405                    -0.28750385524070143
-0.054999999999999966     0.405                    -0.2388436401696168
-0.04499999999999996      0.405                    -0.19239689210227984
-0.03499999999999995      0.405                    -0.14776684427315834
-0.025000000000000022     0.405                    -0.10455021718539692
-0.015000000000000013     0.405                    -0.06234424436922259
-0.0050000000000000044    0.405                    -0.020743845067378475
0.0050000000000000044     0.405                    0.020653501172214428
0.015000000000000013      0.405                    0.06225220726079228
0.025000000000000022      0.405                    0.10445566061446732
0.03500000000000003       0.405                    0.14766840605303488
0.04500000000000004       0.405                    0.19229282441562545
0.05500000000000005       0.405                    0.23873229036767918
0.06499999999999995       0.405                    0.28738312546661215
0.07499999999999996       0.405                    0.33863683116817667
0.08499999999999996       0.405                    0.39286404855112256
0.09499999999999997       0.405                    0.45041843686166727
0.10499999999999998       0.405                    0.5116115912879178
0.11499999999999999       0.405                    0.5766998185111873
0.125                     0.405                    0.6458646343932388
0.135                     0.405                    0.7191799798291765
0.14500000000000002       0.405                    0.7965914102411045
0.15500000000000003       0.405                    0.87786607471911
0.16500000000000004       0.405                    0.962561071398091
0.17500000000000004       0.405                    1.0499848240776277
0.18500000000000005       0.405                    1.1391683721709471
0.19499999999999995       0.405                    1.2288707813208868
0.20499999999999996       0.405                    1.3175263853663512
0.21499999999999997       0.405                    1.4033547028447266
0.22499999999999998       0.405                    1.4843434693544855
0.235                     0.405                    1.5584281414852956
0.245                     0.405                    1.6235386148773436
0.255                     0.405                    1.6777730972279379
0.265                     0.405                    1.7195212147537546
0.275                     0.405                    1.7475823305099212
0.28500000000000003       0.405                    1.7612298692011024
0.29500000000000004       0.405                    1.760526409818067
0.30500000000000005       0.405                    1.745286602292083
0.31499999999999995       0.405                    1.7162764191444708
0.32499999999999996       0.405                    1.6743504879264464
0.33499999999999996       0.405                    1.6207908883900188
0.345                     0.405                    1.5568292522353175
0.355                     0.405                    1.4838921692765883
0.365                     0.405                    1.4033190403511995
0.375                     0.405                    1.3160936825492513
0.385                     0.405                    1.2235602516940816
0.395                     0.405                    1.1265907493871161
0.405                     0.405                    1.026749053561801
0.41500000000000004       0.405                    0.923432775899907
0.42500000000000004       0.405                    0.81801334235805
0.43500000000000005       0.405                    0.7114510543134287
0.44499999999999995       0.405                    0.6034626070640456
0.45499999999999996       0.405                    0.4946478377762791
0.46499999999999997       0.405                    0.38524625096474807
0.475                     0.405                    0.2754236482100936
0.485                     0.405                    0.16535826838751433
0.495                     0.405                    0.05512971383410914
-0.495                    0.41500000000000004      -0.04909493709613244
-0.485                    0.41500000000000004      -0.14724618179803883
-0.475                    0.41500000000000004      -0.24519596664085697
-0.46499999999999997      0.41500000000000004      -0.34285514740264134
-0.45499999999999996      0.41500000000000004      -0.4400183873431569
-0.44499999999999995      0.41500000000000004      -0.5365368622979219
-0.43500000000000005      0.41500000000000004      -0.632254257215493
-0.42500000000000004      0.41500000000000004      -0.7265321001466738
-0.41500000000000004      0.41500000000000004      -0.8192865876829529
-0.405                    0.41500000000000004      -0.9100052128241067
-0.395                    0.41500000000000004      -0.9975300402796536
-0.385                    0.41500000000000004      -1.0819084862497792
-0.375                    0.41500000000000004      -1.1622550436909238
-0.365                    0.41500000000000004      -1.2375743665868022
-0.355                    0.41500000000000004      -1.3069473786216643
-0.345                    0.41500000000000004      -1.3693828944039073
-0.33499999999999996      0.41500000000000004      -1.4238354245185973
-0.32499999999999996      0.41500000000000004      -1.4692217257459914
-0.31499999999999995      0.41500000000000004      -1.504534265268929
-0.30499999999999994      0.41500000000000004      -1.5288910835797864
-0.29500000000000004      0.41500000000000004      -1.5415577075152456
-0.28500000000000003      0.41500000000000004      -1.542101329298447
-0.275                    0.41500000000000004      -1.5304570018542485
-0.265                    0.41500000000000004      -1.5068597686645653
-0.255                    0.41500000000000004      -1.4719223544047573
-0.245                    0.41500000000000004      -1.4266031297443078
-0.235                    0.41500000000000004      -1.372151662905928
-0.22499999999999998      0.41500000000000004      -1.3100377661144478
-0.21500000000000005      0.41500000000000004      -1.2418805778615507
-0.20500000000000004      0.41500000000000004      -1.169352029644351
-0.19500000000000003      0.41500000000000004      -1.0940018831920284
-0.18500000000000003      0.41500000000000004      -1.0173082232118063
-0.17500000000000002      0.41500000000000004      -0.9405921357604328
-0.165                    0.41500000000000004      -0.8648927290824773
-0.15500000000000003      0.41500000000000004      -0.7911116168197978
-0.14500000000000002      0.41500000000000004      -0.7198606484377237
-0.135                    0.41500000000000004      -0.6515688536123854
-0.125                    0.41500000000000004      -0.5865243853847311
-0.11499999999999999      0.41500000000000004      -0.5248192835627492
-0.10499999999999998      0.41500000000000004      -0.46647237584181767
-0.09499999999999997      0.41500000000000004      -0.41136859890243826
-0.08499999999999999      0.41500000000000004      -0.3593317257796258
-0.07499999999999998      0.41500000000000004      -0.31011501643120454
-0.06499999999999997      0.41500000000000004      -0.2634574411549231
-0.054999999999999966     0.41500000000000004      -0.21904072783765471
-0.04499999999999996      0.41500000000000004      -0.1765526498703629
-0.03499999999999995      0.41500000000000004      -0.1356413057313084
-0.025000000000000022     0.41500000000000004      -0.0959700171073763
-0.015000000000000013     0.41500000000000004      -0.057180484872706216
-0.0050000000000000044    0.41500000000000004      -0.018926570936798726
0.0050000000000000044     0.41500000000000004      0.019154620216092155
0.015000000000000013      0.41500000000000004      0.057413703172986885
0.025000000000000022      0.41500000000000004      0.09620788065899077
0.03500000000000003       0.41500000000000004      0.13588778538778
0.04500000000000004       0.41500000000000004      0.1768080305272477
0.05500000000000005       0.41500000000000004      0.2193154038741092
0.06499999999999995       0.41500000000000004      0.2637460286977955
0.07499999999999996       0.41500000000000004      0.3104240223183652
0.08499999999999996       0.41500000000000004      0.3596835687522919
0.09499999999999997       0.41500000000000004      0.4117614971399135
0.10499999999999998       0.41500000000000004      0.466906030698361
0.11499999999999999       0.41500000000000004      0.5252969492482897
0.125                     0.41500000000000004      0.5870304109602991
0.135                     0.41500000000000004      0.6521484915608546
0.14500000000000002       0.41500000000000004      0.7204886512553159
0.15500000000000003       0.41500000000000004      0.7917972603759722
0.16500000000000004       0.41500000000000004      0.86562514509761
0.17500000000000004       0.41500000000000004      0.9413452251336771
0.18500000000000005       0.41500000000000004      1.018170322470084
0.19499999999999995       0.41500000000000004      1.0949009625210522
0.20499999999999996       0.41500000000000004      1.1702776621271198
0.21499999999999997       0.41500000000000004      1.2428083082006722
0.22499999999999998       0.41500000000000004      1.3109425520991103
0.235                     0.41500000000000004      1.372995988990219
0.245                     0.41500000000000004      1.427335371067663
0.255                     0.41500000000000004      1.4725192241662164
0.265                     0.41500000000000004      1.5072675773640754
0.275                     0.41500000000000004      1.5306618075543277
0.28500000000000003       0.41500000000000004      1.542127065747624
0.29500000000000004       0.41500000000000004      1.541532813598457
0.30500000000000005       0.41500000000000004      1.5288607860106795
0.31499999999999995       0.41500000000000004      1.5044958875823031
0.32499999999999996       0.41500000000000004      1.4691873938724789
0.33499999999999996       0.41500000000000004      1.4238074786227441
0.345                     0.41500000000000004      1.3694147128494425
0.355                     0.41500000000000004      1.3070126891607798
0.365                     0.41500000000000004      1.2376394509840782
0.375                     0.41500000000000004      1.1623074694022826
0.385                     0.41500000000000004      1.081988787002949
0.395                     0.41500000000000004      0.9975613884842254
0.405                     0.41500000000000004      0.9099955319195274
0.41500000000000004       0.41500000000000004      0.8196568569186837
0.42500000000000004       0.41500000000000004      0.7261868219327923
0.43500000000000005       0.41500000000000004      0.6320880102356057
0.44499999999999995       0.41500000000000004      0.5365651846372188
0.45499999999999996       0.41500000000000004      0.44001215470069077
0.46499999999999997       0.41500000000000004      0.34285211593797627
0.475                     0.41500000000000004      0.24518982679953893
0.485                     0.41500000000000004      0.14724525472719563
0.495                     0.41500000000000004      0.04909379033724193
-0.495                    0.42500000000000004      -0.04311449940319356
-0.485                    0.42500000000000004      -0.1293013221052135
-0.475                    0.42500000000000004      -0.21526726018804965
-0.46499999999999997      0.42500000000000004      -0.30093769203168463
-0.45499999999999996      0.42500000000000004      -0.38602745770454305
-0.44499999999999995      0.42500000000000004      -0.47072113403595495
-0.43500000000000005      0.42500000000000004      -0.5544616511777463
-0.42500000000000004      0.42500000000000004      -0.6348696963108864
-0.41500000000000004      0.42500000000000004      -0.7159561511061163
-0.405                    0.42500000000000004      -0.7948275836109899
-0.395                    0.42500000000000004      -0.8709783623669693
-0.385                    0.42500000000000004      -0.943871227046273
-0.375                    0.42500000000000004      -1.0129343617302382
-0.365                    0.42500000000000004      -1.0774188005307366
-0.355                    0.42500000000000004      -1.136574375635405
-0.345                    0.42500000000000004      -1.1896132387854834
-0.33499999999999996      0.42500000000000004      -1.2356527311046008
-0.32499999999999996      0.42500000000000004      -1.2738497390783152
-0.31499999999999995      0.42500000000000004      -1.3034522405941615
-0.30499999999999994      0.42500000000000004      -1.323817745865199
-0.29500000000000004      0.42500000000000004      -1.3344626169470502
-0.28500000000000003      0.42500000000000004      -1.335063655733208
-0.275                    0.42500000000000004      -1.3255324354683324
-0.265                    0.42500000000000004      -1.3060832152624329
-0.255                    0.42500000000000004      -1.2772124256681394
-0.245                    0.42500000000000004      -1.2396743130879884
-0.235                    0.42500000000000004      -1.1944439306148382
-0.22499999999999998      0.42500000000000004      -1.142769829320045
-0.21500000000000005      0.42500000000000004      -1.0858486685426811
-0.20500000000000004      0.42500000000000004      -1.0249340119494832
-0.19500000000000003      0.42500000000000004      -0.9613796496203264
-0.18500000000000003      0.42500000000000004      -0.8964008125645933
-0.17500000000000002      0.42500000000000004      -0.830998859909144
-0.165                    0.42500000000000004      -0.7661193190986353
-0.15500000000000003      0.42500000000000004      -0.7025044007189507
-0.14500000000000002      0.42500000000000004      -0.6407296572961059
-0.135                    0.42500000000000004      -0.5812411438470804
-0.125                    0.42500000000000004      -0.5242711105811253
-0.11499999999999999      0.42500000000000004      -0.4700088179697559
-0.10499999999999998      0.42500000000000004      -0.4184750027604167
-0.09499999999999997      0.42500000000000004      -0.36960460017968444
-0.08499999999999999      0.42500000000000004      -0.32327793321310594
-0.07499999999999998      0.42500000000000004      -0.2793411119663318
-0.06499999999999997      0.42500000000000004      -0.23755868876853015
-0.054999999999999966     0.42500000000000004      -0.19769373931265477
-0.04499999999999996      0.42500000000000004      -0.15946639308657495
-0.03499999999999995      0.42500000000000004      -0.12261139137612531
-0.025000000000000022     0.42500000000000004      -0.08681882683535491
-0.015000000000000013     0.42500000000000004      -0.05179603741186156
-0.0050000000000000044    0.42500000000000004      -0.017226967620274536
0.0050000000000000044     0.42500000000000004      0.017177605826532272
0.015000000000000013      0.42500000000000004      0.051741607374708565
0.025000000000000022      0.42500000000000004      0.08676307838419461
0.03500000000000003       0.42500000000000004      0.12256050532354834
0.04500000000000004       0.42500000000000004      0.15941508029214901
0.05500000000000005       0.42500000000000004      0.19763758038779144
0.06499999999999995       0.42500000000000004      0.23749811643384078
0.07499999999999996       0.42500000000000004      0.27927687343029106
0.08499999999999996       0.42500000000000004      0.32319926929667986
0.09499999999999997       0.42500000000000004      0.3695001265375737
0.10499999999999998       0.42500000000000004      0.41836876769743014
0.11499999999999999       0.42500000000000004      0.4698948237955278
0.125                     0.42500000000000004      0.5241526915262824
0.135                     0.42500000000000004      0.5810813888906949
0.14500000000000002       0.42500000000000004      0.6405474867617613
0.15500000000000003       0.42500000000000004      0.7023012248217526
0.16500000000000004       0.42500000000000004      0.7659023487875061
0.17500000000000004       0.42500000000000004      0.8307561445024163
0.18500000000000005       0.42500000000000004      0.8960753086203539
0.19499999999999995       0.42500000000000004      0.9610522839576134
0.20499999999999996       0.42500000000000004      1.0246050450199817
0.21499999999999997       0.42500000000000004      1.0854820794063187
0.22499999999999998       0.42500000000000004      1.1424432917477674
0.235                     0.42500000000000004      1.1941474841780462
0.245                     0.42500000000000004      1.2393696421629983
0.255                     0.42500000000000004      1.2769478131651226
0.265                     0.42500000000000004      1.3058926396002875
0.275                     0.42500000000000004      1.3254394649733143
0.28500000000000003       0.42500000000000004      1.3350475329247118
0.29500000000000004       0.42500000000000004      1.3344693688207485
0.30500000000000005       0.42500000000000004      1.323818913311257
0.31499999999999995       0.42500000000000004      1.3034625784874407
0.32499999999999996       0.42500000000000004      1.273864042079424
0.33499999999999996       0.42500000000000004      1.2356419548482265
0.345                     0.42500000000000004      1.189566754519575
0.355                     0.42500000000000004      1.1364885374797993
0.365                     0.42500000000000004      1.0772876808407545
0.375                     0.42500000000000004      1.0127706387928086
0.385                     0.42500000000000004      0.9436951225708867
0.395                     0.42500000000000004      0.870771431114786
0.405                     0.42500000000000004      0.7945972370828258
0.41500000000000004       0.42500000000000004      0.7158329036992903
0.42500000000000004       0.42500000000000004      0.6358401148791302
0.43500000000000005       0.42500000000000004      0.5539859880217008
0.44499999999999995       0.42500000000000004      0.47064511417763555
0.45499999999999996       0.42500000000000004      0.3860592824260962
0.46499999999999997       0.42500000000000004      0.3009305361185355
0.475                     0.42500000000000004      0.21525578942648593
0.485                     0.42500000000000004      0.12930491251842824
0.495                     0.42500000000000004      0.04311421590811548
-0.495                    0.43500000000000005      -0.03719005118804297
-0.485                    0.43500000000000005      -0.11154163059095623
-0.475                    0.43500000000000005      -0.18566718668412818
-0.46499999999999997      0.43500000000000005      -0.25952394451888594
-0.45499999999999996      0.43500000000000005      -0.33266816345158645
-0.44499999999999995      0.43500000000000005      -0.4052650011184369
-0.43500000000000005      0.43500000000000005      -0.4771642092399482
-0.42500000000000004      0.43500000000000005      -0.5474868825383883
-0.41500000000000004      0.43500000000000005      -0.6164571146517943
-0.405                    0.43500000000000005      -0.6834974190940954
-0.395                    0.43500000000000005      -0.7481915791028513
-0.385                    0.43500000000000005      -0.8100462738998004
-0.375                    0.43500000000000005      -0.8685043094859566
-0.365                    0.43500000000000005      -0.9229726436892349
-0.355                    0.43500000000000005      -0.9727952958355957
-0.345                    0.43500000000000005      -1.0173025457318374
-0.33499999999999996      0.43500000000000005      -1.0558172104828287
-0.32499999999999996      0.43500000000000005      -1.0876878011006141
-0.31499999999999995      0.43500000000000005      -1.112321262773193
-0.30499999999999994      0.43500000000000005      -1.1292184367856066
-0.29500000000000004      0.43500000000000005      -1.138008153821147
-0.28500000000000003      0.43500000000000005      -1.1384796079695434
-0.275                    0.43500000000000005      -1.130613270196676
-0.265                    0.43500000000000005      -1.1145984166359995
-0.255                    0.43500000000000005      -1.0908451162183326
-0.245                    0.43500000000000005      -1.0599603110171643
-0.235                    0.43500000000000005      -1.022728357226697
-0.22499999999999998      0.43500000000000005      -0.9800417783556554
-0.21500000000000005      0.43500000000000005      -0.9329003880019116
-0.20500000000000004      0.43500000000000005      -0.8823410539498013
-0.19500000000000003      0.43500000000000005      -0.8293807973072091
-0.18500000000000003      0.43500000000000005      -0.7749752235918947
-0.17500000000000002      0.43500000000000005      -0.7200068255839511
-0.165                    0.43500000000000005      -0.6652348516498847
-0.15500000000000003      0.43500000000000005      -0.6112859963369175
-0.14500000000000002      0.43500000000000005      -0.5586719968987381
-0.135                    0.43500000000000005      -0.5077596101529167
-0.125                    0.43500000000000005      -0.45881838064086367
-0.11499999999999999      0.43500000000000005      -0.4119918999283385
-0.10499999999999998      0.43500000000000005      -0.36734734920207757
-0.09499999999999997      0.43500000000000005      -0.32486880036009325
-0.08499999999999999      0.43500000000000005      -0.2844847394161576
-0.07499999999999998      0.43500000000000005      -0.2460590679609993
-0.06499999999999997      0.43500000000000005      -0.2094345973495706
-0.054999999999999966     0.43500000000000005      -0.17440836048642439
-0.04499999999999996      0.43500000000000005      -0.14076905360383307
-0.03499999999999995      0.43500000000000005      -0.10827487850913542
-0.025000000000000022     0.43500000000000005      -0.07668718868249869
-0.015000000000000013     0.43500000000000005      -0.045746893521908305
-0.0050000000000000044    0.43500000000000005      -0.015201483876737143
0.0050000000000000044     0.43500000000000005      0.015216451645713391
0.015000000000000013      0.43500000000000005      0.045762598810171085
0.025000000000000022      0.43500000000000005      0.07670333282584352
0.03500000000000003       0.43500000000000005      0.10829126927821164
0.04500000000000004       0.43500000000000005      0.1407859802562399
0.05500000000000005       0.43500000000000005      0.17442697167970778
0.06499999999999995       0.43500000000000005      0.2094537497401774
0.07499999999999996       0.43500000000000005      0.24608179644006611
0.08499999999999996       0.43500000000000005      0.28450514765440005
0.09499999999999997       0.43500000000000005      0.32489571262229333
0.10499999999999998       0.43500000000000005      0.3673725039380713
0.11499999999999999       0.43500000000000005      0.41202014653885044
0.125                     0.43500000000000005      0.4588493621758829
0.135                     0.43500000000000005      0.5077938319005426
0.14500000000000002       0.43500000000000005      0.5587083748159216
0.15500000000000003       0.43500000000000005      0.6113241401147604
0.16500000000000004       0.43500000000000005      0.6652746311935545
0.17500000000000004       0.43500000000000005      0.7200526631002475
0.18500000000000005       0.43500000000000005      0.7750243432141843
0.19499999999999995       0.43500000000000005      0.8294284318473046
0.20499999999999996       0.43500000000000005      0.8823904207108058
0.21499999999999997       0.43500000000000005      0.9329521206181681
0.22499999999999998       0.43500000000000005      0.9800864736305641
0.235                     0.43500000000000005      1.0227671064984065
0.245                     0.43500000000000005      1.0599999853180293
0.255                     0.43500000000000005      1.0908749447008148
0.265                     0.43500000000000005      1.1146166469307701
0.275                     0.43500000000000005      1.1306254289259243
0.28500000000000003       0.43500000000000005      1.138482937366902
0.29500000000000004       0.43500000000000005      1.1380024248866363
0.30500000000000005       0.43500000000000005      1.1292017299267627
0.31499999999999995       0.43500000000000005      1.1123086127475403
0.32499999999999996       0.43500000000000005      1.0876779990343692
0.33499999999999996       0.43500000000000005      1.0558090065343606
0.345                     0.43500000000000005      1.017293804876644
0.355                     0.43500000000000005      0.9727856666928858
0.365                     0.43500000000000005      0.9229613349828156
0.375                     0.43500000000000005      0.8684955460197017
0.385                     0.43500000000000005      0.8100365426064542
0.395                     0.43500000000000005      0.7481857578512177
0.405                     0.43500000000000005      0.68351809162737
0.41500000000000004       0.43500000000000005      0.6165420365772576
0.42500000000000004       0.43500000000000005      0.5475454546370653
0.43500000000000005       0.43500000000000005      0.47704603815952495
0.44499999999999995       0.43500000000000005      0.4042261117837711
0.45499999999999996       0.43500000000000005      0.3327946194885385
0.46499999999999997       0.43500000000000005      0.2595141640920815
0.475                     0.43500000000000005      0.18564763564425135
0.485                     0.43500000000000005      0.11155607149830615
0.495                     0.43500000000000005      0.03719745975047495
-0.495                    0.44499999999999995      -0.03131241137351104
-0.485                    0.44499999999999995      -0.0939579193890765
-0.475                    0.44499999999999995      -0.15664290432015093
-0.46499999999999997      0.44499999999999995      -0.2184891605176169
-0.45499999999999996      0.44499999999999995      -0.27991513947856816
-0.44499999999999995      0.44499999999999995      -0.3414681328852538
-0.43500000000000005      0.44499999999999995      -0.4010214535275729
-0.42500000000000004      0.44499999999999995      -0.45996401082823013
-0.41500000000000004      0.44499999999999995      -0.5177846118476737
-0.405                    0.44499999999999995      -0.5739143246241909
-0.395                    0.44499999999999995      -0.6278974071615906
-0.385                    0.44499999999999995      -0.6793561134475041
-0.375                    0.44499999999999995      -0.7278653916860875
-0.365                    0.44499999999999995      -0.7729405942097003
-0.355                    0.44499999999999995      -0.8140624330348132
-0.345                    0.44499999999999995      -0.8506966821089179
-0.33499999999999996      0.44499999999999995      -0.8823160660233782
-0.32499999999999996      0.44499999999999995      -0.9084175580001173
-0.31499999999999995      0.44499999999999995      -0.9285482985390487
-0.30499999999999994      0.44499999999999995      -0.9423335430748665
-0.29500000000000004      0.44499999999999995      -0.9495049382047256
-0.28500000000000003      0.44499999999999995      -0.9499248386497356
-0.275                    0.44499999999999995      -0.9436040751195023
-0.265                    0.44499999999999995      -0.9307031786132285
-0.255                    0.44499999999999995      -0.9115380408002594
-0.245                    0.44499999999999995      -0.886582086095963
-0.235                    0.44499999999999995      -0.8564409303297538
-0.22499999999999998      0.44499999999999995      -0.8218201425450786
-0.21500000000000005      0.44499999999999995      -0.7834937611898241
-0.20500000000000004      0.44499999999999995      -0.7422701319594935
-0.19500000000000003      0.44499999999999995      -0.6989501874440052
-0.18500000000000003      0.44499999999999995      -0.6542963939321993
-0.17500000000000002      0.44499999999999995      -0.6090113106277784
-0.165                    0.44499999999999995      -0.5637140003680514
-0.15500000000000003      0.44499999999999995      -0.5189275660898431
-0.14500000000000002      0.44499999999999995      -0.4750770980214085
-0.135                    0.44499999999999995      -0.4324871484449986
-0.125                    0.44499999999999995      -0.3913916192359608
-0.11499999999999999      0.44499999999999995      -0.3519385148821641
-0.10499999999999998      0.44499999999999995      -0.3142012720390568
-0.09499999999999997      0.44499999999999995      -0.2781879642065306
-0.08499999999999999      0.44499999999999995      -0.243852649462184
-0.07499999999999998      0.44499999999999995      -0.21110495429265796
-0.06499999999999997      0.44499999999999995      -0.17982006464165323
-0.054999999999999966     0.44499999999999995      -0.14984510304643806
-0.04499999999999996      0.44499999999999995      -0.12100674627260588
-0.03499999999999995      0.44499999999999995      -0.09311555612215017
-0.025000000000000022     0.44499999999999995      -0.06597130593574008
-0.015000000000000013     0.44499999999999995      -0.03936542427575063
-0.0050000000000000044    0.44499999999999995      -0.013084608164199096
0.0050000000000000044     0.44499999999999995      0.013087731403246039
0.015000000000000013      0.44499999999999995      0.03936867566597613
0.025000000000000022      0.44499999999999995      0.06597480241204323
0.03500000000000003       0.44499999999999995      0.0931194405036635
0.04500000000000004       0.44499999999999995      0.12101116550496727
0.05500000000000005       0.44499999999999995      0.14985025439074917
0.06499999999999995       0.44499999999999995      0.1798260590083487
0.07499999999999996       0.44499999999999995      0.21111193558270713
0.08499999999999996       0.44499999999999995      0.24386015344145306
0.09499999999999997       0.44499999999999995      0.2781960087169253
0.10499999999999998       0.44499999999999995      0.31420940582366086
0.11499999999999999       0.44499999999999995      0.35194734436203134
0.125                     0.44499999999999995      0.39140228038755964
0.135                     0.44499999999999995      0.4325005755419653
0.14500000000000002       0.44499999999999995      0.4750945005688152
0.15500000000000003       0.44499999999999995      0.5189496084976284
0.16500000000000004       0.44499999999999995      0.56373895935738
0.17500000000000004       0.44499999999999995      0.6090368735092042
0.18500000000000005       0.44499999999999995      0.6543213212250336
0.19499999999999995       0.44499999999999995      0.6989745636300526
0.20499999999999996       0.44499999999999995      0.7422929282433302
0.21499999999999997       0.44499999999999995      0.7835133283556033
0.22499999999999998       0.44499999999999995      0.8218351783003115
0.235                     0.44499999999999995      0.8564550791974455
0.245                     0.44499999999999995      0.8865970177545606
0.255                     0.44499999999999995      0.9115533407747876
0.265                     0.44499999999999995      0.9307190710479603
0.275                     0.44499999999999995      0.9436217377209672
0.28500000000000003       0.44499999999999995      0.9499439895637991
0.29500000000000004       0.44499999999999995      0.9495220174359602
0.30500000000000005       0.44499999999999995      0.942345140528019
0.31499999999999995       0.44499999999999995      0.9285532900564561
0.32499999999999996       0.44499999999999995      0.9084173208841335
0.33499999999999996       0.44499999999999995      0.8823133826220868
0.345                     0.44499999999999995      0.8506944203010391
0.355                     0.44499999999999995      0.8140635678664623
0.365                     0.44499999999999995      0.7729506117653884
0.375                     0.44499999999999995      0.727892978646473
0.385                     0.44499999999999995      0.67942375743241
0.395                     0.44499999999999995      0.628057562908694
0.405                     0.44499999999999995      0.5742488046418543
0.41500000000000004       0.44499999999999995      0.5184468485229488
0.42500000000000004       0.44499999999999995      0.461193523639281
0.43500000000000005       0.44499999999999995      0.40180423900605433
0.44499999999999995       0.44499999999999995      0.340637907225549
0.45499999999999996       0.44499999999999995      0.28023477143304376
0.46499999999999997       0.44499999999999995      0.2186062469515413
0.475                     0.44499999999999995      0.1563850583124733
0.485                     0.44499999999999995      0.09400035447503541
0.495                     0.44499999999999995      0.03134112268242717
-0.495                    0.45499999999999996      -0.025442153430282666
-0.485                    0.45499999999999996      -0.07648503458379885
-0.475                    0.45499999999999996      -0.12862002707970532
-0.46499999999999997      0.45499999999999996      -0.1779659404856595
-0.45499999999999996      0.45499999999999996      -0.22786914775507228
-0.44499999999999995      0.45499999999999996      -0.2778642237693223
-0.43500000000000005      0.45499999999999996      -0.326873676828523
-0.42500000000000004      0.45499999999999996      -0.3748540693803868
-0.41500000000000004      0.45499999999999996      -0.4216039084652472
-0.405                    0.45499999999999996      -0.4668878723146275
-0.395                    0.45499999999999996      -0.5104365930073484
-0.385                    0.45499999999999996      -0.5519243519426666
-0.375                    0.45499999999999996      -0.5909794673976307
-0.365                    0.45499999999999996      -0.6272078191135391
-0.355                    0.45499999999999996      -0.6601991935132441
-0.345                    0.45499999999999996      -0.6895376192274467
-0.33499999999999996      0.45499999999999996      -0.7148153824655221
-0.32499999999999996      0.45499999999999996      -0.7356491286488804
-0.31499999999999995      0.45499999999999996      -0.751699009212917
-0.30499999999999994      0.45499999999999996      -0.7626879436882348
-0.29500000000000004      0.45499999999999996      -0.7684202609971553
-0.28500000000000003      0.45499999999999996      -0.7687985288451138
-0.275                    0.45499999999999996      -0.7638373359167456
-0.265                    0.45499999999999996      -0.7536714222882619
-0.255                    0.45499999999999996      -0.7385553915869139
-0.245                    0.45499999999999996      -0.7188551833070846
-0.235                    0.45499999999999996      -0.6950333898274739
-0.22499999999999998      0.45499999999999996      -0.6676296673829238
-0.21500000000000005      0.45499999999999996      -0.6372366360306767
-0.20500000000000004      0.45499999999999996      -0.6044734690133478
-0.19500000000000003      0.45499999999999996      -0.5699590158321826
-0.18500000000000003      0.45499999999999996      -0.5342874148909846
-0.17500000000000002      0.45499999999999996      -0.49800841604805335
-0.165                    0.45499999999999996      -0.46161206437915325
-0.15500000000000003      0.45499999999999996      -0.4255189036692233
-0.14500000000000002      0.45499999999999996      -0.3900752059645072
-0.135                    0.45499999999999996      -0.3555516576368234
-0.125                    0.45499999999999996      -0.32214648546524316
-0.11499999999999999      0.45499999999999996      -0.2899905978875861
-0.10499999999999998      0.45499999999999996      -0.25915484389352095
-0.09499999999999997      0.45499999999999996      -0.22965786907016472
-0.08499999999999999      0.45499999999999996      -0.20147388296401836
-0.07499999999999998      0.45499999999999996      -0.17454012636284588
-0.06499999999999997      0.45499999999999996      -0.14876399656317751
-0.054999999999999966     0.45499999999999996      -0.12402909595434686
-0.04499999999999996      0.45499999999999996      -0.1002006418454986
-0.03499999999999995      0.45499999999999996      -0.07712984243238807
-0.025000000000000022     0.45499999999999996      -0.054657674789247324
-0.015000000000000013     0.45499999999999996      -0.03261779126409614
-0.0050000000000000044    0.45499999999999996      -0.010839067719397022
0.0050000000000000044     0.45499999999999996      0.010852380000802242
0.015000000000000013      0.45499999999999996      0.032631269736956625
0.025000000000000022      0.45499999999999996      0.054671475550032156
0.03500000000000003       0.45499999999999996      0.07714411034901758
0.04500000000000004       0.45499999999999996      0.10021550704097137
0.05500000000000005       0.45499999999999996      0.12404468802798974
0.06499999999999995       0.45499999999999996      0.1487804822471155
0.07499999999999996       0.45499999999999996      0.174557792920913
0.08499999999999996       0.45499999999999996      0.2014930747996999
0.09499999999999997       0.45499999999999996      0.22967886852308794
0.10499999999999998       0.45499999999999996      0.25917750901533587
0.11499999999999999       0.45499999999999996      0.2900146086730153
0.125                     0.45499999999999996      0.3221716206538261
0.135                     0.45499999999999996      0.3555777538563092
0.14500000000000002       0.45499999999999996      0.39010219149363756
0.15500000000000003       0.45499999999999996      0.42554682099950014
0.16500000000000004       0.45499999999999996      0.46164107575562774
0.17500000000000004       0.45499999999999996      0.49803868942148277
0.18500000000000005       0.45499999999999996      0.5343187469476565
0.19499999999999995       0.45499999999999996      0.569990940249367
0.20499999999999996       0.45499999999999996      0.6045052846552839
0.21499999999999997       0.45499999999999996      0.6372676090204692
0.22499999999999998       0.45499999999999996      0.6676591127814682
0.235                     0.45499999999999996      0.6950609538051129
0.245                     0.45499999999999996      0.718880254917245
0.255                     0.45499999999999996      0.7385772247502693
0.265                     0.45499999999999996      0.7536894182927103
0.275                     0.45499999999999996      0.7638511034084399
0.28500000000000003       0.45499999999999996      0.7688079791637836
0.29500000000000004       0.45499999999999996      0.7684260179959725
0.30500000000000005       0.45499999999999996      0.7626908510617216
0.31499999999999995       0.45499999999999996      0.7516998169137992
0.32499999999999996       0.45499999999999996      0.7356479673510385
0.33499999999999996       0.45499999999999996      0.7148120390633235
0.345                     0.45499999999999996      0.6895316027920408
0.355                     0.45499999999999996      0.6601897685227183
0.365                     0.45499999999999996      0.6271936427804299
0.375                     0.45499999999999996      0.5909565033417312
0.385                     0.45499999999999996      0.5518849130727457
0.395                     0.45499999999999996      0.5103616328420504
0.405                     0.45499999999999996      0.4667414030410413
0.41500000000000004       0.45499999999999996      0.42134978372176946
0.42500000000000004       0.45499999999999996      0.3744797991481761
0.43500000000000005       0.45499999999999996      0.32635796326855626
0.44499999999999995       0.45499999999999996      0.2771767090390327
0.45499999999999996       0.45499999999999996      0.22835864009984164
0.46499999999999997       0.45499999999999996      0.17808873912718148
0.475                     0.45499999999999996      0.12748745857851418
0.485                     0.45499999999999996      0.07662632816144566
0.495                     0.45499999999999996      0.025552144799107168
-0.495                    0.46499999999999997      -0.01977985528549464
-0.485                    0.46499999999999997      -0.0595174155099194
-0.475                    0.46499999999999997      -0.09906014337631319
-0.46499999999999997      0.46499999999999997      -0.13775655670833942
-0.45499999999999996      0.46499999999999997      -0.17686601025424942
-0.44499999999999995      0.46499999999999997      -0.21528401234807504
-0.43500000000000005      0.46499999999999997      -0.2530958511197756
-0.42500000000000004      0.46499999999999997      -0.2901457920760535
-0.41500000000000004      0.46499999999999997      -0.3262531371781616
-0.405                    0.46499999999999997      -0.3612119275118779
-0.395                    0.46499999999999997      -0.39477861681022475
-0.385                    0.46499999999999997      -0.4266976997336531
-0.375                    0.46499999999999997      -0.45669386445207394
-0.365                    0.46499999999999997      -0.4844726964541941
-0.355                    0.46499999999999997      -0.50972872655678
-0.345                    0.46499999999999997      -0.5321538194229163
-0.33499999999999996      0.46499999999999997      -0.5514476150213916
-0.32499999999999996      0.46499999999999997      -0.5673299954281745
-0.31499999999999995      0.46499999999999997      -0.5795546894896297
-0.30499999999999994      0.46499999999999997      -0.5879233921465605
-0.29500000000000004      0.46499999999999997      -0.5922992639593545
-0.28500000000000003      0.46499999999999997      -0.5926185577364009
-0.275                    0.46499999999999997      -0.5888990887398116
-0.265                    0.46499999999999997      -0.5812446472672441
-0.255                    0.46499999999999997      -0.5698450215702131
-0.245                    0.46499999999999997      -0.5549710895829314
-0.235                    0.46499999999999997      -0.536964490847982
-0.22499999999999998      0.46499999999999997      -0.5162231102454911
-0.21500000000000005      0.46499999999999997      -0.49318385338222726
-0.20500000000000004      0.46499999999999997      -0.46830388734009887
-0.19500000000000003      0.46499999999999997      -0.44204187446759846
-0.18500000000000003      0.46499999999999997      -0.4148408088348283
-0.17500000000000002      0.46499999999999997      -0.38711335795586876
-0.165                    0.46499999999999997      -0.35923031799438476
-0.15500000000000003      0.46499999999999997      -0.3315128100678528
-0.14500000000000002      0.46499999999999997      -0.3042280412256808
-0.135                    0.46499999999999997      -0.2775881282891177
-0.125                    0.46499999999999997      -0.2517514175877551
-0.11499999999999999      0.46499999999999997      -0.22682586894996248
-0.10499999999999998      0.46499999999999997      -0.20287373653489027
-0.09499999999999997      0.46499999999999997      -0.17991685430177995
-0.08499999999999999      0.46499999999999997      -0.1579423757950451
-0.07499999999999998      0.46499999999999997      -0.13690834988710776
-0.06499999999999997      0.46499999999999997      -0.11674892633683243
-0.054999999999999966     0.46499999999999997      -0.09737904000017394
-0.04499999999999996      0.46499999999999997      -0.07869852263545596
-0.03499999999999995      0.46499999999999997      -0.060595613076124266
-0.025000000000000022     0.46499999999999997      -0.0429499129180968
-0.015000000000000013     0.46499999999999997      -0.025634837564911805
-0.0050000000000000044    0.46499999999999997      -0.008519679065845054
0.0050000000000000044     0.46499999999999997      0.00852862600183002
0.015000000000000013      0.46499999999999997      0.02564390182991616
0.025000000000000022      0.46499999999999997      0.042959210147760274
0.03500000000000003       0.46499999999999997      0.060605258945027884
0.04500000000000004       0.46499999999999997      0.07870863368077607
0.05500000000000005       0.46499999999999997      0.09738974007053969
0.06499999999999995       0.46499999999999997      0.11676031508405771
0.07499999999999996       0.46499999999999997      0.13692046802167468
0.08499999999999996       0.46499999999999997      0.15795522057081968
0.09499999999999997       0.46499999999999997      0.17993047795707895
0.10499999999999998       0.46499999999999997      0.20288828491523248
0.11499999999999999       0.46499999999999997      0.2268414864598327
0.125                     0.46499999999999997      0.251768142257653
0.135                     0.46499999999999997      0.2776059344820183
0.14500000000000002       0.46499999999999997      0.30424678898642554
0.15500000000000003       0.46499999999999997      0.33153222402762594
0.16500000000000004       0.46499999999999997      0.3592501440036209
0.17500000000000004       0.46499999999999997      0.3871334424157915
0.18500000000000005       0.46499999999999997      0.4148610087282343
0.19499999999999995       0.46499999999999997      0.4420619714506486
0.20499999999999996       0.46499999999999997      0.4683236049060042
0.21499999999999997       0.46499999999999997      0.49320286387407464
0.22499999999999998       0.46499999999999997      0.5162410883877868
0.235                     0.46499999999999997      0.5369811959560451
0.245                     0.46499999999999997      0.5549862879649581
0.255                     0.46499999999999997      0.5698584406796989
0.265                     0.46499999999999997      0.5812561341663169
0.275                     0.46499999999999997      0.5889086492961262
0.28500000000000003       0.46499999999999997      0.5926261468908187
0.29500000000000004       0.46499999999999997      0.5923047841451137
0.30500000000000005       0.46499999999999997      0.5879267515304747
0.31499999999999995       0.46499999999999997      0.579555910600213
0.32499999999999996       0.46499999999999997      0.5673292773167091
0.33499999999999996       0.46499999999999997      0.5514452911800554
0.345                     0.46499999999999997      0.532150342118797
0.355                     0.46499999999999997      0.5097246748759439
0.365                     0.46499999999999997      0.48446934697956934
0.375                     0.46499999999999997      0.45669357663824073
0.385                     0.46499999999999997      0.426703503870133
0.395                     0.46499999999999997      0.3947974877938343
0.405                     0.46499999999999997      0.36125980848297345
0.41500000000000004       0.46499999999999997      0.3263580696804773
0.42500000000000004       0.46499999999999997      0.2903201309544752
0.43500000000000005       0.46499999999999997      0.25337989552808615
0.44499999999999995       0.46499999999999997      0.21568755521654026
0.45499999999999996       0.46499999999999997      0.1771429851275741
0.46499999999999997       0.46499999999999997      0.1379539455719092
0.475                     0.46499999999999997      0.09884376358903069
0.485                     0.46499999999999997      0.05940356505294986
0.495                     0.46499999999999997      0.01980922535879248
-0.495                    0.475                    -0.014252084335414139
-0.485                    0.475                    -0.04246397635781651
-0.475                    0.475                    -0.07066104800507844
-0.46499999999999997      0.475                    -0.09863153895647514
-0.45499999999999996      0.475                    -0.1264616764918003
-0.44499999999999995      0.475                    -0.15373586835267616
-0.43500000000000005      0.475                    -0.18042071788466885
-0.42500000000000004      0.475                    -0.20665407238314515
-0.41500000000000004      0.475                    -0.23222208212008866
-0.405                    0.475                    -0.25696006793913995
-0.395                    0.475                    -0.2807010452128722
-0.385                    0.475                    -0.3032611591771328
-0.375                    0.475                    -0.3244445956101032
-0.365                    0.475                    -0.3440438380959776
-0.355                    0.475                    -0.36184403093141526
-0.345                    0.475                    -0.37763110535242106
-0.33499999999999996      0.475                    -0.39119902761910197
-0.32499999999999996      0.475                    -0.4023576352192535
-0.31499999999999995      0.475                    -0.41094152157933195
-0.30499999999999994      0.475                    -0.41681890422708534
-0.29500000000000004      0.475                    -0.41990018486625047
-0.28500000000000003      0.475                    -0.4201455559441669
-0.275                    0.475                    -0.41757073412762225
-0.265                    0.475                    -0.4122498778600914
-0.255                    0.475                    -0.4043150986183761
-0.245                    0.475                    -0.3939524663403944
-0.235                    0.475                    -0.3813951381439864
-0.22499999999999998      0.475                    -0.36691437630907586
-0.21500000000000005      0.475                    -0.35080846358668083
-0.20500000000000004      0.475                    -0.33339006341971356
-0.19500000000000003      0.475                    -0.31497375470994626
-0.18500000000000003      0.475                    -0.2958646840236767
-0.17500000000000002      0.475                    -0.27634870856885385
-0.165                    0.475                    -0.2566845119566068
-0.15500000000000003      0.475                    -0.23709791377864775
-0.14500000000000002      0.475                    -0.2177785028295105
-0.135                    0.475                    -0.1988783853366698
-0.125                    0.475                    -0.18051288330160276
-0.11499999999999999      0.475                    -0.16276246744531875
-0.10499999999999998      0.475                    -0.1456754341264812
-0.09499999999999997      0.475                    -0.129271633927587
-0.08499999999999999      0.475                    -0.11354613884101639
-0.07499999999999998      0.475                    -0.09847300264914338
-0.06499999999999997      0.475                    -0.08400885745503928
-0.054999999999999966     0.475                    -0.07009619610468576
-0.04499999999999996      0.475                    -0.05666628603052004
-0.03499999999999995      0.475                    -0.043641696445639866
-0.025000000000000022     0.475                    -0.030938452490488544
-0.015000000000000013     0.475                    -0.018467858095789325
-0.0050000000000000044    0.475                    -0.006138046847254941
0.0050000000000000044     0.475                    0.006144667134272197
0.015000000000000013      0.475                    0.0184745620633322
0.025000000000000022      0.475                    0.030945323098464428
0.03500000000000003       0.475                    0.043648814043763196
0.04500000000000004       0.475                    0.0566736966050172
0.05500000000000005       0.475                    0.07010395809457748
0.06499999999999995       0.475                    0.08401707775794875
0.07499999999999996       0.475                    0.09848183211966699
0.08499999999999996       0.475                    0.11355569181446867
0.09499999999999997       0.475                    0.12928191294026448
0.10499999999999998       0.475                    0.14568636506307797
0.11499999999999999       0.475                    0.16277400620550964
0.125                     0.475                    0.18052505597495383
0.135                     0.475                    0.1988911656314798
0.14500000000000002       0.475                    0.2177919532719983
0.15500000000000003       0.475                    0.2371121251036925
0.16500000000000004       0.475                    0.2566994852043294
0.17500000000000004       0.475                    0.2763642951909091
0.18500000000000005       0.475                    0.29588055710056693
0.19499999999999995       0.475                    0.3149895841965531
0.20499999999999996       0.475                    0.33340565041194736
0.21499999999999997       0.475                    0.3508236434931078
0.22499999999999998       0.475                    0.3669288647117597
0.235                     0.475                    0.38140865234870347
0.245                     0.475                    0.3939648650235412
0.255                     0.475                    0.40432611433578103
0.265                     0.475                    0.4122590183874024
0.275                     0.475                    0.41757763888577415
0.28500000000000003       0.475                    0.42015026971125735
0.29500000000000004       0.475                    0.4199031271773137
0.30500000000000005       0.475                    0.4168205741152846
0.31499999999999995       0.475                    0.41094215718424465
0.32499999999999996       0.475                    0.40235722604134594
0.33499999999999996       0.475                    0.3911975123367668
0.345                     0.475                    0.37762840461313374
0.355                     0.475                    0.3618397104269988
0.365                     0.475                    0.34403619621545545
0.375                     0.475                    0.32442898082184257
0.385                     0.475                    0.30322885912672604
0.395                     0.475                    0.28063935753945657
0.405                     0.475                    0.2568501086712729
0.41500000000000004       0.475                    0.23202520033101592
0.42500000000000004       0.475                    0.20631919760458572
0.43500000000000005       0.475                    0.17986736841539397
0.44499999999999995       0.475                    0.1532172244030363
0.45499999999999996       0.475                    0.1259639186601662
0.46499999999999997       0.475                    0.0981747245915301
0.475                     0.475                    0.07210403170248014
0.485                     0.475                    0.04242530773334252
0.495                     0.475                    0.014123552939253159
-0.495                    0.485                    -0.008476707321780741
-0.485                    0.485                    -0.025375302510038722
-0.475                    0.485                    -0.04222347114469471
-0.46499999999999997      0.485                    -0.05895804834845464
-0.45499999999999996      0.485                    -0.07552146757512546
-0.44499999999999995      0.485                    -0.09186509327513903
-0.43500000000000005      0.485                    -0.10794472719729598
-0.42500000000000004      0.485                    -0.12367830720397066
-0.41500000000000004      0.485                    -0.1389936363930886
-0.405                    0.485                    -0.1537994945655221
-0.395                    0.485                    -0.1679962163754425
-0.385                    0.485                    -0.18147574411951695
-0.375                    0.485                    -0.19412210470397895
-0.365                    0.485                    -0.20581308475125226
-0.355                    0.485                    -0.2164232518881377
-0.345                    0.485                    -0.22582755805303023
-0.33499999999999996      0.485                    -0.23390553512211198
-0.32499999999999996      0.485                    -0.24054618542490758
-0.31499999999999995      0.485                    -0.2456532270739551
-0.30499999999999994      0.485                    -0.24915040798126142
-0.29500000000000004      0.485                    -0.2509865022884341
-0.28500000000000003      0.485                    -0.25113954979762454
-0.275                    0.485                    -0.24961991761126257
-0.265                    0.485                    -0.24647182984744376
-0.255                    0.485                    -0.24177312641252158
-0.245                    0.485                    -0.23563315291082887
-0.235                    0.485                    -0.2281888692023415
-0.22499999999999998      0.485                    -0.21959944920266494
-0.21500000000000005      0.485                    -0.21003978286721647
-0.20500000000000004      0.485                    -0.19969339540058684
-0.19500000000000003      0.485                    -0.1887453204887457
-0.18500000000000003      0.485                    -0.17737542686190721
-0.17500000000000002      0.485                    -0.1657526130439031
-0.165                    0.485                    -0.1540301536624611
-0.15500000000000003      0.485                    -0.14234234421578407
-0.14500000000000002      0.485                    -0.13080245698436244
-0.135                    0.485                    -0.11950190998894072
-0.125                    0.485                    -0.10851047455118845
-0.11499999999999999      0.485                    -0.09787729915950294
-0.10499999999999998      0.485                    -0.08763253090429046
-0.09499999999999997      0.485                    -0.07778929828997505
-0.08499999999999999      0.485                    -0.06834588097478544
-0.07499999999999998      0.485                    -0.05928790485376467
-0.06499999999999997      0.485                    -0.050590450688030586
-0.054999999999999966     0.485                    -0.04221999947555588
-0.04499999999999996      0.485                    -0.03413617238939892
-0.03499999999999995      0.485                    -0.0262932502858213
-0.025000000000000022     0.485                    -0.018641478770138775
-0.015000000000000013     0.485                    -0.01112818078514266
-0.0050000000000000044    0.485                    -0.0036987104463186427
0.0050000000000000044     0.485                    0.00370271091195562
0.015000000000000013      0.485                    0.01113223119391904
0.025000000000000022      0.485                    0.018645628600136632
0.03500000000000003       0.485                    0.026297548063684673
0.04500000000000004       0.485                    0.034140666128951835
0.05500000000000005       0.485                    0.04222473524100323
0.06499999999999995       0.485                    0.05059547144441012
0.07499999999999996       0.485                    0.05929324895917887
0.08499999999999996       0.485                    0.06835158164747313
0.09499999999999997       0.485                    0.07779538284218646
0.10499999999999998       0.485                    0.08763901905631144
0.11499999999999999       0.485                    0.09788420143165766
0.125                     0.485                    0.10851778970087977
0.135                     0.485                    0.11950962390481479
0.14500000000000002       0.485                    0.13081053867072612
0.15500000000000003       0.485                    0.14235074723494634
0.16500000000000004       0.485                    0.15403881360525773
0.17500000000000004       0.485                    0.16576144679068605
0.18500000000000005       0.485                    0.17738433491090788
0.19499999999999995       0.485                    0.18875418976679015
0.20499999999999996       0.485                    0.19970210251433684
0.21499999999999997       0.485                    0.21004819636507222
0.22499999999999998       0.485                    0.21960743673574612
0.235                     0.485                    0.2281963017876052
0.245                     0.485                    0.23563991255612393
0.255                     0.485                    0.24177911266513163
0.265                     0.485                    0.2464769640498865
0.275                     0.485                    0.24962414650432763
0.28500000000000003       0.485                    0.2511428468687811
0.29500000000000004       0.485                    0.2509888682136179
0.30500000000000005       0.485                    0.2491518710832672
0.31499999999999995       0.485                    0.24565384424274228
0.32499999999999996       0.485                    0.24054602816706705
0.33499999999999996       0.485                    0.2339046931588129
0.345                     0.485                    0.22582613024260567
0.355                     0.485                    0.21642133773150718
0.365                     0.485                    0.20581076177491298
0.375                     0.485                    0.19411931935498927
0.385                     0.485                    0.18147201498691246
0.395                     0.485                    0.16799072678014326
0.405                     0.485                    0.15379104814343592
0.41500000000000004       0.485                    0.13898035847286394
0.42500000000000004       0.485                    0.12365635191467561
0.43500000000000005       0.485                    0.10790267657371189
0.44499999999999995       0.485                    0.09180952289642974
0.45499999999999996       0.485                    0.07543746346930291
0.46499999999999997       0.485                    0.058845224303341936
0.475                     0.485                    0.04203958552980175
0.485                     0.485                    0.025251404915952236
0.495                     0.485                    0.008459895252022509
-0.495                    0.495                    -0.003324481717649874
-0.485                    0.495                    -0.008602911042768113
-0.475                    0.495                    -0.014034679929547877
-0.46499999999999997      0.495                    -0.01956611411812581
-0.45499999999999996      0.495                    -0.025084976851523777
-0.44499999999999995      0.495                    -0.03054244475453949
-0.43500000000000005      0.495                    -0.035910458568851666
-0.42500000000000004      0.495                    -0.041160300202362166
-0.41500000000000004      0.495                    -0.04626333746064937
-0.405                    0.495                    -0.05119197944912912
-0.395                    0.495                    -0.05591485125942164
-0.385                    0.495                    -0.060396521571648876
-0.375                    0.495                    -0.06459876841955392
-0.365                    0.495                    -0.06848173400154423
-0.355                    0.495                    -0.07200437964027806
-0.345                    0.495                    -0.0751255816463896
-0.33499999999999996      0.495                    -0.07780575222038344
-0.32499999999999996      0.495                    -0.08000848403961669
-0.31499999999999995      0.495                    -0.08170227838554034
-0.30499999999999994      0.495                    -0.08286227632881804
-0.29500000000000004      0.495                    -0.08347187572304726
-0.28500000000000003      0.495                    -0.08352409704370523
-0.275                    0.495                    -0.08302256486090442
-0.265                    0.495                    -0.08198199138810125
-0.255                    0.495                    -0.08042808556535519
-0.245                    0.495                    -0.07839685963376652
-0.235                    0.495                    -0.07593336227265368
-0.22499999999999998      0.495                    -0.07308992402206371
-0.21500000000000005      0.495                    -0.06992404859002477
-0.20500000000000004      0.495                    -0.06649611264438349
-0.19500000000000003      0.495                    -0.06286704524366371
-0.18500000000000003      0.495                    -0.05909614947683295
-0.17500000000000002      0.495                    -0.05523919972941371
-0.165                    0.495                    -0.051346907205953585
-0.15500000000000003      0.495                    -0.0474638033435113
-0.14500000000000002      0.495                    -0.04362754796904866
-0.135                    0.495                    -0.0398686330993705
-0.125                    0.495                    -0.03621042765217908
-0.11499999999999999      0.495                    -0.03266949397547236
-0.10499999999999998      0.495                    -0.02925610250259325
-0.09499999999999997      0.495                    -0.025974872450905906
-0.08499999999999999      0.495                    -0.022825477163220143
-0.07499999999999998      0.495                    -0.019803362958764836
-0.06499999999999997      0.495                    -0.016900443256606223
-0.054999999999999966     0.495                    -0.014105742118605491
-0.04499999999999996      0.495                    -0.011405972407583675
-0.03499999999999995      0.495                    -0.00878604287032303
-0.025000000000000022     0.495                    -0.006229495565879262
-0.015000000000000013     0.495                    -0.0037188804701422384
-0.0050000000000000044    0.495                    -0.0012360780097324664
0.0050000000000000044     0.495                    0.001237417154904108
0.015000000000000013      0.495                    0.0037202362122030763
0.025000000000000022      0.495                    0.006230884358569
0.03500000000000003       0.495                    0.008787480921011337
0.04500000000000004       0.495                    0.011407475567704495
0.05500000000000005       0.495                    0.014107325570755336
0.06499999999999995       0.495                    0.016902121144241278
0.07499999999999996       0.495                    0.019805148014985008
0.08499999999999996       0.495                    0.022827380416622134
0.09499999999999997       0.495                    0.025976902890644027
0.10499999999999998       0.495                    0.029258266518681353
0.11499999999999999       0.495                    0.032671794708598156
0.125                     0.495                    0.03621286443262406
0.135                     0.495                    0.03987120094364727
0.14500000000000002       0.495                    0.04363023678157418
0.15500000000000003       0.495                    0.04746659738845693
0.16500000000000004       0.495                    0.0513497846953932
0.17500000000000004       0.495                    0.05524213300703096
0.18500000000000005       0.495                    0.0590991057875101
0.19499999999999995       0.495                    0.06286998745035532
0.20499999999999996       0.495                    0.0664989998720884
0.21499999999999997       0.495                    0.06992683775882114
0.22499999999999998       0.495                    0.07309257138899383
0.235                     0.495                    0.07593582575698221
0.245                     0.495                    0.07839910041685627
0.255                     0.495                    0.08043007035629657
0.265                     0.495                    0.081983694429006
0.275                     0.495                    0.08302396886746166
0.28500000000000003       0.495                    0.08352519349200627
0.29500000000000004       0.495                    0.08347266501529482
0.30500000000000005       0.495                    0.0828627678442242
0.31499999999999995       0.495                    0.08170248994800211
0.32499999999999996       0.495                    0.08000844007927554
0.33499999999999996       0.495                    0.07780548205017901
0.345                     0.495                    0.07512511758901397
0.355                     0.495                    0.07200375594786834
0.365                     0.495                    0.06848099281390674
0.375                     0.495                    0.0645980416513332
0.385                     0.495                    0.060396622963924784
0.395                     0.495                    0.05591721274841355
0.405                     0.495                    0.05119838101233931
0.41500000000000004       0.495                    0.04627641150792883
0.42500000000000004       0.495                    0.041185932821164783
0.43500000000000005       0.495                    0.03596016848082151
0.44499999999999995       0.495                    0.030620648474071643
0.45499999999999996       0.495                    0.025194701348537407
0.46499999999999997       0.495                    0.019719152980382404
0.475                     0.495                    0.014230346140095662
0.485                     0.495                    0.008652421569291135
0.495                     0.495                    0.0032494167082131042
